ST_CASE,VEH_NO,PER_NO,P1,P2,P3,P4,P5,P6,P7,P8,P9,P10
10637,1,1,30,30,30,30,30,30,30,30,30,30
10638,1,1,23,10,0,16,10,0,5,0,0,0
10639,0,1,0,0,0,0,0,0,0,0,0,0
10639,1,1,0,0,0,0,0,0,0,0,0,0
10640,1,1,0,0,0,0,0,0,0,0,0,0
10640,2,1,0,0,0,0,0,0,0,0,0,0
10641,1,1,0,0,0,0,0,0,0,0,0,0
10642,1,1,19,19,19,19,19,19,19,19,19,19
10643,1,1,24,24,24,24,24,24,24,24,24,24
10644,1,1,16,16,16,16,16,16,16,16,16,16
10645,1,1,0,0,0,0,0,0,0,0,0,0
10645,2,1,0,0,0,0,0,0,0,0,0,0
10646,1,1,0,0,0,0,0,0,0,0,0,0
10647,0,1,21,21,21,21,21,21,21,21,21,21
10647,1,1,0,0,0,0,0,0,0,0,0,0
10647,2,1,0,0,0,0,0,0,0,0,0,0
10648,1,1,0,0,0,18,0,8,17,0,0,32
10649,1,1,0,0,0,0,0,0,0,0,0,0
10650,1,1,22,22,22,22,22,22,22,22,22,22
10650,2,1,0,0,0,0,0,0,0,0,0,0
10650,3,1,0,0,0,0,0,0,0,0,0,0
10651,1,1,0,0,0,0,0,0,0,0,0,0
10651,2,1,11,0,8,0,0,0,0,0,0,0
10652,1,1,0,0,0,0,0,0,0,0,0,0
10653,1,1,0,0,0,0,23,12,0,0,15,0
10654,1,1,0,0,0,0,0,0,0,16,0,45
10655,1,1,0,0,0,0,0,0,0,0,0,0
10655,2,1,0,0,0,0,0,0,0,0,0,0
10655,3,1,0,0,0,0,0,0,0,0,0,0
10656,1,1,23,18,25,22,9,17,35,22,17,24
10656,2,1,0,0,0,0,0,0,0,0,0,0
10656,3,1,0,0,0,0,0,0,0,30,0,16
10657,1,1,0,0,0,0,0,0,0,0,0,0
10658,1,1,6,0,22,0,0,19,0,0,9,0
10659,1,1,0,0,0,0,0,0,0,0,0,0
10660,1,1,6,6,6,6,6,6,6,6,6,6
10661,0,1,0,11,0,0,0,0,24,24,0,0
10661,1,1,0,0,0,0,0,0,0,0,0,0
10662,0,1,17,17,17,17,17,17,17,17,17,17
10662,1,1,0,0,0,0,0,0,0,0,0,0
10663,1,1,0,0,0,0,0,0,0,0,12,0
10663,2,1,0,0,0,0,0,18,0,0,0,0
10664,1,1,0,0,0,0,0,0,0,0,0,0
10664,2,1,14,0,0,0,0,0,0,0,0,0
10665,1,1,15,8,13,16,30,18,35,12,27,16
10666,1,1,0,0,0,0,0,0,0,0,0,0
10667,1,1,0,0,0,0,0,0,0,0,0,0
10668,1,1,0,0,0,0,0,0,0,0,0,0
10668,2,1,0,0,0,0,0,0,0,0,0,0
10669,0,1,0,0,0,0,0,0,0,0,0,0
10669,0,2,0,0,0,0,0,0,12,0,0,0
10669,1,1,0,0,0,0,0,0,0,0,0,0
10670,0,1,20,20,20,20,20,20,20,20,20,20
10670,1,1,0,0,0,0,0,0,0,0,0,0
10671,1,1,24,24,24,24,24,24,24,24,24,24
10672,1,1,0,0,0,0,0,0,0,0,0,0
10672,2,1,0,0,0,0,0,0,0,0,0,0
10673,1,1,27,27,27,27,27,27,27,27,27,27
10673,2,1,0,0,0,0,0,0,0,0,0,67
10674,0,1,0,25,18,5,5,0,7,13,0,0
10674,1,1,0,0,4,0,0,0,0,24,0,0
10675,1,1,0,0,0,0,0,0,0,0,0,0
10675,2,1,0,0,0,0,0,0,0,0,0,0
10676,1,1,0,0,26,0,0,0,0,20,0,0
10677,1,1,0,0,0,0,0,0,0,0,0,0
10677,2,1,0,0,0,0,0,0,0,0,0,0
10678,1,1,8,8,8,8,8,8,8,8,8,8
10679,1,1,19,0,0,0,11,30,0,0,0,0
10680,1,1,0,0,0,0,0,0,0,0,0,0
10680,2,1,0,0,0,35,0,0,0,0,0,0
10681,1,1,0,0,0,0,0,0,0,0,0,0
10681,2,1,0,0,0,0,0,0,0,0,0,0
10682,1,1,0,0,0,0,0,0,0,0,0,0
10683,1,1,0,0,0,0,0,0,0,0,0,0
10683,2,1,0,0,0,0,0,0,0,0,8,18
10684,1,1,23,27,0,6,0,16,22,0,0,0
10685,1,1,0,0,0,0,0,10,0,0,0,0
10686,1,1,18,18,18,18,18,18,18,18,18,18
10686,2,1,0,0,0,0,0,0,0,0,0,0
10687,1,1,0,0,0,0,0,0,0,0,0,0
10688,1,1,0,24,0,13,8,15,15,33,0,9
10688,2,1,0,0,0,0,0,0,0,41,0,0
10689,1,1,0,0,0,0,0,0,0,0,0,0
10690,1,1,0,0,0,0,0,0,0,0,0,0
10690,2,1,0,0,0,0,0,0,0,0,0,0
10691,1,1,0,0,0,0,0,0,0,0,0,0
10691,2,1,0,0,0,0,0,0,0,0,0,0
10692,1,1,0,0,0,0,0,13,17,0,0,0
10693,1,1,0,0,0,0,0,0,0,0,0,0
10694,1,1,0,7,0,0,0,0,0,37,17,12
10695,1,1,0,0,0,0,0,0,0,0,0,0
10695,2,1,0,0,0,13,0,0,0,0,18,0
10696,1,1,24,24,24,24,24,24,24,24,24,24
10697,1,1,0,0,0,0,0,0,0,0,0,0
10697,2,1,0,0,0,0,0,5,0,0,0,0
10698,1,1,0,0,0,0,0,0,0,0,0,0
10698,2,1,0,0,0,0,0,0,0,0,0,0
10699,1,1,0,0,0,0,0,0,0,0,0,0
10700,1,1,11,11,11,11,11,11,11,11,11,11
10701,1,1,0,0,0,0,0,0,0,0,0,0
10701,2,1,0,0,0,0,0,0,0,0,0,0
10702,0,1,0,0,0,0,0,0,31,32,0,0
10702,1,1,0,0,0,0,0,0,0,0,12,0
10703,1,1,0,0,0,0,0,13,0,0,0,0
10703,2,1,0,0,0,0,0,0,0,0,12,0
10703,3,1,0,0,0,0,0,0,0,0,0,0
10704,1,1,4,23,26,31,30,7,13,14,28,10
10704,2,1,0,0,0,0,0,0,5,0,0,0
10704,3,1,0,0,0,0,0,0,15,0,0,0
10704,4,1,0,0,0,0,0,0,0,0,0,0
10705,1,1,0,0,0,0,0,0,0,0,0,0
10706,1,1,11,11,11,11,11,11,11,11,11,11
10707,1,1,0,18,0,12,0,0,0,0,0,0
10707,2,1,0,0,0,0,0,0,0,0,0,0
10708,0,1,0,17,37,26,0,20,0,28,0,0
10708,1,1,0,0,0,0,5,0,0,12,0,18
10709,1,1,0,0,0,0,0,0,0,0,0,0
10710,1,1,0,0,0,0,0,0,0,0,0,0
10711,1,1,22,22,22,22,22,22,22,22,22,22
10712,0,1,0,0,0,0,0,0,42,0,0,0
10712,0,2,0,0,0,0,0,0,0,0,0,0
10712,0,3,0,0,0,0,0,0,0,0,0,0
10712,1,1,0,0,0,0,0,0,0,0,0,0
10712,2,1,0,0,0,0,0,0,0,0,0,0
10713,0,1,0,0,0,0,0,26,0,0,0,0
10713,1,1,0,0,0,0,0,0,0,0,0,0
10714,1,1,0,15,13,0,0,20,0,0,0,38
10715,0,1,0,0,0,0,0,0,0,0,0,0
10715,1,1,0,0,0,0,0,0,0,0,0,0
10716,1,1,0,0,0,0,0,0,0,0,0,0
10717,1,1,0,0,0,0,0,0,0,0,0,0
10717,2,1,0,0,0,0,0,0,0,0,21,0
10718,1,1,0,0,0,0,0,0,0,0,0,0
10718,2,1,0,0,0,0,0,0,0,0,0,0
10719,1,1,20,20,20,20,20,20,20,20,20,20
10720,1,1,1,1,1,1,1,1,1,1,1,1
10720,2,1,0,0,0,0,0,0,0,0,0,0
10720,3,1,0,0,0,0,0,0,0,0,0,0
10721,1,1,0,0,0,0,0,0,0,0,0,0
10721,2,1,0,0,0,0,0,0,0,0,0,0
10722,1,1,22,0,11,22,3,19,20,9,19,0
10722,2,1,9,0,0,0,0,0,0,0,0,0
10723,1,1,0,0,0,0,0,0,0,0,0,0
10724,1,1,0,0,0,0,0,0,0,0,0,0
10725,1,1,25,19,6,16,14,16,19,9,12,14
10726,1,1,31,31,31,31,31,31,31,31,31,31
10727,1,1,0,0,0,0,0,0,0,0,0,0
10727,2,1,0,0,0,0,0,0,0,0,0,0
10727,3,1,0,0,0,0,0,0,0,0,0,0
10728,0,1,8,8,8,8,8,8,8,8,8,8
10728,1,1,0,0,0,0,0,0,0,0,0,0
10729,1,1,0,0,0,0,0,0,0,0,0,0
10730,1,1,0,0,0,0,0,0,0,0,0,0
10730,2,1,20,20,20,20,20,20,20,20,20,20
10731,1,1,0,0,0,0,0,0,0,0,0,0
10731,2,1,0,0,0,0,0,0,0,0,0,0
10732,1,1,0,0,0,0,0,0,0,0,0,0
10733,1,1,24,0,12,7,36,16,14,20,13,35
10734,0,1,0,0,0,0,0,0,0,0,0,0
10734,1,1,0,0,0,0,0,0,0,0,0,0
10735,0,1,0,0,0,0,0,0,0,0,0,0
10735,1,1,0,5,10,0,32,10,9,0,0,15
10736,0,1,0,0,0,0,0,0,0,0,0,0
10736,1,1,0,0,0,0,0,0,0,0,0,0
10737,1,1,23,23,23,23,23,23,23,23,23,23
10738,0,1,0,0,0,0,0,0,0,0,0,0
10738,1,1,0,0,0,0,0,0,0,0,0,12
10739,1,1,0,0,0,0,0,0,0,9,0,0
10739,2,1,0,0,0,0,0,0,0,0,0,0
10740,1,1,0,0,0,0,0,0,0,10,26,22
10741,1,1,15,8,20,26,10,10,24,0,8,12
10741,2,1,0,0,0,0,0,0,0,0,0,0
10742,1,1,0,0,0,0,0,0,0,0,0,0
10743,1,1,0,0,0,0,0,0,0,0,0,0
10744,1,1,0,0,0,0,0,0,0,0,0,0
10744,2,1,0,0,0,0,0,0,0,0,0,0
10745,1,1,0,0,0,0,0,0,15,13,0,0
10746,1,1,0,0,0,0,0,0,0,0,0,0
10746,2,1,0,0,0,0,0,0,0,0,0,0
10747,1,1,0,0,0,0,11,9,8,0,0,0
10748,1,1,0,0,0,0,0,0,0,0,0,0
10749,1,1,0,0,0,0,0,0,0,0,0,0
10750,1,1,0,0,0,0,0,0,0,0,0,0
10750,2,1,0,0,0,0,0,0,0,0,0,0
10751,1,1,0,0,0,0,0,19,0,0,0,0
10752,1,1,14,25,12,16,0,27,0,19,0,19
10753,1,1,0,0,0,0,0,0,0,0,0,0
10753,2,1,0,0,0,0,0,0,0,0,0,0
10754,1,1,0,0,0,0,0,0,0,0,0,0
10754,2,1,1,1,1,1,1,1,1,1,1,1
10755,1,1,15,20,0,0,0,0,0,0,0,0
10755,2,1,0,0,0,0,0,0,0,0,0,0
10756,0,1,0,0,0,0,0,0,0,0,0,0
10756,1,1,3,3,3,3,3,3,3,3,3,3
10757,0,1,0,16,16,23,0,30,0,19,44,16
10757,1,1,9,9,9,9,9,9,9,9,9,9
10758,0,1,27,0,0,17,0,0,0,0,0,0
10758,1,1,10,10,10,10,10,10,10,10,10,10
10759,1,1,5,13,14,9,12,10,16,0,13,9
10760,1,1,0,0,0,0,0,0,0,0,0,0
10760,2,1,0,0,0,0,0,0,0,0,0,0
10761,1,1,0,0,0,0,14,0,23,0,0,0
10761,2,1,0,0,0,0,0,0,0,0,0,0
10762,1,1,11,11,11,11,11,11,11,11,11,11
10762,2,1,0,0,0,0,0,0,0,0,0,0
10763,1,1,0,0,0,0,0,0,0,0,0,0
10763,2,1,0,0,0,0,0,0,0,0,0,0
10764,1,1,0,0,12,0,0,13,0,0,7,9
10765,1,1,32,21,25,18,9,0,13,0,17,0
10766,0,1,0,0,0,17,0,0,0,0,0,0
10766,1,1,25,19,0,8,4,0,8,0,0,6
10767,1,1,0,0,0,0,0,0,0,0,0,0
10767,2,1,0,0,0,0,0,0,0,0,0,0
10768,1,1,41,41,41,41,41,41,41,41,41,41
10769,0,1,27,27,27,27,27,27,27,27,27,27
10769,1,1,0,0,0,0,0,0,0,0,0,0
10770,1,1,0,0,0,0,0,0,0,0,0,0
10770,2,1,0,0,0,0,0,0,0,0,0,0
10770,3,1,0,0,0,0,0,0,0,0,0,0
10770,4,1,0,0,0,0,0,0,0,0,0,0
10771,1,1,0,0,0,0,0,0,0,0,0,0
10772,1,1,0,0,0,0,0,0,0,0,0,0
10773,1,1,15,0,0,20,0,0,0,13,0,38
10773,2,1,20,0,0,3,0,0,8,0,0,0
10774,1,1,23,27,11,13,14,17,11,23,11,17
10775,1,1,0,0,0,0,0,0,0,0,0,0
10776,1,1,0,0,0,0,0,32,0,0,0,0
10776,2,1,0,0,0,0,0,0,0,0,0,0
10777,0,1,0,0,0,19,0,0,0,0,25,0
10777,0,2,0,0,0,0,0,0,0,0,0,0
10777,0,3,10,29,0,0,0,0,0,0,0,0
10777,0,4,21,0,0,0,0,0,0,0,27,0
10777,0,5,0,0,0,0,0,0,0,0,0,0
10777,0,6,0,0,0,0,0,0,0,0,0,0
10777,0,7,0,0,0,0,0,0,0,0,0,0
10777,0,8,0,0,0,10,0,0,0,14,0,0
10777,0,9,0,0,24,0,0,0,0,0,0,0
10777,0,10,0,33,0,0,0,5,0,0,0,0
10777,0,11,0,0,0,0,0,0,0,0,0,28
10777,1,1,0,0,0,0,0,11,0,2,0,0
10777,2,1,0,0,0,0,0,0,0,0,0,0
10778,1,1,0,0,0,0,0,0,0,0,0,0
10778,2,1,0,0,0,0,0,0,0,0,0,0
10779,1,1,0,0,17,0,0,0,0,0,0,0
10779,2,1,0,0,0,0,0,0,0,0,0,0
10780,1,1,15,25,19,11,11,9,13,19,33,31
10781,1,1,19,19,19,19,19,19,19,19,19,19
10782,1,1,0,0,0,0,0,0,0,0,0,21
10783,0,1,24,24,24,24,24,24,24,24,24,24
10783,1,1,0,0,0,0,0,0,0,0,0,0
10784,1,1,0,0,0,0,0,0,0,0,0,0
10785,1,1,17,17,17,17,17,17,17,17,17,17
20001,1,1,29,29,29,29,29,29,29,29,29,29
20002,0,1,25,25,25,25,25,25,25,25,25,25
20002,1,1,0,0,0,0,0,0,0,0,0,0
20003,1,1,0,0,0,0,0,0,0,0,0,0
20004,1,1,14,14,14,14,14,14,14,14,14,14
20005,0,1,7,7,7,7,7,7,7,7,7,7
20005,1,1,0,0,0,0,0,0,0,0,0,0
20006,1,1,0,0,0,0,0,0,0,0,0,0
20006,2,1,0,0,0,0,0,0,0,0,0,0
20006,3,1,0,0,0,0,0,0,0,0,0,0
20007,1,1,24,24,24,24,24,24,24,24,24,24
20008,0,1,0,0,0,0,0,0,34,25,0,0
20008,1,1,0,0,0,0,0,0,0,0,0,0
20009,1,1,0,0,0,0,0,0,0,0,0,0
20009,2,1,0,0,0,0,0,0,0,0,0,0
20009,3,1,0,0,0,0,0,0,0,0,0,0
20010,1,1,30,30,30,30,30,30,30,30,30,30
20011,1,1,0,0,0,0,0,0,0,0,0,0
20012,1,1,16,16,16,16,16,16,16,16,16,16
20013,1,1,13,13,13,13,13,13,13,13,13,13
20014,1,1,26,26,26,26,26,26,26,26,26,26
20015,1,1,0,0,0,0,0,0,0,0,0,0
20015,2,1,0,0,0,0,0,0,0,0,0,0
20016,1,1,0,0,0,0,0,0,0,0,0,0
20016,2,1,0,0,0,0,0,0,0,0,0,0
20017,1,1,18,18,18,18,18,18,18,18,18,18
20018,1,1,26,26,26,26,26,26,26,26,26,26
20019,1,1,15,15,15,15,15,15,15,15,15,15
20019,2,1,0,0,0,0,0,0,0,0,0,0
20020,1,1,22,22,22,22,22,22,22,22,22,22
20021,1,1,0,0,0,0,0,0,0,0,0,0
20022,1,1,0,0,10,0,0,0,0,0,0,0
20023,1,1,31,31,31,31,31,31,31,31,31,31
20024,1,1,0,0,0,0,0,0,0,0,0,0
20025,1,1,0,0,0,0,0,0,0,0,0,0
20026,1,1,0,0,0,0,0,0,0,0,0,0
20027,1,1,2,2,2,2,2,2,2,2,2,2
20027,2,1,0,0,0,0,0,0,0,0,0,0
20027,3,1,0,0,0,0,0,0,0,0,0,0
20028,1,1,10,10,10,10,10,10,10,10,10,10
20028,2,1,0,0,0,0,0,0,0,0,0,0
20028,3,1,0,0,0,0,0,0,0,0,0,0
20029,1,1,0,0,0,0,0,0,0,0,0,0
20030,1,1,17,0,0,0,0,0,0,0,12,0
20030,2,1,0,0,0,0,0,0,0,0,0,0
20031,1,1,0,0,0,0,0,0,0,0,0,0
20031,2,1,0,0,0,0,0,0,0,0,0,0
20031,3,1,0,0,0,0,0,0,0,0,0,0
20032,0,1,15,15,15,15,15,15,15,15,15,15
20032,0,2,9,21,11,16,21,0,18,18,29,25
20032,1,1,0,0,0,0,0,0,0,0,0,0
20033,0,1,35,35,35,35,35,35,35,35,35,35
20033,1,1,0,0,0,0,0,0,0,13,0,0
20034,1,1,0,0,0,0,0,0,0,0,0,0
20034,2,1,19,0,0,0,31,0,0,24,0,0
20035,1,1,0,0,0,0,0,0,0,0,0,0
20035,2,1,0,0,0,0,0,0,0,0,0,0
20035,3,1,0,0,0,0,0,0,0,0,0,0
20035,4,1,0,0,0,0,0,0,0,0,0,0
20035,5,1,0,0,0,0,0,0,0,0,0,0
20035,6,1,0,0,0,0,0,0,0,0,0,0
20036,1,1,0,0,0,0,0,0,0,0,0,0
20036,2,1,0,0,0,0,0,0,0,0,0,0
20037,1,1,0,0,0,0,0,0,0,0,0,0
20038,1,1,0,0,0,0,0,0,0,0,0,0
20039,1,1,18,18,18,18,18,18,18,18,18,18
20040,1,1,0,0,0,0,0,0,0,0,0,0
20040,2,1,0,0,0,14,0,0,0,0,0,0
20041,1,1,28,28,28,28,28,28,28,28,28,28
20042,0,1,14,14,14,14,14,14,14,14,14,14
20042,1,1,0,0,0,0,0,0,0,0,0,0
20043,0,1,0,10,0,19,19,0,0,0,0,0
20043,1,1,0,3,14,0,16,10,12,0,0,9
20044,1,1,0,0,0,0,0,0,0,0,0,0
20044,2,1,0,0,0,0,0,0,0,0,0,0
20045,1,1,21,21,21,21,21,21,21,21,21,21
20046,1,1,13,13,13,13,13,13,13,13,13,13
20047,1,1,0,0,0,0,0,0,0,0,0,0
20048,1,1,20,20,20,20,20,20,20,20,20,20
20049,1,1,21,21,21,21,21,21,21,21,21,21
20050,1,1,0,0,0,0,0,0,0,0,0,0
20050,2,1,0,0,0,0,0,0,0,0,0,0
20051,0,1,19,19,19,19,19,19,19,19,19,19
20051,1,1,0,0,0,0,0,0,0,0,0,0
20052,1,1,0,0,0,0,0,0,0,0,0,0
20052,2,1,0,0,0,0,0,0,0,0,0,0
20053,1,1,0,0,0,0,0,0,0,0,0,0
20054,1,1,0,0,0,0,0,0,0,0,0,0
20054,2,1,0,0,0,0,0,0,0,0,0,0
20055,1,1,0,0,0,0,0,0,0,0,0,0
20055,2,1,0,0,0,0,0,0,0,0,0,0
20056,0,1,0,0,0,0,0,13,0,0,19,0
20056,1,1,12,12,12,12,12,12,12,12,12,12
20057,0,1,0,0,0,0,0,0,0,0,0,0
20057,1,1,0,0,0,0,0,0,0,0,0,0
20058,0,1,0,0,0,0,0,0,0,0,0,0
20058,1,1,0,0,0,0,0,0,0,0,0,0
20059,0,1,31,31,31,31,31,31,31,31,31,31
20059,1,1,0,0,0,0,0,0,0,0,0,0
20060,1,1,21,21,21,21,21,21,21,21,21,21
20060,2,1,0,0,0,0,0,0,0,0,0,0
40001,0,1,34,34,34,34,34,34,34,34,34,34
40001,1,1,0,0,0,9,4,0,11,0,0,0
40002,0,1,0,0,0,0,0,0,16,0,0,0
40002,0,2,0,0,0,0,0,0,23,0,0,0
40002,1,1,0,0,0,0,0,0,0,0,0,0
40003,0,1,13,13,13,13,13,13,13,13,13,13
40003,1,1,0,0,0,0,0,0,3,0,0,0
40004,1,1,15,15,15,15,15,15,15,15,15,15
40005,1,1,0,0,0,0,0,0,0,0,0,0
40005,2,1,0,0,0,0,0,0,0,0,0,0
40006,1,1,0,0,0,0,0,0,0,0,0,0
40006,2,1,0,0,0,0,0,0,0,0,0,0
40007,1,1,0,0,0,0,0,0,0,0,0,0
40008,0,1,19,19,19,19,19,19,19,19,19,19
40008,1,1,0,0,0,0,0,0,0,0,0,0
40009,1,1,11,11,11,11,11,11,11,11,11,11
40009,2,1,0,0,0,0,0,18,0,0,0,12
40010,1,1,0,0,0,0,0,0,0,0,0,0
40011,1,1,20,20,20,20,20,20,20,20,20,20
40012,1,1,19,19,19,19,19,19,19,19,19,19
40013,1,1,0,0,0,0,0,0,0,0,0,0
40013,2,1,0,0,0,0,0,0,0,0,0,0
40014,1,1,0,0,0,0,0,0,0,0,0,0
40015,1,1,0,0,0,0,0,0,0,0,0,0
40015,2,1,0,0,0,0,0,0,0,0,11,0
40016,0,1,6,37,18,0,19,25,12,26,26,8
40016,1,1,0,0,0,0,0,0,0,0,0,20
40017,1,1,0,0,0,0,0,0,0,0,0,0
40017,2,1,0,0,0,0,0,0,0,0,0,0
40018,0,1,0,0,0,0,0,0,0,0,0,0
40018,1,1,0,0,0,0,0,0,0,0,0,0
40019,1,1,0,0,0,0,0,0,0,0,0,0
40019,2,1,0,0,0,0,0,0,0,0,0,0
40022,1,1,18,18,18,18,18,18,18,18,18,18
40023,1,1,0,0,0,0,0,0,0,0,0,0
40023,2,1,0,0,0,0,0,0,0,0,0,0
40024,1,1,15,15,15,15,15,15,15,15,15,15
40024,2,1,0,0,0,0,0,0,0,0,0,0
40025,0,1,0,0,0,0,0,0,0,0,0,0
40025,1,1,8,9,23,18,11,8,17,8,0,7
40026,1,1,27,27,27,27,27,27,27,27,27,27
40026,2,1,26,0,0,0,0,0,0,0,0,0
40026,3,1,0,0,0,0,0,0,0,0,0,0
40027,1,1,9,12,24,20,15,21,11,20,21,0
40027,2,1,0,0,0,0,0,0,0,0,0,0
40028,1,1,0,0,0,0,0,0,0,0,0,0
40028,2,1,0,0,0,0,0,0,0,0,0,0
40028,3,1,0,0,0,0,0,0,0,0,0,0
40029,1,1,0,0,0,0,0,0,0,0,0,0
40029,2,1,0,0,0,0,0,0,0,0,0,0
40030,1,1,0,0,0,0,0,0,0,0,0,0
40030,2,1,0,0,0,0,0,0,0,0,0,0
40031,1,1,0,0,0,0,0,0,0,0,0,0
40032,0,1,36,36,36,36,36,36,36,36,36,36
40032,1,1,0,0,0,0,0,0,0,0,0,0
40033,1,1,0,0,0,0,0,0,0,0,17,0
40033,2,1,0,0,0,0,0,0,0,0,0,0
40034,1,1,0,0,0,0,0,0,0,0,0,4
40036,1,1,0,0,0,12,0,0,0,0,0,0
40036,2,1,0,0,0,0,0,0,0,0,0,0
40036,3,1,0,0,0,0,0,0,0,0,0,0
40037,1,1,24,24,24,24,24,24,24,24,24,24
40038,1,1,0,0,0,15,0,0,0,0,8,0
40038,2,1,0,0,0,0,0,0,0,0,0,0
40038,3,1,0,0,0,0,0,0,0,0,0,0
40039,1,1,19,19,19,19,19,19,19,19,19,19
40039,2,1,24,24,24,24,24,24,24,24,24,24
40040,1,1,19,19,19,19,19,19,19,19,19,19
40041,1,1,15,15,15,15,15,15,15,15,15,15
40042,1,1,21,21,21,21,21,21,21,21,21,21
40042,2,1,0,0,0,0,0,0,0,0,0,0
40043,1,1,0,0,0,0,0,0,0,0,0,0
40043,2,1,0,0,0,0,0,0,0,0,0,0
40044,1,1,0,0,0,0,0,0,0,0,0,0
40045,1,1,0,0,0,0,0,0,0,0,0,0
40045,2,1,0,0,0,0,0,0,0,0,0,0
40045,3,1,0,0,16,0,0,17,0,12,0,0
40046,1,1,32,32,32,32,32,32,32,32,32,32
40046,2,1,0,0,0,15,8,14,0,0,0,8
40046,3,1,0,0,0,0,0,0,0,0,0,0
40047,1,1,0,0,0,0,24,0,0,0,0,0
40047,2,1,0,0,0,0,22,41,19,0,0,0
40048,1,1,17,17,17,17,17,17,17,17,17,17
40049,1,1,0,0,0,0,0,0,0,16,0,0
40049,2,1,0,0,0,0,0,0,0,0,0,0
40050,0,1,19,19,19,19,19,19,19,19,19,19
40050,1,1,0,7,0,0,0,0,0,0,0,0
40051,1,1,11,11,11,11,11,11,11,11,11,11
40052,1,1,1,1,1,1,1,1,1,1,1,1
40052,2,1,8,0,0,0,0,0,0,0,8,0
40052,3,1,0,2,0,0,0,19,0,0,0,0
40053,1,1,0,0,0,0,0,0,0,0,0,0
40053,2,1,0,0,0,0,0,0,0,0,0,0
40054,0,1,0,0,0,0,0,0,0,0,0,0
40054,1,1,0,12,0,0,0,0,0,18,0,13
40055,1,1,28,28,28,28,28,28,28,28,28,28
40055,2,1,0,0,0,0,0,0,0,0,0,0
40056,0,1,1,1,1,1,1,1,1,1,1,1
40056,1,1,0,0,0,0,0,0,0,0,0,0
40057,1,1,0,0,0,0,0,0,0,0,0,0
40057,2,1,0,0,0,0,0,0,0,0,0,0
40058,1,1,0,0,0,0,0,0,0,0,0,0
40058,2,1,0,0,0,0,0,0,0,0,0,12
40058,3,1,0,0,0,0,0,0,0,0,0,0
40059,0,1,0,0,0,0,0,0,0,0,0,0
40059,1,1,19,16,0,0,9,0,11,0,10,0
40060,1,1,21,21,21,21,21,21,21,21,21,21
40061,0,1,25,25,25,25,25,25,25,25,25,25
40061,1,1,2,2,2,2,2,2,2,2,2,2
40062,0,1,42,42,42,42,42,42,42,42,42,42
40062,1,1,0,0,0,0,0,0,0,0,0,0
40063,0,1,0,0,0,0,0,0,0,0,0,0
40063,1,1,0,0,0,0,32,0,0,0,0,0
40064,1,1,0,0,0,0,0,0,0,0,0,0
40064,2,1,0,0,0,0,0,0,0,0,0,0
40064,3,1,0,0,0,0,0,0,0,0,0,0
40065,0,1,0,0,0,0,0,0,0,0,0,0
40065,1,1,0,0,9,0,0,0,0,0,8,0
40066,1,1,0,0,0,0,0,0,0,0,0,0
40067,1,1,0,0,0,0,0,0,0,0,0,0
40067,2,1,0,0,0,0,0,0,0,0,0,0
40067,3,1,0,0,0,0,0,0,0,0,0,0
40068,1,1,0,0,0,0,0,0,0,0,0,0
40068,2,1,0,0,0,0,0,0,0,46,19,5
40069,1,1,12,12,12,12,12,12,12,12,12,12
40069,2,1,0,0,15,0,0,0,0,0,0,0
40070,1,1,0,0,0,0,0,0,0,0,0,0
40070,2,1,0,0,0,0,0,0,0,0,0,0
40071,1,1,0,0,0,0,0,0,0,0,0,0
40072,1,1,0,0,0,0,0,0,0,0,0,0
40072,2,1,0,0,0,0,0,0,0,0,0,25
40073,1,1,20,24,22,27,0,16,7,22,30,14
40074,0,1,0,0,0,0,0,0,0,0,0,0
40074,1,1,0,0,0,0,0,0,0,0,0,0
40075,1,1,0,0,0,0,0,0,0,0,0,0
40075,2,1,0,0,0,0,0,0,0,0,0,0
40076,1,1,0,0,0,0,0,0,0,0,0,0
40077,0,1,0,0,23,0,0,0,0,11,0,14
40077,1,1,0,0,0,0,0,0,0,0,11,0
40078,1,1,0,0,0,0,0,0,0,0,0,0
40078,2,1,0,0,0,0,0,0,0,0,0,0
40079,1,1,0,39,21,16,0,18,0,0,0,30
40080,0,1,27,27,27,27,27,27,27,27,27,27
40080,1,1,0,0,0,0,0,0,0,0,0,0
40081,1,1,0,0,0,0,0,0,0,0,0,0
40082,0,1,22,22,22,22,22,22,22,22,22,22
40082,1,1,0,0,0,0,0,0,0,0,0,0
40083,1,1,0,0,0,0,0,0,0,0,0,0
40083,2,1,0,0,0,0,0,0,0,0,0,0
40084,0,1,0,0,0,0,0,0,0,0,0,0
40084,0,2,0,0,0,0,0,0,0,0,0,0
40084,1,1,0,0,0,0,0,0,14,0,0,0
40085,1,1,0,0,0,0,0,0,0,0,0,0
40086,1,1,0,0,0,0,0,0,0,0,0,0
40086,2,1,0,21,0,10,0,0,0,0,0,0
40087,1,1,0,0,0,0,0,0,0,0,0,0
40088,1,1,0,0,0,15,0,0,0,0,0,0
40089,1,1,0,0,0,0,0,0,0,0,0,0
40090,1,1,26,26,26,26,26,26,26,26,26,26
40090,2,1,0,0,0,0,0,0,0,0,0,0
40091,1,1,24,24,24,24,24,24,24,24,24,24
40091,2,1,0,0,0,0,7,0,0,0,0,0
40092,1,1,0,0,0,0,0,0,0,0,0,0
40092,2,1,0,0,0,0,0,0,0,0,0,0
40092,3,1,0,0,0,0,0,0,0,0,0,0
40093,1,1,0,0,0,0,0,0,0,0,0,0
40093,2,1,0,0,0,0,0,0,0,0,0,0