ST_CASE,VEH_NO,PER_NO,P1,P2,P3,P4,P5,P6,P7,P8,P9,P10
40705,1,1,0,0,0,0,0,0,0,0,0,0
40706,1,1,0,0,0,0,0,0,0,0,0,0
40707,1,1,0,0,0,0,0,0,0,0,0,0
40707,2,1,14,14,14,14,14,14,14,14,14,14
40708,1,1,0,0,0,0,0,0,0,0,0,0
40708,2,1,0,0,0,0,0,0,0,0,0,0
40708,3,1,0,0,0,0,22,0,0,0,0,0
40708,4,1,0,0,0,0,0,0,0,15,0,0
40709,1,1,0,23,0,0,0,0,0,27,0,0
40709,2,1,0,0,8,14,17,0,0,0,0,0
40710,1,1,0,0,0,0,0,0,0,0,0,0
40710,2,1,5,5,5,5,5,5,5,5,5,5
40711,1,1,0,0,0,0,0,0,0,0,0,0
40712,1,1,13,13,13,13,13,13,13,13,13,13
40713,1,1,12,23,24,0,0,11,37,28,14,25
40714,0,1,6,6,6,6,6,6,6,6,6,6
40714,1,1,0,0,0,0,0,0,0,0,0,0
40715,0,1,0,0,0,0,0,0,0,0,0,0
40715,1,1,0,0,19,0,0,0,0,0,0,0
40716,1,1,27,27,27,27,27,27,27,27,27,27
40717,1,1,0,0,0,0,0,0,0,0,0,0
40718,1,3,10,8,0,6,0,8,0,0,12,9
40720,0,1,0,0,0,0,0,0,0,0,0,0
40720,1,1,0,0,0,13,0,0,0,13,0,0
40721,0,1,14,14,14,14,14,14,14,14,14,14
40721,1,1,0,0,0,0,10,0,0,0,0,0
40722,0,1,17,17,17,17,17,17,17,17,17,17
40722,1,1,0,0,0,0,0,9,16,0,29,0
40723,2,1,0,0,0,0,0,0,12,0,5,7
40724,1,1,0,0,0,0,0,0,0,0,0,0
40724,2,1,0,0,37,14,0,0,0,0,0,0
40725,1,1,19,19,19,19,19,19,19,19,19,19
40726,0,1,0,0,0,0,0,0,0,0,0,0
40726,1,1,0,5,0,0,0,13,5,35,0,0
40727,1,1,0,0,0,0,0,0,0,0,0,0
40727,2,1,0,0,0,0,0,0,0,0,0,0
40727,3,1,0,22,21,0,0,0,0,0,0,0
40728,0,1,21,21,21,21,21,21,21,21,21,21
40728,1,1,17,10,37,9,28,8,12,9,4,7
40729,1,1,0,0,0,0,0,0,0,0,0,0
40729,2,1,0,0,0,0,0,0,0,0,0,0
40730,1,1,0,0,0,0,0,0,0,0,0,0
40731,1,1,0,0,0,0,0,0,0,0,0,0
40731,2,1,0,0,0,0,0,0,0,0,0,0
40732,1,1,0,0,0,0,0,0,0,0,0,0
40732,2,1,0,0,0,0,0,0,0,0,0,0
40733,1,1,13,13,13,13,13,13,13,13,13,13
40734,1,1,0,0,0,0,0,0,0,0,0,0
40734,2,1,0,0,0,0,0,0,0,0,0,0
40735,1,1,0,0,0,0,0,0,0,0,0,0
40735,2,1,0,0,0,0,0,0,13,0,0,9
40736,1,1,0,0,0,0,0,0,0,0,0,0
40736,2,1,0,0,0,0,0,0,0,0,0,0
40737,1,1,0,0,0,0,0,0,0,0,0,0
40737,2,1,0,0,0,0,0,0,0,0,0,0
40737,3,1,0,0,0,0,0,0,0,0,0,0
40738,1,1,0,0,0,0,0,2,0,0,0,0
40739,1,1,0,0,0,0,0,0,0,0,0,0
40740,0,1,0,0,0,0,0,0,0,0,0,0
40740,1,1,0,0,0,0,0,0,0,0,0,0
40740,2,1,10,0,0,0,0,0,0,0,0,0
40741,1,1,33,33,33,33,33,33,33,33,33,33
40742,0,1,24,15,26,24,9,19,16,8,37,34
40742,1,1,0,0,0,0,0,0,0,0,0,0
40743,1,1,0,19,20,31,15,20,26,16,20,30
40744,1,1,18,18,18,18,18,18,18,18,18,18
40745,1,1,0,0,2,0,0,0,0,0,6,0
40745,2,1,0,7,0,6,0,13,0,0,0,7
40746,1,1,8,8,8,8,8,8,8,8,8,8
40746,2,1,0,0,0,0,0,0,0,0,0,0
40747,0,1,0,0,0,0,0,0,0,0,10,0
40747,1,1,0,0,14,0,0,0,0,0,0,0
40748,1,1,3,3,3,3,3,3,3,3,3,3
40748,2,1,0,0,0,0,0,0,0,0,0,0
40749,1,2,0,0,0,0,0,0,0,5,0,0
40751,1,1,16,16,16,16,16,16,16,16,16,16
40752,0,1,0,0,0,0,0,0,0,0,0,0
40752,1,1,0,0,0,0,3,0,0,2,0,0
40753,1,2,0,5,0,3,0,0,0,0,10,0
40754,1,1,0,0,0,0,0,0,0,0,0,0
40755,1,1,0,0,0,0,5,0,17,0,0,0
40756,1,1,0,0,0,0,0,0,0,0,0,0
40757,1,1,29,29,29,29,29,29,29,29,29,29
40757,2,1,2,2,2,2,2,2,2,2,2,2
40758,1,1,0,0,0,0,0,0,0,0,0,0
40758,2,1,0,0,0,0,0,0,0,0,0,0
40759,1,1,0,0,0,0,0,0,0,0,0,0
40759,2,1,0,0,0,0,0,0,0,0,0,0
40759,3,1,0,0,0,0,0,0,0,0,0,0
40760,1,1,13,13,13,13,13,13,13,13,13,13
40761,0,1,0,0,0,0,0,0,0,0,0,0
40761,1,1,0,0,0,0,0,0,0,0,0,0
40761,2,1,0,0,0,0,0,0,0,0,0,0
40761,3,1,0,0,0,0,0,0,0,0,0,0
40761,4,1,0,0,0,0,0,0,0,0,0,0
40761,5,1,0,0,7,0,0,0,0,0,0,0
40761,6,1,0,0,0,0,0,0,0,0,0,0
40762,1,1,0,25,0,30,0,6,0,0,0,0
40763,0,1,21,0,31,20,0,0,0,0,0,0
40763,1,1,0,0,0,0,0,0,14,0,0,0
40764,1,1,0,0,0,0,0,0,0,0,0,0
40765,0,1,0,0,5,0,19,0,12,0,0,0
40765,1,1,0,0,0,0,0,0,0,0,0,0
40766,0,1,0,0,0,0,0,0,0,0,0,0
40766,1,1,0,0,0,0,0,0,0,0,0,0
40767,1,1,0,0,0,0,0,0,0,0,0,0
40767,2,1,0,0,0,0,0,0,0,0,0,0
40768,1,1,0,0,0,0,0,0,0,0,0,0
40768,2,1,0,0,0,0,0,0,0,0,0,0
40769,1,1,0,0,0,0,0,0,0,0,0,0
40769,2,1,0,0,0,0,0,0,0,0,0,0
40770,0,1,4,4,4,4,4,4,4,4,4,4
40770,1,1,0,0,0,0,0,0,0,0,0,0
40771,1,1,0,0,0,0,0,0,0,0,0,0
40771,2,1,0,0,0,0,0,0,0,0,0,0
40771,3,1,0,0,0,0,0,0,0,0,0,0
40772,1,1,25,25,25,25,25,25,25,25,25,25
40773,1,1,0,0,0,0,0,0,0,0,23,0
40773,2,1,0,0,0,0,0,0,0,0,0,0
40775,1,1,0,0,0,0,0,10,0,0,0,0
40775,2,1,0,0,0,0,0,0,0,0,0,0
40776,1,1,0,0,0,0,0,0,0,0,0,0
40777,0,1,28,28,28,28,28,28,28,28,28,28
40777,1,1,15,15,15,15,15,15,15,15,15,15
40778,1,1,0,0,0,0,0,0,0,0,0,0
40778,2,1,0,0,0,0,0,0,0,2,0,0
40779,1,1,0,0,0,0,0,0,0,0,0,0
40779,2,1,0,0,0,0,0,0,0,0,0,0
40780,0,1,2,2,2,2,2,2,2,2,2,2
40780,1,1,0,0,0,0,0,0,0,0,0,0
40781,1,1,12,10,13,21,30,21,13,22,15,15
40782,0,1,45,45,45,45,45,45,45,45,45,45
40782,1,1,0,0,0,0,0,0,0,0,0,0
40783,1,1,0,0,0,0,0,0,0,0,0,0
40785,1,1,15,15,15,15,15,15,15,15,15,15
40785,2,1,10,10,10,10,10,10,10,10,10,10
40786,0,1,35,35,35,35,35,35,35,35,35,35
40786,1,1,10,0,0,0,0,0,0,2,0,0
40787,0,1,1,1,1,1,1,1,1,1,1,1
40787,1,1,0,0,0,0,0,0,0,0,0,0
40788,0,1,0,0,0,0,0,0,0,0,0,0
40788,1,1,0,0,0,0,0,0,0,0,17,0
40789,1,1,0,0,0,0,24,0,0,0,0,0
40789,2,1,0,0,0,0,0,0,0,0,0,0
40790,1,1,0,0,0,0,0,0,0,0,0,0
40790,2,1,0,0,0,0,0,0,0,0,0,0
40791,0,1,0,0,0,0,0,0,0,0,0,0
40791,1,1,0,0,0,0,0,0,0,0,7,0
40792,0,1,0,13,0,7,0,0,0,0,0,0
40792,1,1,1,1,1,1,1,1,1,1,1,1
40793,1,1,0,0,0,0,0,0,0,0,0,0
40793,2,1,0,0,0,0,0,0,0,0,0,0
40793,3,1,0,0,0,0,0,0,0,0,0,0
40794,1,1,0,0,0,0,0,0,0,0,0,0
40795,1,1,0,0,0,0,0,0,0,0,0,0
40796,1,1,29,29,29,29,29,29,29,29,29,29
40797,1,1,0,15,0,0,0,0,0,0,0,0
40797,2,1,0,4,0,0,0,0,0,0,0,0
40798,1,1,0,0,0,0,0,0,0,0,0,0
40798,2,1,0,0,0,0,0,8,0,0,0,0
40799,0,1,0,0,0,0,0,0,0,0,0,0
40799,1,1,0,0,0,0,11,0,0,0,0,0
40800,1,1,2,2,2,2,2,2,2,2,2,2
40800,2,1,0,0,0,0,0,0,0,0,0,0
40801,0,1,23,9,0,17,0,0,0,0,42,14
40801,1,1,0,0,0,0,0,0,5,0,5,0
40802,1,1,15,15,15,15,15,15,15,15,15,15
40803,1,1,19,19,19,19,19,19,19,19,19,19
40803,2,1,0,0,0,0,0,0,0,0,0,0
40804,0,1,22,22,22,22,22,22,22,22,22,22
40804,1,1,0,0,0,0,0,0,0,0,0,0
40806,1,1,3,3,3,3,3,3,3,3,3,3
40806,2,1,0,0,0,0,0,0,0,0,14,0
40806,3,1,0,0,0,0,0,0,0,0,0,0
40806,4,1,0,0,0,16,7,0,8,0,0,0
40807,0,1,35,35,35,35,35,35,35,35,35,35
40807,1,1,0,0,0,0,0,0,0,0,0,0
40808,1,1,0,0,0,0,0,0,0,0,0,0
40808,2,1,0,0,0,0,0,0,21,20,0,0
40809,1,1,0,0,0,0,0,0,0,0,0,0
40809,2,1,0,0,0,0,0,0,0,0,0,0
40810,1,1,0,0,0,0,0,19,0,0,6,0
40810,2,1,0,0,0,0,0,0,0,0,0,0
40811,1,1,0,0,0,0,0,0,0,0,0,0
40811,2,1,0,0,0,0,0,0,0,0,0,0
40812,1,1,18,18,18,18,18,18,18,18,18,18
40813,1,1,12,25,0,3,22,24,13,11,13,13
40814,1,1,0,27,0,0,0,0,23,14,0,0
40814,2,1,0,0,0,0,0,0,0,0,0,0
40815,1,1,10,0,0,0,0,0,18,0,7,0
40816,0,1,0,0,0,0,0,0,0,0,0,0
40816,1,1,0,0,0,0,0,0,9,0,0,0
40817,1,1,0,0,0,0,0,0,0,0,0,0
40817,2,1,0,0,0,0,0,0,0,0,0,23
40818,1,1,19,0,0,0,0,0,0,30,0,26
40818,2,1,0,0,0,0,0,0,0,0,0,0
40819,1,1,0,0,0,0,0,0,0,0,0,0
40820,1,2,22,27,17,0,0,16,0,0,26,0
40821,1,1,0,0,0,0,0,0,0,0,0,0
40821,2,1,20,20,20,20,20,20,20,20,20,20
40822,0,1,0,0,0,0,0,0,0,0,0,0
40822,1,1,0,0,0,0,0,0,0,0,0,0
40823,1,1,0,0,0,0,0,0,0,0,0,0
40824,0,1,0,0,0,0,0,0,0,0,0,0
40824,1,1,0,0,0,0,0,0,0,0,0,0
40824,3,1,0,0,0,0,0,0,0,0,0,0
40824,4,1,0,0,0,0,0,0,0,0,0,0
40824,5,1,0,0,0,0,0,0,14,0,0,0
40824,6,1,0,0,0,0,0,0,16,0,0,0
40825,1,1,21,21,21,21,21,21,21,21,21,21
40826,1,2,9,9,0,3,0,14,21,5,0,9
40827,1,1,2,2,2,2,2,2,2,2,2,2
40828,1,1,0,0,0,0,0,0,0,0,0,0
40828,2,1,0,0,0,0,0,0,0,0,0,0
40829,1,1,0,0,0,0,0,0,0,0,0,0
40829,2,1,34,0,0,9,0,0,0,0,0,0
40830,1,1,0,0,0,0,0,13,10,0,0,6
40831,1,1,0,0,0,0,0,0,0,10,0,0
40831,2,1,0,0,0,0,0,0,0,10,0,0
40831,3,1,0,0,0,0,0,0,0,0,0,0
40832,1,1,5,5,5,5,5,5,5,5,5,5
40832,2,1,0,0,0,0,0,0,0,0,0,0
40833,1,1,0,6,11,0,11,19,15,14,0,8
40834,1,1,7,29,7,20,18,0,16,34,13,2
40835,1,1,0,0,0,0,26,3,0,0,0,20
40836,1,2,0,0,17,14,0,0,0,3,0,0
40837,1,1,8,19,0,9,0,12,0,16,12,16
40838,1,2,19,12,0,0,0,12,0,0,0,22
40840,0,1,0,0,0,0,0,18,0,0,0,0
40840,1,1,0,0,0,0,0,0,0,0,0,0
40841,0,1,0,32,0,0,0,0,0,32,0,0
40841,1,1,0,9,0,0,0,8,20,0,0,4
40842,1,1,0,0,0,0,0,0,0,0,0,0
40843,1,1,0,0,0,0,0,0,0,0,0,0
40843,2,1,0,0,0,0,0,0,0,0,0,0
50001,1,1,0,0,0,0,19,0,0,0,0,0
50001,2,1,0,0,9,0,0,20,0,0,0,0
50002,1,1,0,0,0,0,0,0,0,0,0,0
50003,1,1,3,25,16,0,20,26,20,31,26,21
50004,1,1,0,0,0,0,0,0,0,0,0,0
50004,2,1,0,0,0,0,0,0,0,0,0,0
50005,1,1,0,0,0,0,0,0,0,0,0,0
50005,2,1,0,0,0,0,0,0,0,0,0,0
50007,1,1,0,0,0,0,0,0,0,0,0,0
50007,2,1,0,0,0,0,0,0,0,0,0,0
50008,1,1,0,0,20,0,0,0,0,0,0,0
50008,2,1,0,0,0,0,0,0,0,0,0,0
50009,1,1,0,0,0,0,0,0,0,0,0,0
50010,1,1,0,0,0,0,0,0,0,0,0,0
50010,2,1,0,0,0,0,0,0,0,0,0,0
50011,1,1,0,0,0,0,0,0,0,0,0,0
50011,2,1,0,0,0,0,0,0,0,0,0,0
50012,1,1,0,0,0,0,0,0,0,0,0,0
50014,1,1,0,14,0,0,0,0,0,0,9,0
50014,2,1,0,0,0,0,0,0,0,0,0,0
50015,1,1,0,0,0,0,0,0,0,0,0,0
50016,1,1,0,0,0,0,0,0,0,0,0,0
50017,1,1,0,0,0,0,0,0,0,0,0,0
50018,1,1,0,18,22,0,19,15,0,0,0,0
50019,1,1,4,4,4,4,4,4,4,4,4,4
50020,0,1,19,19,19,19,19,19,19,19,19,19
50020,1,1,0,0,0,0,0,0,0,0,0,0
50021,1,1,0,0,0,0,0,0,0,0,0,0
50022,1,1,0,0,0,0,0,0,0,0,0,0
50022,2,1,0,0,0,0,0,0,0,0,0,0
50024,1,1,0,0,0,0,0,0,0,0,0,0
50025,1,1,0,0,0,0,0,0,0,0,0,0
50026,1,1,0,0,0,0,0,0,0,0,0,0
50026,2,1,8,8,11,13,33,0,15,18,3,7
50027,1,1,0,0,0,0,0,0,0,0,0,0
50027,2,1,0,0,0,0,0,0,0,0,0,0
50028,1,1,0,0,0,0,0,0,0,0,0,0
50029,0,1,0,0,0,0,0,0,0,11,0,0
50029,0,2,0,0,0,0,0,0,0,0,0,0
50029,1,1,18,17,28,10,13,16,9,14,28,26
50030,1,1,20,20,0,0,0,31,7,13,0,29
50031,1,1,0,0,17,19,0,9,24,12,17,27
50032,1,1,0,0,0,0,0,0,0,0,0,0
50033,1,1,0,0,0,0,0,0,0,0,0,0
50033,2,1,12,12,12,12,12,12,12,12,12,12
50034,1,1,0,0,0,0,0,0,0,0,0,0
50034,2,1,0,0,0,0,0,0,0,0,0,0
50035,1,1,0,0,0,0,0,0,0,7,0,0
50035,2,1,0,0,0,0,0,8,0,0,11,0
50036,1,1,19,19,19,19,19,19,19,19,19,19
50037,1,1,23,23,23,23,23,23,23,23,23,23
50038,1,1,0,0,0,0,0,0,0,0,0,0
50038,2,1,0,0,0,0,0,0,0,0,0,0
50039,1,1,0,0,0,0,0,0,0,0,0,0
50039,2,1,0,0,0,0,0,0,0,0,0,0
50040,0,1,22,22,22,22,22,22,22,22,22,22
50040,1,1,5,10,0,0,0,0,0,0,0,0
50041,0,1,0,0,0,0,0,0,0,0,0,0
50041,1,1,0,0,0,0,0,0,0,0,0,0
50042,1,1,28,28,28,28,28,28,28,28,28,28
50043,1,1,0,0,0,0,0,0,0,0,0,0
50044,1,1,0,0,13,0,0,0,0,21,16,0
50045,1,1,0,0,0,0,0,0,0,0,0,0
50046,1,1,0,0,0,0,0,0,0,0,0,0
50046,2,1,9,9,9,9,9,9,9,9,9,9
50047,1,1,0,0,0,0,0,0,0,0,0,0
50047,2,1,8,8,8,8,8,8,8,8,8,8
50048,1,1,2,2,2,2,2,2,2,2,2,2
50049,1,1,0,0,0,0,0,0,0,0,0,0
50050,1,1,0,0,0,0,0,0,0,0,0,0
50051,1,1,0,0,0,0,0,0,0,0,0,0
50052,0,1,0,0,0,0,0,0,0,0,0,0
50052,1,1,0,0,0,0,0,0,0,0,0,0
50053,1,1,0,0,0,0,0,0,0,0,0,0
50053,2,1,0,0,0,0,0,0,0,0,0,0
50054,1,1,0,0,0,0,0,0,0,0,0,0
50054,2,1,0,0,0,0,0,0,0,0,0,0
50054,3,1,0,0,0,0,0,0,0,0,0,0
50055,1,1,0,0,0,0,0,0,0,0,0,0
50055,2,1,24,0,0,0,0,0,0,0,17,0
50056,1,1,15,15,15,15,15,15,15,15,15,15
50056,2,1,0,0,0,0,0,0,0,0,0,0
50057,1,1,0,0,0,0,0,0,0,0,0,0
50057,2,1,12,0,0,0,0,0,0,12,0,0
50058,1,1,0,0,0,0,0,0,0,0,0,0
50059,1,1,0,0,0,0,0,0,0,0,0,0
50060,1,1,0,0,0,0,0,0,0,0,0,0
50060,2,1,0,0,0,0,0,0,0,2,0,0
50061,1,1,0,12,0,0,11,0,0,23,0,18
50062,1,1,13,13,13,13,13,13,13,13,13,13
50063,1,1,0,5,0,16,10,0,0,30,9,0
50063,2,1,0,0,0,0,0,0,0,0,7,15
50064,1,1,0,0,0,0,0,0,0,0,0,0
50064,2,1,0,0,0,0,0,0,0,0,0,0
50065,1,1,0,0,0,0,0,0,0,0,0,0
50066,1,1,0,0,0,0,0,0,0,0,0,0
50067,1,1,15,15,15,15,15,15,15,15,15,15
50067,2,1,0,0,0,0,0,0,0,0,0,0
50068,1,1,0,0,0,0,0,0,0,0,0,0
50068,2,1,0,0,0,0,0,0,0,0,0,0
50069,1,1,0,0,0,0,0,0,0,0,0,0
50069,2,1,0,0,0,0,0,0,0,0,0,0
50069,3,1,0,0,0,0,0,0,0,0,0,0
50070,1,1,0,0,0,0,0,0,0,0,0,0
50071,1,1,0,0,0,0,0,0,0,0,0,0
50072,1,1,0,0,0,0,0,0,0,0,0,0
50073,1,1,2,2,2,2,2,2,2,2,2,2
50074,1,1,0,37,0,33,0,6,15,28,20,16
50075,1,1,0,0,0,0,0,0,0,0,0,0
50075,2,1,0,0,12,0,0,0,0,0,0,0
50077,1,1,0,0,0,0,0,0,0,0,0,0
50078,1,1,29,29,29,29,29,29,29,29,29,29
50079,0,1,34,19,16,0,0,0,17,9,16,0
50079,2,1,0,0,0,0,0,0,0,0,0,0
50080,1,1,0,0,0,0,0,0,0,0,0,0
50080,2,1,0,0,0,0,0,0,0,0,0,0
50081,1,1,0,0,0,0,0,0,0,0,0,0
50081,2,1,13,13,13,13,13,13,13,13,13,13
50082,1,1,0,0,0,0,0,0,0,0,0,0
50082,2,1,0,0,0,0,0,0,0,0,0,0
50082,3,1,0,0,0,0,0,0,0,0,0,0
50083,1,1,0,0,0,0,0,0,0,0,0,0
50083,2,1,0,0,0,0,0,0,0,0,0,0
50084,1,1,0,0,0,0,0,0,0,0,0,0
50084,2,1,16,16,16,16,16,16,16,16,16,16
50085,1,1,0,0,0,0,0,0,0,0,0,0
50085,2,1,0,0,0,0,0,0,0,0,0,0
50086,1,1,0,0,0,0,0,0,0,0,0,0
50086,2,1,0,0,0,0,45,0,0,0,0,0
50087,1,1,0,0,0,0,0,0,0,0,0,0
50088,0,1,0,0,10,0,0,1,7,0,0,0
50088,1,1,0,0,0,18,11,2,0,0,0,0
50089,1,1,16,16,16,16,16,16,16,16,16,16
50090,1,1,0,0,0,4,0,0,0,0,0,0
50090,2,1,0,0,0,0,0,0,0,0,0,0
50091,1,1,0,0,0,0,0,0,0,0,0,0
50091,2,1,0,0,0,0,0,0,0,0,0,0
50091,3,1,0,0,0,0,0,0,0,0,0,0
50092,1,1,10,14,16,0,28,6,11,28,5,7
50093,1,1,0,0,0,0,0,0,0,0,0,0
50093,2,1,0,0,0,0,0,0,0,0,0,0
50094,1,1,0,0,0,0,0,0,0,0,0,0
50094,2,1,0,0,0,0,0,0,0,0,0,0
50095,1,1,18,18,18,18,18,18,18,18,18,18
50096,1,1,29,29,29,29,29,29,29,29,29,29
50096,2,1,0,0,0,0,0,0,0,0,0,0
50096,3,1,0,0,0,0,0,0,0,0,0,0
50097,1,1,0,0,0,0,0,0,0,0,0,0
50097,2,1,0,0,0,0,0,0,0,0,0,0
50098,1,1,0,0,0,0,0,0,0,0,0,0
50099,1,1,0,0,0,0,0,0,0,0,12,7
50099,2,1,0,0,0,0,0,16,0,0,0,0
50100,1,1,0,0,0,8,0,30,0,24,0,16
50100,2,1,0,0,0,0,0,0,0,0,0,0
50101,1,1,0,0,0,0,0,0,0,0,0,0
50101,2,1,0,0,0,0,0,0,0,0,0,0
50102,1,1,0,0,0,0,0,0,0,0,0,0
50104,1,1,0,0,11,21,0,0,15,0,0,0
50105,1,1,19,19,19,19,19,19,19,19,19,19
50106,1,1,0,0,0,0,0,0,0,0,0,0
50106,2,1,12,12,12,12,12,12,12,12,12,12
50107,1,1,0,0,0,0,0,0,0,0,0,0
50107,2,1,0,0,0,0,0,0,0,21,8,0
50108,1,1,0,0,0,0,0,0,0,0,0,0
50108,2,1,0,0,0,0,0,0,0,0,0,0
50109,1,1,13,13,13,13,13,13,13,13,13,13
50109,2,1,16,16,16,16,16,16,16,16,16,16
50110,1,1,0,0,0,0,0,0,0,0,0,0
50111,1,1,22,0,32,0,0,23,3,0,15,26
50112,1,1,0,0,0,0,0,0,0,0,0,0
50112,2,1,0,0,0,0,0,0,0,0,0,0
50112,3,1,0,0,0,0,0,0,0,0,0,0
50113,1,1,0,0,0,0,0,0,0,0,0,0
50114,1,1,13,13,13,13,13,13,13,13,13,13
50115,1,1,0,0,0,0,0,0,0,0,0,0
50115,2,1,0,0,0,0,0,0,0,0,0,0
50116,1,1,0,0,0,0,0,0,0,0,0,0
50116,2,1,7,6,4,0,0,4,5,3,0,13
50117,1,1,0,0,0,0,0,0,0,0,0,0
50118,1,1,0,0,8,0,0,0,0,0,0,0
50118,2,1,32,32,32,32,32,32,32,32,32,32
50119,1,1,0,0,0,0,0,0,0,0,0,0
50119,2,1,0,0,0,0,0,0,0,0,0,0
50120,1,1,0,0,0,0,0,0,0,0,0,0
50120,2,1,0,0,0,0,0,0,0,0,0,0
50121,1,1,17,17,17,17,17,17,17,17,17,17
50121,2,1,0,0,0,0,0,0,0,0,0,0
50122,1,1,23,23,23,23,23,23,23,23,23,23
50123,1,1,0,0,0,0,0,0,0,0,0,0
50123,2,1,0,0,0,0,0,0,0,0,0,0
50124,1,1,0,0,0,0,0,0,0,0,0,2
50124,2,1,0,0,0,0,0,0,0,0,0,0
50125,1,1,17,17,17,17,17,17,17,17,17,17
50126,0,1,0,0,0,0,0,0,0,17,0,0
50126,0,2,0,0,15,28,5,0,14,0,14,0
50126,1,1,0,0,0,0,0,0,0,0,0,0
50127,1,1,0,0,0,0,0,0,0,0,0,0
50128,1,1,0,0,0,0,0,0,0,0,0,0
50128,2,1,10,0,0,0,0,15,0,0,0,0
50129,0,1,0,11,0,45,20,0,0,0,0,0
50129,1,1,5,11,0,0,4,0,0,9,9,0
50130,1,1,0,0,0,0,0,0,0,0,0,0
50131,1,1,6,6,6,6,6,6,6,6,6,6
50132,1,1,0,0,0,0,0,0,0,0,0,0
50132,2,1,0,0,0,0,0,0,0,0,0,0
50133,1,1,0,0,0,0,0,0,0,0,0,0
50134,1,1,6,0,37,0,0,0,0,27,0,10
50135,1,1,0,0,0,0,0,0,0,0,0,0
50135,2,1,0,0,0,0,0,0,0,0,0,0
50136,1,1,0,0,0,0,0,0,0,0,0,0
50136,2,1,0,0,0,0,0,0,0,0,0,0
50137,1,1,0,0,0,0,0,0,0,0,0,0
50138,1,1,16,16,16,16,16,16,16,16,16,16
50139,1,1,2,2,2,2,2,2,2,2,2,2
50139,2,1,0,0,0,0,0,0,0,0,0,0
50140,1,1,0,0,0,0,0,0,0,0,0,0
50140,2,1,0,0,0,0,0,0,0,0,0,0
50141,0,1,0,0,0,0,0,0,0,0,0,0
50141,1,1,10,0,0,10,23,0,23,12,0,0
50142,1,1,0,0,0,0,0,0,0,0,0,0
50142,2,1,0,0,0,0,0,0,0,0,0,0
50144,1,1,0,0,0,0,0,0,0,0,0,0
50144,2,1,0,0,0,0,0,0,0,0,0,0
50144,3,1,0,0,0,15,0,0,0,28,0,0
50144,4,1,0,0,0,0,0,0,0,0,0,0
50145,1,1,0,0,0,0,0,0,0,0,0,0
50145,2,1,0,0,0,0,0,0,0,0,0,0
50146,1,1,0,0,0,0,0,0,0,0,0,0
50147,1,1,0,0,0,0,0,0,0,0,0,0
50148,1,1,19,19,19,19,19,19,19,19,19,19
50148,2,1,0,0,0,0,0,0,0,0,0,0
50148,3,1,0,0,0,0,0,0,0,0,0,0
50149,1,1,0,0,16,21,0,7,7,0,22,0
50150,1,1,0,0,0,0,0,0,0,0,0,0
50150,2,1,0,0,0,0,0,0,0,0,0,0
50150,3,1,0,0,0,0,0,0,0,0,0,0
50151,1,1,24,24,24,24,24,24,24,24,24,24
50152,1,1,2,2,2,2,2,2,2,2,2,2
50153,0,1,18,18,18,18,18,18,18,18,18,18
50153,0,2,0,0,0,0,0,0,0,0,0,0
50153,1,1,0,0,0,0,0,0,0,0,0,0
50153,2,1,0,0,0,0,0,0,0,0,0,0
50153,3,1,0,0,0,0,0,0,0,0,0,0
50154,1,1,0,0,0,0,0,0,0,0,0,0
50154,2,1,0,0,0,0,0,0,0,0,0,0
50155,1,1,32,32,32,32,32,32,32,32,32,32
50156,1,1,6,0,10,0,6,0,11,26,0,16
50157,1,1,0,0,0,0,0,0,0,0,0,0
50157,2,1,0,0,0,0,0,0,0,0,0,0
50158,1,1,0,0,0,0,0,0,0,0,0,0
50158,2,1,0,0,0,0,0,0,0,0,0,0
50159,1,1,0,0,0,0,0,0,0,0,0,0
50159,2,1,0,0,0,0,11,0,0,0,0,0
50160,1,1,28,28,28,28,28,28,28,28,28,28
50160,2,1,19,19,19,19,19,19,19,19,19,19
50161,1,1,0,0,0,2,0,0,0,0,0,0
50161,2,1,0,0,0,0,0,0,0,0,0,0
50162,1,1,0,0,0,0,0,0,0,0,0,0
50162,2,1,0,0,0,0,0,0,0,0,0,0
50163,1,1,2,2,2,2,2,2,2,2,2,2
50164,1,1,0,0,0,0,0,0,0,0,0,0
50164,2,1,0,0,0,0,19,0,0,0,0,0
50164,3,1,0,0,0,0,0,0,0,0,0,0
50165,1,1,15,11,10,0,15,0,0,0,0,0
50165,2,1,0,0,0,0,0,0,0,0,0,0
50166,1,1,20,20,20,20,20,20,20,20,20,20
50166,2,1,0,0,0,0,0,0,0,0,0,0
50167,1,1,0,18,0,17,0,0,0,0,0,0
50168,0,1,13,13,13,13,13,13,13,13,13,13
50168,1,1,0,0,0,0,0,0,12,0,25,0
50169,1,1,14,14,14,14,14,14,14,14,14,14
50170,1,1,7,7,7,7,7,7,7,7,7,7
50170,2,1,12,14,0,0,10,0,9,13,0,0
50170,3,1,4,13,0,0,0,0,0,3,11,5
50172,1,1,0,0,0,0,0,0,0,0,0,0
50173,1,1,0,0,0,0,0,25,14,28,0,0
50173,2,1,0,0,0,0,0,0,0,0,0,0
50174,1,1,0,0,0,0,0,0,24,0,0,0
50175,1,1,0,0,0,0,0,0,0,0,0,0
50175,2,1,0,0,0,0,0,0,0,0,0,0
50175,3,1,0,0,0,0,0,0,0,0,0,0
50176,1,1,1,1,1,1,1,1,1,1,1,1
50177,1,1,1,1,1,1,1,1,1,1,1,1
50177,2,1,0,0,0,0,0,0,0,0,0,0
50178,1,1,26,26,26,26,26,26,26,26,26,26
50179,1,1,23,23,23,23,23,23,23,23,23,23
50180,1,1,0,0,0,10,0,0,0,0,0,32
50181,1,1,19,19,19,19,19,19,19,19,19,19
50182,1,1,16,16,16,16,16,16,16,16,16,16
50183,1,1,24,24,24,24,24,24,24,24,24,24