ST_CASE,VEH_NO,PER_NO,P1,P2,P3,P4,P5,P6,P7,P8,P9,P10
50184,1,1,20,20,20,20,20,20,20,20,20,20
50185,1,1,0,0,0,0,0,0,0,0,0,0
50185,2,1,0,0,0,0,0,0,0,0,0,0
50186,1,1,0,0,0,0,0,0,0,0,0,0
50186,2,1,0,2,0,0,0,0,0,0,0,0
50187,1,1,0,18,22,0,0,0,21,0,0,0
50188,0,1,0,0,0,0,0,0,0,0,0,0
50188,1,1,0,0,0,0,0,0,0,20,0,15
50189,1,1,0,0,28,0,0,0,0,0,0,0
50189,2,1,0,0,0,0,0,0,0,0,0,0
50190,1,1,0,0,0,0,0,0,0,0,0,0
50191,1,1,0,0,0,0,0,0,0,0,0,0
50191,2,1,2,2,2,2,2,2,2,2,2,2
50192,0,1,0,0,0,0,0,0,0,0,0,0
50192,1,1,0,0,0,0,0,0,0,0,0,0
50193,1,1,0,0,0,0,0,0,0,0,0,0
50193,2,1,0,0,0,0,0,0,0,0,0,0
50194,1,1,0,0,0,0,0,0,0,0,0,0
50195,1,1,16,16,16,16,16,16,16,16,16,16
50196,1,1,0,0,0,0,0,23,0,0,17,0
50197,1,1,0,0,25,0,0,0,0,0,0,0
50197,2,1,0,0,0,0,0,0,0,0,0,0
50198,1,1,0,0,0,0,0,0,0,0,0,0
50198,2,1,0,0,0,0,0,0,0,0,0,0
50198,3,1,0,0,0,0,0,0,0,0,0,0
50199,1,1,0,0,0,0,0,0,0,0,0,0
50199,2,1,14,14,14,14,14,14,14,14,14,14
50200,1,1,0,0,0,0,0,0,0,0,0,0
50201,1,1,0,0,0,0,0,0,0,0,0,0
50202,1,1,25,25,25,25,25,25,25,25,25,25
50202,2,1,0,0,0,0,0,0,0,0,0,0
50203,1,1,0,0,0,0,0,0,0,0,0,0
50203,2,1,0,0,0,0,0,0,0,0,0,0
50204,1,1,0,0,0,0,0,0,0,0,0,0
50204,2,1,0,0,0,0,0,0,0,0,0,0
50205,1,1,0,18,0,21,0,0,0,45,0,0
50206,1,1,0,0,0,0,0,0,0,0,0,0
50206,2,1,0,0,0,0,0,0,0,0,0,0
50207,1,1,7,7,7,7,7,7,7,7,7,7
50208,1,1,0,0,0,0,0,0,0,0,0,0
50209,1,1,0,0,0,0,0,0,0,0,0,0
50209,2,1,0,0,0,0,0,0,0,0,0,0
50209,3,1,0,0,0,0,0,0,0,0,0,0
50209,4,1,0,0,0,0,0,0,0,0,0,0
50210,1,1,0,0,0,0,0,0,0,0,0,0
50211,1,1,0,0,0,0,0,0,0,0,0,0
50211,2,1,0,0,0,0,0,0,0,0,0,0
50212,0,1,16,16,16,16,16,16,16,16,16,16
50212,1,1,0,0,2,0,0,0,0,0,0,0
50213,1,1,0,0,0,0,0,0,0,0,0,0
50213,2,1,0,0,0,0,0,0,0,0,0,0
50214,1,1,0,0,0,0,0,0,0,7,0,0
50214,2,1,13,13,13,13,13,13,13,13,13,13
50215,1,1,7,0,15,16,29,8,0,12,11,19
50216,1,1,0,0,0,0,0,0,0,0,0,0
50216,2,1,0,0,0,0,0,0,0,0,0,0
50217,1,1,0,0,0,0,0,0,0,0,0,0
50217,2,1,0,0,0,0,0,0,0,0,0,0
50218,1,1,27,27,27,27,27,27,27,27,27,27
50218,2,1,0,0,0,0,0,0,0,0,0,0
50219,1,1,0,0,0,0,0,0,0,0,0,0
50220,1,1,9,9,9,9,9,9,9,9,9,9
50220,2,1,0,18,24,26,15,19,8,10,0,0
50221,1,1,0,0,0,0,0,0,0,0,0,0
50222,1,1,1,1,1,1,1,1,1,1,1,1
50222,2,1,16,10,15,16,8,15,9,16,9,17
50223,1,1,20,20,20,20,20,20,20,20,20,20
50224,0,1,0,0,0,0,0,0,0,0,0,0
50224,1,1,0,0,0,0,0,0,0,0,10,0
50225,1,1,0,0,0,0,0,0,0,0,0,0
50226,1,1,0,0,0,0,0,0,0,0,0,0
50226,2,1,0,0,0,0,0,0,0,0,0,0
50226,3,1,0,0,0,0,0,0,0,0,0,0
50227,1,1,0,0,0,0,0,0,0,0,0,0
50227,2,1,0,0,0,0,0,0,0,0,0,0
50228,1,1,34,0,0,20,0,0,0,0,0,0
50229,1,1,0,0,0,0,0,0,15,0,0,0
50229,2,1,0,0,0,0,0,0,0,0,0,0
50230,1,1,0,0,0,0,0,0,0,0,0,0
50231,1,1,0,0,0,0,0,0,0,0,0,0
50232,1,1,11,11,11,11,11,11,11,11,11,11
50233,1,1,0,0,0,0,0,21,0,10,0,0
50233,2,1,0,0,0,0,0,0,0,0,0,0
50234,1,1,0,0,0,0,0,0,0,0,4,0
50234,2,1,0,0,0,0,0,0,0,0,0,0
50234,3,1,0,0,0,0,0,0,10,0,0,0
50235,1,1,0,0,0,0,0,0,0,0,0,0
50236,1,1,0,0,0,0,0,0,0,0,0,0
50236,2,1,0,0,0,0,0,0,0,0,0,0
50237,1,1,0,0,0,0,19,0,0,0,0,0
50237,2,1,0,0,0,0,0,0,0,0,0,0
50238,1,1,0,0,0,0,0,0,0,0,0,0
50239,0,1,30,30,30,30,30,30,30,30,30,30
50239,1,1,0,0,0,0,0,0,0,0,0,0
50241,1,1,0,0,0,0,0,0,0,0,0,0
50242,1,1,0,0,0,0,0,0,0,0,22,0
50242,2,1,0,0,0,0,0,0,0,0,0,0
50243,1,1,8,8,8,8,8,8,8,8,8,8
50244,1,1,12,0,0,0,0,0,0,0,0,0
50245,1,1,0,0,0,0,0,0,0,0,0,0
50246,1,1,0,0,0,0,0,0,0,0,0,0
50246,2,1,16,16,16,16,16,16,16,16,16,16
50247,1,1,0,0,0,0,0,0,0,0,0,0
50247,2,1,0,0,13,0,0,0,0,0,0,0
50248,0,1,22,22,22,22,22,22,22,22,22,22
50248,1,1,0,0,0,0,0,0,0,0,0,0
50249,1,1,0,0,0,0,0,0,0,0,0,0
50249,2,1,0,0,0,0,0,0,0,16,4,0
50250,1,1,0,0,0,0,0,0,0,0,0,0
50250,2,1,0,0,0,0,0,0,0,0,0,0
50251,1,1,0,0,0,0,0,0,0,0,0,0
50251,2,1,16,16,16,16,16,16,16,16,16,16
50252,1,1,18,18,18,18,18,18,18,18,18,18
50253,1,1,17,17,17,17,17,17,17,17,17,17
50254,1,1,0,0,24,0,0,0,0,0,0,0
50255,1,1,24,13,0,0,13,6,10,0,0,0
50256,0,1,0,0,0,0,0,0,0,14,0,0
50256,1,1,12,0,0,0,0,0,0,0,15,0
50257,1,1,0,0,0,0,0,0,0,0,0,0
50257,2,1,0,0,0,0,0,0,0,0,0,0
50258,1,1,0,0,0,0,0,0,0,0,0,3
50258,2,1,0,0,0,0,0,0,0,0,0,0
50259,1,1,0,0,0,0,0,0,0,0,0,0
50259,2,1,0,0,0,0,0,0,0,0,0,0
50260,1,1,0,0,0,0,0,0,0,0,0,0
50261,1,1,0,0,0,0,0,0,0,0,0,0
50261,2,1,0,0,0,0,0,0,0,0,0,0
50262,1,1,16,35,15,22,0,27,16,28,22,9
50263,1,1,25,25,25,25,25,25,25,25,25,25
50263,2,1,0,0,0,0,0,0,0,0,0,0
50264,1,1,0,0,0,0,0,0,0,0,0,0
50264,2,1,0,0,0,0,22,0,0,0,0,0
50265,1,1,0,0,0,0,0,0,0,0,0,0
50266,1,1,21,21,21,21,21,21,21,21,21,21
50268,1,1,22,22,22,22,22,22,22,22,22,22
50269,1,1,0,0,0,0,0,0,0,0,0,0
50269,2,1,0,0,0,0,0,0,0,0,0,0
50270,1,1,0,0,0,0,0,0,0,0,0,0
50270,2,1,0,0,0,0,0,5,0,0,0,0
50271,1,1,0,0,0,0,0,0,0,0,0,0
50272,1,1,31,31,31,31,31,31,31,31,31,31
50273,1,1,0,0,0,0,0,0,0,0,0,0
50273,2,1,16,16,16,16,16,16,16,16,16,16
50274,1,1,0,0,0,0,0,0,0,0,0,0
50274,2,1,0,0,0,0,0,0,0,0,0,0
50275,1,1,0,0,0,0,0,0,0,0,0,0
50275,2,1,0,0,0,0,0,0,0,0,0,0
50276,1,1,0,0,0,0,0,0,0,0,0,0
50277,1,1,0,0,0,0,0,0,0,0,0,0
50277,2,1,0,0,0,0,0,0,0,0,0,0
50278,1,1,0,0,0,0,0,0,0,0,0,0
50279,1,1,0,0,0,18,0,0,0,0,0,0
50279,2,1,0,0,0,0,0,0,0,0,0,0
50280,1,1,10,10,10,10,10,10,10,10,10,10
50280,2,1,9,9,9,9,9,9,9,9,9,9
50282,1,1,0,0,0,0,0,0,0,0,0,0
50282,2,1,10,10,10,10,10,10,10,10,10,10
50283,1,1,0,0,0,0,0,0,0,0,0,0
50283,2,1,0,0,0,0,0,0,0,0,0,0
50284,1,1,16,16,16,16,16,16,16,16,16,16
50285,1,1,0,0,0,0,0,0,0,0,0,0
50285,2,1,0,23,0,0,0,0,0,0,0,0
50286,1,1,0,0,0,0,0,0,0,0,0,0
50287,1,1,0,0,0,0,0,0,0,0,0,0
50288,0,1,0,0,0,0,0,0,0,0,0,0
50288,1,1,0,0,0,0,0,0,0,0,0,0
50289,1,1,0,0,0,0,0,0,0,0,0,0
50289,2,1,8,10,14,18,15,25,6,31,0,24
50290,1,1,0,0,0,0,0,0,0,0,0,0
50290,2,1,0,0,0,0,0,0,0,0,0,0
50291,1,1,0,0,0,0,0,0,0,0,0,0
50291,2,1,0,0,0,0,0,0,0,0,0,0
50292,1,1,11,11,11,11,11,11,11,11,11,11
50293,1,1,0,0,0,0,0,0,0,0,0,0
50294,0,1,0,0,0,0,0,0,0,0,0,0
50294,1,1,0,0,0,0,0,0,0,0,0,0
50295,1,1,0,0,0,0,0,0,0,0,0,0
50295,2,1,0,0,0,0,0,0,0,0,0,0
50296,1,1,0,0,0,0,0,0,0,0,0,0
50297,1,1,0,0,0,0,0,0,0,0,0,0
50297,2,1,0,0,0,0,0,0,0,0,0,0
50298,1,1,0,0,0,0,0,0,0,0,0,0
50299,1,1,29,29,29,29,29,29,29,29,29,29
50300,1,1,7,7,7,7,7,7,7,7,7,7
50300,2,1,0,0,0,0,0,0,0,0,0,0
50300,3,1,0,0,0,0,0,0,0,0,0,0
50301,1,1,0,0,0,0,0,0,0,0,0,0
50301,2,1,0,0,0,0,0,0,0,0,0,0
50302,1,1,0,0,0,0,0,0,0,0,0,0
50303,0,1,7,12,30,13,0,15,11,24,19,9
50303,1,1,31,31,31,31,31,31,31,31,31,31
50304,1,1,0,0,0,0,0,0,0,25,3,0
50305,1,1,0,0,0,0,0,0,0,0,0,0
50305,2,1,0,0,0,0,0,0,0,0,0,0
50306,0,1,22,22,22,22,22,22,22,22,22,22
50306,1,1,0,0,0,0,0,0,0,0,0,0
50307,0,1,25,25,25,25,25,25,25,25,25,25
50307,1,1,0,0,0,0,0,0,0,0,0,0
50308,1,1,0,0,0,0,0,0,0,0,0,0
50309,1,1,0,0,0,0,0,0,0,0,0,0
50309,2,1,24,24,24,24,24,24,24,24,24,24
50310,1,1,0,0,0,0,0,0,0,0,0,0
50310,2,1,20,20,20,20,20,20,20,20,20,20
50311,1,1,0,0,0,0,0,0,0,0,0,0
50312,1,1,25,25,25,25,25,25,25,25,25,25
50313,0,1,0,0,0,0,0,0,0,0,0,0
50313,1,1,0,0,0,0,0,0,0,0,9,0
50314,1,1,0,0,0,0,0,0,0,0,0,0
50315,1,1,15,15,15,15,15,15,15,15,15,15
50315,2,1,0,0,0,0,0,0,0,0,0,0
50316,1,1,21,21,21,21,21,21,21,21,21,21
50316,2,1,0,0,0,0,0,0,0,0,0,0
50317,1,1,21,21,21,21,21,21,21,21,21,21
50317,2,1,0,0,0,0,0,0,0,0,0,0
50318,1,1,12,12,12,12,12,12,12,12,12,12
50319,1,1,20,20,20,20,20,20,20,20,20,20
50319,2,1,0,0,0,0,0,0,0,0,0,0
50319,3,1,0,0,0,0,0,0,0,0,0,0
50319,4,1,0,0,0,0,0,0,0,0,0,0
50319,5,1,0,0,0,0,0,0,0,0,0,0
50319,6,1,0,0,0,0,0,0,0,0,0,0
50320,1,1,6,6,6,6,6,6,6,6,6,6
50321,1,1,0,0,0,0,0,0,0,0,0,0
50321,2,1,0,0,0,0,0,0,0,0,0,0
50322,1,1,0,0,0,0,0,0,0,0,0,0
50322,2,1,0,0,0,0,0,0,0,0,0,0
50323,1,1,0,0,0,0,0,0,0,0,0,0
50324,1,1,0,0,0,0,0,0,0,0,0,0
50324,2,1,0,0,0,0,0,0,0,0,0,0
50325,1,1,14,14,14,14,14,14,14,14,14,14
50326,1,1,20,20,20,20,20,20,20,20,20,20
50327,1,1,0,0,0,0,0,0,0,0,0,0
50327,2,1,0,0,0,0,0,0,0,0,0,0
50327,3,1,0,6,0,0,12,0,0,0,0,0
50328,1,1,18,18,18,18,18,18,18,18,18,18
50329,1,1,0,0,0,0,0,0,0,0,0,0
50331,1,1,0,0,0,0,0,0,0,0,0,0
50331,2,1,0,0,0,0,0,0,0,0,0,0
50332,1,1,0,0,0,0,0,0,0,0,0,0
50332,2,1,0,0,0,0,0,0,0,0,0,0
50333,1,1,13,10,0,13,19,10,0,0,0,0
50333,2,1,0,0,0,0,0,0,8,0,0,0
50334,1,1,0,0,0,0,0,0,0,0,0,0
50335,0,1,31,0,12,0,6,28,32,17,0,0
50335,1,1,0,0,0,0,0,0,0,0,0,0
50336,1,1,0,0,0,0,0,0,0,0,0,0
50337,1,1,0,0,0,0,0,0,0,0,0,0
50338,1,1,22,22,22,22,22,22,22,22,22,22
50339,1,1,7,7,7,7,7,7,7,7,7,7
50340,1,1,23,23,23,23,23,23,23,23,23,23
50340,2,1,8,8,8,8,8,8,8,8,8,8
50340,3,1,10,10,10,10,10,10,10,10,10,10
50341,0,1,32,0,28,17,0,5,0,0,0,0
50341,0,2,0,44,0,18,0,0,0,0,0,0
50341,1,1,0,0,0,0,0,0,0,0,0,0
50341,2,1,0,33,0,0,0,0,0,0,0,0
50342,1,1,0,0,0,0,0,0,0,0,0,0
50342,2,1,0,0,0,0,0,0,0,0,0,0
50342,3,1,0,0,0,0,0,0,0,0,0,0
50342,4,1,0,0,0,0,0,0,0,0,0,0
50342,5,1,0,0,0,0,0,0,0,0,0,0
50343,1,1,13,13,13,13,13,13,13,13,13,13
50344,1,1,8,8,8,8,8,8,8,8,8,8
50344,2,1,0,0,0,0,0,0,0,0,0,0
50345,1,1,0,0,0,0,0,0,0,0,0,0
50346,1,1,27,27,27,27,27,27,27,27,27,27
50347,1,1,14,0,15,0,33,0,19,0,24,0
50347,2,1,0,0,0,0,0,0,0,0,0,0
50348,1,1,20,20,20,20,20,20,20,20,20,20
50348,2,1,5,5,5,5,5,5,5,5,5,5
50349,1,1,0,0,0,0,0,0,0,0,0,0
50349,2,1,0,0,0,0,0,0,0,0,0,0
50350,0,1,0,0,0,0,0,0,0,0,0,0
50350,1,1,2,7,11,7,14,12,14,0,19,14
50351,1,1,0,0,12,0,0,0,0,0,0,0
50351,2,1,0,0,0,0,0,0,0,0,0,0
50352,1,1,29,19,0,0,0,0,0,0,0,30
50353,1,1,0,0,0,0,0,0,0,0,0,0
50353,2,1,0,0,0,0,0,0,0,0,0,0
50353,3,1,0,0,0,0,0,0,0,0,0,0
50354,0,1,27,27,27,27,27,27,27,27,27,27
50354,0,2,0,26,0,5,16,0,0,0,0,15
50354,1,1,21,0,0,0,5,30,7,1,0,0
50355,1,1,0,0,0,0,0,0,0,0,0,0
50356,1,1,0,0,8,0,0,0,15,0,0,0
50357,1,1,0,0,0,0,0,0,0,0,0,0
50357,2,1,0,0,0,0,0,0,0,0,0,0
50358,1,1,0,0,0,0,0,0,0,0,0,0
50358,2,1,0,0,0,0,0,0,0,0,0,0
50359,1,1,0,0,0,0,0,0,0,0,0,0
50360,1,1,0,0,0,0,0,0,0,0,0,0
50360,2,1,0,0,0,0,0,0,0,0,0,0
50361,1,1,12,12,12,12,12,12,12,12,12,12
50362,1,1,3,3,3,3,3,3,3,3,3,3
50362,2,1,0,0,0,0,0,0,0,16,0,0
50363,1,1,0,0,0,0,0,0,0,0,0,0
50363,2,1,0,0,0,0,0,0,0,0,0,0
50364,0,1,0,0,22,0,0,0,44,0,0,0
50364,1,1,0,0,0,0,0,0,0,0,5,0
50365,0,1,0,0,0,0,0,0,0,0,0,0
50365,1,1,0,0,0,0,0,0,0,0,0,0
50366,1,1,0,0,0,0,0,0,0,0,0,0
50367,1,1,0,0,0,0,0,0,0,0,0,0
50367,2,1,0,0,0,0,0,0,0,0,0,12
50368,1,1,0,0,0,0,0,0,0,0,0,0
50368,2,1,0,0,0,0,0,0,0,0,0,0
50369,1,1,4,4,4,4,4,4,4,4,4,4
50370,1,1,0,0,0,0,0,0,0,0,0,0
50370,2,1,0,0,0,0,0,0,0,0,0,0
50371,1,1,0,0,0,0,0,0,0,0,0,0
50372,1,1,0,0,10,0,5,0,0,0,21,21
50372,2,1,0,0,0,0,0,0,0,0,0,0
50372,3,1,0,0,0,0,0,0,0,0,0,0
50372,4,1,0,0,0,0,0,0,0,0,0,0
50373,0,1,0,0,0,0,13,0,21,24,0,0
50373,0,2,16,6,0,0,0,0,0,0,0,0
50373,1,1,0,0,0,0,0,0,0,0,0,0
50374,1,1,0,0,0,0,0,0,0,13,0,19
50375,1,1,0,0,0,0,0,0,0,0,0,0
50375,2,1,0,0,0,0,0,0,0,0,0,0
50376,1,1,0,0,0,0,0,0,0,0,0,0
50377,1,1,0,0,0,0,0,0,0,0,0,0
50377,2,1,0,0,0,0,0,0,0,0,0,0
50378,1,1,16,16,16,16,16,16,16,16,16,16
50378,2,1,0,0,0,0,0,0,0,0,0,0
50380,1,1,0,23,0,11,4,7,11,15,3,11
50380,2,1,0,0,0,0,0,4,0,0,0,0
50381,1,1,7,10,16,12,7,27,0,0,8,18
50382,1,1,0,0,0,0,0,0,0,0,0,0
50382,2,1,0,0,0,0,0,0,0,0,0,0
50383,1,1,0,0,0,0,0,0,0,0,23,0
50383,2,1,0,0,0,0,0,0,0,0,0,0
50384,1,1,0,0,0,0,0,0,0,0,0,0
50384,2,1,0,0,0,0,0,0,0,0,0,0
50385,0,1,0,0,0,0,0,19,0,0,0,0
50385,1,1,0,0,0,0,0,0,0,0,0,0
50386,1,1,9,9,9,9,9,9,9,9,9,9
50387,1,1,43,43,43,43,43,43,43,43,43,43
50388,1,1,8,0,0,0,0,0,0,0,0,0
50388,2,1,0,0,0,0,0,0,0,0,0,0
50389,1,1,0,0,0,0,0,0,0,0,0,0
50389,2,1,0,9,0,0,8,13,0,0,0,0
50390,1,1,0,0,0,0,0,0,0,0,0,0
50391,1,1,0,0,0,0,0,0,0,0,0,0
50392,1,1,0,0,0,0,0,0,0,0,0,0
50392,2,1,0,0,0,0,0,0,0,0,0,0
50393,1,1,16,16,16,16,16,16,16,16,16,16
50394,1,1,20,15,10,6,13,24,10,11,18,8
50394,2,1,0,0,0,0,0,0,0,0,0,0
50395,1,1,0,0,0,0,0,0,0,0,0,0
50396,1,1,0,0,0,0,0,0,0,0,0,0
50397,1,1,0,0,0,0,0,0,0,0,0,0
50398,1,1,0,0,0,0,0,0,0,0,0,0
50398,2,1,0,0,0,0,0,0,0,0,0,0
50399,0,1,0,0,0,0,0,23,0,0,0,0
50399,1,1,0,0,0,0,27,0,0,0,0,0
50400,1,1,19,19,19,19,19,19,19,19,19,19
50401,1,1,0,0,0,0,0,0,0,0,0,0
50402,1,1,0,0,0,0,0,0,0,0,0,0
50403,0,1,0,0,0,0,0,0,0,0,0,0
50403,1,1,0,0,0,0,0,0,0,0,0,0
50404,1,1,11,11,11,11,11,11,11,11,11,11
50405,1,1,3,3,3,3,3,3,3,3,3,3
50405,2,1,11,11,11,11,11,11,11,11,11,11
50406,1,1,0,0,0,0,0,0,0,0,0,0
50407,1,1,0,0,0,0,0,0,0,0,0,0
50408,1,1,0,0,0,0,0,0,0,0,0,0
50409,1,1,0,0,0,0,0,0,0,0,0,0
50409,2,1,0,0,0,0,0,0,0,0,0,0
50410,1,1,0,0,0,0,0,0,0,0,0,0
50411,1,1,0,0,0,0,0,0,0,0,0,0
50411,2,1,0,19,0,0,0,0,0,0,0,0
50412,1,1,0,0,0,0,0,0,0,0,0,0
50413,1,1,18,0,0,0,0,0,0,0,14,13
50414,1,1,0,12,0,0,0,0,0,10,0,0
50415,0,1,32,32,32,32,32,32,32,32,32,32
50415,1,1,0,0,0,0,0,0,0,0,0,0
50416,1,1,12,12,12,12,12,12,12,12,12,12
50417,1,1,0,0,0,0,0,0,0,0,0,0
50418,1,1,0,0,0,0,0,0,0,0,0,0
50418,2,1,1,1,1,1,1,1,1,1,1,1
50419,1,1,26,26,26,26,26,26,26,26,26,26
50420,1,1,35,35,35,35,35,35,35,35,35,35
50421,1,1,0,0,0,0,0,0,0,0,0,0
50421,2,1,0,0,0,0,0,0,0,0,0,0
50422,1,1,0,0,0,0,0,0,0,0,0,0
50422,2,1,0,0,0,0,0,0,0,0,0,0
50422,3,1,0,0,0,0,0,0,0,0,0,0
50423,0,1,0,0,0,0,17,0,0,0,0,0
50423,1,1,0,0,0,0,0,0,0,0,0,0
50424,1,1,0,0,0,0,0,0,0,0,0,0
50425,1,1,0,0,0,0,0,0,0,0,0,0
50426,1,1,0,0,0,0,0,0,0,0,0,0
50427,1,1,0,0,0,0,0,0,0,0,0,0
50427,2,1,0,0,5,8,0,0,0,0,0,0
50428,1,1,0,0,0,0,0,0,0,0,0,0
50428,2,1,0,0,0,0,0,0,0,0,0,0
50429,0,1,19,19,19,19,19,19,19,19,19,19
50429,1,1,0,0,0,0,0,0,0,0,0,0
50430,1,1,0,0,0,0,0,0,19,0,0,0
50430,2,1,0,0,0,0,0,0,0,0,0,0
50431,1,1,0,0,0,0,0,0,0,0,0,0
50431,2,1,0,0,0,0,0,0,0,0,0,0
50431,3,1,0,0,0,0,0,0,0,0,0,0
50432,1,1,19,19,19,19,19,19,19,19,19,19
50433,1,1,0,0,0,0,0,0,0,0,0,0
50433,2,1,0,0,0,0,0,0,0,0,0,0
50434,1,1,0,0,0,0,0,0,0,0,0,0
50434,2,1,0,0,0,0,0,0,0,0,0,0
50435,1,1,22,11,21,20,20,16,20,14,25,23
50436,1,1,0,0,0,0,0,0,0,0,0,0
50436,2,1,0,0,0,0,0,0,0,0,0,0
50437,1,1,18,18,18,18,18,18,18,18,18,18
50438,0,1,0,0,16,15,26,0,33,38,0,38
50438,1,1,3,3,3,3,3,3,3,3,3,3
50439,1,1,22,22,22,22,22,22,22,22,22,22
50440,0,1,0,0,0,0,0,0,0,0,0,0
50440,1,1,0,0,0,0,0,0,0,0,0,0
50440,2,1,0,0,0,0,0,0,0,0,0,0
50441,1,1,0,0,0,0,18,0,6,33,0,0
50442,1,1,21,21,21,21,21,21,21,21,21,21
50443,1,1,0,0,0,0,0,0,0,0,0,0
50443,2,1,0,0,0,0,0,0,0,0,0,0
50443,3,1,0,0,0,0,0,0,0,0,11,0
50444,1,1,20,20,20,20,20,20,20,20,20,20
50445,1,1,0,0,0,0,0,0,0,0,0,0
50446,1,1,14,14,14,14,14,14,14,14,14,14
50447,1,1,21,21,21,21,21,21,21,21,21,21
50447,2,1,5,0,0,0,0,0,0,0,0,0
50448,1,1,26,26,26,26,26,26,26,26,26,26
50449,1,1,15,15,15,15,15,15,15,15,15,15
50450,1,1,0,0,0,0,0,0,0,0,0,0
50450,2,1,0,0,0,0,0,0,0,0,0,0
50451,0,1,0,0,0,0,0,0,0,40,0,0
50451,1,1,18,18,18,18,18,18,18,18,18,18
50452,0,1,0,0,0,0,0,0,0,0,0,0
50452,1,1,0,0,0,0,0,0,0,0,0,0
50453,0,1,0,0,0,0,0,0,0,0,0,0
50453,1,1,0,0,0,0,0,0,0,0,0,0
50454,1,1,0,0,0,0,0,0,0,0,0,0
50455,1,1,0,0,0,0,0,0,0,0,0,0
50455,2,1,0,0,0,0,0,0,0,0,0,0
50456,1,1,0,0,0,0,0,0,0,0,0,0
50456,2,1,0,0,0,0,0,0,0,0,0,0
50456,3,1,0,0,0,0,0,0,0,0,0,3
50457,1,1,0,2,7,3,0,0,3,19,27,16
50458,1,1,0,0,0,0,0,0,0,0,0,0
50458,2,1,0,0,0,0,0,0,0,0,0,0
50459,1,1,0,0,0,0,0,0,0,0,0,0
50459,2,1,0,0,0,0,0,0,0,0,0,0
50460,1,1,0,29,19,10,25,15,35,11,0,9
50461,1,1,0,26,0,0,0,0,0,15,0,0
50462,1,1,0,0,0,0,0,0,0,0,0,0
50462,2,1,0,0,0,0,9,0,0,0,0,0
50463,1,1,5,5,5,5,5,5,5,5,5,5
50464,1,1,0,0,0,0,0,0,0,0,0,0
50465,1,1,10,14,0,0,12,25,13,18,12,27
50466,1,1,0,0,0,0,0,0,0,0,0,0
50466,2,1,0,0,0,0,0,0,0,0,0,0
50467,1,1,0,0,0,0,0,0,0,0,0,0
50467,2,1,0,0,0,0,0,0,0,0,0,0
50468,1,1,0,0,0,0,0,0,0,0,0,0
50468,2,1,0,0,0,0,0,0,0,0,0,0
50469,1,1,0,0,0,0,0,0,0,0,0,0
50470,1,1,0,0,0,0,0,0,0,0,0,0
50470,2,1,0,0,0,0,0,0,0,0,0,0
50470,3,1,0,0,0,0,0,0,0,0,0,0
50471,1,1,0,0,0,0,0,0,0,9,18,0
50472,1,1,0,0,0,0,0,0,0,0,0,0
50473,1,1,0,0,0,0,0,0,0,0,0,0
50473,2,1,0,0,0,0,0,0,0,0,0,0
50474,0,1,0,0,6,35,0,0,0,0,29,0
50474,1,1,0,0,0,0,0,0,0,0,0,0
50474,2,1,0,0,0,0,0,0,0,0,0,0
50474,3,1,0,0,0,0,0,0,0,0,0,0
50474,4,1,0,0,0,0,0,0,0,0,0,0
50474,5,1,0,0,0,0,0,0,0,0,0,0
50474,6,1,0,0,0,0,0,0,0,0,0,0
50475,0,1,0,0,0,0,0,0,0,0,0,0
50475,1,1,0,0,0,0,0,0,0,0,0,0
50476,1,1,0,0,0,0,0,0,0,0,0,0
50477,0,1,12,12,12,12,12,12,12,12,12,12
50477,1,1,0,0,0,0,0,0,0,0,0,0
50479,1,1,0,0,0,0,0,0,0,0,0,0
50479,2,1,0,0,0,0,0,0,0,0,0,0
50480,1,1,0,0,0,0,0,0,0,0,0,0
50481,1,1,21,21,21,21,21,21,21,21,21,21
50481,2,1,0,0,0,0,0,0,0,0,0,0
50482,1,1,0,0,0,0,0,0,0,0,0,0
50483,1,1,0,0,0,0,0,0,0,0,0,0
50483,2,1,0,0,0,0,0,0,0,0,0,0
50484,1,1,16,16,16,16,16,16,16,16,16,16
50485,1,1,0,0,0,0,20,0,0,0,0,0
50486,1,1,0,0,7,0,0,23,0,12,0,8
50487,1,1,0,0,0,0,0,0,0,0,0,0
50487,2,1,0,0,0,0,0,0,0,0,0,0
50488,1,1,11,4,6,3,12,28,0,26,18,4
50489,1,1,0,0,0,0,0,0,0,0,0,0
50489,2,1,0,0,0,0,0,0,0,0,0,0
50490,1,1,7,4,4,0,0,23,0,0,0,0
50491,1,1,0,26,0,0,0,0,0,0,0,0
50493,1,1,6,0,0,0,0,0,0,23,12,0
50494,1,1,0,0,0,0,0,0,0,0,0,0
50495,1,1,0,0,0,0,0,0,0,0,0,0
50496,1,1,0,0,0,0,0,0,0,0,0,0
50496,2,1,0,0,0,0,0,0,0,0,0,0
50497,1,1,0,0,0,0,0,0,0,0,0,0
50497,2,1,0,0,0,0,0,0,6,0,0,0
50498,1,1,10,20,25,8,20,0,0,14,6,5
50499,0,1,22,0,0,0,9,6,28,0,0,0
50499,1,1,0,0,17,0,0,0,0,0,0,0
50500,0,1,0,32,0,0,0,25,0,0,0,0
50500,1,1,0,0,0,0,0,0,0,0,0,0
50501,1,1,0,0,0,0,0,0,0,0,0,0
50501,2,1,0,0,0,0,10,0,0,0,0,0
50502,1,1,0,0,0,0,0,0,0,0,0,0
50503,1,1,0,0,0,0,0,0,0,0,0,0
50503,2,1,0,0,0,0,0,0,0,0,0,0
50504,1,1,0,0,0,0,0,0,0,0,0,0
50504,2,1,0,0,0,0,0,0,0,16,0,0
50505,1,1,0,0,0,0,0,0,0,0,0,0
80001,1,1,10,10,10,10,10,10,10,10,10,10
80002,0,1,0,0,0,0,0,0,0,0,0,0
80002,0,2,0,0,24,0,0,12,0,0,0,0
80002,0,3,0,0,0,0,0,0,0,0,0,0
80002,1,1,0,0,0,0,0,0,0,0,0,0
80003,1,1,0,0,0,0,0,0,0,0,0,0