ST_CASE,VEH_NO,PER_NO,P1,P2,P3,P4,P5,P6,P7,P8,P9,P10
80003,2,1,0,2,0,0,0,0,0,0,0,0
80003,3,1,0,23,0,0,0,0,0,0,0,0
80004,1,1,0,0,0,0,0,0,0,0,0,0
80004,2,1,0,0,11,0,0,13,0,0,0,0
80005,1,1,20,20,20,20,20,20,20,20,20,20
80005,2,1,0,0,0,0,0,7,0,0,0,0
80006,1,1,0,0,15,0,0,0,0,0,0,0
80006,2,1,0,0,0,0,0,0,0,0,0,0
80007,1,1,25,25,25,25,25,25,25,25,25,25
80008,0,1,0,16,11,0,20,0,3,15,0,20
80008,1,1,0,0,0,0,0,0,0,0,0,0
80008,2,1,0,0,0,0,0,0,0,0,0,0
80009,1,1,0,0,0,0,0,0,0,0,0,0
80010,1,1,25,25,25,25,25,25,25,25,25,25
80011,1,1,0,0,0,0,0,0,0,0,0,0
80012,1,1,0,0,0,0,0,0,0,0,0,0
80013,1,1,0,0,0,0,0,0,0,0,0,0
80013,2,1,0,0,1,0,0,0,0,0,0,0
80014,1,1,0,0,0,0,0,0,0,0,0,0
80015,1,1,0,0,0,0,0,0,0,0,0,0
80016,1,1,0,0,0,0,0,0,0,0,0,0
80016,2,1,0,0,0,0,0,0,0,0,0,0
80017,1,1,0,0,0,0,0,0,0,0,0,0
80017,2,1,0,0,0,0,0,0,0,0,0,0
80018,1,1,40,40,40,40,40,40,40,40,40,40
80019,0,1,0,0,0,0,0,0,0,0,0,0
80019,1,1,0,0,0,0,0,0,0,0,0,0
80020,1,1,0,0,0,0,0,0,0,0,0,0
80021,0,1,0,0,0,0,0,0,0,0,0,0
80021,1,1,0,0,0,0,0,0,0,0,0,0
80022,0,1,0,0,0,0,0,0,0,0,0,0
80022,1,1,0,0,0,0,0,0,0,0,0,0
80023,1,1,0,0,0,0,0,0,0,0,0,0
80023,2,1,0,0,0,0,0,0,0,0,0,0
80024,1,1,0,0,0,0,0,0,0,0,0,0
80024,2,1,0,0,0,0,0,0,0,0,0,0
80025,1,1,20,20,20,20,20,20,20,20,20,20
80025,2,1,0,0,0,0,0,0,0,0,0,0
80026,0,1,23,23,23,23,23,23,23,23,23,23
80026,1,1,0,0,0,0,0,0,0,0,0,0
80027,1,1,0,0,0,0,0,0,0,0,0,0
80029,1,1,0,0,0,0,0,0,0,0,0,0
80030,1,1,0,0,0,0,0,0,0,0,0,17
80030,2,1,0,0,0,0,0,0,0,0,0,0
80031,1,1,16,16,16,16,16,16,16,16,16,16
80032,1,1,20,20,20,20,20,20,20,20,20,20
80033,1,1,28,28,28,28,28,28,28,28,28,28
80034,1,1,0,0,0,0,0,0,0,0,0,0
80034,2,1,0,0,11,0,0,17,0,0,0,0
80034,3,1,0,0,0,0,0,0,0,0,0,0
80035,1,1,0,0,0,0,0,0,0,0,0,0
80035,2,1,0,0,0,0,0,0,0,0,0,0
80035,3,1,0,0,0,0,0,0,0,0,0,0
80036,1,1,0,0,0,0,0,0,0,0,0,0
80036,2,1,0,0,0,0,0,0,0,0,0,0
80037,1,1,0,0,0,0,0,0,0,0,0,0
80037,2,1,0,0,0,0,0,0,0,0,0,0
80038,1,1,0,0,0,0,0,0,0,0,6,0
80039,1,1,0,0,0,0,0,0,0,0,0,0
80040,0,1,0,0,0,0,0,0,0,0,0,0
80040,1,1,6,0,0,0,0,0,0,0,0,0
80041,1,1,0,0,0,0,0,0,0,0,0,0
80041,2,1,0,0,0,0,0,0,0,0,0,0
80042,1,1,0,0,0,0,0,0,0,0,0,0
80042,2,1,31,0,0,0,15,0,0,0,0,0
80043,0,1,27,27,27,27,27,27,27,27,27,27
80043,1,1,24,23,9,9,14,13,16,18,11,9
80044,1,1,0,0,0,13,0,0,0,0,0,0
80044,2,1,0,0,0,0,0,0,0,0,0,0
80044,3,1,0,0,0,0,0,0,0,0,0,0
80044,4,1,0,0,0,0,0,0,0,0,0,0
80045,1,1,0,0,0,0,0,0,0,0,0,0
80046,1,1,0,0,0,0,0,0,0,0,7,0
80046,2,1,0,0,0,0,0,0,0,0,0,0
80046,3,1,0,0,0,6,0,0,0,0,0,0
80047,0,1,0,0,0,0,0,0,29,0,0,0
80047,0,2,0,0,0,0,0,0,0,0,0,0
80047,0,3,0,0,0,0,0,0,0,0,0,0
80047,1,1,0,0,0,0,0,0,0,0,0,14
80048,1,1,13,13,13,13,13,13,13,13,13,13
80049,1,1,0,0,0,0,0,0,0,0,0,0
80050,1,1,0,0,0,0,0,20,0,0,0,0
80051,1,1,0,0,0,0,0,0,0,0,0,0
80051,2,1,0,0,11,0,0,0,0,0,0,0
80052,1,1,0,0,0,0,0,0,0,0,0,0
80053,0,1,31,31,31,31,31,31,31,31,31,31
80053,1,1,0,0,0,0,0,0,0,0,0,0
80054,1,1,53,53,53,53,53,53,53,53,53,53
80054,2,1,0,0,8,0,0,10,0,0,0,0
80055,1,1,0,0,0,0,0,0,0,0,0,0
80056,1,1,0,0,0,0,0,0,0,0,0,0
80057,1,1,0,0,0,0,0,0,0,0,0,0
80057,2,1,0,0,0,0,0,0,0,0,0,0
80057,3,1,0,0,0,0,0,0,0,0,0,0
80058,1,1,0,0,0,0,0,0,0,0,0,0
80059,1,1,0,0,0,0,0,0,0,0,0,0
80059,2,1,0,0,0,0,0,0,0,0,0,0
80060,1,1,0,0,0,0,0,0,0,0,0,0
80060,2,1,0,0,0,13,0,0,0,0,0,0
80060,3,1,0,0,0,0,0,0,0,18,0,0
80061,1,1,0,0,0,0,0,0,0,0,0,0
80061,2,1,18,0,0,0,0,0,0,0,0,0
80061,3,1,0,0,0,0,0,0,0,0,0,0
80062,1,1,0,0,0,0,0,0,0,0,0,0
80062,2,1,12,0,0,0,0,0,0,0,0,0
80063,1,1,0,0,0,0,0,0,0,0,0,0
80063,2,1,0,0,0,0,0,0,0,0,0,0
80064,1,1,17,17,17,17,17,17,17,17,17,17
80065,1,1,27,27,27,27,27,27,27,27,27,27
80066,0,1,26,26,26,26,26,26,26,26,26,26
80066,1,1,0,0,0,0,22,0,0,7,14,5
80067,1,1,18,18,18,18,18,18,18,18,18,18
80067,2,1,0,0,0,0,0,0,0,0,0,0
80068,1,1,0,0,0,0,0,0,0,0,0,0
80069,1,1,17,17,17,17,17,17,17,17,17,17
80070,1,1,16,16,16,16,16,16,16,16,16,16
80070,2,1,0,0,0,0,0,0,0,0,0,0
80071,1,1,18,18,18,18,18,18,18,18,18,18
80073,0,1,15,15,15,15,15,15,15,15,15,15
80073,1,1,0,0,0,0,0,0,0,0,0,0
80074,0,1,0,0,0,0,0,0,0,0,0,0
80074,1,1,0,0,0,0,0,0,0,0,0,0
80075,1,1,0,0,0,0,0,0,0,0,0,0
80076,1,1,21,21,21,21,21,21,21,21,21,21
80076,2,1,16,16,16,16,16,16,16,16,16,16
80076,3,1,0,0,0,0,0,0,0,0,0,0
80078,1,1,0,0,0,0,0,0,0,0,0,0
80079,1,1,33,33,33,33,33,33,33,33,33,33
80080,1,1,0,0,0,0,0,0,0,0,0,0
80080,2,1,0,0,0,0,0,0,0,0,0,0
80081,1,1,17,17,17,17,17,17,17,17,17,17
80081,2,1,0,0,0,0,0,0,0,0,0,0
80082,1,1,0,26,0,0,0,0,0,0,0,0
80082,2,1,0,0,0,0,0,0,0,0,0,0
80083,1,1,0,0,0,0,0,0,0,0,0,0
80083,2,1,0,0,0,0,0,0,0,0,0,0
80084,1,1,0,0,0,0,0,0,0,0,0,0
80084,2,1,0,0,0,0,0,0,0,0,0,0
80085,1,1,0,0,0,0,0,0,0,0,0,0
80085,2,1,1,1,1,1,1,1,1,1,1,1
80086,1,1,15,15,15,15,15,15,15,15,15,15
80087,1,1,0,0,0,0,0,0,0,0,0,0
80088,1,1,25,25,25,25,25,25,25,25,25,25
80088,2,1,0,0,0,0,0,0,0,0,0,0
80089,1,1,0,0,0,0,0,0,0,0,0,0
80089,2,1,10,0,0,0,9,0,0,0,0,0
80090,1,1,0,0,0,0,0,0,0,0,0,0
80091,1,1,0,0,0,0,0,0,0,0,0,0
80091,2,1,0,0,0,0,0,0,0,0,0,0
80092,1,1,0,3,0,14,0,13,19,9,0,0
80093,1,1,0,0,0,0,0,0,0,0,0,0
80093,2,1,0,0,0,0,0,0,0,0,0,0
80093,3,1,0,0,0,0,0,0,0,0,0,0
80094,1,1,0,0,0,0,0,0,0,0,0,0
80094,2,1,0,0,10,0,0,0,0,0,0,0
80095,0,1,0,0,0,0,0,0,0,0,0,0
80095,1,1,0,0,0,0,0,0,0,0,0,0
80096,1,1,0,0,0,0,0,0,0,0,0,0
80096,2,1,0,0,0,0,0,0,0,0,0,0
80097,1,1,1,1,1,1,1,1,1,1,1,1
80098,1,1,28,28,28,28,28,28,28,28,28,28
80099,0,1,16,16,16,16,16,16,16,16,16,16
80099,1,1,0,0,0,0,0,0,0,0,0,0
80100,0,1,13,13,13,13,13,13,13,13,13,13
80100,1,1,0,0,0,0,0,0,0,21,18,0
80101,0,1,0,0,0,0,0,0,0,0,0,0
80101,1,1,0,0,0,0,8,0,0,20,0,0
80102,0,1,0,0,0,0,0,0,0,0,0,0
80102,1,1,0,0,0,0,0,0,0,0,0,0
80103,1,1,18,18,18,18,18,18,18,18,18,18
80104,1,1,0,0,0,0,0,0,0,0,0,0
80105,1,1,0,0,0,0,0,0,0,0,0,0
80105,2,1,0,0,0,0,0,0,0,0,0,0
80106,0,1,26,26,26,26,26,26,26,26,26,26
80106,1,1,0,0,0,0,0,0,0,0,0,0
80107,1,1,0,0,0,0,0,0,0,0,0,0
80108,1,1,18,18,18,18,18,18,18,18,18,18
80109,1,1,2,2,2,2,2,2,2,2,2,2
80109,2,1,0,0,16,0,0,0,0,0,28,0
80110,1,1,4,4,4,4,4,4,4,4,4,4
80111,1,1,5,5,5,5,5,5,5,5,5,5
80112,1,1,0,0,0,0,0,0,0,0,0,0
80113,1,1,0,0,0,0,0,0,0,0,0,0
80113,2,1,0,0,0,0,0,0,0,0,0,0
80113,3,1,0,0,0,0,0,0,0,0,0,0
80113,4,1,25,0,0,0,0,0,0,0,0,0
80114,1,1,0,0,0,0,0,0,0,0,0,0
80114,2,1,0,0,0,0,0,0,0,0,0,0
80115,0,1,37,37,37,37,37,37,37,37,37,37
80115,1,1,0,0,0,17,0,10,6,0,10,0
80116,1,1,0,0,22,0,0,17,0,0,0,0
80116,2,1,0,0,21,0,0,0,0,0,0,0
80117,1,1,0,0,0,0,0,0,0,0,0,0
80118,1,1,19,19,19,19,19,19,19,19,19,19
80119,1,1,0,0,0,0,0,0,0,0,0,0
80120,1,1,0,0,0,0,0,0,0,0,0,0
80120,2,1,0,0,0,0,0,0,0,0,0,0
80120,3,1,0,0,0,0,11,0,0,0,17,0
80121,1,1,25,25,25,25,25,25,25,25,25,25
80121,2,1,21,21,21,21,21,21,21,21,21,21
80122,0,1,0,0,0,0,0,0,0,0,0,0
80122,1,1,19,19,19,19,19,19,19,19,19,19
80123,1,1,16,16,16,16,16,16,16,16,16,16
80124,1,1,0,0,0,0,0,0,0,0,0,0
80124,2,1,0,0,0,0,0,0,0,0,0,0
80125,1,1,11,11,11,11,11,11,11,11,11,11
80126,1,1,0,24,16,0,0,0,0,0,0,0
80126,2,1,0,0,0,0,0,0,0,0,0,0
80126,3,1,17,0,0,0,0,4,0,0,0,0
80126,4,1,0,0,0,0,0,0,0,0,0,0
80126,5,1,0,0,0,0,0,0,0,0,0,0
80127,1,1,3,3,3,3,3,3,3,3,3,3
80127,2,1,0,0,0,0,0,0,0,0,0,0
80128,1,1,0,0,0,0,0,0,0,0,0,0
80129,1,1,0,0,0,0,0,0,0,0,0,0
80129,2,1,1,1,1,1,1,1,1,1,1,1
80130,1,1,0,0,0,0,0,0,0,0,0,0
80130,2,1,0,0,0,0,0,0,0,0,0,0
80131,1,1,0,0,0,0,0,0,0,9,0,0
80132,1,1,5,5,5,5,5,5,5,5,5,5
80132,2,1,0,0,0,0,0,0,0,0,0,0
80133,0,1,0,0,0,0,0,0,0,0,0,0
80133,1,1,0,11,0,0,23,0,0,0,0,0
80134,1,1,0,0,0,0,0,0,0,0,0,0
80134,2,1,0,0,0,0,0,0,0,0,0,0
80134,3,1,0,0,0,0,0,0,0,0,0,0
80135,1,1,0,0,14,0,0,0,0,0,0,0
80136,1,1,0,0,0,0,0,0,0,0,0,0
80136,2,1,0,0,0,0,0,0,0,0,0,0
80137,0,1,0,0,0,0,0,0,0,0,0,0
80137,1,1,0,0,11,0,0,0,0,0,0,0
80138,1,1,0,0,0,0,0,0,0,0,0,0
80139,1,1,16,16,16,16,16,16,16,16,16,16
80140,1,1,0,0,0,0,0,0,0,0,0,0
80140,2,1,0,0,0,0,0,0,0,0,0,0
80141,1,1,0,0,0,0,0,0,0,0,0,0
80141,2,1,0,0,0,0,0,0,0,0,0,0
80142,1,1,0,0,0,0,0,0,0,0,0,0
80142,2,1,0,0,0,0,0,0,0,0,0,0
80143,0,1,0,0,0,0,0,0,0,0,0,0
80143,0,2,0,28,0,0,0,0,0,0,0,0
80143,1,1,0,0,0,0,0,0,0,0,0,0
80144,1,1,0,0,0,0,0,0,0,0,0,0
80144,2,1,0,0,0,0,0,0,0,0,0,0
80145,1,1,0,0,0,0,0,0,0,0,0,0
80146,1,1,0,0,0,0,0,0,0,0,0,0
80147,1,1,0,0,0,0,0,0,0,0,0,0
80148,1,1,0,0,0,0,0,0,0,0,0,0
80149,1,1,0,0,0,0,0,0,0,0,0,0
80149,2,1,0,0,0,0,0,0,0,0,0,0
80150,1,1,31,31,31,31,31,31,31,31,31,31
80151,1,1,14,14,14,14,14,14,14,14,14,14
80152,1,1,0,0,0,0,0,0,0,0,0,0
80152,2,1,0,0,0,0,0,0,0,0,0,0
80153,1,1,0,0,0,0,0,0,0,0,0,0
80153,2,1,0,0,0,0,0,0,0,15,0,0
80153,3,1,0,0,0,0,0,0,0,0,0,0
80154,1,1,0,0,0,0,0,0,0,0,0,0
80154,2,1,0,0,0,0,0,0,0,0,0,0
80155,1,1,0,0,0,0,0,0,0,0,0,0
80156,1,1,21,21,21,21,21,21,21,21,21,21
80157,1,1,0,0,0,0,9,0,0,9,0,0
80158,1,1,0,0,0,0,0,0,0,0,0,0
80158,2,1,0,0,0,0,0,0,0,0,0,0
80159,1,1,0,0,16,0,6,0,0,0,0,0
80160,1,1,0,0,0,0,0,0,0,0,0,0
80161,1,1,0,0,0,0,0,0,0,0,0,0
80161,2,1,0,0,21,0,0,0,0,0,13,0
80162,1,1,19,19,19,19,19,19,19,19,19,19
80163,1,1,0,0,0,0,0,0,0,0,0,0
80164,1,1,0,0,0,0,0,0,0,0,0,0
80164,2,1,0,0,0,0,0,0,0,0,0,0
80165,1,1,0,0,0,0,0,0,0,0,0,0
80165,2,1,0,0,0,0,0,0,0,0,0,0
80166,0,1,0,0,0,0,0,0,0,0,0,0
80166,2,1,0,0,0,0,0,0,0,0,0,0
80167,1,1,0,0,0,0,0,0,0,0,0,0
80167,2,1,0,0,0,0,0,0,0,0,0,0
80168,1,1,0,0,0,0,0,22,0,0,0,0
80169,1,1,0,0,0,0,0,23,0,0,0,0
80169,2,1,0,0,0,0,0,0,0,0,0,0
80170,1,1,0,0,0,0,0,0,0,0,0,0
80170,2,1,0,0,0,0,0,0,0,0,0,0
80171,1,1,0,0,0,0,0,0,0,0,0,0
80171,2,1,0,0,0,0,0,0,0,0,0,0
80171,3,1,0,0,0,0,0,0,0,0,0,0
80172,1,1,0,0,0,0,0,0,0,0,0,0
80172,2,1,0,0,0,0,0,0,0,0,0,0
80172,3,1,0,0,0,0,0,0,0,0,0,0
80172,4,1,0,0,0,0,0,0,0,0,0,0
80173,0,1,0,0,0,0,0,0,0,0,0,0
80173,0,2,0,0,0,0,0,0,0,0,0,0
80173,1,1,0,0,0,0,0,0,0,0,0,0
80174,0,1,0,0,0,0,0,0,0,0,0,0
80174,1,1,0,0,0,0,0,0,0,0,0,0
80174,2,1,0,0,0,0,0,0,0,0,0,0
80175,0,1,29,29,29,29,29,29,29,29,29,29
80175,1,1,0,0,0,13,0,0,0,0,0,0
80176,1,1,38,0,0,0,0,20,0,0,0,0
80177,0,1,2,2,2,2,2,2,2,2,2,2
80177,1,1,0,0,0,0,0,0,0,0,0,0
80178,1,1,32,32,32,32,32,32,32,32,32,32
80179,1,1,3,14,18,29,8,22,24,10,28,6
80179,2,1,0,0,0,0,0,29,0,0,0,0
80179,3,1,11,11,11,11,11,11,11,11,11,11
80180,0,1,8,8,8,8,8,8,8,8,8,8
80180,1,1,0,10,0,0,0,0,0,0,0,0
80181,1,1,14,14,14,14,14,14,14,14,14,14
80181,2,1,0,0,0,0,0,0,0,0,0,0
80182,1,1,12,0,12,0,15,4,4,0,0,22
80183,1,1,0,0,0,0,0,0,0,0,0,0
80184,1,1,14,14,14,14,14,14,14,14,14,14
80185,1,1,23,25,26,22,11,20,14,13,11,24
80185,2,1,0,0,0,0,0,0,0,0,0,0
80186,1,1,0,0,5,0,0,0,0,0,0,0
80187,1,1,0,0,0,0,0,0,0,0,0,0
80187,2,1,0,0,0,0,0,0,0,0,0,0
80188,1,1,0,8,0,21,0,0,0,9,0,0
80188,2,1,0,0,0,0,0,0,0,0,0,0
80189,1,1,0,0,0,0,0,0,0,0,0,0
80189,2,1,0,0,0,0,0,0,0,0,0,0
80190,1,1,0,0,0,0,0,0,0,0,0,0
80191,1,1,21,21,21,21,21,21,21,21,21,21
80192,1,1,0,0,0,0,0,0,0,0,0,0
80192,2,1,0,0,0,0,0,0,0,0,0,0
80193,1,1,0,0,0,0,0,0,0,0,0,0
80194,1,1,0,0,0,0,0,0,0,0,0,0
80195,1,1,0,0,0,0,0,0,0,0,0,0
80195,2,1,0,0,0,0,0,0,0,0,0,0
80196,1,1,0,0,0,0,0,0,0,0,0,0
80196,2,1,0,0,0,0,0,0,0,0,0,0
80197,1,1,0,0,0,0,0,0,0,0,0,0
80197,2,1,0,0,0,0,0,0,0,0,0,0
80197,3,1,0,11,0,0,0,0,0,13,0,0
80197,4,1,0,0,0,0,0,0,0,0,0,0
80197,5,1,0,30,0,0,0,0,0,0,0,0
80197,6,1,0,0,0,0,0,0,0,0,0,0
80197,7,1,0,0,0,0,0,0,0,0,0,0
80197,8,1,0,0,0,8,0,0,15,0,0,0
80198,1,1,0,0,0,0,0,0,0,0,0,0
80198,2,1,0,0,0,0,0,0,0,0,0,0
80199,1,1,0,0,0,0,0,0,0,0,0,0
80200,1,1,0,0,0,0,0,0,0,0,0,0
80200,2,1,0,0,0,0,0,0,0,0,0,0
80200,3,1,0,0,0,0,0,0,0,0,0,0
80201,1,1,18,18,18,18,18,18,18,18,18,18
80201,2,1,1,1,1,1,1,1,1,1,1,1
80202,1,1,11,11,11,11,11,11,11,11,11,11
80203,1,1,8,8,8,8,8,8,8,8,8,8
80203,2,1,2,2,2,2,2,2,2,2,2,2
80204,0,1,14,14,14,14,14,14,14,14,14,14
80204,1,1,0,4,0,0,0,10,0,10,0,0
80205,1,1,0,0,0,0,0,0,0,0,0,0
80206,1,1,6,6,6,6,6,6,6,6,6,6
80207,1,1,13,13,13,13,13,13,13,13,13,13
80207,2,1,0,0,0,0,0,16,0,0,0,0
80207,3,1,0,0,0,0,0,0,0,0,0,0
80208,1,1,0,0,0,0,0,0,0,0,0,0
80208,2,1,0,0,0,0,0,0,0,0,0,0
80209,1,1,16,16,16,16,16,16,16,16,16,16
80209,2,1,10,10,10,10,10,10,10,10,10,10
80210,0,1,0,0,0,0,0,0,0,0,0,0
80210,1,1,0,0,0,0,0,0,0,0,0,0
80211,1,1,21,21,21,21,21,21,21,21,21,21
80212,1,1,27,27,27,27,27,27,27,27,27,27
80212,2,1,0,0,0,5,0,15,0,7,0,0
80213,1,1,0,0,0,0,0,0,0,0,0,0
80214,1,1,21,27,23,21,19,8,27,14,8,14
80215,1,1,9,0,0,0,0,0,0,0,0,0
80216,0,1,0,0,0,0,0,0,0,0,0,0
80216,1,1,8,8,8,8,8,8,8,8,8,8
80217,1,1,0,0,0,0,0,0,0,0,0,32
80217,2,1,0,0,0,0,16,0,0,0,0,0
80218,1,1,0,0,0,0,0,0,0,0,0,0
80218,2,1,0,0,0,0,0,0,0,0,0,0
80219,1,1,0,0,0,0,0,0,0,0,0,0
80220,1,1,16,16,16,16,16,16,16,16,16,16
80221,1,1,27,0,0,0,0,13,0,0,0,0
80222,0,1,1,1,1,1,1,1,1,1,1,1
80222,1,1,0,0,0,0,0,0,0,0,0,0
80223,1,1,1,1,1,1,1,1,1,1,1,1
80224,0,1,0,0,0,0,0,0,0,0,0,0
80224,1,1,0,0,0,0,0,0,0,0,0,0
80226,1,1,0,0,0,0,0,0,0,0,0,0
80226,2,1,0,0,0,0,0,0,0,0,0,0
80227,1,1,0,0,0,0,0,0,0,0,0,0
80227,2,1,0,0,0,0,0,0,0,0,0,0
80228,0,1,0,0,0,0,0,0,0,0,0,0
80228,1,1,0,0,0,0,0,0,0,0,0,0
80228,2,1,0,0,0,0,0,0,0,0,0,0
80229,1,1,0,0,0,0,0,0,0,0,0,0
80229,2,1,0,0,0,0,0,0,0,0,0,0
80230,1,1,0,0,0,0,8,0,0,0,0,0
80230,2,1,0,0,0,0,0,0,0,0,0,0
80231,1,1,0,0,0,0,0,0,0,0,0,0
80231,2,1,0,0,0,0,0,0,0,0,0,0
80232,1,1,16,16,16,16,16,16,16,16,16,16
80233,1,1,6,6,6,6,6,6,6,6,6,6
80234,1,1,19,19,19,19,19,19,19,19,19,19
80235,1,1,0,0,0,0,0,0,0,0,0,0
80236,1,1,0,0,0,0,0,0,0,0,0,0
80236,2,1,0,0,0,0,0,0,0,0,0,0
80236,3,1,0,0,0,0,0,0,0,0,0,0
80237,1,1,0,0,0,0,0,0,0,0,0,0
80237,2,1,0,0,0,0,0,0,0,0,0,0
80238,1,1,0,0,0,0,0,0,0,0,0,0
80239,1,1,0,0,0,0,0,0,0,0,0,0
80240,1,1,0,0,0,0,0,0,0,0,0,0
80241,0,1,25,25,25,25,25,25,25,25,25,25
80241,1,1,0,0,14,0,0,0,0,0,0,0
80242,1,1,0,0,0,0,0,0,0,0,0,0
80242,2,1,0,0,0,0,0,0,0,0,0,0
80243,0,1,0,0,0,0,0,0,0,0,0,0
80243,1,1,0,0,0,0,0,0,0,0,0,0
80244,1,1,0,0,0,0,0,0,0,0,0,0
80244,2,1,0,0,0,0,0,0,0,0,0,0
80245,1,1,0,0,0,0,0,0,0,0,0,0
80246,1,1,0,0,0,0,0,0,0,19,0,0
80247,1,1,0,0,0,0,0,0,0,0,0,0
80248,1,1,27,27,27,27,27,27,27,27,27,27
80249,0,1,0,0,0,0,0,0,0,0,0,0
80249,1,1,0,0,9,0,0,0,10,0,0,6
80250,1,1,9,12,12,6,12,18,11,19,17,9
80251,1,1,11,11,11,11,11,11,11,11,11,11
80252,1,1,0,0,0,0,0,0,0,0,0,0
80252,2,1,0,0,0,0,0,0,0,0,0,0
80253,1,1,0,0,0,0,0,0,0,0,0,0
80254,0,1,9,9,9,9,9,9,9,9,9,9
80254,1,1,20,20,20,20,20,20,20,20,20,20
80255,1,1,0,0,0,0,0,0,0,0,0,0
80256,1,1,0,0,0,0,0,0,0,0,0,0
80257,1,1,0,0,0,0,0,0,0,0,0,0
80257,2,1,0,0,0,0,0,0,0,23,0,0
80258,1,1,8,8,8,8,8,8,8,8,8,8
80258,2,1,0,0,0,0,0,0,0,0,0,0
80259,1,1,0,0,0,0,0,0,0,0,0,0
80260,1,1,0,0,0,0,0,0,0,0,0,0
80260,2,1,0,0,0,0,0,0,0,0,0,0
80261,1,1,24,24,24,24,24,24,24,24,24,24
80261,2,1,0,0,0,0,0,0,0,0,0,0
80261,3,1,0,0,0,0,0,0,0,0,0,0
80261,4,1,0,0,0,0,0,0,0,0,18,0
80262,1,1,0,0,0,0,0,0,0,0,0,0
80263,1,1,0,0,0,0,0,0,0,0,0,0
80263,2,1,0,0,0,0,0,0,0,0,0,0
80264,1,1,0,0,0,0,0,0,0,0,0,0
80265,1,1,0,0,0,0,0,0,0,0,0,0
80265,2,1,0,0,0,24,0,0,0,5,0,0
80266,1,1,0,0,0,0,0,0,0,0,0,0
80266,2,1,0,0,0,0,0,0,0,0,0,0
80267,1,1,18,18,18,18,18,18,18,18,18,18
80268,1,1,0,0,0,0,0,0,0,0,0,0
80269,1,1,14,14,14,14,14,14,14,14,14,14
80270,1,1,25,25,25,25,25,25,25,25,25,25
80271,1,1,26,25,30,17,10,3,39,13,0,18
80272,1,1,11,11,11,11,11,11,11,11,11,11
80273,0,1,0,0,0,36,0,0,0,0,0,0
80273,1,1,0,0,0,0,0,0,0,0,0,0
80274,1,1,11,11,11,11,11,11,11,11,11,11
80274,2,1,1,1,1,1,1,1,1,1,1,1
80275,1,1,0,0,0,0,0,0,0,0,0,1
80276,1,1,16,16,16,16,16,16,16,16,16,16
80277,0,1,12,12,12,12,12,12,12,12,12,12
80277,1,1,0,0,0,0,8,9,0,0,0,0
80278,0,1,26,26,26,26,26,26,26,26,26,26
80278,1,1,0,0,0,0,0,0,0,0,0,0
80279,1,1,0,0,0,0,0,0,0,0,0,0
80279,2,1,0,0,0,0,0,0,0,0,0,0
80280,1,1,0,0,0,0,0,0,0,0,0,0
80281,1,1,0,0,0,0,0,0,0,0,0,0
80281,2,1,0,0,0,0,0,0,0,0,0,0
80282,1,1,0,0,0,0,0,0,0,0,0,0
80283,1,1,0,0,0,0,0,0,0,0,0,0
80283,2,1,0,0,0,0,0,0,0,0,17,0
80284,1,1,0,0,0,0,0,0,0,0,0,0
80285,1,1,0,0,0,0,0,0,0,0,0,0
80286,1,1,10,10,10,10,10,10,10,10,10,10
80286,2,1,4,4,4,4,4,4,4,4,4,4
80287,1,1,0,0,0,0,0,0,0,0,0,0
80288,1,1,0,0,0,0,0,0,0,0,0,0
80288,2,1,0,0,0,0,0,0,0,0,0,0
80288,3,1,0,0,0,0,0,0,0,0,0,0
80289,1,1,0,0,0,0,0,0,0,0,0,0
80290,1,1,0,0,0,0,0,0,0,0,0,0
80291,1,1,0,0,0,0,0,19,0,0,0,17
80291,2,1,1,1,1,1,1,1,1,1,1,1
80292,1,1,14,14,14,14,14,14,14,14,14,14
80293,1,1,6,0,0,0,0,0,0,8,0,0
80294,1,1,15,15,15,15,15,15,15,15,15,15
80294,2,1,0,0,0,0,0,0,0,0,0,0
80294,3,1,0,0,0,0,0,0,0,0,0,0
80294,4,1,0,0,0,0,0,0,0,0,0,0
80295,1,1,19,19,19,19,19,19,19,19,19,19
80296,1,1,42,42,42,42,42,42,42,42,42,42
80297,1,1,0,0,0,0,0,0,0,0,0,0
80297,2,1,0,0,0,0,0,0,0,0,0,0
80298,1,1,0,0,0,0,0,0,0,0,0,0
80298,2,1,0,0,10,0,0,0,0,0,0,0
80299,1,1,0,0,0,0,0,0,0,0,0,0
80299,2,1,0,0,0,0,0,0,0,0,0,0
80299,3,1,0,0,0,0,0,0,0,19,0,0
80299,4,1,0,0,0,0,0,0,0,0,0,0
80300,1,1,0,0,0,0,0,0,0,0,0,0
80301,1,1,0,0,0,0,0,0,0,0,0,0
80301,2,1,0,0,0,0,0,0,0,0,0,0
80302,1,1,15,0,11,10,6,12,26,0,16,9
80303,1,1,0,0,0,0,0,0,0,0,0,0
80303,2,1,0,0,0,0,0,0,0,0,0,0
80304,1,1,21,21,21,21,21,21,21,21,21,21
80305,1,1,0,0,0,0,0,0,0,0,0,0
80306,1,1,0,0,0,0,0,0,0,0,0,0
80306,2,1,0,0,0,0,0,0,0,0,0,0
80307,1,1,17,17,17,17,17,17,17,17,17,17
80307,2,1,0,0,0,0,0,0,0,0,0,0
80308,1,1,0,0,0,0,0,0,0,0,0,0
80309,1,1,10,10,10,10,10,10,10,10,10,10
80309,2,1,0,0,0,0,0,0,0,0,0,11
80310,1,1,20,20,20,20,20,20,20,20,20,20
80311,1,1,8,8,8,8,8,8,8,8,8,8
80312,0,1,0,0,0,0,0,0,0,0,0,0
80312,1,1,14,14,14,14,14,14,14,14,14,14
80313,0,1,23,23,23,23,23,23,23,23,23,23
80313,1,1,0,0,0,0,0,0,0,0,0,0
80314,1,1,14,14,14,14,14,14,14,14,14,14