ST_CASE,VEH_NO,PER_NO,P1,P2,P3,P4,P5,P6,P7,P8,P9,P10
80315,1,1,0,0,0,0,0,0,0,0,0,0
80316,1,1,0,0,0,0,0,0,0,0,0,0
80316,2,1,0,0,0,0,0,0,0,0,0,0
80317,1,1,15,15,15,15,15,15,15,15,15,15
80317,2,1,0,0,0,18,0,0,0,0,0,0
80318,1,1,0,0,0,0,0,0,0,0,0,0
80318,2,1,1,1,1,1,1,1,1,1,1,1
80319,1,1,20,20,20,20,20,20,20,20,20,20
80320,1,1,18,18,18,18,18,18,18,18,18,18
80321,0,1,0,0,0,0,0,0,0,0,0,0
80321,1,1,0,0,0,0,0,0,0,0,0,0
80321,2,1,0,0,0,0,0,0,0,0,0,0
80322,1,1,0,0,0,0,0,0,0,0,0,0
80322,2,1,0,0,0,0,0,0,0,0,0,0
80323,1,1,0,0,10,0,0,0,0,0,0,0
80324,1,1,0,0,0,0,0,0,0,0,0,0
80324,2,1,0,0,0,0,0,0,0,0,0,0
80325,1,1,0,0,0,0,0,0,0,10,0,0
80325,2,1,0,0,0,0,0,0,0,0,0,0
80326,1,1,0,0,0,0,0,0,0,0,0,0
80327,1,1,0,0,0,0,0,0,0,0,0,0
80327,2,1,0,0,0,0,0,0,0,0,0,0
80327,3,1,0,0,0,0,0,0,0,0,0,0
80328,1,1,0,0,0,0,0,0,0,0,0,0
80328,2,1,0,0,0,21,0,0,0,6,20,0
80329,0,1,16,16,16,16,16,16,16,16,16,16
80329,1,1,0,0,0,0,0,0,0,0,0,0
80330,1,1,11,11,11,11,11,11,11,11,11,11
80330,2,1,0,0,0,0,0,0,0,0,0,0
80331,1,1,0,0,0,0,0,0,0,0,0,0
80332,1,1,0,0,0,0,0,0,0,0,0,0
80332,2,1,0,0,0,0,0,0,0,0,0,0
80333,1,1,18,18,18,18,18,18,18,18,18,18
80334,1,1,0,0,0,0,0,0,0,0,0,0
80335,1,1,14,14,14,14,14,14,14,14,14,14
80336,1,1,21,21,21,21,21,21,21,21,21,21
80336,2,1,0,0,18,13,17,0,15,0,0,0
80337,1,1,0,0,0,0,0,0,0,0,0,0
80338,0,1,17,17,17,17,17,17,17,17,17,17
80338,1,1,0,0,0,9,0,0,0,0,0,0
80339,1,1,0,0,0,0,0,0,0,0,0,0
80340,1,1,0,0,0,0,0,0,0,0,0,0
80340,2,1,0,0,0,0,0,0,0,0,0,0
80341,1,1,0,0,0,0,0,0,0,0,0,0
80341,2,1,0,0,0,0,0,0,0,0,0,0
80342,1,1,0,0,0,0,0,0,0,0,0,0
80343,1,1,0,0,0,0,0,8,0,0,0,0
80343,2,1,0,0,0,0,0,0,0,0,0,0
80344,1,1,26,0,0,0,0,0,0,0,0,0
80345,1,1,3,3,3,3,3,3,3,3,3,3
80345,2,1,0,0,0,0,0,0,0,0,0,0
80346,0,1,0,0,0,0,0,0,0,0,0,0
80346,1,1,0,0,0,0,0,0,0,0,0,0
80347,1,1,0,0,0,0,0,0,0,0,0,0
80347,2,1,0,0,0,0,0,0,0,0,0,0
80347,3,1,0,0,0,0,0,0,0,0,0,0
80348,0,1,0,0,0,0,0,0,0,0,0,0
80348,1,1,0,0,0,0,0,0,0,0,0,0
80349,1,1,0,0,0,0,0,0,0,0,0,0
80349,2,1,0,0,0,0,0,0,0,0,0,0
80350,1,1,0,0,0,0,0,0,0,0,0,0
80350,2,1,0,0,0,0,0,0,0,0,0,0
80351,1,1,6,6,6,6,6,6,6,6,6,6
80352,1,1,0,0,0,0,0,0,0,0,0,0
80352,2,1,0,0,0,0,0,0,0,0,0,0
80352,3,1,0,0,0,0,0,4,0,0,0,19
80352,4,1,0,0,0,0,0,0,0,0,0,0
80353,0,1,22,22,22,22,22,22,22,22,22,22
80353,1,1,0,0,0,3,0,0,0,0,0,0
80354,1,1,18,18,18,18,18,18,18,18,18,18
80355,1,1,3,3,3,3,3,3,3,3,3,3
80356,1,1,0,0,0,0,0,0,0,0,0,0
80357,1,1,0,0,0,0,0,0,0,0,0,0
80357,2,1,0,0,0,0,0,0,0,0,0,0
80358,0,1,0,0,0,0,0,0,0,0,0,0
80358,1,1,0,0,0,0,0,0,0,0,0,0
80359,1,1,9,9,9,9,9,9,9,9,9,9
80360,1,1,0,0,0,0,0,0,0,0,0,0
80361,1,1,0,0,0,0,0,0,0,0,0,8
80361,2,1,0,0,0,0,0,0,0,0,0,0
80361,3,1,0,0,0,0,0,0,0,0,0,0
80361,4,1,0,0,0,0,0,0,0,0,0,12
80362,0,1,0,0,0,0,0,0,0,0,0,0
80362,1,1,0,0,0,0,0,0,0,22,0,0
80363,1,1,0,0,0,0,0,0,0,0,0,0
80363,2,1,0,13,0,0,0,0,0,0,0,8
80364,1,1,6,6,6,6,6,6,6,6,6,6
80364,2,1,0,0,0,0,0,0,0,0,0,0
80365,1,1,0,0,0,0,0,0,0,0,0,0
80366,1,1,0,0,0,0,0,0,0,0,0,0
80367,0,1,41,41,41,41,41,41,41,41,41,41
80367,1,1,0,0,0,0,0,0,0,0,0,0
80368,1,1,0,0,0,0,0,0,0,0,0,0
80369,1,1,0,0,0,0,0,0,0,0,0,0
80369,2,1,0,0,0,0,0,0,0,0,0,0
80370,1,1,0,0,0,0,0,0,0,0,0,0
80370,2,1,0,0,0,0,0,0,0,0,0,11
80371,1,1,15,15,15,15,15,15,15,15,15,15
80372,1,1,11,11,11,11,11,11,11,11,11,11
80373,1,1,0,0,0,0,0,0,0,0,7,0
80373,2,1,0,0,0,0,0,0,0,0,20,0
80373,3,1,0,0,0,0,0,0,0,0,0,0
80373,4,1,0,0,0,0,0,0,0,0,0,0
80374,1,1,0,0,0,0,0,0,0,0,0,0
80375,1,1,0,0,0,0,0,0,13,0,0,0
80376,1,1,0,0,0,0,0,0,0,0,0,0
80377,1,1,0,0,0,0,0,0,0,0,0,0
80378,0,1,0,0,0,0,0,0,0,0,0,0
80378,1,1,0,0,0,0,0,0,0,0,0,0
80379,1,1,0,0,0,0,0,0,0,0,0,0
80379,2,1,0,0,0,0,0,0,0,0,0,0
80380,1,1,14,14,14,14,14,14,14,14,14,14
80381,1,1,0,0,0,0,0,0,0,0,0,0
80381,2,1,0,0,0,0,0,0,0,0,0,0
80382,0,1,0,0,0,0,0,0,0,0,0,0
80382,1,1,0,0,0,0,0,0,0,0,0,0
80383,1,1,0,0,0,0,0,0,0,0,0,0
80384,0,1,0,0,0,0,0,0,0,0,0,0
80384,1,1,0,0,0,0,0,0,0,0,0,0
80385,1,1,0,0,0,0,0,0,0,0,0,0
80385,2,1,0,0,0,0,0,0,0,0,7,0
80386,1,1,0,0,0,0,0,0,0,0,0,0
80386,2,1,0,0,0,0,0,0,0,0,0,0
80387,0,1,0,0,0,0,0,0,0,0,0,0
80387,1,1,0,0,0,0,0,0,0,0,0,0
80388,1,1,0,0,0,0,0,0,0,0,0,0
80388,2,1,0,0,0,0,0,0,0,30,0,0
80388,3,1,0,0,0,0,0,0,0,0,0,0
80388,4,1,0,0,0,0,0,0,0,0,0,0
80388,5,1,0,0,0,0,0,0,0,0,0,0
80389,1,1,0,0,0,0,0,0,0,0,0,0
80389,2,1,0,0,0,0,0,0,0,0,0,0
80389,3,1,22,0,0,0,0,0,0,0,0,0
80389,4,1,0,0,0,0,0,0,0,0,0,0
80389,5,1,0,0,0,0,0,0,0,0,0,0
80390,0,1,0,0,0,0,47,0,24,0,7,0
80390,1,1,0,0,0,0,0,0,0,12,0,0
80391,1,1,24,24,24,24,24,24,24,24,24,24
80391,2,1,0,0,0,0,0,0,21,0,0,0
80392,1,1,0,0,0,0,0,0,0,0,0,0
80392,2,1,0,0,0,0,0,0,0,0,0,0
80393,1,1,0,0,0,0,0,0,0,0,0,0
80394,1,1,0,0,0,0,0,0,0,0,0,0
80394,2,1,0,0,0,0,0,0,0,0,0,0
80395,1,1,25,25,25,25,25,25,25,25,25,25
80396,0,1,0,0,0,0,0,0,0,0,0,0
80396,1,1,0,0,0,0,0,0,0,0,0,19
80397,1,1,18,10,22,13,30,11,9,14,10,24
80397,2,1,0,0,0,0,0,0,0,0,0,0
80398,1,1,0,0,0,0,0,0,0,0,0,0
80398,2,1,0,0,0,0,0,0,0,0,0,0
80399,1,1,0,0,0,0,0,0,0,0,0,0
80401,1,1,25,25,25,25,25,25,25,25,25,25
80402,1,1,10,10,10,10,10,10,10,10,10,10
80402,2,1,0,0,0,0,0,0,0,0,0,0
80403,1,1,10,10,10,10,10,10,10,10,10,10
80404,1,1,1,1,1,1,1,1,1,1,1,1
80404,2,1,0,0,0,0,0,0,0,0,0,0
80405,0,1,0,0,0,0,0,0,0,0,0,0
80405,0,2,0,0,0,0,0,0,0,0,0,0
80405,1,1,14,5,0,0,5,0,0,0,0,8
80406,1,1,0,0,0,0,0,0,0,0,0,0
80406,2,1,0,0,0,0,0,0,0,0,0,0
80407,1,1,32,32,32,32,32,32,32,32,32,32
80408,1,1,0,0,0,0,0,0,0,0,0,0
80409,1,1,0,0,0,0,0,0,0,0,0,0
80409,2,1,0,0,0,0,0,0,0,0,0,0
80409,3,1,0,0,0,0,0,0,0,0,0,0
80410,1,1,0,0,10,0,9,0,0,9,0,0
80410,2,1,0,0,0,0,0,0,0,0,0,0
80411,1,1,4,4,4,4,4,4,4,4,4,4
80412,1,1,0,0,0,0,0,27,0,10,0,0
80413,1,1,18,18,18,18,18,18,18,18,18,18
80413,2,1,0,0,0,0,0,0,0,0,0,0
80414,1,1,0,0,0,0,0,0,0,0,0,0
80415,1,1,0,0,0,0,0,0,0,0,0,0
80416,1,1,0,27,0,0,4,0,0,0,0,0
80416,2,1,0,0,0,0,0,0,0,0,0,0
80417,1,1,0,30,0,0,0,0,0,0,0,0
80418,0,1,20,0,0,0,0,0,0,0,0,0
80418,1,1,0,0,0,0,0,0,0,0,0,0
80419,1,1,0,0,0,16,0,6,24,0,0,0
80419,2,1,0,0,0,0,0,0,0,0,0,0
80420,1,1,0,0,0,0,0,0,0,0,0,0
80421,1,1,0,0,0,0,0,0,0,0,0,0
80421,2,1,0,0,0,0,19,0,0,0,0,0
80421,3,1,0,0,0,0,0,0,0,0,0,0
80421,4,1,0,0,0,0,0,0,0,0,0,0
80422,1,1,0,0,0,0,0,0,0,0,0,0
80423,1,1,0,0,0,0,0,0,0,0,0,0
80424,1,1,21,21,21,21,21,21,21,21,21,21
80425,1,1,0,0,0,0,0,0,0,0,0,0
80425,2,1,0,0,0,0,0,0,19,32,0,0
80425,3,1,0,0,0,0,0,0,0,0,0,0
80426,1,1,0,0,0,0,0,0,0,0,0,0
80426,2,1,14,0,0,20,21,17,10,0,2,27
80427,1,1,0,0,0,0,0,0,0,0,0,0
80427,2,1,0,0,0,0,0,0,0,0,0,0
80428,1,1,0,0,0,0,0,0,0,0,0,0
80429,1,1,0,0,0,0,0,0,0,0,0,0
80430,1,1,0,0,0,0,0,0,0,0,0,0
80431,1,1,0,0,0,0,0,0,0,0,0,0
80432,1,1,0,0,0,0,0,0,0,0,0,0
80432,2,1,0,0,0,0,0,0,0,0,0,0
80433,1,1,0,0,0,0,0,0,0,0,0,0
80433,2,1,0,0,0,0,0,0,0,0,0,0
80434,1,1,0,0,0,0,0,0,0,0,0,0
80434,2,1,0,21,0,0,0,0,0,0,0,0
80435,1,1,0,0,0,0,0,0,0,0,0,0
80435,2,1,0,0,0,0,0,0,0,0,0,0
80436,1,1,14,0,0,0,0,10,0,0,0,0
80436,2,1,0,0,0,0,0,0,0,0,0,0
80437,1,1,19,19,19,19,19,19,19,19,19,19
80437,2,1,4,4,4,4,4,4,4,4,4,4
80438,1,1,18,18,18,18,18,18,18,18,18,18
80439,1,1,0,0,0,0,0,0,0,0,0,0
80440,1,1,0,0,0,0,0,0,0,0,0,0
80440,2,1,0,0,0,0,0,0,0,0,0,0
80440,3,1,0,0,0,23,0,0,0,24,0,0
80440,4,1,0,0,0,0,0,0,0,24,0,0
80441,1,1,0,0,0,0,0,0,0,0,0,0
80441,2,1,0,0,0,13,0,0,0,0,2,0
80442,1,1,10,0,19,0,14,0,17,43,22,0
80443,0,1,7,7,7,7,7,7,7,7,7,7
80443,1,1,8,15,14,14,9,17,6,2,14,10
80444,0,1,0,0,0,0,0,0,0,0,0,0
80444,1,1,0,25,12,18,14,0,21,0,0,11
80445,1,1,0,0,0,0,0,0,0,0,0,0
80445,2,1,0,0,0,0,0,0,0,0,0,0
80446,0,1,0,0,0,0,0,0,0,0,0,0
80446,1,1,0,0,0,0,0,0,0,0,22,0
80447,1,1,7,7,7,7,7,7,7,7,7,7
80447,2,1,0,0,0,0,0,0,0,0,0,0
80448,1,1,17,17,17,17,17,17,17,17,17,17
80449,1,1,0,0,0,0,0,0,0,0,0,0
80450,1,1,10,10,10,10,10,10,10,10,10,10
80451,1,1,0,0,0,0,0,0,0,0,0,0
80451,2,1,0,0,0,0,0,0,0,0,0,0
80452,1,1,21,21,21,21,21,21,21,21,21,21
80452,2,1,0,0,0,0,0,0,0,0,0,0
80453,1,1,32,32,32,32,32,32,32,32,32,32
80453,2,1,0,0,0,0,0,0,16,0,0,0
80455,1,1,0,0,0,0,0,0,0,0,0,0
80456,1,1,8,8,8,8,8,8,8,8,8,8
80456,2,1,0,0,0,0,0,0,0,0,0,0
80457,0,1,30,30,30,30,30,30,30,30,30,30
80457,1,1,11,0,0,16,11,0,0,0,0,0
80458,1,1,30,30,30,30,30,30,30,30,30,30
80459,1,1,0,0,0,0,0,0,0,0,0,0
80459,2,1,0,0,0,0,0,0,0,0,0,0
80460,1,1,0,0,0,0,0,0,0,0,0,0
80461,1,1,0,0,0,0,0,0,0,0,0,0
80462,1,1,0,0,0,0,0,0,0,0,0,0
80463,0,1,22,22,22,22,22,22,22,22,22,22
80463,1,1,0,0,0,0,0,0,0,0,0,0
80464,0,1,0,0,0,0,0,0,0,0,0,0
80464,1,1,15,15,15,15,15,15,15,15,15,15
80465,1,1,0,0,0,0,0,0,0,0,0,0
80465,2,1,0,14,0,0,0,0,0,0,0,0
80466,1,1,8,8,8,8,8,8,8,8,8,8
80466,2,1,0,0,0,0,0,0,0,0,0,0
80467,1,1,18,18,18,18,18,18,18,18,18,18
80468,1,1,0,0,0,0,0,0,0,0,0,0
80469,1,1,0,0,0,4,9,0,0,0,7,9
80469,2,1,0,0,0,0,0,10,0,0,0,0
80470,1,1,0,0,0,0,0,0,0,0,0,0
80470,2,1,0,0,0,0,0,0,0,0,0,0
80471,1,1,0,0,0,14,0,0,0,0,0,0
80471,2,1,0,0,0,0,0,0,0,0,0,0
80472,1,1,0,0,0,0,0,0,15,0,0,0
80472,2,1,0,0,0,0,0,0,0,0,0,0
80473,0,1,31,31,31,31,31,31,31,31,31,31
80473,1,1,0,0,0,0,0,0,0,0,0,0
80474,1,1,0,0,0,0,0,0,0,0,0,0
80475,1,1,0,0,0,0,0,0,0,0,0,0
80475,2,1,0,0,0,0,0,0,0,0,0,0
80475,3,1,0,0,0,0,0,0,0,0,0,0
80476,1,1,0,0,0,0,0,0,0,0,0,0
80477,1,1,0,0,0,0,0,0,0,0,0,0
80478,1,1,0,0,0,0,0,0,0,0,0,0
80478,2,1,0,0,0,0,0,0,0,0,0,0
80479,0,1,26,26,26,26,26,26,26,26,26,26
80479,1,1,0,0,0,0,0,0,0,0,0,0
80480,1,1,16,16,16,16,16,16,16,16,16,16
80480,2,1,0,0,24,0,0,0,0,0,0,0
80481,1,1,12,12,12,12,12,12,12,12,12,12
80482,1,1,0,0,0,0,0,0,0,0,0,0
80483,0,1,20,20,20,20,20,20,20,20,20,20
80483,1,1,23,23,23,23,23,23,23,23,23,23
80484,1,1,8,8,8,8,8,8,8,8,8,8
80484,2,1,0,0,0,0,0,0,0,0,0,0
80485,1,1,0,0,0,0,0,0,0,0,0,0
80486,1,1,0,0,0,0,0,0,0,0,0,0
80487,1,1,12,12,12,12,12,12,12,12,12,12
80488,1,1,9,9,9,9,9,9,9,9,9,9
80489,1,1,0,0,0,0,0,0,0,0,0,0
80489,2,1,2,2,2,2,2,2,2,2,2,2
80489,3,1,0,11,0,0,0,0,0,0,0,0
80489,4,1,0,0,0,0,0,0,0,0,0,0
80490,1,1,0,23,0,0,0,0,0,0,0,0
80491,1,1,0,0,0,0,0,0,0,0,0,0
80491,2,1,0,0,0,0,0,0,0,0,0,0
80492,1,1,0,0,0,0,0,0,13,0,0,0
80493,1,1,0,0,0,0,0,0,0,0,0,0
80494,0,1,0,0,0,0,0,0,0,0,0,0
80494,1,1,0,0,0,0,0,0,0,0,0,0
80495,1,1,0,0,0,0,0,0,0,0,0,0
80495,2,1,0,0,0,0,0,0,0,0,0,0
80496,0,1,14,14,14,14,14,14,14,14,14,14
80496,1,1,0,0,0,0,0,0,0,0,0,0
80497,1,1,0,0,0,0,0,0,0,0,0,0
80498,1,1,0,0,0,0,0,0,0,0,0,0
80498,2,1,0,0,0,0,0,0,0,0,0,0
80499,1,1,21,21,21,21,21,21,21,21,21,21
80500,1,1,0,0,0,0,0,0,0,0,0,0
80501,1,1,0,18,7,12,20,4,0,0,0,0
80501,2,1,0,0,0,0,0,0,0,0,0,0
80502,1,1,0,0,0,0,0,0,0,0,0,0
80502,2,1,3,3,3,3,3,3,3,3,3,3
80503,1,1,0,0,0,0,0,0,0,0,0,0
80504,1,1,0,0,0,0,0,0,0,0,0,0
80504,2,1,0,0,0,0,0,0,0,0,0,0
80505,0,1,18,18,18,18,18,18,18,18,18,18
80505,1,1,0,0,0,0,0,0,0,0,0,0
80506,1,1,0,0,0,0,0,0,0,0,0,0
80506,2,1,0,0,0,6,0,0,0,0,0,0
80506,3,1,0,6,0,0,0,0,0,0,0,0
80506,4,1,0,0,6,0,0,11,15,11,0,0
80507,0,1,0,0,0,0,0,0,0,0,0,0
80507,1,1,0,0,0,0,0,0,0,0,0,0
80509,1,1,0,0,0,0,0,0,0,0,0,0
80509,2,1,0,7,0,0,0,0,0,0,0,0
80509,3,1,0,0,0,0,0,0,0,0,0,0
80510,0,1,26,0,0,22,0,0,0,0,0,0
80510,1,1,0,0,0,0,0,0,0,20,0,0
80511,0,1,0,0,21,0,0,29,0,0,0,0
80511,1,1,0,0,0,0,0,0,0,0,15,0
80512,1,1,0,0,0,0,0,0,0,0,0,0
80512,2,1,0,0,0,0,0,0,0,0,0,0
80513,1,1,0,9,0,0,0,0,0,0,0,15
80513,2,1,0,0,0,0,0,0,0,0,0,0
80514,1,1,0,0,0,0,0,0,0,0,0,6
80514,2,1,0,0,0,0,0,0,0,0,0,0
90001,1,1,0,0,0,0,0,0,0,0,0,0
90002,0,1,0,0,0,0,0,0,0,0,0,0
90002,1,1,0,0,0,0,0,0,0,0,0,0
90003,1,1,14,14,14,14,14,14,14,14,14,14
90004,1,1,0,0,0,0,0,0,0,0,0,0
90004,2,1,0,0,0,0,0,0,0,0,0,0
90004,3,1,0,0,0,0,0,26,0,0,0,0
90005,1,1,0,0,0,0,0,0,0,0,0,0
90005,2,1,0,0,0,0,0,0,0,0,0,0
90006,1,1,0,0,0,0,0,0,0,0,0,0
90006,2,1,0,0,0,0,0,0,0,0,0,0
90006,3,1,0,0,0,0,0,0,0,0,0,0
90006,4,1,0,0,0,0,0,0,0,0,0,0
90007,1,1,0,0,0,0,0,0,0,0,0,0
90007,2,1,0,0,0,0,0,0,0,0,0,0
90008,0,1,0,0,0,0,0,0,0,0,0,0
90008,1,1,11,0,12,0,0,25,0,0,0,0
90009,0,1,0,0,0,0,0,0,0,0,0,0
90009,1,1,0,0,0,0,0,0,0,0,0,0
90010,0,1,0,0,0,0,0,0,0,0,0,0
90011,1,1,0,0,0,0,0,0,0,0,0,0
90011,2,1,39,3,0,0,0,0,0,0,0,0
90012,0,1,1,1,1,1,1,1,1,1,1,1
90012,1,1,34,34,34,34,34,34,34,34,34,34
90013,0,1,0,0,0,0,0,0,0,0,0,0
90013,1,1,0,0,0,0,0,0,22,0,0,23
90014,1,1,0,0,0,0,0,0,0,0,0,0
90014,2,1,0,0,0,0,0,0,0,0,0,0
90015,0,1,0,0,0,0,0,0,0,0,0,0
90015,1,1,13,13,13,13,13,13,13,13,13,13
90016,1,1,3,0,3,0,0,23,11,0,4,6
90016,2,1,13,0,0,18,14,0,0,0,0,0
90017,1,1,0,0,29,24,0,8,0,0,0,0
90018,0,1,0,0,0,0,0,0,0,0,0,0
90018,1,1,0,0,0,0,0,0,0,0,0,15
90018,2,1,0,0,0,0,0,0,0,0,0,17
90019,0,1,0,0,0,0,0,0,0,0,0,0
90019,1,1,0,0,0,0,0,0,0,0,0,0
90020,1,1,16,16,16,16,16,16,16,16,16,16
90021,1,1,6,0,10,26,0,8,15,16,9,34
90022,1,1,20,20,20,20,20,20,20,20,20,20
90023,1,1,15,15,15,15,15,15,15,15,15,15
90023,2,1,23,12,14,9,14,32,13,4,4,20
90024,1,1,0,0,0,0,0,0,0,0,0,0
90024,2,1,0,0,0,0,5,0,0,0,0,0
90025,1,1,0,0,0,0,0,0,0,0,0,0
90025,2,1,0,0,0,0,0,0,0,0,0,0
90026,1,1,0,0,0,0,0,0,0,0,0,0
90027,1,1,20,20,20,20,20,20,20,20,20,20
90028,1,1,0,0,0,0,0,0,0,0,0,0
90029,1,1,15,15,15,15,15,15,15,15,15,15
90030,1,1,22,22,22,22,22,22,22,22,22,22
90032,1,1,28,28,28,28,28,28,28,28,28,28
90033,0,1,0,0,0,0,0,0,0,0,0,0
90033,1,1,0,0,0,0,0,0,0,0,0,0
90033,3,1,0,0,0,0,0,0,0,0,0,0
90034,0,1,0,0,0,0,0,0,0,0,0,0
90034,1,1,0,0,0,0,0,0,0,0,0,0
90035,1,1,18,18,18,18,18,18,18,18,18,18
90036,1,1,0,0,0,0,0,0,0,0,0,0
90036,2,1,28,28,28,28,28,28,28,28,28,28
90037,1,1,0,0,0,0,0,0,0,0,0,0
90037,2,1,0,15,0,15,0,0,0,0,11,9
90037,3,1,0,0,0,0,0,0,0,0,0,0
90037,4,1,0,0,0,0,0,0,0,0,0,0
90038,1,1,0,0,0,0,0,0,0,0,0,0
90038,2,1,0,0,0,0,0,0,0,0,0,0
90038,3,1,0,0,0,0,0,0,0,0,0,0
90038,4,1,0,0,0,0,0,0,0,0,0,0
90039,1,1,9,15,0,0,2,11,9,21,17,14
90040,1,1,18,18,18,18,18,18,18,18,18,18
90041,1,1,0,0,0,0,0,0,0,0,0,0
90042,1,1,25,25,25,25,25,25,25,25,25,25
90043,1,1,0,0,0,0,0,0,0,0,0,0
90043,2,1,14,14,14,14,14,14,14,14,14,14
90044,1,1,0,0,0,0,0,0,0,0,0,0
90045,1,1,0,0,0,0,0,0,0,0,0,0
90045,2,1,0,0,0,0,0,0,0,0,0,0
90046,1,1,0,0,0,0,0,0,0,0,0,0
90046,2,1,0,16,0,0,24,25,0,0,0,17
90047,1,1,0,0,0,0,0,0,0,0,0,0
90048,1,1,0,0,0,0,0,0,0,0,0,0
90048,2,1,0,0,0,0,0,0,0,0,0,0
90048,3,1,0,0,0,0,0,0,0,0,0,0
90049,1,1,0,0,0,0,0,0,0,0,0,0
90049,2,1,0,0,0,0,0,0,0,0,0,0
90049,3,1,27,0,0,10,7,0,0,0,0,0
90050,1,1,0,0,0,0,0,0,0,0,0,0
90051,1,1,0,0,27,0,0,0,0,0,15,0
90051,2,1,25,25,25,25,25,25,25,25,25,25
90052,0,1,0,0,0,0,0,0,0,0,0,0
90053,0,1,0,0,0,0,0,0,0,0,0,0
90053,1,1,0,0,0,0,0,0,0,0,0,0
90054,1,1,36,36,36,36,36,36,36,36,36,36
90054,2,1,10,0,0,0,0,0,4,0,15,9
90055,1,1,0,0,0,0,0,0,0,0,0,0
90056,1,1,0,0,0,0,0,0,0,0,0,0
90056,2,1,0,0,0,0,0,0,0,0,0,0
90057,1,1,13,13,13,13,13,13,13,13,13,13
90058,1,1,0,0,0,0,0,0,0,0,0,0
90058,2,1,21,21,21,21,21,21,21,21,21,21
90059,1,1,14,14,14,14,14,14,14,14,14,14
90060,1,1,3,3,3,3,3,3,3,3,3,3
90061,1,1,18,18,18,18,18,18,18,18,18,18
90062,1,1,0,24,6,25,0,0,12,0,10,15
90062,2,1,0,0,0,0,0,0,0,0,0,0
90063,1,1,0,0,0,0,0,0,0,0,0,0
90064,1,1,0,0,0,0,0,0,0,0,0,0
90065,0,1,0,0,0,0,0,0,0,0,0,0
90065,1,1,0,0,0,0,10,0,15,0,0,0
90066,1,1,0,0,0,0,0,0,0,0,0,0
90066,2,1,5,0,0,0,0,0,0,0,0,4
90067,1,1,0,0,0,0,0,0,0,0,0,0
90068,0,1,16,16,16,16,16,16,16,16,16,16
90068,1,1,0,0,0,0,0,0,0,0,0,0
90069,1,1,1,1,1,1,1,1,1,1,1,1
90070,1,1,0,0,0,0,0,0,0,0,0,0
90071,0,1,0,0,0,0,0,0,0,0,0,0
90071,0,2,0,0,0,0,0,0,0,35,0,0
90071,2,1,17,0,0,0,0,0,0,0,0,0
90072,1,1,0,0,0,0,0,0,0,0,0,0
90072,2,1,0,0,0,0,0,0,0,0,0,0
90073,1,1,0,0,0,0,0,0,0,0,0,0
90073,2,1,0,0,0,0,0,0,0,0,0,0
90073,3,1,0,0,0,0,0,0,0,0,0,21
90074,1,1,0,0,0,0,0,0,0,0,0,0
90074,2,1,0,0,0,0,0,0,0,0,0,0
90075,1,1,0,0,0,0,0,0,0,0,0,0
90075,2,1,0,0,0,0,0,0,0,0,0,0
90076,1,1,0,0,0,0,0,0,0,0,0,0
90077,1,1,0,0,0,0,0,0,0,0,0,0
90077,2,1,0,0,0,0,8,0,0,0,0,9
90077,3,1,0,0,0,0,0,0,0,7,0,19
90078,1,1,0,0,0,0,0,0,0,0,0,0
90079,1,1,0,0,0,16,19,0,0,12,0,0
90079,2,1,0,0,0,0,0,0,0,0,0,0
90080,1,1,0,0,0,0,0,0,0,0,0,0
90080,2,1,0,0,0,0,0,0,0,0,0,0
90081,1,1,0,0,0,0,0,0,0,0,0,0
90082,1,1,16,16,16,16,16,16,16,16,16,16
90083,1,1,0,0,0,0,0,0,0,0,0,0
90085,1,1,0,0,0,0,0,0,0,0,0,0
90086,1,1,0,15,17,0,6,13,0,0,0,0
90087,1,1,0,0,0,0,0,0,0,0,0,0
90087,2,1,15,15,15,15,15,15,15,15,15,15
90088,1,1,0,0,0,12,0,11,5,20,0,0
90088,2,1,21,21,21,21,21,21,21,21,21,21
90089,1,1,14,14,14,14,14,14,14,14,14,14
90089,2,1,6,6,6,6,6,6,6,6,6,6
90090,1,1,0,0,0,0,0,0,0,0,0,0
90091,1,1,0,0,0,0,0,0,0,0,0,0
90092,1,1,0,0,0,0,0,0,0,0,0,0
90092,2,1,0,0,0,0,0,0,0,0,0,0
90093,1,1,15,15,15,15,15,15,15,15,15,15
90094,1,1,0,0,0,0,0,0,0,0,0,0
90095,1,1,0,0,0,0,0,0,0,0,0,0
90096,1,1,0,0,0,0,0,0,0,0,0,0
90096,2,1,2,2,2,2,2,2,2,2,2,2
90097,1,1,13,13,13,13,13,13,13,13,13,13
90098,1,1,0,0,0,0,0,0,0,0,0,0
90099,1,1,0,7,9,0,7,0,0,15,8,0
90100,1,1,0,0,0,0,0,0,0,0,0,0
90101,1,1,0,0,0,0,0,0,0,0,0,0
90101,2,1,0,0,0,0,0,0,0,0,0,0
90101,3,1,0,0,0,0,0,0,0,0,0,0
90102,1,1,0,0,0,0,0,0,0,0,0,0
90103,0,1,0,0,0,0,0,0,0,0,0,0
90103,1,1,0,0,6,15,0,0,0,0,19,15
90104,1,1,6,6,6,6,6,6,6,6,6,6
90105,1,1,15,15,15,15,15,15,15,15,15,15
90105,2,1,6,23,15,10,7,20,18,5,15,0
90107,1,1,18,18,18,18,18,18,18,18,18,18
90107,2,1,0,20,0,0,0,0,0,0,0,0
90108,1,1,0,0,0,0,0,0,0,0,0,0
90108,2,1,26,26,26,26,26,26,26,26,26,26
90109,1,1,13,13,13,13,13,13,13,13,13,13
90110,1,1,14,14,14,14,14,14,14,14,14,14
90111,1,1,0,0,0,0,0,0,0,0,0,0
90112,1,1,13,0,0,0,0,0,28,22,10,0
90112,2,1,0,0,0,0,0,0,0,0,0,0
90113,1,1,0,0,0,0,0,0,0,0,0,0
90113,2,1,0,0,18,0,13,0,0,0,0,0
90114,0,1,0,0,0,0,0,0,0,0,0,0
90114,0,2,0,0,0,13,0,0,0,27,0,0