ST_CASE,VEH_NO,PER_NO,P1,P2,P3,P4,P5,P6,P7,P8,P9,P10
90114,1,1,0,0,0,0,0,0,0,0,0,0
90115,1,1,0,0,0,0,0,0,0,0,0,0
90115,2,1,0,0,0,0,0,0,0,7,0,0
90116,1,1,14,14,14,14,14,14,14,14,14,14
90116,2,1,13,13,13,13,13,13,13,13,13,13
90117,1,1,2,2,2,2,2,2,2,2,2,2
90117,2,1,30,0,0,10,0,0,0,0,26,0
90117,3,1,16,0,10,0,0,0,9,0,0,0
90118,1,1,7,7,7,7,7,7,7,7,7,7
90119,1,1,0,0,0,0,0,0,0,0,0,0
90119,2,1,0,0,0,0,0,0,0,0,0,0
90120,1,1,27,27,27,27,27,27,27,27,27,27
90121,1,1,0,0,0,0,0,0,0,0,0,0
90121,2,1,0,0,0,0,0,0,0,0,0,0
90122,1,1,0,0,0,0,0,0,0,0,0,0
90122,2,1,0,0,0,0,0,0,0,0,0,0
90123,1,1,12,0,0,0,0,0,0,0,0,0
90123,2,1,0,0,0,0,0,0,0,0,0,21
90124,1,1,14,14,14,14,14,14,14,14,14,14
90125,1,1,0,0,0,0,0,0,0,0,0,0
90125,2,1,0,0,0,0,0,0,0,0,0,0
90126,1,1,8,8,8,8,8,8,8,8,8,8
90126,2,1,0,0,20,0,0,0,0,0,0,25
90127,1,1,0,0,0,0,0,0,0,0,0,0
90127,2,1,29,29,29,29,29,29,29,29,29,29
90128,0,1,0,0,0,0,0,0,0,0,0,0
90128,1,1,0,0,0,0,0,0,0,0,0,0
90129,1,1,17,17,17,17,17,17,17,17,17,17
90130,1,1,17,17,17,17,17,17,17,17,17,17
90131,1,1,0,0,0,0,0,0,0,0,0,0
90132,0,1,0,0,0,0,0,0,0,0,0,0
90132,1,1,0,0,0,0,0,0,0,0,0,0
90133,1,1,0,0,0,0,0,0,0,0,0,0
90134,1,1,18,18,18,18,18,18,18,18,18,18
90135,1,1,0,0,0,0,0,0,0,0,0,0
90135,2,1,0,0,0,0,0,0,0,0,0,0
90136,1,1,0,0,0,0,0,0,0,0,0,0
90136,2,1,14,0,0,0,0,0,0,0,0,0
90137,1,1,12,12,12,12,12,12,12,12,12,12
90138,1,1,0,0,0,0,0,0,0,0,0,0
90138,2,1,0,0,0,0,0,0,0,0,0,0
90139,1,1,15,15,15,15,15,15,15,15,15,15
90140,1,1,0,0,0,10,0,0,0,0,0,0
90140,2,1,0,0,0,0,0,0,0,0,0,0
90140,3,1,0,0,0,8,0,0,0,0,0,0
90141,1,1,22,22,22,22,22,22,22,22,22,22
90142,0,1,0,0,0,0,0,0,0,0,0,0
90142,1,1,0,0,0,0,0,0,0,0,0,0
90143,0,1,0,0,0,0,0,0,0,0,0,0
90143,1,1,0,0,0,0,0,0,0,0,0,0
90144,1,1,0,0,0,0,0,0,0,0,0,0
90145,1,1,0,0,0,0,0,0,0,0,0,0
90145,2,1,10,0,15,0,0,0,0,0,0,0
90146,1,1,28,21,25,0,0,0,0,21,0,2
90146,2,1,0,0,0,0,0,0,0,0,0,0
90147,1,1,0,0,0,0,0,0,0,0,0,0
90148,0,1,0,0,0,0,0,0,0,0,0,0
90148,1,1,0,0,19,0,0,0,0,0,0,0
90149,1,1,17,17,17,17,17,17,17,17,17,17
90150,1,1,0,0,16,0,0,0,0,0,0,0
90151,1,1,0,0,0,0,0,0,0,0,0,0
90152,1,1,0,0,0,0,0,0,0,0,0,0
90153,1,1,0,0,0,0,0,0,0,0,0,0
90153,2,1,0,0,0,0,0,0,0,0,4,0
90154,0,1,0,0,0,0,0,0,0,0,0,0
90154,1,1,0,0,0,9,12,0,0,0,17,0
90155,1,1,0,0,0,0,0,3,0,0,0,0
90155,2,1,21,21,21,21,21,21,21,21,21,21
90156,0,1,0,0,0,0,0,0,0,0,0,0
90156,1,1,0,0,10,0,0,0,0,11,17,0
90157,1,1,20,23,0,18,15,11,0,0,0,18
90158,0,1,4,4,4,4,4,4,4,4,4,4
90158,1,1,0,0,0,0,0,0,0,0,0,0
90159,1,1,0,0,0,0,0,0,18,25,0,0
90159,2,1,0,0,0,0,0,0,0,0,0,0
90160,1,1,0,6,0,26,0,29,7,0,0,0
90161,1,1,0,0,0,0,0,0,0,0,0,0
90162,0,1,0,0,0,0,0,0,0,0,0,0
90162,1,1,0,0,0,0,0,0,0,0,0,0
90163,1,1,32,32,32,32,32,32,32,32,32,32
90164,1,1,9,30,0,0,0,0,21,9,31,0
90165,1,1,7,7,7,7,7,7,7,7,7,7
90166,1,1,0,0,0,0,0,0,19,0,0,4
90167,1,1,19,19,19,19,19,19,19,19,19,19
90168,1,1,0,0,0,0,0,0,0,0,0,0
90168,2,1,0,18,13,0,3,0,0,0,0,0
90169,1,1,24,24,24,24,24,24,24,24,24,24
90170,0,1,0,0,0,0,0,0,0,0,0,0
90170,1,1,0,0,0,0,0,0,0,0,0,0
90171,1,1,20,19,16,17,19,20,35,26,4,0
90173,1,1,21,21,21,21,21,21,21,21,21,21
90174,0,1,0,0,0,0,0,0,0,0,0,0
90174,1,1,0,0,10,2,0,0,0,0,9,0
90175,0,1,0,0,0,0,0,0,0,0,0,0
90175,1,1,0,0,0,9,0,0,0,0,39,0
90176,1,1,12,12,12,12,12,12,12,12,12,12
90177,1,1,28,28,28,28,28,28,28,28,28,28
90178,0,1,29,29,29,29,29,29,29,29,29,29
90178,1,1,0,0,0,0,0,0,0,0,0,0
90179,1,1,0,0,0,0,0,0,0,0,0,0
90180,1,1,4,4,4,4,4,4,4,4,4,4
90181,1,1,1,1,1,1,1,1,1,1,1,1
90181,2,1,0,0,0,0,0,0,0,0,0,0
90182,1,1,0,0,0,0,0,0,0,0,0,0
90182,2,1,0,0,0,0,0,0,0,0,0,0
90183,0,1,25,25,25,25,25,25,25,25,25,25
90183,1,1,24,11,16,13,15,3,12,9,18,9
90184,1,1,0,0,0,0,0,0,0,0,0,0
90184,2,1,29,29,29,29,29,29,29,29,29,29
90186,1,1,0,0,0,0,0,0,0,0,0,0
90186,2,1,0,0,0,0,0,0,0,0,0,0
90187,1,1,0,0,0,0,0,0,0,0,0,0
90188,1,1,19,13,13,20,12,16,13,9,19,16
90189,0,1,0,0,0,0,0,0,0,0,0,0
90189,1,1,0,0,6,0,0,0,0,0,0,0
90190,1,1,6,5,14,0,26,4,13,23,13,17
90190,2,1,0,0,0,0,21,0,0,0,0,0
90191,1,1,0,0,0,0,0,0,0,0,0,0
90191,2,1,24,24,24,24,24,24,24,24,24,24
90192,0,1,0,0,0,0,0,0,0,0,0,0
90192,1,1,0,0,0,0,0,0,0,0,0,0
90193,0,1,0,0,0,0,0,0,0,0,0,0
90193,1,1,10,30,19,11,27,11,22,22,20,0
90194,1,1,7,0,0,6,0,0,0,0,0,0
90195,1,1,22,22,22,22,22,22,22,22,22,22
90196,1,1,0,0,0,35,0,0,0,19,0,0
90197,0,1,27,0,0,0,0,0,0,0,0,16
90197,1,1,6,64,0,0,0,0,8,0,0,0
90198,1,1,0,0,0,0,0,0,0,0,8,0
90198,2,1,0,0,0,0,0,26,0,0,11,0
90199,1,1,5,5,5,5,5,5,5,5,5,5
90200,1,1,0,0,0,0,0,0,0,0,0,0
90200,2,1,0,0,0,0,0,0,0,0,0,0
90201,1,1,0,0,0,5,14,27,0,7,24,0
90201,2,1,0,0,0,0,0,0,0,0,0,0
90202,1,1,0,0,0,0,0,0,0,0,0,0
90202,2,1,0,0,0,0,0,0,0,0,0,0
90203,0,1,0,0,0,0,0,0,0,0,0,0
90203,1,1,0,0,0,0,0,0,0,0,0,0
90205,1,1,0,0,0,0,0,0,0,0,0,0
90206,1,1,2,2,2,2,2,2,2,2,2,2
90206,2,1,0,12,0,9,0,4,0,0,0,0
90206,3,1,0,25,0,35,0,0,0,0,0,0
90207,0,1,0,0,0,0,0,0,0,0,0,0
90207,1,1,0,0,0,0,0,0,0,0,0,0
90208,1,1,0,0,0,0,0,0,0,0,0,0
90209,1,1,0,0,0,0,0,0,0,0,0,0
90210,1,1,0,0,0,0,0,0,0,0,0,0
90211,1,1,21,21,21,21,21,21,21,21,21,21
90212,1,1,19,19,19,19,19,19,19,19,19,19
90213,1,1,0,0,0,0,0,0,0,0,0,0
90213,2,1,13,0,19,0,0,0,0,0,0,25
90214,0,1,0,0,0,0,0,0,0,0,0,0
90214,1,1,0,0,0,0,0,0,0,0,0,0
90215,1,1,11,0,11,0,0,6,15,0,15,15
90215,2,1,21,21,21,21,21,21,21,21,21,21
90216,0,1,9,9,9,9,9,9,9,9,9,9
90216,1,1,8,8,8,8,8,8,8,8,8,8
90217,1,1,29,29,29,29,29,29,29,29,29,29
90218,1,1,24,24,24,24,24,24,24,24,24,24
90219,1,1,0,0,0,0,0,0,0,0,0,0
90219,2,1,0,0,0,0,0,0,0,0,0,0
90219,3,1,0,0,6,0,0,0,0,0,0,5
90220,1,1,8,8,8,8,8,8,8,8,8,8
90221,1,1,0,0,0,0,0,0,0,0,0,0
90221,2,1,0,0,0,0,0,0,0,0,0,0
90222,1,1,21,21,21,21,21,21,21,21,21,21
90223,1,1,0,0,0,0,0,0,0,0,0,0
90224,1,1,25,25,25,25,25,25,25,25,25,25
90225,1,1,0,0,0,0,0,0,0,0,0,0
90226,1,1,0,0,0,0,0,0,0,0,0,0
90226,2,1,0,0,0,0,0,0,0,0,0,0
90227,1,1,0,0,0,0,0,0,0,0,0,0
90227,2,1,0,18,8,0,25,23,0,19,0,0
90227,3,1,0,0,0,0,0,0,0,0,0,0
90227,4,1,0,0,0,0,0,0,0,0,0,0
90227,5,1,0,0,0,0,0,0,0,0,0,0
90227,6,1,7,0,0,0,0,0,0,0,0,0
90227,7,1,0,0,0,11,0,0,0,0,0,0
90227,8,1,0,0,0,0,0,0,0,0,0,0
90228,1,1,11,11,11,11,11,11,11,11,11,11
90228,2,1,0,0,0,0,0,0,0,0,0,0
90229,0,1,0,14,0,0,0,0,0,22,0,0
90229,0,2,0,0,0,0,0,0,0,0,0,0
90229,1,1,0,0,0,0,0,0,0,0,10,0
90230,1,1,16,16,16,16,16,16,16,16,16,16
90231,0,1,0,0,0,0,0,0,0,0,0,0
90231,1,1,0,0,0,0,0,0,0,0,0,0
90232,1,1,0,0,0,0,0,0,0,0,0,0
90232,2,1,0,0,0,0,0,0,0,0,0,0
90233,1,1,0,0,0,0,0,0,0,0,0,0
90233,2,1,0,0,0,0,0,0,0,0,0,0
90234,1,1,0,0,0,6,0,0,0,0,0,5
90235,1,1,0,0,0,0,0,0,0,0,0,0
90235,2,1,0,0,0,0,0,0,0,0,0,0
90237,1,1,39,39,39,39,39,39,39,39,39,39
90238,1,1,0,0,0,0,0,0,0,0,0,0
90238,2,1,0,0,0,0,0,0,0,0,0,0
90239,0,1,0,0,0,0,0,0,11,0,14,0
90239,1,1,0,0,0,0,0,0,0,0,0,0
90240,1,1,0,6,0,0,0,0,0,8,0,0
90240,2,1,28,28,28,28,28,28,28,28,28,28
90241,1,1,0,0,0,0,0,0,0,0,0,0
90241,2,1,0,0,0,0,0,0,0,0,0,0
90242,1,1,27,27,27,27,27,27,27,27,27,27
90242,2,1,0,0,14,0,0,10,0,0,0,0
90243,1,1,33,33,33,33,33,33,33,33,33,33
90244,1,1,25,25,25,25,25,25,25,25,25,25
90244,2,1,0,12,8,0,0,0,0,0,15,0
90245,1,1,15,15,15,15,15,15,15,15,15,15
90246,1,1,24,24,24,24,24,24,24,24,24,24
90247,1,1,0,0,8,0,14,0,0,13,0,12
90248,0,1,0,0,0,0,0,0,0,0,0,0
90248,1,1,0,0,0,0,0,0,0,0,0,0
90249,0,1,0,20,30,10,14,18,0,28,0,0
90249,1,1,0,0,0,0,0,0,0,0,0,0
90249,2,1,3,3,3,3,3,3,3,3,3,3
90250,1,1,9,12,0,0,0,0,0,0,0,0
90250,2,1,0,0,0,0,0,0,0,0,0,0
90251,1,1,0,0,0,0,0,0,0,0,0,0
90251,2,1,0,0,0,0,0,0,0,0,18,0
90252,1,1,7,7,7,7,7,7,7,7,7,7
90253,1,1,12,12,12,12,12,12,12,12,12,12
90253,2,1,9,15,19,27,4,29,10,7,15,37
90254,1,1,0,0,0,0,0,0,0,0,0,0
90254,2,1,0,0,0,0,0,0,0,0,0,0
90255,1,1,0,0,0,0,0,0,0,0,0,0
90255,2,1,0,0,0,0,0,0,0,0,0,0
90256,0,1,0,0,0,0,0,0,0,0,0,0
90256,1,1,0,0,0,0,0,0,0,0,11,21
90257,1,1,8,8,8,8,8,8,8,8,8,8
90258,1,1,0,0,0,0,0,0,11,0,0,0
90258,2,1,17,0,0,0,0,10,0,0,0,0
90259,0,1,0,0,0,0,0,0,0,0,0,0
90259,1,1,0,0,0,0,0,0,0,0,0,0
90260,0,1,0,0,0,0,0,0,0,0,0,0
90260,1,1,0,14,0,0,0,0,0,0,3,0
90261,1,1,0,0,0,0,0,0,0,0,0,0
90262,0,1,14,13,0,0,15,32,13,7,0,9
90262,1,1,0,0,0,0,0,0,0,0,0,14
90263,1,1,0,0,18,0,5,0,16,13,18,0
90264,1,1,0,0,0,0,0,0,0,0,0,0
100001,1,1,20,20,20,20,20,20,20,20,20,20
100002,1,1,16,16,16,16,16,16,16,16,16,16
100003,1,1,14,14,14,14,14,14,14,14,14,14
100004,0,1,0,0,0,0,0,0,0,0,0,0
100004,1,1,8,0,0,0,0,6,0,0,2,0
100004,2,1,0,0,0,0,0,0,0,0,0,0
100005,1,1,0,0,0,0,0,0,0,0,0,0
100005,2,1,0,0,0,0,0,0,0,0,0,0
100006,0,1,28,28,28,28,28,28,28,28,28,28
100006,1,1,0,20,0,0,0,0,0,0,0,0
100006,2,1,0,0,0,0,0,0,0,0,0,0
100006,3,1,18,13,22,0,0,0,0,0,0,0
100006,4,1,0,0,6,0,0,0,0,0,0,0
100006,5,1,19,0,0,0,0,0,0,0,0,0
100007,0,1,0,0,0,0,0,0,0,0,0,0
100007,1,1,0,0,0,0,0,0,0,0,0,0
100008,1,1,27,27,27,27,27,27,27,27,27,27
100009,1,1,0,0,0,0,0,0,0,0,0,0
100009,2,1,0,0,0,0,0,0,0,0,0,0
100010,1,1,0,0,0,0,0,0,0,0,0,0
100010,2,1,0,0,0,0,0,0,0,0,0,0
100011,1,1,0,0,0,0,0,0,0,0,0,0
100011,2,1,0,0,0,0,0,0,0,0,0,0
100011,3,1,0,0,0,0,0,0,0,0,0,0
100011,4,1,0,0,0,0,0,0,0,0,0,0
100011,5,1,0,0,0,0,0,0,0,0,0,0
100011,6,1,0,0,0,0,16,0,0,0,0,0
100012,1,1,0,0,0,0,0,0,0,0,0,0
100012,2,1,0,0,0,0,9,0,0,0,0,0
100013,0,1,18,18,18,18,18,18,18,18,18,18
100013,1,1,0,0,0,0,0,0,0,0,0,0
100014,0,1,23,23,23,23,23,23,23,23,23,23
100014,1,1,0,0,0,0,13,0,0,0,0,0
100015,1,1,0,0,0,0,2,0,0,0,0,0
100015,2,1,0,0,0,15,0,0,0,0,0,33
100016,1,1,0,0,0,0,0,0,0,0,0,0
100016,2,1,0,0,0,0,0,0,0,0,0,0
100017,1,1,21,21,21,21,21,21,21,21,21,21
100017,2,1,0,0,0,0,0,0,0,0,0,0
100017,3,1,0,0,0,0,0,0,0,5,0,0
100018,1,1,0,0,0,0,0,0,0,0,0,0
100019,1,1,0,0,0,0,0,0,0,8,0,0
100019,2,1,18,18,18,18,18,18,18,18,18,18
100020,1,1,23,23,23,23,23,23,23,23,23,23
100020,2,1,12,12,12,12,12,12,12,12,12,12
100021,1,1,0,0,0,0,0,0,0,0,0,0
100021,2,1,0,0,0,0,0,0,0,0,0,0
100022,1,1,0,0,0,0,0,0,0,0,0,0
100023,1,1,0,0,0,0,0,0,0,0,0,0
100024,0,1,23,23,23,23,23,23,23,23,23,23
100024,1,1,21,0,0,0,0,0,0,0,0,0
100025,1,1,20,20,20,20,20,20,20,20,20,20
100026,1,1,0,0,0,0,0,0,0,0,0,0
100026,2,1,0,0,0,0,0,0,0,0,0,0
100027,0,1,0,0,0,0,0,0,0,0,0,0
100027,1,1,0,0,0,0,0,0,0,0,0,0
100028,1,1,0,0,0,0,0,22,0,0,0,0
100028,2,1,18,18,18,18,18,18,18,18,18,18
100029,0,1,17,17,17,17,17,17,17,17,17,17
100029,1,1,0,0,0,10,3,15,0,0,28,0
100030,1,1,0,0,0,0,0,0,0,0,0,0
100031,0,1,0,0,38,0,18,0,0,0,0,0
100031,1,1,16,18,6,18,16,6,14,4,22,23
100032,1,1,22,11,6,15,12,16,28,13,13,10
100033,1,1,14,14,14,14,14,14,14,14,14,14
100034,1,1,4,4,4,4,4,4,4,4,4,4
100035,0,1,38,38,38,38,38,38,38,38,38,38
100035,1,1,0,0,0,0,16,7,0,0,7,0
100036,0,1,0,0,0,0,0,0,0,0,0,0
100036,1,1,0,0,0,0,0,0,0,0,0,0
100037,1,1,0,0,0,0,0,0,0,0,0,0
100037,2,1,0,0,0,0,0,0,0,0,0,0
100038,1,1,0,0,0,0,0,0,0,0,0,0
100038,2,1,0,0,0,0,0,0,0,0,0,0
100039,1,1,15,15,15,15,15,15,15,15,15,15
100040,0,1,31,31,31,31,31,31,31,31,31,31
100040,1,1,0,0,0,0,0,0,0,0,12,0
100041,1,1,0,0,0,0,0,0,0,0,0,0
100041,2,1,0,0,0,0,0,0,0,0,0,0
100042,0,1,20,20,20,20,20,20,20,20,20,20
100042,1,1,0,0,0,26,0,0,0,0,0,0
100043,0,1,0,0,0,0,0,0,0,0,0,0
100043,0,2,18,18,18,18,18,18,18,18,18,18
100043,1,1,0,0,0,0,0,0,0,15,0,0
100044,1,1,12,12,12,12,12,12,12,12,12,12
100044,2,1,0,0,0,0,0,0,0,0,0,0
100045,1,1,0,0,0,0,0,0,0,0,0,0
100045,2,1,0,17,0,0,0,11,0,16,0,0
100046,1,1,0,0,0,0,0,0,0,0,0,0
100046,2,1,0,0,0,0,0,0,0,0,0,0
100047,1,1,0,0,0,0,0,0,0,0,0,0
100048,0,1,11,11,11,11,11,11,11,11,11,11
100048,1,1,20,20,20,20,20,20,20,20,20,20
100049,1,1,0,0,0,0,0,0,0,0,0,0
100050,0,1,0,0,0,0,0,0,0,0,0,0
100050,0,2,19,19,19,19,19,19,19,19,19,19
100050,1,1,0,0,0,0,0,16,0,0,0,0
100051,1,1,10,0,0,0,0,0,0,0,0,26
100051,2,1,0,0,0,0,0,0,0,0,0,0
100051,3,1,0,0,0,0,0,0,0,0,0,0
100052,1,1,0,0,0,0,0,0,0,0,0,11
100053,1,1,0,0,0,0,0,0,0,0,0,0
100053,2,1,0,0,0,0,0,0,0,0,0,0
100054,0,1,26,26,26,26,26,26,26,26,26,26
100054,1,1,0,0,0,0,0,0,16,0,0,0
100054,2,1,0,0,0,0,0,0,0,0,0,0
100055,1,1,0,0,0,0,0,0,3,12,13,0
100056,1,1,0,0,0,0,0,0,0,0,0,0
100056,2,1,0,0,0,0,0,0,0,0,0,0
100057,1,1,16,39,14,32,0,6,0,17,5,4
100058,1,1,0,0,0,0,0,0,0,0,0,0
100058,2,1,0,8,0,0,0,0,0,4,0,0
100059,1,1,0,0,0,0,0,0,0,0,0,0
100059,2,1,0,0,0,26,0,0,0,0,0,0
100060,1,1,0,0,0,0,0,0,0,0,0,0
100060,2,1,0,0,0,0,0,0,0,0,0,0
100061,1,1,9,9,9,9,9,9,9,9,9,9
100062,0,1,19,19,19,19,19,19,19,19,19,19
100062,1,1,0,0,0,0,0,0,0,0,0,0
100063,1,1,12,12,12,12,12,12,12,12,12,12
100064,1,1,0,0,0,0,0,11,0,0,0,0
100065,0,1,0,0,0,19,0,0,0,0,21,0
100065,1,1,0,0,0,0,0,0,13,19,0,0
100066,1,1,0,0,0,0,0,0,0,0,0,0
100066,2,1,0,0,0,0,0,0,0,0,0,0
100067,0,1,0,0,0,0,0,0,0,0,0,0
100067,1,1,0,0,0,0,0,0,0,0,0,0
100068,0,1,0,0,0,0,0,0,0,0,0,0
100068,1,1,0,0,0,0,0,0,0,0,0,0
100069,1,1,11,0,0,22,0,0,10,0,0,0
100069,2,1,0,0,0,0,0,0,0,0,0,0
100070,1,1,10,10,10,10,10,10,10,10,10,10
100071,1,1,0,0,0,0,0,0,0,0,0,0
100071,2,1,0,0,0,0,0,0,0,0,0,0
100072,1,1,26,26,26,26,26,26,26,26,26,26
100073,1,1,0,0,0,0,0,26,0,0,21,0
100073,2,1,0,0,0,0,0,0,0,0,0,0
100074,1,1,4,4,4,4,4,4,4,4,4,4
100074,2,1,11,21,0,0,26,27,0,0,0,33
100075,1,1,0,0,0,0,0,0,0,0,0,0
100075,2,1,0,0,0,0,0,0,0,0,0,0
100076,0,1,0,0,0,0,0,0,0,0,0,0
100076,1,1,0,0,0,0,15,9,0,13,0,0
100077,1,1,12,12,12,12,12,12,12,12,12,12
100078,1,1,10,0,0,0,0,0,17,0,0,0
100079,2,1,0,0,0,0,0,0,0,0,0,0
100079,3,1,0,0,0,0,0,0,0,0,0,0
100079,4,1,0,0,0,0,0,0,0,0,0,0
100079,5,1,0,0,0,0,0,0,0,0,0,0
100079,6,1,0,0,0,0,0,0,0,0,0,0
100080,0,1,0,0,0,0,0,0,0,0,0,0
100080,1,1,0,0,0,0,0,0,0,0,0,0
100081,0,1,0,0,0,0,0,0,0,0,0,0
100081,1,1,0,0,0,0,0,0,0,0,0,0
100082,1,1,21,0,0,0,22,9,4,0,11,0
100082,2,1,5,5,5,5,5,5,5,5,5,5
100083,1,1,0,0,0,0,0,0,0,0,0,0
100083,2,1,0,0,0,0,0,0,0,0,0,0
100083,3,1,0,0,0,0,0,0,0,0,0,0
100084,2,1,4,4,4,4,4,4,4,4,4,4
100085,0,1,38,38,38,38,38,38,38,38,38,38
100085,1,1,0,0,0,0,0,0,0,0,0,0
100086,0,1,16,16,16,16,16,16,16,16,16,16
100086,1,1,0,0,0,10,0,0,0,0,0,10
100087,1,1,13,13,13,13,13,13,13,13,13,13
100088,1,1,0,0,0,0,0,0,0,0,0,0
100088,2,1,0,0,0,0,0,0,0,0,0,0
100089,0,1,0,17,29,11,0,29,14,7,59,19
100089,1,1,0,19,0,0,0,0,0,0,0,15
100090,0,1,0,21,0,0,0,0,0,0,0,0
100090,1,1,0,0,0,0,0,0,8,0,0,0
100091,1,1,0,0,0,0,0,0,0,0,0,0
100091,2,1,0,0,0,0,0,0,0,0,0,0
100092,1,1,0,0,0,0,0,0,0,0,0,0
100092,2,1,0,0,11,2,0,0,0,0,0,9
100093,1,1,10,10,10,10,10,10,10,10,10,10
100093,2,1,0,0,0,0,0,0,0,0,0,0
100094,0,1,0,0,0,0,0,0,0,0,0,0
100094,1,1,14,14,14,14,14,14,14,14,14,14
100095,1,1,0,0,0,0,0,0,0,0,0,0
100095,2,1,0,0,0,0,0,14,0,0,0,0
100096,0,1,0,13,0,0,0,7,0,0,20,0
100096,1,1,18,18,18,18,18,18,18,18,18,18
100097,1,1,0,0,0,0,0,0,0,0,0,0
100097,2,1,0,0,0,0,0,0,0,0,0,0
100098,1,1,0,0,0,0,0,0,0,0,0,0
100098,2,1,0,0,0,0,0,0,0,0,21,0
100099,1,1,0,0,0,0,0,0,0,0,0,0
100099,2,1,0,0,0,0,0,0,0,0,0,0
100100,1,1,0,0,0,0,0,0,0,0,0,0
100100,2,1,0,0,0,0,0,0,0,0,0,0
100101,1,1,22,0,0,15,0,23,16,0,0,0
100101,2,1,0,0,7,0,9,0,0,0,0,0
100102,0,1,16,16,16,16,16,16,16,16,16,16
100102,1,1,0,0,0,22,0,0,0,0,0,0
100103,0,1,0,0,0,0,0,0,0,0,0,0
100103,1,1,0,0,18,22,0,0,0,0,0,0
100104,1,1,14,14,14,14,14,14,14,14,14,14
100105,1,1,0,0,0,0,0,0,0,0,0,0
100105,2,1,0,0,0,0,0,0,0,0,0,0
100105,3,1,0,0,0,0,0,0,0,11,0,0
100106,1,1,26,31,0,22,0,0,18,0,0,0
100106,2,1,0,0,0,0,0,0,0,0,0,0
100107,1,1,12,12,12,12,12,12,12,12,12,12
100108,1,1,0,0,0,0,0,0,0,0,0,0
100109,1,1,26,26,26,26,26,26,26,26,26,26
100109,2,1,0,0,0,0,0,0,0,0,0,0
100110,1,1,0,0,0,0,0,7,0,0,0,0
100110,2,1,15,0,11,0,0,0,0,0,0,0
100111,1,1,0,0,0,0,10,0,0,0,0,0
100111,2,1,14,14,14,14,14,14,14,14,14,14
100112,1,1,0,0,0,0,0,0,0,0,0,0
100112,2,1,0,0,0,0,0,0,0,0,0,0
100113,1,1,0,0,0,0,0,0,0,0,0,0
100113,2,1,0,0,0,0,0,0,0,0,0,0
100114,1,1,24,24,24,24,24,24,24,24,24,24
100115,1,1,0,0,0,0,0,0,0,0,0,0
100116,0,1,28,28,28,28,28,28,28,28,28,28
100116,1,1,0,13,0,0,0,0,0,0,0,0
100117,0,1,32,32,32,32,32,32,32,32,32,32
100117,1,1,9,4,0,0,22,0,7,10,0,0
100118,0,1,0,0,0,0,0,0,0,0,0,0
100118,1,1,0,0,0,0,0,0,0,0,0,0
100119,0,1,14,14,14,14,14,14,14,14,14,14
100119,1,1,0,0,0,0,0,0,0,0,0,0
100120,0,1,0,0,0,0,0,0,0,0,0,0
100120,1,1,12,12,12,12,12,12,12,12,12,12
100121,0,1,0,37,25,24,13,12,18,16,22,9
100122,0,1,0,0,0,0,0,0,0,0,0,0
100122,1,1,10,0,9,0,0,0,0,0,22,0
100123,1,1,0,0,0,0,0,0,0,0,0,0
100123,2,1,0,7,0,0,0,0,0,0,0,0
100124,1,1,0,0,0,0,0,0,0,0,0,0
100124,2,1,0,0,0,0,0,0,0,0,0,0
100125,0,1,0,0,0,0,0,0,0,16,24,38
100125,1,1,26,3,19,6,7,13,8,9,19,7
100126,1,1,0,0,0,0,0,0,0,0,0,0
100127,1,1,0,22,0,0,0,0,15,0,0,0
110001,0,1,1,1,1,1,1,1,1,1,1,1
110001,1,1,0,0,0,0,0,0,0,0,0,0
110002,0,1,0,0,0,35,0,0,28,27,0,0
110002,0,2,0,5,16,0,0,0,0,0,10,14
110002,1,1,0,0,0,0,0,0,24,0,0,0
110002,2,1,0,0,0,0,0,12,0,0,0,16
110002,3,1,0,36,0,10,0,0,0,0,0,0
110003,1,1,1,1,1,1,1,1,1,1,1,1
110004,1,1,15,0,0,16,0,6,0,0,8,0
110005,0,1,0,0,0,0,0,0,0,0,0,0
110005,1,1,0,0,0,11,22,0,0,26,0,7
110006,0,1,0,0,0,0,0,0,0,0,0,0
110006,1,1,0,0,0,0,0,0,0,0,0,0
110007,1,1,0,0,0,0,0,0,17,0,0,20
110007,2,1,0,0,9,9,0,0,0,0,0,16
110008,0,1,0,0,9,12,0,0,7,0,8,45
110008,1,1,0,0,0,0,0,0,0,0,0,0
110009,0,1,0,0,0,0,0,0,0,0,0,0
110009,1,1,0,0,0,0,0,0,0,0,0,0
110010,1,1,11,11,11,11,11,11,11,11,11,11
110011,0,1,4,4,4,4,4,4,4,4,4,4
110011,1,1,13,13,13,13,13,13,13,13,13,13
110012,1,1,0,0,26,10,4,0,10,0,0,6
110012,2,1,11,33,18,20,0,11,11,13,42,10
110013,0,1,0,0,0,0,0,0,0,0,0,0
110013,1,1,0,0,13,0,0,0,22,17,0,0
110014,1,1,17,17,17,17,17,17,17,17,17,17
110015,0,1,0,0,0,0,41,0,0,0,15,0