ST_CASE,VEH_NO,PER_NO,P1,P2,P3,P4,P5,P6,P7,P8,P9,P10
110015,1,1,0,0,0,0,0,0,0,0,0,0
110016,0,1,0,0,0,0,0,18,0,0,0,0
110016,0,2,0,0,0,0,0,0,0,0,0,0
110016,0,3,23,0,0,21,0,0,0,0,13,12
110016,0,4,0,0,0,0,42,0,0,0,0,0
110016,1,1,0,0,0,0,25,0,0,0,0,0
110017,0,1,31,25,16,32,19,22,0,22,15,11
110017,1,1,18,0,0,0,15,6,0,0,0,16
110018,0,1,0,0,0,0,0,0,0,0,0,0
110018,1,1,0,0,0,0,0,0,0,0,0,0
110019,1,1,0,0,0,2,0,0,0,0,0,0
110019,2,1,0,0,0,0,0,0,0,0,0,0
110020,0,1,0,0,0,0,0,0,0,0,0,0
110020,1,1,0,0,0,0,0,0,0,0,0,0
110021,1,1,7,7,7,7,7,7,7,7,7,7
110021,2,1,15,35,0,0,0,0,11,29,5,0
110022,0,1,0,0,0,0,0,0,0,0,0,0
110022,1,1,0,0,26,0,0,13,0,4,6,0
110023,1,1,0,0,0,0,0,0,0,0,0,0
110023,2,1,0,0,0,0,0,0,0,0,0,0
120001,0,1,18,18,18,18,18,18,18,18,18,18
120001,1,1,0,0,0,0,0,0,0,0,0,0
120002,1,1,17,17,17,17,17,17,17,17,17,17
120003,1,1,22,22,22,22,22,22,22,22,22,22
120004,0,1,0,0,0,0,0,0,0,0,0,0
120004,0,2,0,0,0,0,0,0,0,0,0,0
120004,0,3,0,0,0,0,0,0,0,0,0,0
120004,0,4,0,0,0,0,0,0,0,0,0,0
120004,1,1,0,0,0,19,0,0,0,48,0,0
120005,1,1,14,14,14,14,14,14,14,14,14,14
120005,2,1,0,0,0,0,0,0,0,0,0,0
120006,0,1,8,0,0,0,8,0,15,0,35,10
120006,1,1,0,0,0,0,0,0,7,0,11,9
120007,1,1,0,0,0,0,0,0,0,0,0,0
120007,2,1,0,0,0,0,13,3,0,0,0,0
120008,0,1,35,35,35,35,35,35,35,35,35,35
120008,1,1,0,14,0,0,0,0,0,0,0,0
120009,1,1,0,0,0,0,0,0,0,0,0,0
120009,2,1,0,0,0,0,0,0,0,0,0,0
120010,1,1,7,7,7,7,7,7,7,7,7,7
120011,1,1,0,0,0,0,0,0,0,0,0,0
120014,0,1,0,0,0,0,0,0,0,0,0,0
120014,0,2,0,0,0,0,0,0,0,0,0,0
120014,1,1,0,0,0,0,0,0,0,0,0,0
120015,1,1,23,23,23,23,23,23,23,23,23,23
120016,1,1,0,0,0,0,0,0,0,0,0,0
120016,2,1,0,0,0,0,0,0,0,0,0,0
120016,3,1,0,0,0,0,0,0,0,0,0,0
120017,1,1,0,0,0,0,10,0,0,13,0,0
120017,2,1,0,0,0,0,0,0,0,0,0,0
120017,3,1,0,0,0,0,0,0,0,0,0,0
120018,0,1,33,33,33,33,33,33,33,33,33,33
120018,1,1,0,0,0,0,0,0,0,0,0,0
120019,1,1,0,0,0,0,0,0,0,0,0,0
120019,2,1,0,0,0,0,0,0,0,0,0,0
120021,0,1,15,15,15,15,15,15,15,15,15,15
120021,1,1,0,0,0,0,0,0,0,10,0,0
120022,1,1,0,0,0,0,0,0,0,0,0,0
120022,2,1,0,0,0,0,0,0,0,0,0,0
120023,1,1,0,0,0,17,0,0,0,0,0,0
120024,1,1,0,0,13,0,18,0,0,3,0,0
120024,2,1,0,0,0,0,0,0,0,0,0,0
120024,3,1,0,0,0,0,0,0,0,0,0,10
120024,4,1,0,0,0,23,0,18,0,10,6,27
120025,1,1,0,0,0,0,0,0,0,0,0,0
120026,1,1,0,0,0,0,0,0,0,5,0,0
120026,2,1,0,0,0,3,0,0,0,0,0,0
120027,0,1,28,28,28,28,28,28,28,28,28,28
120027,1,1,0,0,0,0,14,0,0,0,0,0
120028,1,1,0,0,0,0,0,0,0,0,0,0
120029,1,1,1,1,1,1,1,1,1,1,1,1
120030,0,1,0,0,0,0,0,0,0,0,0,0
120030,1,1,0,14,0,0,0,16,0,0,0,0
120031,0,1,36,36,36,36,36,36,36,36,36,36
120031,1,1,0,10,0,0,0,0,0,0,0,0
120031,2,1,0,0,11,0,0,0,0,0,13,0
120032,1,1,20,20,20,20,20,20,20,20,20,20
120032,2,1,0,0,0,0,0,0,0,0,0,0
120034,1,1,0,0,0,0,0,0,0,0,0,0
120034,2,1,0,0,0,0,0,0,0,0,0,0
120036,1,1,0,19,0,0,11,0,0,0,0,0
120036,2,1,0,0,0,17,0,0,0,0,14,0
120036,3,1,0,0,0,0,0,0,0,0,0,0
120036,4,1,0,0,0,0,0,0,0,15,20,0
120037,0,1,0,0,0,0,0,0,0,0,0,0
120037,1,1,0,0,0,0,0,9,0,0,0,0
120038,1,1,0,0,0,0,0,0,0,0,0,0
120038,2,1,0,0,0,0,21,0,0,0,0,0
120039,1,1,0,0,0,0,0,0,0,0,0,0
120039,2,1,0,0,0,0,0,0,0,8,0,0
120040,1,1,0,0,0,0,0,0,0,0,0,0
120040,2,1,0,0,0,0,0,36,0,3,0,0
120040,3,1,0,0,0,0,0,0,0,0,0,0
120041,0,1,39,39,39,39,39,39,39,39,39,39
120041,1,1,0,0,0,0,0,0,0,0,0,0
120042,1,1,0,0,0,0,0,0,0,0,0,0
120042,2,1,0,0,0,0,0,0,0,0,0,0
120043,1,1,0,0,0,0,0,17,0,0,0,0
120043,2,1,0,0,0,0,0,0,0,0,0,0
120044,1,1,0,0,0,0,0,0,0,0,0,0
120044,2,1,0,0,0,0,0,0,0,0,0,0
120045,1,1,0,0,0,0,0,0,0,0,0,0
120045,2,1,0,0,0,0,0,0,0,0,0,0
120046,1,1,19,19,19,19,19,19,19,19,19,19
120046,2,1,0,0,0,0,0,0,0,0,0,0
120047,0,1,24,0,0,22,0,0,0,31,0,0
120047,1,1,0,0,0,0,0,0,0,0,0,0
120047,2,1,0,0,0,0,0,28,0,3,0,0
120048,1,1,10,11,0,0,0,11,0,0,0,0
120048,2,1,0,0,0,0,0,0,0,14,0,0
120049,1,1,0,0,10,6,0,0,0,0,0,0
120049,2,1,0,0,0,0,0,0,0,0,0,0
120049,3,1,0,0,0,0,0,0,0,0,0,0
120050,0,1,0,7,0,21,0,31,11,0,0,0
120050,1,1,0,0,0,0,0,0,0,0,0,0
120051,0,1,0,0,0,0,0,0,0,0,0,0
120051,1,1,13,0,0,0,16,0,0,23,19,0
120052,1,1,0,0,0,0,0,0,0,0,0,0
120052,2,1,0,0,0,0,0,0,0,0,0,0
120052,3,1,0,0,0,0,0,0,0,0,0,0
120053,1,1,23,23,23,23,23,23,23,23,23,23
120054,1,1,0,0,0,0,0,0,0,0,0,0
120054,2,1,0,0,0,0,0,0,0,0,0,0
120055,1,1,18,18,18,18,18,18,18,18,18,18
120056,1,1,0,0,0,7,0,0,0,0,0,0
120057,1,1,0,0,0,0,0,0,0,0,0,0
120058,0,1,28,28,28,28,28,28,28,28,28,28
120058,1,1,0,0,0,0,0,0,0,0,0,12
120059,1,1,0,0,0,0,0,0,0,0,0,0
120059,2,1,0,0,0,0,0,0,0,0,0,0
120060,0,1,0,0,0,0,0,0,0,0,0,0
120060,1,1,0,0,0,0,0,0,0,0,0,0
120061,1,1,0,0,0,0,0,0,0,0,0,0
120061,2,1,0,0,0,0,0,0,0,33,0,0
120062,1,1,0,25,0,0,14,0,0,0,0,16
120063,1,1,0,0,0,0,0,0,0,0,0,0
120063,2,1,0,0,0,0,0,0,0,0,0,0
120064,0,1,25,25,25,25,25,25,25,25,25,25
120064,1,1,0,0,0,0,0,0,0,0,0,0
120065,1,1,0,0,0,0,0,0,0,0,0,0
120065,2,1,15,0,0,0,0,0,6,0,0,7
120066,1,1,0,0,12,0,0,0,0,0,0,0
120066,2,1,0,0,0,0,0,0,0,0,0,0
120067,0,1,0,26,37,22,0,26,0,15,0,0
120067,1,1,0,0,0,0,14,0,0,0,0,0
120068,1,1,19,19,19,19,19,19,19,19,19,19
120069,0,1,28,28,28,28,28,28,28,28,28,28
120069,1,1,0,0,0,0,0,0,0,0,0,2
120070,1,1,0,0,0,0,0,0,0,0,0,0
120070,2,1,1,1,1,1,1,1,1,1,1,1
120071,0,1,0,0,4,37,0,10,0,18,22,0
120071,1,1,0,0,0,0,0,0,0,0,0,0
120072,1,1,0,0,0,0,0,0,0,0,0,0
120072,2,1,0,0,0,0,0,0,0,0,0,0
120073,0,1,26,26,26,26,26,26,26,26,26,26
120073,1,1,2,0,0,0,0,0,0,0,0,0
120074,1,1,16,0,0,0,0,0,0,0,0,0
120074,2,1,18,4,0,0,24,0,0,0,0,0
120075,1,1,12,12,12,12,12,12,12,12,12,12
120075,2,1,0,0,0,0,0,0,0,0,0,0
120076,1,1,0,0,0,0,0,0,0,0,0,0
120076,2,1,0,0,0,0,0,0,0,0,0,0
120077,1,1,0,0,0,0,0,0,0,0,0,0
120077,2,1,9,0,0,0,0,0,0,0,0,0
120078,1,1,0,0,0,0,0,0,0,0,0,0
120078,2,1,0,0,0,0,0,0,0,0,0,0
120079,1,1,19,19,19,19,19,19,19,19,19,19
120080,0,1,0,0,18,0,0,0,0,0,0,0
120080,1,1,0,0,0,4,0,0,0,0,0,0
120081,1,1,20,4,0,0,13,0,0,0,5,0
120081,2,1,0,0,0,0,0,0,0,0,0,0
120082,1,1,0,0,0,0,0,7,0,0,0,0
120083,0,1,0,0,0,0,0,0,0,0,0,0
120083,1,1,0,0,0,0,0,0,0,14,0,0
120084,1,1,0,0,0,0,0,0,0,0,0,0
120084,2,1,0,0,0,0,14,0,0,0,0,0
120085,0,1,0,19,0,0,31,28,0,12,17,28
120085,1,1,0,0,0,0,0,0,0,0,6,0
120086,1,1,0,0,0,0,0,0,0,0,0,0
120086,2,1,0,0,0,28,0,39,0,0,17,16
120087,1,1,36,36,36,36,36,36,36,36,36,36
120087,2,1,0,0,0,0,0,0,0,0,0,0
120088,0,1,20,20,20,20,20,20,20,20,20,20
120088,1,1,0,0,0,15,0,0,0,0,0,0
120089,0,1,38,38,38,38,38,38,38,38,38,38
120089,1,1,7,0,14,0,0,0,0,0,0,0
120090,0,1,27,0,33,32,0,0,0,0,25,19
120091,1,1,0,0,0,0,0,0,0,0,0,0
120092,0,1,28,28,28,28,28,28,28,28,28,28
120092,1,1,0,0,0,0,0,0,0,5,0,0
120093,1,1,6,6,6,6,6,6,6,6,6,6
120093,2,1,0,0,0,0,0,0,0,0,0,0
120094,1,1,0,26,0,0,0,0,0,0,14,10
120094,2,1,0,0,24,0,0,0,0,0,6,0
120095,1,1,0,0,0,0,0,0,26,0,0,0
120095,2,1,0,0,0,0,0,0,0,0,0,0
120096,0,1,0,0,0,0,0,0,0,0,0,0
120096,0,2,0,0,0,0,0,0,0,0,0,0
120096,1,1,0,0,0,0,0,24,0,0,0,0
120096,2,1,0,0,0,0,0,0,0,0,0,0
120097,1,1,0,18,12,0,0,6,9,0,0,6
120097,2,1,30,30,30,30,30,30,30,30,30,30
120098,0,1,30,30,30,30,30,30,30,30,30,30
120098,1,1,0,0,0,0,0,0,10,0,0,0
120099,1,1,0,0,0,0,0,0,0,0,0,0
120099,2,1,0,0,0,0,0,14,0,0,0,30
120100,1,1,17,15,11,8,21,12,6,16,12,18
120101,1,1,0,0,0,0,0,0,0,0,0,0
120101,2,1,0,0,0,0,0,0,0,0,0,0
120102,1,1,0,0,0,0,0,0,0,0,0,0
120102,2,1,0,0,0,0,0,0,0,0,0,0
120103,1,1,19,19,19,19,19,19,19,19,19,19
120104,1,1,0,0,17,0,0,0,0,0,0,0
120104,2,1,0,0,0,0,14,0,0,0,0,0
120105,1,1,0,0,0,0,0,0,0,0,0,0
120105,2,1,0,0,0,0,0,0,0,0,0,0
120106,1,1,16,0,35,0,20,0,13,21,0,23
120107,0,1,20,20,20,20,20,20,20,20,20,20
120107,1,1,0,0,17,0,0,20,0,0,0,0
120108,0,1,0,0,0,0,0,0,0,0,0,0
120108,1,1,4,0,0,0,0,0,0,0,0,0
120108,2,1,0,0,0,0,0,0,0,0,17,0
120109,1,1,0,0,0,0,0,0,0,0,0,0
120109,2,1,0,0,0,0,0,0,0,0,0,0
120110,1,1,0,0,0,0,0,0,0,0,0,0
120110,2,1,0,0,0,0,0,0,0,0,0,0
120110,3,1,0,0,0,21,0,0,0,0,0,0
120111,1,1,0,0,0,0,0,0,0,0,0,0
120111,2,1,0,0,0,0,0,0,0,0,0,0
120112,1,1,14,14,14,14,14,14,14,14,14,14
120113,0,1,0,0,0,0,0,0,0,0,0,0
120113,0,2,0,0,0,14,0,0,0,0,0,0
120113,1,1,0,0,0,6,0,0,3,0,0,0
120113,2,1,0,0,0,12,0,0,0,0,0,0
120114,1,1,0,0,0,0,0,0,0,0,0,0
120114,2,1,0,0,0,5,13,0,0,0,0,0
120115,1,1,0,0,0,0,0,0,17,10,0,0
120117,1,1,2,2,2,2,2,2,2,2,2,2
120117,2,1,0,0,0,0,0,0,0,0,0,0
120118,1,1,0,0,0,0,0,0,0,0,0,0
120119,1,1,26,26,26,26,26,26,26,26,26,26
120120,1,1,0,0,0,0,0,0,0,0,0,0
120120,2,1,0,10,17,0,0,0,0,0,0,5
120121,1,1,5,5,5,5,5,5,5,5,5,5
120122,1,1,0,0,0,0,0,0,0,0,0,0
120123,1,1,0,0,0,8,0,0,0,5,0,0
120123,2,1,0,0,0,9,0,0,0,0,0,0
120124,1,1,22,22,22,22,22,22,22,22,22,22
120125,0,1,0,0,0,0,0,0,0,0,0,0
120125,1,1,0,0,0,0,0,0,0,0,0,0
120126,1,1,0,0,0,0,0,0,0,4,0,0
120126,2,1,0,0,0,0,0,0,0,0,0,0
120127,1,1,0,0,0,0,0,0,0,0,0,0
120127,2,1,0,0,0,0,0,0,0,35,0,0
120128,1,1,0,0,0,0,0,0,0,0,0,0
120129,1,1,0,0,0,13,0,0,0,0,0,7
120129,2,1,9,0,0,8,0,11,22,0,0,9
120130,1,1,25,25,25,25,25,25,25,25,25,25
120131,1,1,0,0,0,0,0,24,0,0,0,13
120131,2,1,0,0,0,0,0,0,4,0,6,0
120131,3,1,0,17,0,0,0,0,0,0,0,0
120132,1,1,0,0,0,0,22,0,0,0,0,0
120132,2,1,0,0,0,0,0,0,0,0,0,5
120134,0,1,30,0,15,0,21,12,0,0,0,0
120134,1,1,0,0,0,0,0,0,0,0,0,0
120135,0,1,0,0,0,0,0,0,0,0,0,0
120135,1,1,0,0,0,0,0,0,0,0,0,0
120136,1,1,0,0,0,0,0,0,0,0,0,0
120136,2,1,0,0,0,0,0,0,0,0,0,0
120137,0,1,22,29,0,0,38,0,36,32,21,0
120137,1,1,0,0,0,0,0,0,0,17,0,0
120138,0,1,0,0,0,0,0,0,0,0,0,0
120138,1,1,8,5,0,0,0,0,6,21,18,0
120139,1,1,0,0,0,0,0,0,0,6,0,0
120139,2,1,0,0,0,0,0,0,0,0,0,0
120140,1,1,0,0,0,0,0,0,0,0,0,0
120140,2,1,0,0,0,0,0,0,0,0,0,0
120141,1,1,0,0,0,0,0,0,0,0,6,0
120141,2,1,7,7,7,7,7,7,7,7,7,7
120142,1,1,0,0,0,0,0,0,0,0,0,0
120142,2,1,0,0,7,0,0,0,0,0,2,0
120143,1,1,39,39,39,39,39,39,39,39,39,39
120144,0,1,0,0,0,0,0,0,0,0,0,0
120144,1,1,0,24,0,0,0,0,0,0,30,0
120145,0,1,29,29,29,29,29,29,29,29,29,29
120145,1,1,0,0,0,0,0,21,0,15,0,0
120146,0,1,0,0,0,5,0,0,0,0,0,0
120146,1,1,0,0,0,0,0,0,0,0,0,0
120147,0,1,0,0,0,0,0,0,0,0,0,0
120147,1,1,0,0,0,0,0,0,0,0,0,0
120148,0,1,0,0,0,0,0,0,0,0,0,0
120148,1,1,0,0,0,0,0,0,0,0,0,0
120149,1,1,0,20,0,0,0,0,0,0,0,0
120149,2,1,0,19,0,0,0,0,0,0,0,0
120150,0,1,0,0,0,0,0,0,0,0,0,0
120150,1,1,0,0,0,0,0,0,15,0,0,0
120151,1,1,9,9,9,9,9,9,9,9,9,9
120151,2,1,0,0,0,0,0,0,0,0,0,0
120151,3,1,0,0,0,0,0,0,0,0,0,0
120152,1,1,0,0,0,0,0,0,0,0,0,0
120152,2,1,0,0,0,0,0,0,0,0,0,19
120153,1,1,0,0,0,0,0,0,0,0,0,0
120154,0,1,16,16,16,16,16,16,16,16,16,16
120154,1,1,9,9,9,9,9,9,9,9,9,9
120155,1,1,0,0,0,0,0,0,0,0,0,0
120155,2,1,0,0,0,0,0,0,0,0,0,0
120157,1,1,0,0,0,0,0,0,0,0,0,0
120157,2,1,0,0,0,0,0,0,0,0,0,0
120158,1,1,0,0,0,0,0,0,0,0,0,0
120158,2,1,0,0,0,0,0,0,0,0,0,0
120159,1,1,0,0,0,0,0,0,0,0,0,0
120159,2,1,0,0,0,0,0,0,0,0,0,0
120160,1,1,23,0,0,0,0,0,0,0,8,15
120160,2,1,23,23,23,23,23,23,23,23,23,23
120161,0,1,22,22,22,22,22,22,22,22,22,22
120161,1,1,28,28,28,28,28,28,28,28,28,28
120162,1,1,0,0,0,0,0,0,0,0,0,0
120162,2,1,0,0,0,0,0,0,0,0,0,0
120163,1,1,0,0,0,0,0,0,0,0,0,0
120164,1,1,0,0,0,0,0,0,0,0,0,0
120164,2,1,7,7,7,7,7,7,7,7,7,7
120165,1,1,19,0,0,0,2,0,4,0,0,0
120165,2,1,0,0,0,0,0,0,0,0,0,0
120166,1,1,0,0,0,0,0,0,0,0,0,0
120167,1,1,12,12,12,12,12,12,12,12,12,12
120168,1,1,1,1,1,1,1,1,1,1,1,1
120169,1,1,7,7,7,7,7,7,7,7,7,7
120170,1,1,0,0,0,0,0,0,0,0,0,0
120171,1,1,10,10,10,10,10,10,10,10,10,10
120171,2,1,0,0,0,0,0,0,0,0,0,0
120172,1,1,0,0,0,14,0,0,0,0,0,0
120172,2,1,0,0,0,0,0,0,0,0,0,0
120174,0,1,0,0,0,8,0,0,0,0,0,0
120174,1,1,0,0,0,0,0,0,0,0,0,0
120175,0,1,19,18,14,18,14,25,0,23,12,7
120175,1,1,0,0,0,0,0,0,0,0,0,22
120176,0,1,0,0,0,0,0,0,0,0,0,0
120176,1,1,0,0,0,0,0,0,0,0,0,0
120177,0,1,0,0,0,0,33,0,0,16,0,22
120177,0,2,0,0,0,0,0,0,0,0,0,0
120177,1,1,0,0,0,0,0,0,0,0,0,0
120178,1,1,14,14,14,14,14,14,14,14,14,14
120179,1,1,0,0,0,0,0,0,0,0,0,0
120180,1,1,0,0,0,0,11,0,0,0,10,0
120180,2,1,0,0,0,0,0,0,0,0,0,0
120181,1,1,0,0,0,0,0,0,0,0,0,0
120181,2,1,0,0,0,0,0,0,0,0,0,0
120182,0,1,0,0,0,0,0,0,0,0,0,0
120182,1,1,25,25,25,25,25,25,25,25,25,25
120183,1,1,20,20,20,20,20,20,20,20,20,20
120184,1,1,0,0,0,0,0,0,0,0,0,0
120185,1,1,13,13,13,13,13,13,13,13,13,13
120186,1,1,6,6,6,6,6,6,6,6,6,6
120187,1,1,20,20,20,20,20,20,20,20,20,20
120188,1,1,0,16,0,0,0,0,18,0,27,0
120188,2,1,0,19,0,0,0,0,0,0,0,0
120189,1,1,25,25,25,25,25,25,25,25,25,25
120190,1,1,0,0,0,0,0,0,0,0,0,0
120190,2,1,0,0,0,0,0,0,0,0,0,0
120191,1,1,0,16,0,23,16,0,0,0,0,0
120192,0,1,0,0,0,0,0,0,0,0,0,0
120192,1,1,0,0,0,0,5,0,0,0,8,0
120192,2,1,0,0,0,0,0,15,11,0,0,0
120193,1,1,18,18,18,18,18,18,18,18,18,18
120193,2,1,0,0,0,0,0,0,0,0,0,0
120194,1,1,0,0,0,0,0,0,0,0,0,0
120195,0,1,7,7,7,7,7,7,7,7,7,7
120195,1,1,0,0,0,0,0,0,0,0,0,0
120196,0,1,0,0,24,8,0,0,0,0,0,0
120196,0,2,0,0,0,0,0,0,0,0,0,0
120196,0,3,0,0,15,0,0,32,0,0,0,0
120196,0,4,0,0,0,30,0,0,0,0,0,0
120196,1,1,0,0,0,10,0,7,0,0,0,2
120197,1,1,5,5,16,0,0,7,0,8,0,0
120197,2,1,0,0,17,0,19,15,0,12,24,0
120199,1,1,0,0,0,0,0,0,15,20,0,0
120199,2,1,8,8,8,8,8,8,8,8,8,8
120199,3,1,0,19,9,4,0,0,0,0,0,0
120200,0,1,0,26,0,0,0,13,0,0,0,0
120200,1,1,0,0,0,11,0,0,0,4,0,0
120202,1,1,0,0,0,0,0,0,0,0,0,0
120203,1,1,0,11,0,0,0,0,0,0,0,0
120203,2,1,0,0,0,0,0,0,0,0,0,0
120204,0,1,0,0,0,0,0,0,0,0,0,0
120204,1,1,0,0,0,0,0,0,0,0,0,0
120205,1,1,0,0,0,13,0,0,0,0,0,0
120205,2,1,0,0,0,0,0,0,0,0,0,0
120206,1,1,0,0,0,0,0,0,0,0,0,0
120207,1,1,22,0,0,17,0,10,7,15,4,0
120207,2,1,12,12,12,12,12,12,12,12,12,12
120208,1,1,0,0,0,0,0,0,0,0,0,0
120208,2,1,0,0,0,0,0,0,0,0,0,0
120208,3,1,0,0,0,0,0,0,0,0,0,0
120209,1,1,0,0,0,0,0,0,0,0,0,0
120209,2,1,0,0,0,0,0,0,0,0,0,0
120210,1,1,1,1,1,1,1,1,1,1,1,1
120210,2,1,12,12,12,12,12,12,12,12,12,12
120211,0,1,0,0,11,0,0,40,28,0,0,0
120211,1,1,0,0,0,0,0,0,0,0,0,0
120212,0,1,0,26,0,0,0,0,31,0,0,0
120212,1,1,0,0,0,0,0,0,12,0,0,0
120213,0,1,25,25,25,25,25,25,25,25,25,25
120213,0,2,0,0,0,0,0,0,0,0,0,0
120213,1,1,0,0,0,0,13,0,0,0,0,0
120214,1,1,0,0,0,2,0,0,0,0,0,0
120214,2,1,0,0,19,0,0,0,0,0,23,20
120214,3,1,0,0,0,0,0,0,0,0,0,0
120215,1,1,0,0,0,0,0,0,0,0,0,0
120215,2,1,0,0,0,0,0,0,0,0,0,0
120217,1,1,29,29,29,29,29,29,29,29,29,29
120217,2,1,0,0,0,0,0,0,0,0,0,0
120217,3,1,0,0,0,12,0,0,0,0,0,0
120218,0,1,0,0,0,9,14,0,0,16,22,0
120218,1,1,0,0,0,0,0,22,0,0,0,0
120219,1,1,9,16,20,9,0,8,10,13,9,19
120219,2,1,0,0,0,0,0,0,0,0,0,14
120220,1,1,0,0,0,0,0,0,0,0,0,0
120220,2,1,0,0,0,0,0,0,0,0,0,0
120221,1,1,30,30,30,30,30,30,30,30,30,30
120222,1,1,0,0,0,0,0,0,0,0,0,0
120222,2,1,0,0,0,0,0,0,0,0,0,0
120223,1,1,0,0,0,0,0,0,0,0,0,0
120223,2,1,0,0,0,0,0,0,0,0,0,0
120225,0,1,21,0,3,29,0,0,13,0,0,18
120225,1,1,27,0,0,13,3,0,0,0,0,0
120225,2,1,0,0,0,0,0,0,0,0,0,0
120226,0,1,0,0,0,0,0,0,0,0,0,0
120226,1,1,0,0,0,0,0,0,0,0,0,4
120227,1,1,0,0,0,0,0,0,0,0,0,0
120228,1,1,16,16,16,16,16,16,16,16,16,16
120229,1,1,0,0,0,0,0,0,0,0,0,0
120229,2,1,0,0,0,0,0,0,0,0,0,0
120229,3,1,0,14,0,0,0,0,0,0,0,0
120231,1,1,0,0,0,0,0,0,0,0,0,0
120232,0,1,0,0,0,0,48,0,0,22,0,0
120232,1,1,0,0,0,28,0,0,0,0,0,0
120233,1,1,0,0,0,0,0,0,0,0,0,0
120233,2,1,0,0,0,0,0,0,0,0,0,0
120234,0,1,0,0,0,0,0,0,0,0,0,0
120234,1,1,0,0,0,0,0,0,0,0,0,0
120235,1,1,22,22,22,22,22,22,22,22,22,22
120236,0,1,0,0,0,0,0,0,0,0,0,0
120236,1,1,0,0,0,0,0,0,0,0,0,0
120237,1,1,0,0,0,15,0,0,6,0,0,0
120238,1,1,0,0,0,0,8,0,0,0,0,0
120238,2,1,0,4,8,0,0,0,14,15,0,14
120239,0,1,30,30,30,30,30,30,30,30,30,30
120239,1,1,1,1,1,1,1,1,1,1,1,1
120240,1,1,14,14,14,14,14,14,14,14,14,14
120241,0,1,0,0,0,0,0,0,0,0,0,0
120241,1,1,0,0,0,0,0,0,0,0,0,0
120242,0,1,13,13,13,13,13,13,13,13,13,13
120242,1,1,0,0,0,0,0,10,0,13,0,7
120243,1,1,11,11,11,11,11,11,11,11,11,11
120244,1,1,25,25,25,25,25,25,25,25,25,25
120245,0,1,0,0,0,0,0,0,0,0,0,0
120245,1,1,26,0,0,0,0,0,14,0,0,0
120246,0,1,0,0,0,0,0,0,0,0,0,0
120246,1,1,0,0,0,16,0,0,0,0,0,0
120247,1,1,0,0,0,0,0,0,0,0,0,0
120247,2,1,0,0,0,0,0,0,0,0,0,0
120248,0,1,27,27,27,27,27,27,27,27,27,27
120248,1,1,0,0,0,0,0,0,0,0,0,0
120249,1,1,11,11,11,11,11,11,11,11,11,11
120250,1,1,0,15,0,0,5,0,0,0,0,0
120251,1,1,0,28,0,0,0,0,0,0,0,0
120251,2,1,0,0,0,0,0,0,0,0,0,0
120252,0,1,0,0,0,0,0,0,0,0,0,0
120252,1,1,0,0,10,0,0,0,0,0,0,0
120253,1,1,0,0,0,0,0,0,0,0,0,0
120253,2,1,0,0,0,0,0,0,0,0,0,0
120253,3,1,0,0,0,0,0,0,0,0,0,0
120254,1,1,22,22,22,22,22,22,22,22,22,22
120254,2,1,15,0,0,0,0,0,0,0,0,0
120255,1,1,8,8,8,8,8,8,8,8,8,8
120255,2,1,0,0,0,0,0,0,0,0,0,0
120256,0,1,0,0,0,0,0,0,0,0,0,0
120256,1,1,0,0,0,0,0,0,0,0,0,0
120257,1,1,17,17,17,17,17,17,17,17,17,17
120257,2,1,0,0,0,0,0,0,0,0,0,0
120258,0,1,24,24,24,24,24,24,24,24,24,24
120258,1,1,0,0,0,0,0,0,0,0,0,0
120259,1,1,0,0,0,0,0,0,0,0,0,0
120259,2,1,0,0,0,0,0,0,0,0,0,0
120260,0,1,20,20,20,20,20,20,20,20,20,20
120260,1,1,9,9,9,9,9,9,9,9,9,9
120261,1,1,20,20,20,20,20,20,20,20,20,20
120261,2,1,0,0,0,0,0,0,0,0,0,0
120262,1,1,0,0,0,0,0,0,0,0,0,0
120262,2,1,0,0,0,0,0,0,0,0,0,0
120263,1,1,0,0,0,0,0,0,0,0,0,0
120264,1,1,11,11,11,11,11,11,11,11,11,11
120265,1,1,0,0,0,0,0,0,0,15,0,0
120265,2,1,0,0,14,0,24,23,0,0,0,0
120267,0,1,34,0,35,0,0,0,0,0,18,16
120267,1,1,0,6,0,0,0,0,0,0,0,0
120268,1,1,0,0,0,0,0,0,0,0,0,0
120268,2,1,0,0,0,0,0,0,0,0,0,0
120269,0,1,0,0,0,0,0,0,0,0,0,0
120269,1,1,0,0,0,0,0,0,0,0,0,0
120270,0,1,24,24,24,24,24,24,24,24,24,24
120270,1,1,0,0,0,0,0,0,0,0,0,0
120271,0,1,0,0,0,0,0,0,0,0,0,0
120271,1,1,0,0,0,0,0,0,3,0,0,9
120272,0,1,7,37,0,12,0,0,23,0,12,0
120272,0,2,0,0,0,0,0,0,0,0,0,36
120272,1,1,11,11,11,11,11,11,11,11,11,11
120273,1,1,0,0,0,0,0,0,0,0,0,0