ST_CASE,VEH_NO,PER_NO,P1,P2,P3,P4,P5,P6,P7,P8,P9,P10
120274,0,1,0,0,0,0,0,0,0,0,0,0
120274,1,1,0,0,0,0,0,0,0,0,0,0
120276,0,1,0,36,0,0,0,0,0,0,0,0
120276,1,1,0,0,0,0,0,0,0,0,0,0
120277,1,1,7,7,7,7,7,7,7,7,7,7
120277,2,1,0,0,0,0,0,0,20,0,0,0
120278,1,1,0,0,0,0,20,17,19,24,0,0
120279,1,1,0,0,0,0,0,0,0,0,0,0
120280,1,1,15,7,0,7,43,17,9,18,4,0
120281,1,1,29,29,29,29,29,29,29,29,29,29
120281,2,1,21,21,21,21,21,21,21,21,21,21
120282,1,2,13,0,10,22,37,0,18,0,0,0
120283,1,1,19,0,0,0,16,0,0,0,0,0
120284,1,1,0,0,0,0,0,0,0,14,0,0
120284,2,1,0,0,0,0,0,0,0,0,0,0
120285,1,1,0,0,0,0,0,0,0,0,0,0
120285,2,1,0,0,0,0,0,0,0,0,0,0
120286,0,1,26,26,26,26,26,26,26,26,26,26
120286,1,1,0,0,0,0,0,0,0,0,5,0
120287,0,1,0,0,0,0,0,0,0,0,0,20
120287,1,1,25,0,0,0,0,0,0,0,0,0
120288,1,1,0,0,0,0,0,0,0,0,0,0
120289,0,1,0,0,0,0,0,0,0,0,0,0
120289,1,1,0,0,0,9,0,10,0,0,0,0
120290,1,1,0,0,0,0,0,0,0,0,0,0
120290,2,1,0,0,0,0,0,0,0,0,0,0
120291,0,1,0,0,0,0,0,0,0,0,0,0
120291,1,1,0,0,0,0,0,0,0,0,0,0
120292,1,1,0,0,0,0,0,0,0,0,0,0
120292,2,1,0,0,0,0,0,0,0,0,0,0
120293,0,1,5,5,5,5,5,5,5,5,5,5
120293,1,1,4,0,0,4,0,0,0,0,0,7
120294,1,1,8,8,8,8,8,8,8,8,8,8
120295,0,1,0,0,0,0,0,0,0,0,0,0
120295,1,1,0,9,0,0,0,0,12,9,0,0
120296,0,1,0,0,0,0,0,0,0,0,35,0
120296,1,1,0,0,0,0,0,0,0,0,0,0
120297,1,1,12,24,15,0,0,26,13,0,9,12
120298,0,1,0,0,0,0,0,0,0,0,0,0
120298,1,1,0,0,0,0,0,0,0,0,0,0
120299,1,1,0,0,0,0,0,0,0,0,0,0
120299,2,1,5,5,5,5,5,5,5,5,5,5
120299,3,1,0,0,0,0,0,0,0,0,0,0
120300,1,1,28,28,28,28,28,28,28,28,28,28
120302,1,1,17,17,17,17,17,17,17,17,17,17
120303,1,1,13,16,14,8,11,16,4,16,15,27
120304,1,1,0,0,0,0,0,0,0,0,0,0
120304,2,1,24,24,24,24,24,24,24,24,24,24
120305,1,1,0,0,0,0,0,0,0,0,0,0
120305,2,1,0,0,0,0,0,0,0,0,0,0
120306,1,1,0,0,0,0,0,0,0,0,0,0
120307,1,1,0,0,0,0,0,0,0,0,0,0
120307,2,1,0,0,0,0,0,0,0,0,0,0
120307,3,1,0,0,0,0,0,0,0,0,0,0
120307,4,1,0,0,0,0,0,0,0,0,0,0
120307,5,1,0,0,0,0,0,0,0,0,0,0
120307,6,1,0,0,0,0,0,0,0,0,0,0
120307,7,1,0,0,0,0,0,0,0,0,0,0
120307,8,1,0,0,0,0,0,0,0,0,0,0
120307,9,1,0,0,0,0,0,0,0,0,0,0
120308,0,1,0,0,0,0,0,0,0,0,0,0
120308,1,1,0,0,13,0,0,19,0,0,0,0
120309,0,1,0,0,0,0,0,0,0,0,0,0
120309,1,1,24,0,8,0,28,0,27,16,0,0
120310,1,1,0,0,0,6,0,0,0,0,0,0
120310,2,1,0,0,0,25,0,0,0,0,0,0
120311,1,1,0,0,0,0,0,0,0,0,0,0
120312,1,1,7,7,7,7,7,7,7,7,7,7
120312,2,1,0,0,0,0,0,0,0,0,0,0
120313,1,1,16,16,16,16,16,16,16,16,16,16
120314,1,1,17,17,17,17,17,17,17,17,17,17
120315,1,1,0,0,0,0,0,0,0,0,0,0
120315,2,1,0,0,0,14,0,0,0,0,33,0
120317,0,1,0,0,0,0,0,0,0,0,0,0
120317,1,1,0,0,0,0,0,0,0,0,0,0
120318,1,1,2,2,2,2,2,2,2,2,2,2
120319,1,1,1,1,1,1,1,1,1,1,1,1
120319,2,1,0,0,0,0,0,0,0,0,0,0
120321,1,1,28,0,0,21,0,0,22,0,0,5
120321,2,1,0,0,0,21,0,0,0,0,0,0
120322,1,1,0,0,0,0,21,0,0,0,0,0
120323,1,1,21,17,10,0,9,0,0,0,0,0
120324,1,1,0,28,4,9,21,13,7,9,16,7
120325,1,1,0,0,0,0,0,0,0,0,0,0
120326,0,1,0,16,36,0,0,0,0,0,0,0
120326,1,1,0,0,0,0,0,0,0,0,0,0
120327,1,1,0,0,0,19,20,0,0,0,0,30
120328,0,1,0,46,0,8,12,0,0,14,18,0
120328,1,1,0,0,0,0,0,16,0,0,17,0
120329,1,1,0,0,0,0,0,0,0,0,0,0
120329,2,1,0,0,0,0,0,0,0,0,0,0
120330,1,1,15,15,15,15,15,15,15,15,15,15
120331,0,1,26,0,0,0,22,32,0,0,0,0
120331,1,1,0,0,0,0,0,0,0,0,0,0
120332,1,1,0,0,0,0,0,0,0,0,0,0
120333,1,1,0,0,0,31,0,0,0,20,0,14
120334,1,1,0,0,0,0,0,0,0,0,0,0
120334,2,1,0,0,0,0,0,0,0,0,0,14
120335,0,1,15,15,15,15,15,15,15,15,15,15
120335,1,1,0,0,0,0,0,0,0,0,0,0
120336,1,1,0,0,0,0,0,0,0,22,0,0
120336,2,1,0,0,0,0,0,0,0,0,0,0
120337,1,1,0,0,0,0,0,0,0,0,0,0
120337,2,1,0,0,0,0,0,0,0,0,2,0
120338,0,1,4,4,4,4,4,4,4,4,4,4
120338,1,1,0,0,0,0,9,0,0,0,0,0
120339,0,1,16,0,0,0,0,0,0,0,0,0
120339,1,1,0,0,0,0,0,0,0,0,18,0
120339,2,1,0,0,0,0,0,0,0,0,0,0
120340,0,1,0,55,0,0,0,30,0,0,0,0
120340,1,1,0,0,0,0,0,0,0,0,0,0
120341,1,1,13,13,13,13,13,13,13,13,13,13
120342,1,1,16,0,0,12,0,14,27,0,21,18
120343,1,1,0,0,0,0,8,0,0,0,0,0
120343,2,1,19,19,19,19,19,19,19,19,19,19
120344,1,1,0,0,0,0,0,0,0,0,0,0
120344,2,1,0,10,0,0,12,11,0,0,15,0
120345,1,1,0,0,0,0,0,0,0,0,5,24
120346,1,1,0,0,0,0,0,0,0,0,0,0
120347,0,1,0,0,0,0,0,0,0,0,0,0
120347,1,1,0,0,0,22,0,17,0,0,0,0
120348,0,1,14,11,25,0,11,0,27,0,18,0
120348,1,1,0,0,0,0,9,0,0,0,0,0
120349,1,1,22,22,22,22,22,22,22,22,22,22
120350,1,1,0,0,0,0,0,0,0,0,0,0
120350,2,1,0,0,0,0,0,0,0,0,0,0
120351,1,1,0,0,0,0,0,0,0,0,0,0
120351,2,1,0,0,0,0,0,0,0,0,0,0
120352,1,1,34,0,0,13,0,6,8,8,0,0
120353,1,1,0,10,0,0,0,0,0,0,0,0
120353,2,1,0,0,0,0,0,0,0,0,0,0
120354,0,1,0,26,0,0,0,21,24,37,37,0
120354,1,1,0,0,0,0,0,0,0,0,0,0
120355,1,1,10,0,0,13,0,8,10,0,0,0
120355,2,1,0,0,16,9,0,0,0,0,0,0
120356,1,1,0,0,0,0,0,0,0,0,0,0
120356,2,1,0,0,0,0,0,0,0,0,0,0
120357,1,1,0,0,0,0,0,0,0,0,0,0
120357,2,1,0,0,0,0,0,0,0,0,0,0
120358,0,1,0,0,0,0,0,0,0,0,0,0
120358,1,1,0,0,0,0,0,0,0,0,11,24
120358,2,1,0,0,0,0,0,0,0,0,0,0
120359,1,1,0,0,0,0,0,0,0,0,0,0
120359,2,1,0,0,0,0,0,0,0,0,0,0
120360,0,1,0,0,12,0,9,0,0,0,0,0
120360,1,1,0,0,0,0,0,0,0,0,0,0
120362,1,1,0,0,0,0,0,0,0,0,0,0
120362,2,1,0,0,0,0,0,0,0,0,0,0
120362,3,1,0,0,0,0,0,0,3,19,0,0
120363,1,1,0,0,0,0,0,0,0,0,0,0
120363,2,1,0,0,0,0,0,0,0,0,0,0
120364,1,1,0,0,0,0,0,0,0,0,0,0
120364,2,1,0,0,0,0,0,0,0,0,0,0
120365,0,1,0,0,0,0,0,0,0,26,0,0
120365,1,1,0,0,0,0,0,0,0,0,0,0
120366,1,1,0,0,0,0,0,0,0,0,0,0
120367,0,1,19,22,0,0,0,0,29,28,0,12
120367,1,1,10,10,10,10,10,10,10,10,10,10
120368,1,1,0,0,0,0,0,0,0,0,0,0
120368,2,1,0,0,0,0,0,0,0,0,0,0
120368,3,1,0,0,0,0,0,0,0,0,0,0
120368,4,1,0,0,0,0,0,8,0,0,0,0
120369,1,1,27,27,27,27,27,27,27,27,27,27
120370,0,1,20,20,20,20,20,20,20,20,20,20
120370,1,1,0,0,0,0,0,0,0,0,0,0
120371,1,1,0,0,0,0,0,0,0,0,0,0
120371,2,1,0,0,0,0,0,0,0,0,0,0
120372,1,1,19,19,19,19,19,19,19,19,19,19
120373,1,1,0,0,0,0,0,0,0,0,0,0
120373,2,1,0,0,0,0,0,0,0,0,0,0
120374,1,1,0,0,0,0,0,0,0,0,0,0
120375,0,1,32,32,32,32,32,32,32,32,32,32
120375,1,1,0,0,0,0,0,0,0,0,0,0
120376,1,1,13,13,13,13,13,13,13,13,13,13
120377,1,1,0,26,0,0,0,0,0,0,0,0
120378,1,1,0,0,0,0,0,0,0,0,0,0
120378,2,1,0,0,0,0,0,0,0,0,0,0
120378,3,1,0,0,0,0,0,0,0,0,0,0
120379,1,1,0,0,0,0,0,0,0,0,0,0
120380,1,1,11,11,11,11,11,11,11,11,11,11
120382,1,1,0,0,0,0,0,0,0,0,0,0
120382,2,1,0,0,0,11,0,0,0,0,0,0
120382,3,1,0,0,0,0,0,0,0,0,24,0
120383,1,1,0,0,0,0,0,0,0,0,0,0
120383,2,1,0,0,0,0,0,0,0,0,0,0
120384,1,1,24,13,7,13,8,0,5,23,20,16
120385,1,1,21,21,21,21,21,21,21,21,21,21
120385,2,1,0,0,0,4,0,0,0,0,0,15
120386,0,1,0,0,0,0,0,0,0,0,0,0
120386,1,1,0,0,0,0,0,0,0,0,0,0
120387,0,1,0,0,25,30,0,14,0,15,0,26
120387,0,2,0,0,0,0,0,3,0,0,0,0
120387,0,3,0,0,0,0,3,0,0,0,0,0
120387,1,1,14,0,0,0,7,0,22,0,0,0
120388,1,1,0,0,0,0,0,0,0,0,0,0
120388,2,1,0,0,0,7,0,0,0,3,0,0
120389,1,1,0,0,0,0,0,0,0,0,0,0
120389,2,1,0,0,0,0,0,0,0,0,0,0
120390,1,1,0,0,0,0,0,0,0,0,0,0
120390,2,1,0,0,0,0,0,0,0,0,0,0
120391,1,1,0,0,0,0,0,0,0,0,0,0
120391,2,1,0,0,0,10,0,0,0,0,0,0
120391,3,1,0,0,0,0,0,0,0,0,0,0
120392,1,1,14,14,14,14,14,14,14,14,14,14
120394,1,1,18,18,18,18,18,18,18,18,18,18
120395,1,1,0,0,0,0,0,0,0,0,0,0
120395,2,1,0,0,0,0,0,0,0,0,0,0
120395,3,1,0,0,0,0,0,0,0,0,0,0
120396,0,1,0,0,0,13,0,0,0,0,0,0
120396,1,1,0,0,0,0,0,0,0,0,0,0
120397,0,1,27,0,0,0,0,0,51,0,0,0
120397,1,1,0,0,0,0,0,0,0,0,17,0
120397,2,1,0,0,0,0,0,0,0,0,21,0
120398,1,1,0,0,0,0,0,0,0,0,0,0
120398,2,1,0,0,0,0,0,0,0,0,0,0
120398,3,1,0,0,0,0,0,0,0,26,0,0
120399,0,1,9,9,9,9,9,9,9,9,9,9
120399,0,2,16,0,0,0,0,9,30,0,0,24
120399,1,1,3,0,0,0,0,0,0,0,0,0
120400,1,1,0,0,0,0,0,0,0,0,0,0
120401,1,1,0,0,0,0,0,0,22,0,0,0
120401,2,1,0,0,0,0,0,0,0,0,0,0
120402,0,1,22,25,28,0,37,15,44,0,0,0
120402,1,1,7,0,0,0,0,0,19,0,0,0
120403,1,1,0,0,0,0,0,0,0,0,0,0
120403,2,1,0,0,0,0,11,0,0,0,0,0
120403,3,1,0,0,0,0,0,0,0,0,0,0
120404,1,1,0,0,0,0,0,0,0,0,0,0
120404,2,1,0,0,0,0,0,0,0,0,0,0
120404,3,1,0,0,9,0,0,0,0,0,0,0
120405,1,1,31,31,31,31,31,31,31,31,31,31
120406,1,1,0,0,0,0,0,0,0,0,0,0
120406,2,1,0,0,0,0,0,0,0,0,0,0
120406,3,1,0,0,0,0,0,0,0,0,0,0
120406,4,1,0,0,0,0,0,0,0,0,0,0
120407,1,1,0,0,0,0,0,0,0,0,0,0
120407,2,1,0,0,0,0,0,0,0,0,0,0
120408,1,1,0,0,0,0,0,0,0,0,0,0
120408,2,1,18,0,0,0,0,0,0,0,0,0
120409,1,1,15,15,15,15,15,15,15,15,15,15
120410,1,1,11,19,25,14,13,15,28,31,26,0
120411,1,1,15,15,15,15,15,15,15,15,15,15
120412,1,1,0,0,0,0,0,0,0,0,0,0
120412,2,1,0,0,0,0,0,0,0,29,0,0
120412,3,1,0,0,0,0,0,0,0,0,12,0
120412,4,1,0,0,0,0,0,0,0,0,0,0
120414,1,1,0,0,0,0,0,0,0,0,0,0
120415,1,1,6,0,0,0,0,8,0,0,0,6
120416,1,1,15,15,15,15,15,15,15,15,15,15
120416,2,1,0,0,0,0,0,0,0,0,0,0
120417,1,1,0,0,0,0,0,0,0,0,0,14
120417,2,1,0,0,0,0,0,0,0,0,0,0
120418,1,1,0,0,0,0,0,0,0,0,0,0
120419,0,1,28,28,28,28,28,28,28,28,28,28
120419,1,1,0,0,0,14,0,0,0,11,0,6
120420,1,1,0,32,0,19,14,0,0,0,36,0
120420,2,1,0,0,0,0,0,17,0,0,0,0
120421,1,1,19,19,19,19,19,19,19,19,19,19
120421,2,1,0,0,0,0,0,0,0,0,0,0
120422,1,1,0,0,0,0,0,0,0,0,0,0
120423,1,1,0,0,0,0,0,13,0,0,0,0
120423,2,1,0,0,0,0,0,0,0,0,0,0
120424,1,1,17,17,17,17,17,17,17,17,17,17
120425,1,1,0,13,15,0,0,0,0,0,0,0
120425,2,1,0,0,0,0,0,0,0,0,0,0
120426,1,1,17,9,0,0,20,22,0,19,20,0
120427,1,1,0,0,0,0,0,0,0,0,0,0
120427,2,1,0,0,0,0,0,0,0,0,0,0
120428,1,1,0,0,0,0,0,0,0,0,0,0
120428,2,1,0,0,0,0,0,0,0,0,0,0
120429,1,1,19,19,19,19,19,19,19,19,19,19
120430,1,1,14,14,14,14,14,14,14,14,14,14
120430,2,1,4,4,4,4,4,4,4,4,4,4
120431,1,1,0,0,0,0,0,0,0,0,0,0
120432,1,1,0,0,0,0,0,0,0,0,0,0
120432,2,1,0,0,0,0,0,0,0,0,0,0
120433,1,1,0,0,0,0,0,0,0,0,0,0
120433,2,1,0,0,0,0,0,0,0,0,0,0
120434,0,1,0,0,0,0,0,0,0,0,0,0
120434,1,1,0,0,0,0,0,0,0,0,0,0
120435,1,1,16,0,31,0,0,0,0,0,0,0
120435,2,1,0,0,0,0,0,0,0,0,0,0
120436,1,1,17,17,17,17,17,17,17,17,17,17
120437,1,1,0,0,0,0,0,0,0,0,0,0
120437,2,1,0,0,0,0,0,0,0,0,0,0
120438,1,1,0,0,0,0,0,0,0,0,0,0
120439,1,1,26,26,26,26,26,26,26,26,26,26
120441,0,1,2,2,2,2,2,2,2,2,2,2
120441,1,1,0,0,0,0,0,0,0,0,0,0
120442,1,1,0,0,0,0,13,0,0,0,0,0
120442,2,1,0,0,0,0,0,0,0,0,0,0
120442,3,1,0,0,0,0,0,0,0,0,0,25
120442,4,1,0,0,0,0,0,0,0,0,0,0
120443,1,1,0,10,31,0,0,0,0,11,25,0
120444,0,1,19,19,19,19,19,19,19,19,19,19
120444,1,1,0,0,0,0,0,0,0,0,0,0
120445,1,1,0,0,0,0,0,0,0,0,0,0
120445,2,1,0,0,0,0,0,0,17,6,0,0
120446,0,1,28,28,28,28,28,28,28,28,28,28
120446,1,1,0,0,0,0,0,0,0,0,2,0
120447,0,1,0,0,0,0,0,0,0,0,0,0
120447,0,2,3,3,3,3,3,3,3,3,3,3
120447,0,3,0,0,0,0,0,0,0,0,0,0
120447,0,4,0,0,0,0,0,0,0,0,0,0
120447,1,1,10,10,10,10,10,10,10,10,10,10
120449,1,1,0,0,0,0,0,0,0,0,0,0
120449,2,1,0,0,0,0,0,0,0,0,0,0
120450,1,1,0,0,0,0,0,0,0,0,0,0
120450,2,1,0,0,0,0,0,0,0,0,0,0
120451,1,1,0,0,16,0,0,12,11,0,0,0
120451,2,1,0,0,0,0,0,0,0,16,0,0
120452,0,1,0,0,0,0,0,0,0,0,0,0
120452,1,1,0,0,0,0,7,0,0,0,0,0
120453,0,1,20,17,16,0,0,0,0,0,9,0
120453,1,1,0,0,0,0,0,0,0,0,0,0
120454,0,1,0,0,0,0,0,0,0,0,11,0
120454,1,1,0,0,0,0,0,0,0,0,0,0
120455,1,1,26,26,26,26,26,26,26,26,26,26
120456,1,1,0,0,0,0,22,0,0,13,0,0
120456,2,1,0,16,0,0,0,0,0,0,0,0
120457,1,1,23,23,23,23,23,23,23,23,23,23
120459,1,1,0,0,0,0,0,0,0,0,0,0
120459,2,1,0,0,0,0,0,0,0,0,14,0
120460,0,1,0,0,0,0,0,0,0,0,0,0
120460,1,1,8,0,0,26,0,0,0,0,0,0
120461,0,1,0,19,0,25,0,55,8,20,14,22
120461,1,1,0,0,0,0,0,0,0,0,0,0
120462,1,1,0,0,0,0,7,0,0,0,0,0
120462,2,1,0,0,0,0,0,0,0,0,0,0
120462,3,1,0,0,0,0,0,0,0,0,0,0
120462,4,1,31,0,0,0,0,0,0,0,0,0
120463,1,1,0,0,0,0,0,0,0,0,0,0
120463,2,1,0,19,0,8,0,13,0,0,0,0
120464,1,1,0,0,0,0,0,0,0,0,0,0
120464,2,1,0,0,0,0,0,0,0,0,0,0
120465,0,1,6,6,6,6,6,6,6,6,6,6
120465,1,1,11,11,11,11,11,11,11,11,11,11
120466,1,1,0,0,0,0,0,0,0,0,0,0
120466,2,1,0,0,0,0,0,0,0,0,0,0
120467,1,1,17,17,17,17,17,17,17,17,17,17
120467,2,1,0,0,18,0,0,0,0,0,37,9
120468,1,1,4,0,0,0,0,0,28,0,0,0
120468,2,1,0,0,0,0,0,0,0,0,10,0
120470,1,1,0,0,0,0,0,0,0,0,0,0
120470,2,1,0,0,0,0,0,0,0,0,0,0
120471,1,1,0,0,0,0,0,0,0,0,0,20
120472,1,1,0,0,0,0,0,0,0,0,0,0
120472,2,1,0,0,0,0,0,0,0,0,0,0
120472,3,1,0,0,0,0,0,0,0,0,0,0
120473,0,1,18,18,18,18,18,18,18,18,18,18
120473,1,1,0,0,0,0,0,0,0,16,0,6
120474,1,1,25,25,25,25,25,25,25,25,25,25
120474,2,1,0,0,0,0,0,18,0,0,0,0
120475,1,1,0,0,0,0,0,0,0,0,0,0
120475,2,1,0,0,0,0,0,0,0,0,0,0
120476,0,1,20,0,0,0,0,0,0,0,0,0
120476,1,1,0,0,0,0,0,0,0,0,0,0
120477,1,1,0,0,0,0,0,0,0,0,0,0
120478,1,1,0,11,20,0,22,0,11,0,0,0
120479,1,1,22,0,0,4,0,6,0,0,0,0
120480,1,1,0,0,0,0,0,0,0,0,0,0
120481,1,1,0,0,0,0,0,0,0,0,0,0
120481,2,1,0,0,0,15,0,0,0,0,0,0
120482,1,1,0,20,20,0,0,22,8,3,0,0
120483,1,1,0,0,0,0,0,0,0,0,0,0
120483,2,1,0,0,0,0,0,0,0,0,0,0
120484,1,1,0,0,0,0,0,0,0,0,0,0
120484,2,1,0,0,0,0,0,0,0,0,0,0
120485,1,1,0,0,0,0,0,0,0,0,0,0
120485,2,1,0,0,0,0,0,0,0,0,0,0
120486,1,1,14,14,14,14,14,14,14,14,14,14
120486,2,1,0,0,0,0,0,0,0,0,0,0
120487,0,1,2,2,2,2,2,2,2,2,2,2
120487,1,1,0,0,0,0,0,0,0,0,0,0
120488,1,1,0,0,0,0,0,0,0,0,0,0
120488,2,1,0,0,0,0,0,0,0,0,0,0
120489,1,1,0,0,0,0,0,0,0,0,0,0
120490,1,1,0,0,0,0,0,0,0,0,0,0
120491,1,1,0,0,0,0,0,0,0,0,0,0
120491,2,1,0,0,0,0,0,0,0,0,0,0
120491,3,1,0,0,0,0,0,0,0,0,0,0
120492,0,1,0,0,0,0,0,0,0,0,0,0
120492,1,1,0,0,0,0,0,0,0,0,0,0
120493,0,1,0,0,0,0,0,0,0,0,0,0
120493,1,1,0,0,0,0,0,0,0,0,0,0
120494,0,1,19,0,0,0,0,0,0,0,18,0
120494,0,2,0,16,24,29,0,21,0,25,0,0
120494,1,1,0,0,0,0,0,0,18,0,0,0
120495,0,1,2,2,2,2,2,2,2,2,2,2
120495,1,1,0,0,0,0,0,0,0,0,0,0
120496,1,1,11,14,0,0,0,0,0,33,27,0
120497,1,1,0,0,0,0,0,0,0,0,0,0
120497,2,1,0,0,0,0,0,0,0,0,0,0
120498,0,1,0,17,0,0,0,23,0,25,0,0
120498,1,1,0,0,0,0,0,0,0,0,0,0
120499,1,1,0,0,0,0,0,0,0,0,0,0
120499,2,1,0,12,14,16,0,0,0,0,0,0
120500,1,1,13,13,13,13,13,13,13,13,13,13
120501,1,1,0,0,0,0,0,0,0,0,0,0
120501,2,1,0,0,0,0,0,0,0,0,0,0
120501,3,1,0,0,0,0,0,0,0,0,0,0
120502,1,1,0,0,0,0,0,0,0,0,0,4
120502,2,1,0,19,0,0,0,0,0,19,0,0
120503,1,1,0,0,0,0,0,0,0,0,0,0
120504,1,1,0,0,0,0,0,0,0,0,0,0
120504,2,1,0,0,0,0,0,0,0,0,0,0
120505,1,1,0,7,0,0,0,0,0,0,0,0
120505,2,1,0,0,0,0,0,0,0,0,11,0
120506,1,1,0,0,0,0,0,0,0,0,0,0
120506,2,1,16,0,0,0,0,0,0,0,0,0
120508,0,1,12,50,0,0,34,10,14,17,0,0
120508,0,2,0,0,0,0,0,0,0,0,0,0
120508,0,3,0,0,0,0,0,0,0,0,0,0
120508,1,1,25,16,4,3,16,16,13,17,29,24
120509,1,1,17,17,17,17,17,17,17,17,17,17
120510,0,1,0,26,0,0,23,0,0,0,7,15
120510,1,1,0,0,0,0,0,0,0,0,0,0
120511,1,1,8,8,8,8,8,8,8,8,8,8
120512,1,1,24,24,24,24,24,24,24,24,24,24
120513,1,1,0,0,0,0,0,0,0,0,0,0
120514,0,1,0,0,0,0,0,0,0,0,0,0
120514,1,1,0,0,0,0,0,15,0,0,0,0
120515,1,1,6,18,0,27,37,6,20,16,4,3
120516,1,1,12,12,12,12,12,12,12,12,12,12
120517,1,1,0,0,0,0,0,0,0,0,0,0
120517,2,1,0,0,0,0,0,0,0,0,12,0
120517,3,1,0,0,0,0,0,0,0,0,0,0
120517,4,1,0,0,0,6,0,0,0,0,0,0
120518,1,1,0,0,0,0,0,0,0,0,0,0
120518,2,1,0,0,0,0,0,0,0,0,0,0
120519,1,1,13,13,13,13,13,13,13,13,13,13
120519,2,1,0,0,0,0,0,0,0,0,0,0
120520,1,1,15,15,15,15,15,15,15,15,15,15
120520,2,1,0,0,0,0,0,0,0,0,0,38
120521,1,1,13,13,13,13,13,13,13,13,13,13
120522,1,1,25,25,25,25,25,25,25,25,25,25
120523,0,1,0,0,0,0,0,0,0,0,0,0
120523,0,2,0,0,0,0,0,0,0,0,0,0
120523,0,3,1,1,1,1,1,1,1,1,1,1
120523,1,1,0,0,0,0,0,0,0,0,0,0
120523,2,1,0,0,0,0,0,0,0,0,0,0
120524,1,1,0,0,0,0,0,0,0,0,0,0
120526,1,1,16,16,16,16,16,16,16,16,16,16
120527,1,1,0,0,0,0,0,0,0,0,0,0
120528,1,1,27,27,27,27,27,27,27,27,27,27
120529,1,1,0,0,0,0,0,0,0,0,0,0
120530,0,1,0,0,15,0,0,41,14,0,12,0
120530,1,1,0,0,0,0,0,0,0,0,0,0
120531,1,1,0,0,0,0,0,0,0,0,0,0
120531,2,1,0,0,0,0,0,0,0,0,0,0
120532,1,1,24,24,24,24,24,24,24,24,24,24
120533,0,1,31,12,54,21,27,16,22,11,10,29
120533,1,1,0,0,0,0,0,0,0,0,0,0
120534,0,1,0,26,8,0,16,16,0,0,0,0
120534,0,2,22,0,0,0,35,7,0,0,29,15
120534,1,1,0,16,0,0,7,0,14,0,0,14
120535,0,1,0,0,30,0,0,0,0,0,0,0
120535,1,1,0,0,0,0,0,0,0,0,0,0
120536,0,1,0,0,13,12,0,0,0,0,0,0
120536,1,1,0,0,0,37,0,0,0,0,0,0
120537,1,1,0,0,0,0,0,0,0,0,0,0
120538,0,1,0,0,0,0,0,0,0,0,0,0
120538,1,1,0,0,0,0,0,0,0,0,0,0
120539,1,1,32,32,32,32,32,32,32,32,32,32
120540,1,1,20,0,0,0,0,0,0,0,0,0
120540,2,1,0,0,0,0,0,0,0,0,0,0
120541,1,1,0,0,0,0,0,0,16,20,0,0
120542,1,1,18,18,18,18,18,18,18,18,18,18
120542,2,1,0,17,0,0,0,0,0,0,24,0
120543,1,1,20,20,20,20,20,20,20,20,20,20
120544,1,1,8,8,8,8,8,8,8,8,8,8
120544,2,1,0,0,0,0,9,0,0,0,0,0
120546,1,1,15,15,15,15,15,15,15,15,15,15
120547,1,1,18,18,18,18,18,18,18,18,18,18
120547,2,1,0,0,0,0,0,0,0,0,0,0
120548,1,1,0,0,0,0,0,0,0,0,0,0
120548,2,1,0,0,0,0,0,0,0,0,0,0
120548,3,1,0,0,0,0,0,0,0,0,0,0
120548,4,1,0,0,0,0,0,0,0,0,0,0
120549,1,1,14,14,14,14,14,14,14,14,14,14
120550,1,1,24,24,24,24,24,24,24,24,24,24
120550,2,1,0,0,0,0,0,0,0,0,0,0
120551,0,1,0,0,0,0,0,0,0,0,0,0
120551,1,1,0,0,0,0,0,0,0,8,0,0
120552,1,1,0,0,0,0,15,16,9,0,0,0
120553,1,1,0,0,0,0,0,0,0,0,0,0
120553,2,1,4,4,4,4,4,4,4,4,4,4
120553,3,1,0,0,0,0,0,0,0,0,0,0
120553,4,1,0,0,0,0,0,0,0,0,0,0
120554,1,1,0,0,0,0,0,0,0,0,0,0
120554,2,1,0,0,0,0,0,0,0,0,0,0
120555,1,1,0,0,0,0,0,0,0,0,0,0
120555,2,1,0,0,0,0,0,0,0,0,0,0
120556,1,1,21,21,21,21,21,21,21,21,21,21
120556,2,1,0,0,0,0,0,0,0,0,0,0
120556,3,1,30,0,0,0,0,0,0,0,0,0
120557,1,1,0,0,0,0,0,0,0,0,0,0
120558,0,1,0,0,0,0,0,19,0,0,0,0
120558,1,1,0,0,0,0,0,0,0,0,0,0
120559,1,1,9,9,9,9,9,9,9,9,9,9
120560,1,1,0,0,0,0,0,0,0,0,0,0
120562,0,1,13,13,13,13,13,13,13,13,13,13
120562,1,1,0,0,0,0,0,0,0,11,0,7
120563,1,1,0,0,0,11,0,0,0,0,30,28
120563,2,1,0,0,0,0,6,0,11,0,12,12
120564,1,1,22,22,22,22,22,22,22,22,22,22
120565,1,1,29,29,29,29,29,29,29,29,29,29
120566,0,1,0,0,0,28,25,0,0,0,21,16