ST_CASE,VEH_NO,PER_NO,P1,P2,P3,P4,P5,P6,P7,P8,P9,P10
121741,1,1,0,0,0,0,0,0,0,0,0,0
121742,1,1,0,0,0,0,0,0,0,0,0,0
121742,2,1,0,0,0,0,0,0,0,0,0,0
121743,0,1,0,0,0,20,0,0,0,0,0,0
121743,1,1,0,0,0,0,0,0,0,0,19,0
121743,2,1,0,0,0,0,10,0,0,0,0,0
121744,0,1,0,0,0,0,0,0,0,0,0,0
121744,1,1,11,0,0,0,0,0,0,0,0,0
121745,1,1,10,0,0,0,0,0,11,0,0,0
121746,0,1,0,0,0,0,0,0,0,0,0,0
121746,1,1,0,29,12,0,0,0,0,0,0,0
121747,1,1,19,19,19,19,19,19,19,19,19,19
121748,0,1,0,0,0,0,14,0,0,0,24,15
121748,1,1,0,0,0,0,0,0,0,0,0,0
121749,0,1,0,28,0,25,20,0,0,17,0,18
121749,1,1,13,0,0,0,0,0,10,0,8,0
121750,0,1,0,0,0,0,0,0,0,0,0,0
121750,0,2,0,0,0,0,0,0,0,0,0,0
121750,0,3,0,0,0,0,0,0,0,0,0,39
121750,1,1,0,0,0,0,0,0,0,0,0,0
121751,1,1,0,0,13,0,0,0,0,0,0,0
121751,2,1,0,0,0,0,0,0,0,0,0,0
121752,1,1,32,8,0,10,0,0,10,10,13,22
121753,1,1,0,0,0,0,0,0,0,0,19,0
121753,2,1,0,0,0,0,0,0,0,0,0,0
121754,0,1,19,19,19,19,19,19,19,19,19,19
121754,1,1,0,0,0,0,0,0,0,8,0,0
121754,2,1,0,8,0,0,0,9,0,0,0,24
121755,0,1,0,0,0,0,0,0,0,0,0,0
121755,1,1,0,0,0,0,0,0,0,0,0,0
121756,0,1,0,0,0,12,0,0,0,0,0,2
121756,1,1,0,0,0,0,0,0,0,0,0,0
121757,1,1,15,15,15,15,15,15,15,15,15,15
121757,2,1,14,0,0,22,0,0,0,0,6,0
121757,3,1,0,0,14,0,0,0,0,0,0,0
121758,1,1,0,0,0,0,0,0,0,18,0,0
121758,2,1,0,0,0,0,0,19,0,0,0,0
121759,1,1,0,11,0,0,19,0,0,15,22,0
121759,2,1,0,0,0,0,0,0,0,0,0,0
121760,0,1,0,0,0,0,0,0,0,0,0,0
121760,1,1,0,0,0,0,0,0,0,0,0,0
121761,1,1,0,0,0,0,0,36,0,0,0,0
121761,2,1,0,0,0,0,0,0,0,0,0,0
121762,0,1,0,0,0,0,0,0,0,0,0,44
121762,1,1,0,0,0,0,0,0,0,0,0,0
121763,0,1,0,0,0,0,0,0,0,26,0,0
121763,1,1,0,0,0,0,3,0,5,0,0,0
121764,0,1,0,0,0,0,0,0,0,0,0,41
121764,0,2,0,0,0,0,0,0,0,0,0,0
121764,0,3,0,0,0,0,0,0,0,0,0,0
121764,1,1,0,0,0,0,0,0,0,0,0,0
121765,0,1,26,0,0,0,0,0,0,19,0,0
121765,1,1,7,0,0,3,0,0,0,0,0,12
121766,0,1,0,0,0,0,0,0,0,0,0,0
121766,1,1,0,0,0,0,0,0,0,0,0,0
121767,0,1,9,2,0,0,0,0,0,0,0,0
121767,1,1,0,0,0,23,0,0,0,19,27,0
121768,1,1,0,0,0,0,0,0,0,0,0,0
121768,2,1,0,0,0,0,0,0,0,0,0,0
121768,3,1,0,0,0,0,0,14,0,0,0,0
121769,0,1,0,0,0,0,0,0,0,0,0,0
121769,1,1,0,0,0,0,0,0,0,0,0,0
121770,1,1,0,0,0,0,0,0,0,37,0,0
121770,2,1,0,0,0,0,0,0,0,0,0,0
121771,1,1,0,0,0,0,0,0,0,0,0,0
121771,2,1,0,0,0,0,0,0,0,0,0,0
121772,1,1,0,0,0,0,0,8,0,0,0,0
121772,2,1,0,0,0,0,0,0,0,0,15,0
121773,1,1,0,8,0,0,0,0,20,20,0,0
121774,1,1,0,0,0,6,20,0,29,9,8,17
121775,0,1,38,0,0,12,48,0,26,38,15,0
121775,1,1,18,0,0,0,0,0,32,0,0,0
121776,0,1,26,0,0,0,0,0,0,0,0,0
121776,1,1,0,0,0,0,0,0,0,0,0,0
121777,0,1,0,0,0,0,0,0,0,0,0,0
121777,1,1,0,0,0,0,0,0,21,0,0,0
121778,1,1,33,33,33,33,33,33,33,33,33,33
121778,2,1,0,0,7,0,0,0,10,0,0,0
121778,3,1,0,0,0,0,0,0,0,0,0,0
121779,0,1,0,0,0,0,0,0,0,0,0,0
121779,1,1,9,0,0,0,0,0,0,0,0,0
121780,0,1,31,15,8,30,5,19,24,19,14,5
121780,1,1,0,0,0,0,0,0,24,0,0,0
121781,1,1,24,0,5,28,0,0,0,10,0,0
121781,2,1,0,0,0,0,0,0,0,0,0,0
121782,0,1,0,22,17,21,19,33,0,14,33,28
121782,1,1,22,21,0,0,0,5,10,34,8,0
121783,1,1,16,11,0,0,0,0,0,0,0,0
121783,2,1,0,0,0,0,0,0,16,0,0,0
121784,1,1,0,0,0,0,0,0,0,0,0,0
121784,2,1,0,0,0,0,0,0,0,8,0,0
121785,1,1,24,0,24,0,0,0,0,0,0,0
121785,2,1,0,0,0,0,0,0,0,0,6,0
121785,3,1,0,0,0,0,0,0,0,0,0,0
121786,1,1,0,0,0,0,0,0,0,0,0,0
121786,2,1,24,0,0,0,0,0,0,0,0,0
121787,1,1,0,11,0,0,0,0,0,0,0,10
121787,2,1,0,0,0,0,0,13,0,0,0,0
121788,1,1,0,0,0,0,0,0,0,0,0,0
121789,1,1,0,0,0,0,0,0,0,0,0,0
121789,2,1,0,0,0,0,0,0,0,0,0,0
121790,0,1,0,0,0,0,0,0,0,0,0,0
121790,1,1,0,0,5,8,10,0,15,7,0,0
121791,0,1,0,0,0,0,0,0,0,0,0,0
121791,1,1,0,0,0,0,0,0,0,0,0,0
121792,1,1,0,0,0,0,0,0,0,0,0,0
121792,2,1,18,19,0,0,14,0,5,0,0,0
121793,1,1,14,0,0,0,32,0,0,0,0,0
121794,1,1,0,11,0,0,0,0,0,19,16,20
121795,0,1,0,0,0,0,0,0,0,0,0,0
121795,1,1,0,0,0,0,0,0,0,0,0,0
121796,0,1,8,0,0,0,0,0,4,0,0,0
121796,1,1,11,11,13,24,7,11,0,26,20,13
121797,1,1,0,0,0,0,0,0,0,0,0,0
121797,2,1,0,0,0,0,4,0,0,0,0,0
121798,0,1,0,0,0,0,0,0,0,0,0,0
121798,1,1,0,0,0,0,0,0,0,0,0,0
121799,1,1,0,0,0,0,0,0,0,0,0,0
121799,2,1,7,0,0,0,42,0,0,0,0,0
121800,1,1,0,0,0,0,0,0,0,0,0,0
121800,2,1,0,0,0,0,0,0,0,0,0,0
121801,1,1,0,0,0,0,0,0,0,0,0,0
121801,2,1,17,3,10,7,0,7,9,0,5,14
121802,1,1,0,0,0,0,0,0,0,0,0,0
121802,2,1,0,0,0,0,0,0,0,0,0,0
121803,0,1,0,0,0,0,0,0,0,0,0,0
121803,1,1,0,0,0,0,0,0,0,0,0,0
121804,0,1,0,0,0,24,0,0,0,0,0,11
121804,1,1,0,0,0,0,0,14,0,0,0,0
121805,1,1,0,0,0,0,0,0,0,0,0,0
121805,2,1,9,0,0,0,0,0,0,0,0,0
121806,1,1,17,17,17,17,17,17,17,17,17,17
121807,1,1,0,0,0,0,0,0,5,0,0,19
121808,1,1,16,33,21,33,36,18,26,21,7,10
121809,1,1,12,0,0,17,0,0,0,0,0,0
121810,1,1,0,0,0,0,0,0,0,0,0,0
121810,2,1,0,0,0,0,0,0,0,0,0,0
121810,3,1,0,0,0,0,0,0,0,0,0,0
121810,4,1,0,0,0,0,0,0,0,0,0,0
121811,1,1,0,0,0,0,0,0,0,0,0,0
121811,2,1,0,0,0,0,14,0,0,0,0,0
121812,1,1,0,0,0,0,0,0,0,0,0,0
121813,1,1,0,0,0,0,0,0,0,0,0,0
121813,2,1,0,0,0,0,0,0,0,0,28,8
121814,1,1,13,13,13,13,13,13,13,13,13,13
121815,0,1,0,0,24,0,34,7,11,0,13,26
121815,1,1,0,0,0,0,27,0,0,0,9,0
121816,1,1,0,0,0,0,0,0,0,0,0,11
121816,2,1,0,13,0,0,0,2,0,0,0,0
121817,1,1,18,18,18,18,18,18,18,18,18,18
121817,2,1,0,0,0,6,0,0,0,0,23,0
121818,1,1,0,0,0,0,0,0,0,0,0,0
121818,2,1,0,0,0,0,0,0,0,0,0,0
121819,1,1,0,0,0,0,0,0,0,0,0,0
121819,2,1,0,0,0,0,0,0,0,0,0,0
121820,1,1,0,0,7,0,0,16,0,0,0,0
121820,2,1,0,0,0,0,0,0,0,0,0,0
121820,3,1,0,0,0,0,0,0,0,0,0,0
121821,1,1,0,0,0,0,0,0,0,0,0,0
121821,2,1,0,0,0,0,0,0,0,0,0,0
121822,1,1,22,22,22,22,22,22,22,22,22,22
121823,0,1,0,0,0,0,0,0,0,0,6,0
121823,1,1,0,0,8,0,0,0,0,16,0,0
121824,1,1,20,0,0,0,0,0,0,0,0,0
121824,2,1,0,0,0,0,0,0,0,0,0,0
121825,0,1,26,26,26,26,26,26,26,26,26,26
121825,1,1,0,0,0,0,0,0,0,0,0,0
121826,1,1,13,13,13,13,13,13,13,13,13,13
121826,2,1,0,0,0,0,0,0,0,0,0,0
121827,0,1,17,29,30,19,14,18,14,24,15,20
121827,1,1,0,0,15,0,0,0,0,0,0,0
121828,0,1,0,0,0,0,0,32,0,0,0,0
121828,1,1,14,14,14,14,14,14,14,14,14,14
121829,1,1,0,0,0,0,0,0,0,0,0,0
121829,2,1,13,0,0,0,0,0,0,8,0,0
121830,1,1,16,16,16,16,16,16,16,16,16,16
121831,1,1,30,30,30,30,30,30,30,30,30,30
121831,2,1,0,0,0,0,0,0,0,0,0,0
121832,1,1,0,0,0,0,0,0,0,0,0,0
121832,2,1,0,0,0,0,0,0,17,0,0,0
121833,1,1,0,0,0,0,0,0,0,0,0,0
121834,1,1,0,0,0,0,0,0,0,0,0,0
121835,1,1,22,22,22,22,22,22,22,22,22,22
121836,1,1,0,0,0,0,0,0,0,0,0,0
121836,2,1,0,0,0,0,0,0,0,0,0,0
121837,0,1,0,0,0,0,0,0,0,0,0,0
121837,1,1,0,0,0,0,0,0,9,0,0,0
121838,1,1,0,0,0,0,0,0,0,0,14,6
121839,0,1,0,0,0,0,0,0,0,0,0,0
121839,0,2,0,0,0,0,0,0,0,0,0,0
121839,2,1,0,0,0,0,0,0,0,0,0,0
121840,1,1,0,0,0,10,0,0,0,0,0,0
121840,2,1,0,0,0,0,0,0,0,0,0,0
121841,1,1,0,0,0,8,0,0,21,0,0,23
121841,2,1,34,0,0,0,0,0,0,0,0,0
121842,1,1,29,29,29,29,29,29,29,29,29,29
121842,2,1,0,0,0,0,0,0,0,0,0,0
121843,1,1,0,0,0,0,0,0,0,2,0,0
121843,2,1,0,0,0,0,0,0,0,0,0,0
121843,3,1,0,0,29,0,0,0,0,0,0,0
121843,4,1,0,0,0,0,0,0,0,0,0,0
121843,5,1,15,35,0,0,0,0,0,0,0,0
121844,1,1,0,0,0,6,0,0,0,0,0,0
121844,2,1,0,0,0,0,0,0,0,0,0,0
121845,0,1,0,0,0,0,0,0,0,0,0,0
121845,1,1,0,0,0,0,0,0,0,0,0,0
121846,0,1,0,0,7,0,0,20,16,30,26,0
121846,1,1,0,0,0,0,0,0,0,0,0,0
121847,1,1,24,24,24,24,24,24,24,24,24,24
121847,2,1,0,0,0,0,0,0,0,0,0,0
121848,0,1,24,0,0,17,14,0,12,0,21,0
121848,1,1,0,0,0,0,0,0,0,1,0,10
121849,1,1,17,17,17,17,17,17,17,17,17,17
121850,1,1,10,10,10,10,10,10,10,10,10,10
121851,0,1,0,0,26,21,16,16,0,24,0,0
121851,1,1,0,0,16,0,0,6,0,3,0,0
121851,2,1,0,0,0,0,0,0,0,0,0,0
121852,1,1,0,0,15,0,21,0,0,0,0,0
121852,2,1,0,0,0,0,0,0,0,0,0,0
121853,1,1,30,15,17,27,16,0,0,18,25,0
121854,1,1,0,0,0,0,0,0,0,0,0,0
121855,0,1,0,0,0,0,0,0,0,0,14,0
121855,1,1,0,0,24,0,0,0,0,0,0,0
121856,0,1,4,0,0,0,20,0,0,0,0,0
121856,1,1,0,0,0,0,0,0,0,0,11,0
121857,0,1,0,0,0,0,0,0,0,0,0,0
121857,1,1,0,0,0,0,0,0,0,0,0,0
121858,1,1,6,0,0,0,0,0,0,0,0,0
121858,2,1,0,0,0,0,0,0,0,0,0,0
121859,1,1,0,0,0,0,0,0,0,0,0,0
121859,2,1,0,0,0,0,0,0,0,0,0,0
121860,1,1,0,0,0,0,0,0,0,0,0,0
121860,2,1,0,0,0,0,0,0,7,0,0,0
121861,1,1,8,8,8,8,8,8,8,8,8,8
121862,1,1,4,4,4,4,4,4,4,4,4,4
121862,2,1,0,0,0,0,0,0,0,0,0,0
121863,1,1,17,17,17,17,17,17,17,17,17,17
121863,2,1,0,0,0,0,0,0,0,0,0,0
121864,1,1,0,0,0,0,0,0,0,0,0,0
121866,0,1,0,0,11,0,0,0,0,9,0,13
121866,1,1,0,0,0,0,0,0,29,0,0,0
121867,0,1,0,0,0,0,0,0,0,0,0,0
121867,1,1,0,0,0,0,0,0,0,0,0,0
121868,0,1,29,29,29,29,29,29,29,29,29,29
121868,1,1,0,0,0,0,0,17,0,0,0,0
121869,0,1,0,0,0,0,0,0,0,0,10,32
121869,1,1,0,0,0,0,0,0,0,0,0,0
121870,0,1,23,23,23,23,23,23,23,23,23,23
121870,1,1,0,0,0,0,0,0,0,0,7,0
121871,1,1,14,14,14,14,14,14,14,14,14,14
121871,2,1,0,0,0,0,0,0,0,0,0,0
121872,0,1,22,0,0,0,28,0,0,0,0,20
121872,1,1,0,0,0,0,0,0,0,0,0,0
121873,0,1,0,0,0,0,0,0,0,0,0,0
121873,1,1,0,0,0,0,0,0,0,0,0,0
121874,0,1,0,0,0,0,0,0,0,0,0,0
121874,1,1,0,0,0,0,0,11,0,14,0,0
121875,1,1,14,14,14,14,14,14,14,14,14,14
121877,0,1,0,0,0,0,0,0,0,0,0,0
121877,0,2,0,31,0,0,25,0,0,0,0,0
121877,1,1,0,0,0,0,0,0,0,0,0,0
121878,1,1,20,20,20,20,20,20,20,20,20,20
121879,1,1,0,0,0,0,0,0,17,20,0,0
121879,2,1,0,0,0,0,0,0,0,0,0,9
121880,1,1,27,27,27,27,27,27,27,27,27,27
121881,1,1,29,29,29,29,29,29,29,29,29,29
121882,0,1,25,0,0,0,0,0,0,0,9,0
121882,1,1,0,0,0,0,0,0,0,0,0,0
121883,1,1,0,0,0,0,0,0,0,0,0,0
121884,1,1,0,0,0,0,0,0,0,0,0,0
121884,2,1,0,0,0,0,0,0,0,0,0,0
121885,0,1,0,0,0,0,0,0,0,0,0,0
121885,1,1,0,0,0,0,0,0,0,0,0,0
121886,1,1,0,0,0,0,0,0,0,0,0,19
121886,2,1,0,0,0,0,0,0,0,0,0,0
121887,1,1,28,0,0,0,17,6,0,20,12,0
121888,0,1,21,19,17,0,0,0,19,22,0,0
121888,1,1,15,0,0,0,0,0,0,14,0,0
121890,0,1,23,23,23,23,23,23,23,23,23,23
121890,1,1,0,0,0,0,0,0,0,0,0,0
121891,1,1,0,0,0,0,0,0,0,0,0,0
121892,1,1,0,0,0,0,0,0,0,0,0,0
121892,2,1,0,0,0,0,0,10,0,0,0,0
121893,1,1,0,0,0,0,0,0,0,4,0,0
121893,2,1,0,0,0,0,0,0,0,0,0,0
121894,0,1,0,0,0,0,0,0,0,0,0,0
121894,1,1,0,0,0,0,0,0,0,0,0,0
121895,1,1,9,9,9,9,9,9,9,9,9,9
121895,2,1,0,0,0,0,0,0,0,0,0,0
121896,1,1,0,0,0,0,0,0,0,0,0,0
121896,2,1,0,0,0,0,0,0,0,0,0,0
121897,0,1,0,0,0,0,0,0,0,0,0,0
121897,1,1,0,0,0,0,0,0,0,24,0,0
121899,1,1,18,18,18,18,18,18,18,18,18,18
121900,1,1,13,13,13,13,13,13,13,13,13,13
121900,2,1,0,0,0,0,0,0,0,0,0,0
121901,1,1,0,0,0,0,0,0,0,0,0,0
121902,1,1,22,22,22,22,22,22,22,22,22,22
121902,2,1,0,0,0,0,0,0,0,0,0,0
121902,3,1,0,0,0,0,0,0,0,0,0,0
121903,0,1,0,23,0,0,0,0,0,0,0,0
121903,1,1,0,0,0,0,0,0,0,0,0,0
121904,1,1,0,0,0,0,0,0,0,0,0,0
121905,1,1,0,0,0,0,0,0,0,0,0,0
121905,2,1,0,0,0,0,0,0,0,0,0,0
121906,1,1,0,0,0,0,0,0,0,0,0,0
121906,2,1,0,0,0,0,0,0,0,0,0,0
121907,1,1,18,18,18,18,18,18,18,18,18,18
121908,1,1,0,0,0,0,0,0,0,0,0,0
121908,2,1,0,0,0,0,0,0,0,0,0,0
121909,1,1,0,0,0,0,0,0,0,0,0,0
121910,0,1,30,30,30,30,30,30,30,30,30,30
121910,1,1,0,21,0,0,0,0,0,0,16,0
121911,1,1,11,25,24,17,16,14,20,20,15,14
121913,1,1,0,8,0,0,0,0,0,0,0,0
121913,2,1,0,0,0,0,0,0,0,0,0,0
121913,3,1,0,0,0,0,0,0,0,0,0,0
121914,1,1,23,23,23,23,23,23,23,23,23,23
121914,2,1,0,0,0,0,0,0,0,0,0,0
121915,1,1,0,0,0,0,0,0,0,0,0,0
121915,2,1,0,0,0,0,0,0,0,0,0,0
121916,1,1,0,0,0,0,0,0,0,0,0,0
121916,2,1,0,0,0,0,0,0,0,0,0,0
121917,1,1,0,0,0,0,0,0,0,0,0,0
121918,1,1,33,0,0,0,0,0,0,0,0,0
121919,1,2,23,0,0,0,10,0,0,16,0,17
121920,1,3,13,29,0,13,25,11,25,0,0,13
121921,0,1,0,0,0,0,0,0,0,0,0,0
121921,1,1,0,0,0,0,0,0,0,0,0,0
121922,1,1,0,0,0,0,0,0,0,0,0,0
121922,2,1,0,0,0,0,0,0,0,0,0,0
121923,0,1,0,0,0,0,0,0,0,0,0,0
121923,1,1,0,0,0,0,0,0,0,0,0,0
121924,1,1,17,17,17,17,17,17,17,17,17,17
121925,1,1,12,12,12,12,12,12,12,12,12,12
121925,2,1,0,0,0,0,0,0,0,0,0,0
121925,3,1,0,14,16,0,0,0,0,0,0,0
121926,0,1,8,0,13,0,0,0,0,25,0,0
121926,1,1,3,17,10,8,21,5,16,8,19,6
121927,1,1,0,0,0,0,0,0,0,0,0,0
121927,2,1,0,0,0,0,0,0,0,0,0,0
121928,1,1,0,0,0,0,0,0,0,0,0,0
121929,1,1,11,0,3,18,0,0,4,0,5,0
121930,1,1,2,2,2,2,2,2,2,2,2,2
121931,1,1,18,2,11,29,15,0,0,0,7,30
121932,0,1,0,0,0,0,0,0,0,0,0,0
121932,1,1,0,0,0,0,0,0,0,0,0,0
121933,1,1,0,0,0,0,0,0,0,0,0,0
121933,2,1,0,0,0,0,0,0,0,0,0,0
121934,0,1,7,7,7,7,7,7,7,7,7,7
121934,1,1,0,0,0,0,0,0,0,0,0,0
121935,1,1,0,0,0,0,0,0,0,0,0,0
121935,2,1,0,0,0,0,0,0,0,0,0,0
121936,1,1,28,28,28,28,28,28,28,28,28,28
121937,1,1,0,0,0,0,0,0,0,0,0,0
121938,1,1,2,2,2,2,2,2,2,2,2,2
121938,2,1,0,0,0,0,0,0,0,0,0,0
121939,0,1,22,22,22,22,22,22,22,22,22,22
121939,1,1,0,16,0,0,0,0,0,0,0,0
121940,1,1,9,9,9,9,9,9,9,9,9,9
121941,1,1,0,0,0,0,0,0,0,0,0,0
121941,2,1,0,0,0,0,0,0,0,0,0,0
121942,0,1,7,7,7,7,7,7,7,7,7,7
121942,1,1,12,12,12,12,12,12,12,12,12,12
121943,1,1,5,5,5,5,5,5,5,5,5,5
121944,1,1,0,0,0,0,0,0,0,0,0,0
121944,2,1,0,0,0,0,0,0,0,0,0,0
121945,1,1,0,0,0,0,0,0,0,0,0,0
121945,2,1,0,0,0,0,0,0,0,0,0,0
121946,0,1,0,0,0,0,0,0,0,0,0,0
121946,1,1,8,0,0,0,0,0,0,0,6,22
121947,1,1,2,2,2,2,2,2,2,2,2,2
121947,2,1,0,0,0,0,0,0,0,0,0,0
121947,3,1,0,0,0,0,24,0,0,0,0,0
121947,4,1,16,0,23,0,0,6,0,0,0,0
121947,5,1,7,20,0,0,0,23,0,0,0,0
121948,0,1,0,0,0,0,0,0,0,0,0,0
121948,1,1,14,14,14,14,14,14,14,14,14,14
121949,0,1,6,9,10,26,11,24,5,11,17,17
121949,1,1,0,0,0,0,16,0,0,0,0,0
121950,0,1,0,0,0,0,22,0,0,0,0,0
121950,1,1,0,0,0,0,0,24,0,0,0,0
121951,1,1,0,0,0,0,0,0,0,0,0,0
121951,2,1,0,0,0,0,0,0,0,0,0,0
121951,3,1,0,0,0,0,0,0,0,0,0,0
121952,1,1,0,0,0,0,0,0,0,0,0,0
121952,2,1,0,0,0,0,0,0,0,0,0,0
121953,1,1,0,0,0,0,0,0,20,0,0,0
121953,2,1,0,0,0,0,0,0,0,0,0,0
121954,1,1,0,0,0,0,0,0,0,0,0,0
121954,2,1,0,0,0,0,0,0,0,0,0,0
121955,0,1,32,0,0,15,22,0,0,0,0,28
121955,1,1,16,16,16,16,16,16,16,16,16,16
121955,3,1,0,0,0,0,0,0,0,0,0,0
121956,1,1,0,0,0,0,0,0,0,0,0,0
121956,2,1,0,0,0,0,0,0,0,0,0,0
121957,1,1,0,0,0,0,0,0,0,0,0,0
121957,2,1,0,0,0,0,0,0,0,0,0,0
121958,0,1,20,34,9,0,35,16,14,22,18,0
121958,1,1,0,0,0,0,0,0,0,0,0,0
121959,1,1,0,0,0,0,0,0,0,0,0,0
121959,2,1,0,0,0,0,0,0,0,0,0,0
121960,1,1,0,0,0,0,0,0,0,0,15,0
121960,2,1,0,0,0,0,0,0,0,0,0,0
121961,1,1,0,0,0,0,0,0,0,0,0,0
121961,2,1,0,0,0,0,0,0,0,0,0,0
121962,1,1,25,0,4,0,0,0,0,8,25,0
121963,1,1,0,0,0,0,0,0,0,0,0,0
121963,2,1,0,0,0,0,14,0,0,0,0,10
121964,1,1,0,15,0,0,0,0,0,0,0,0
121965,1,1,0,13,0,0,0,0,0,0,0,0
121965,2,1,0,0,13,0,0,0,6,0,0,0
121966,1,1,0,11,20,0,0,0,0,0,0,0
121966,2,1,28,28,28,28,28,28,28,28,28,28
121967,1,1,8,8,8,8,8,8,8,8,8,8
121969,1,1,0,0,0,0,0,0,0,0,0,0
121969,2,1,0,0,0,0,0,0,0,0,0,0
121970,1,1,0,0,0,0,0,0,0,0,0,0
121970,2,1,0,0,0,0,0,0,0,0,0,0
121971,0,1,0,0,0,0,0,0,0,0,0,0
121971,1,1,0,0,11,0,0,0,0,15,0,0
121972,1,1,0,0,0,0,0,0,0,0,0,0
121972,2,1,0,0,0,0,0,0,20,0,0,0
121973,1,1,0,0,0,0,0,7,0,0,0,0
121974,1,1,0,0,0,0,0,0,0,0,0,0
121974,2,1,0,0,0,0,0,0,0,0,0,0
121975,1,1,0,0,0,0,0,0,0,0,0,0
121975,2,1,0,0,0,0,0,0,0,0,0,0
121976,1,1,0,0,0,0,0,0,0,0,0,0
121976,2,1,0,0,0,0,0,0,0,0,0,0
121976,3,1,0,0,0,0,0,0,0,0,0,0
121976,4,1,0,0,0,0,0,0,0,0,0,0
121977,0,1,0,0,0,0,0,0,0,0,0,0
121977,1,1,0,0,0,0,0,0,0,0,0,0
121978,1,1,36,36,36,36,36,36,36,36,36,36
121979,1,1,12,12,12,12,12,12,12,12,12,12
121979,2,1,0,0,0,0,0,0,0,0,0,0
121980,0,1,9,0,19,9,0,0,36,24,0,22
121980,1,1,0,0,7,0,0,0,0,0,5,0
121981,0,1,0,0,18,0,27,19,0,0,0,0
121981,1,1,0,0,0,0,0,0,0,0,0,0
121982,1,1,0,0,0,0,5,9,0,8,0,0
121982,2,1,0,0,0,0,0,0,0,8,0,0
121982,3,1,0,0,0,10,0,0,0,0,0,0
121983,0,1,28,28,28,28,28,28,28,28,28,28
121983,1,1,0,0,14,0,0,0,0,0,0,0
121984,1,1,0,0,0,0,0,0,0,17,12,0
121984,2,1,0,0,0,0,0,25,0,0,0,0
121984,3,1,0,0,0,0,0,0,0,0,0,0
121984,4,1,0,0,0,0,0,0,0,0,0,0
121984,5,1,0,0,0,0,0,0,0,0,0,0
121984,6,1,0,0,0,0,0,0,0,0,0,0
121984,7,1,0,0,0,0,0,0,0,0,0,0
121985,0,1,0,0,0,0,0,0,0,0,0,0
121985,1,1,0,0,0,0,0,0,0,0,0,0
121986,1,1,0,17,22,0,22,12,6,16,11,0
121987,1,1,0,0,0,0,0,0,0,0,0,0
121987,2,1,0,0,0,0,0,0,0,0,0,0
121988,0,1,0,0,0,0,15,0,0,0,0,25
121988,1,1,0,0,0,0,0,0,0,23,0,0
121988,2,1,0,0,13,0,0,0,0,0,0,0
121990,1,1,0,0,0,0,0,0,0,0,0,0
121990,2,1,0,0,0,0,0,0,0,0,0,0
121991,1,1,0,0,0,0,0,0,0,0,0,0
121991,2,1,0,0,0,0,0,0,0,0,0,0
121991,3,1,0,0,0,0,0,0,0,0,0,0
121992,0,1,0,0,9,28,0,0,0,25,0,0
121992,1,1,2,2,2,2,2,2,2,2,2,2
121993,1,1,21,0,27,0,18,7,28,25,0,30
121994,1,1,0,0,0,0,0,0,0,0,0,0
121994,2,1,0,0,0,0,0,0,0,0,0,0
121995,0,1,0,0,0,0,0,0,0,0,0,0
121995,1,1,0,0,0,0,0,0,0,0,0,0
121996,1,1,0,0,0,0,0,0,0,0,0,0
121996,2,1,0,0,0,0,0,0,0,0,0,0
121998,1,1,23,23,23,23,23,23,23,23,23,23
121999,1,1,0,0,0,0,0,0,0,0,0,0
121999,2,1,0,0,0,0,0,0,0,0,0,0
122000,1,1,0,0,0,0,0,0,0,10,8,0
122000,2,1,0,14,0,0,0,0,15,0,0,0
122001,0,1,23,23,23,23,23,23,23,23,23,23
122001,1,1,0,0,0,0,0,0,0,0,0,0
122002,0,1,32,32,32,32,32,32,32,32,32,32
122002,1,1,0,0,0,0,0,0,0,15,0,0
122003,1,1,24,24,24,24,24,24,24,24,24,24
122004,0,1,0,0,0,0,0,0,0,0,6,0
122004,1,1,0,22,0,0,0,0,0,0,0,0
122005,0,1,17,17,17,17,17,17,17,17,17,17
122005,1,1,0,0,0,0,0,0,0,0,0,0
122006,1,1,0,0,0,0,0,0,0,0,0,0
122006,2,1,0,0,0,0,0,0,0,0,0,0
122006,3,1,0,0,0,0,0,0,0,0,0,11
122007,0,1,0,0,0,4,19,0,0,0,6,0
122007,1,1,0,0,0,0,0,0,0,0,0,0
122008,1,1,0,0,0,27,0,22,0,6,0,20
122008,2,1,0,0,0,0,0,0,0,0,0,0
122008,3,1,0,0,0,0,0,0,0,0,0,0
122008,4,1,0,0,0,14,0,0,0,0,0,0
122008,5,1,0,0,0,0,0,0,0,0,0,0
122009,1,1,18,18,18,18,18,18,18,18,18,18
122010,1,1,30,30,30,30,30,30,30,30,30,30
122011,1,1,0,0,0,0,0,0,0,0,0,0
122012,0,1,0,0,0,0,0,0,0,0,0,19
122012,1,1,0,0,0,0,0,0,0,0,0,0
122013,1,1,0,0,0,0,0,0,0,0,0,0
122014,1,1,0,6,0,0,0,25,0,0,0,0
122014,2,1,0,0,0,0,0,0,0,0,0,0
122015,1,1,0,20,0,34,0,31,0,25,13,13
122016,1,1,0,0,0,0,0,0,0,0,0,0
122017,1,1,0,0,0,0,0,0,0,0,0,0
122017,2,1,0,0,0,0,0,0,0,0,0,0
122018,1,1,0,0,0,0,0,0,0,0,0,0