ST_CASE,VEH_NO,PER_NO,P1,P2,P3,P4,P5,P6,P7,P8,P9,P10
122018,2,1,0,0,0,0,0,0,0,0,0,0
122019,0,1,0,0,40,0,0,25,0,21,0,0
122019,1,1,0,0,9,0,0,9,0,8,0,10
122020,0,1,0,0,0,0,0,32,0,0,0,0
122020,1,1,0,0,0,0,0,31,0,13,5,0
122021,1,1,0,0,0,0,0,18,0,0,0,17
122022,1,1,0,0,0,0,0,0,0,0,0,0
122022,2,1,0,0,0,0,35,0,0,3,0,0
122023,1,1,0,0,0,0,0,0,0,0,0,0
122023,2,1,0,37,6,0,13,32,15,0,16,0
122024,1,1,0,0,0,0,0,0,0,0,0,0
122024,2,1,0,0,0,0,0,0,0,0,19,0
122025,1,1,0,0,0,0,0,0,0,0,0,0
122025,2,1,0,0,0,0,0,0,0,0,0,0
122026,1,1,0,0,0,0,0,0,0,0,0,0
122026,2,1,0,0,0,0,0,0,0,0,0,0
122027,1,1,0,0,0,0,0,0,0,0,0,0
122027,2,1,0,0,0,0,0,34,0,0,0,0
122028,0,1,0,0,0,0,0,0,0,0,0,0
122028,1,1,9,0,0,0,15,0,0,0,11,0
122030,0,1,0,16,0,0,0,0,0,24,0,0
122030,1,1,11,0,0,0,0,29,0,0,0,0
122031,1,1,0,0,0,0,0,0,0,0,0,0
122031,2,1,0,0,0,0,0,0,0,0,0,0
122032,1,1,0,0,0,0,0,0,0,0,0,0
122032,2,1,0,0,0,0,0,0,0,0,0,0
122033,1,1,21,21,21,21,21,21,21,21,21,21
122033,2,1,0,0,0,23,0,0,0,0,0,0
122034,0,1,27,27,27,27,27,27,27,27,27,27
122034,1,1,0,0,0,0,0,18,0,0,0,0
122035,1,1,14,14,14,14,14,14,14,14,14,14
122035,2,1,0,0,6,0,0,0,0,0,0,0
122036,1,1,9,9,9,9,9,9,9,9,9,9
122037,1,1,0,0,0,0,0,0,0,0,0,0
122038,0,1,0,0,0,28,0,0,0,0,0,0
122038,1,1,0,0,0,0,0,0,0,0,0,0
122038,2,1,0,0,0,0,0,0,0,0,0,0
122039,1,1,6,6,6,6,6,6,6,6,6,6
122040,1,1,0,0,0,0,0,0,0,0,0,0
122040,2,1,0,0,0,0,0,0,0,0,0,0
122041,1,1,0,0,0,0,0,0,0,0,0,0
122042,0,1,30,30,30,30,30,30,30,30,30,30
122042,1,1,0,0,0,0,0,0,7,2,0,0
122043,0,1,0,16,0,0,0,21,0,40,5,0
122043,1,1,0,0,0,0,0,0,0,0,0,0
122044,0,1,16,30,7,5,9,0,0,24,12,0
122044,1,1,0,0,0,0,0,0,0,0,0,0
122045,1,1,24,15,14,14,23,26,20,36,7,17
122046,0,1,34,34,34,34,34,34,34,34,34,34
122046,1,1,0,0,0,0,0,0,3,0,16,0
122047,1,1,0,0,0,0,0,0,0,0,0,23
122048,0,1,3,3,3,3,3,3,3,3,3,3
122048,1,1,0,0,0,0,0,0,6,0,0,0
122049,0,1,27,0,11,0,0,20,0,14,0,0
122049,1,1,14,15,0,0,0,0,0,0,0,0
122049,2,1,0,6,12,0,0,0,0,0,0,9
122050,1,1,0,0,0,0,0,0,0,0,0,0
122050,2,1,0,11,0,27,0,24,10,0,26,6
122051,1,1,19,4,0,0,24,0,15,0,8,0
122052,0,1,0,22,27,0,23,0,16,17,0,0
122052,1,1,0,0,9,0,0,0,0,16,0,0
122053,0,1,0,0,0,22,0,0,0,0,0,0
122053,1,1,0,0,0,0,0,0,0,0,0,0
122054,1,1,0,0,0,0,0,0,0,0,0,0
122054,2,1,0,0,0,0,0,0,0,0,0,11
122055,1,1,0,0,0,0,0,0,0,0,0,0
122056,1,1,0,0,0,0,0,0,0,0,0,0
122056,2,1,0,0,0,0,0,0,0,0,0,0
122056,3,1,0,0,0,17,0,0,0,0,0,0
122057,1,1,0,0,0,0,0,0,0,0,0,0
122057,2,1,0,0,0,0,0,0,0,0,0,0
122057,3,1,0,0,0,0,0,0,0,0,0,0
122058,0,1,0,0,0,0,0,0,0,0,0,0
122058,1,1,0,0,0,0,0,0,0,0,0,0
122059,0,1,40,40,40,40,40,40,40,40,40,40
122059,1,1,0,0,0,0,0,8,0,0,0,0
122060,1,1,26,26,26,26,26,26,26,26,26,26
122061,1,1,0,0,0,0,0,0,0,0,0,0
122061,2,1,0,0,0,0,0,0,0,0,0,0
122062,1,1,0,0,0,0,0,0,0,0,0,0
122063,0,1,12,12,12,12,12,12,12,12,12,12
122063,1,1,0,0,0,0,0,0,0,0,0,0
122064,1,1,0,0,23,0,0,0,0,0,0,0
122064,2,1,0,0,0,0,0,0,0,11,0,0
122065,1,1,0,0,0,0,0,0,0,0,0,0
122065,2,1,0,0,0,0,0,0,0,0,0,29
122067,0,1,0,0,0,0,0,23,0,0,0,0
122067,1,1,0,0,0,0,0,0,0,0,0,0
122067,2,1,0,0,0,0,0,0,0,0,0,0
122068,0,1,31,31,31,31,31,31,31,31,31,31
122068,1,1,0,0,0,12,0,0,0,0,0,0
122069,1,1,9,9,9,9,9,9,9,9,9,9
122070,1,1,0,0,0,0,0,0,0,0,0,0
122070,2,1,0,19,0,0,0,0,30,0,0,0
122071,1,1,0,0,0,0,0,0,0,0,0,0
122071,2,1,0,0,0,0,0,0,0,0,0,0
122072,0,1,0,0,0,0,0,0,0,0,0,0
122072,1,1,0,0,11,0,0,0,0,0,0,0
122073,1,1,0,0,0,0,0,0,0,0,0,0
122073,2,1,0,0,0,0,0,0,0,0,0,0
122074,0,1,15,15,15,15,15,15,15,15,15,15
122074,1,1,0,0,0,0,0,0,0,0,0,0
122075,1,1,0,0,0,0,0,0,0,0,0,0
122075,2,1,0,0,0,0,0,0,0,0,0,0
122076,1,1,0,0,0,0,0,0,0,0,0,0
122076,2,1,0,0,0,0,0,0,0,0,0,0
122077,0,1,0,0,0,0,0,0,0,0,0,0
122077,1,1,0,0,0,0,0,0,0,0,0,0
122078,1,1,0,0,0,0,0,0,0,0,0,0
122080,1,1,8,8,13,8,7,7,14,26,18,0
122081,1,1,18,18,18,18,18,18,18,18,18,18
122081,2,1,0,0,0,0,0,0,0,0,0,0
122082,0,1,34,24,38,0,21,0,0,22,25,8
122082,1,1,0,0,12,5,0,0,0,0,0,0
122083,0,1,1,0,20,0,0,16,0,0,18,0
122083,0,2,0,0,0,6,15,0,0,26,23,24
122083,1,1,0,0,0,0,0,0,0,5,0,0
122084,0,1,0,22,0,23,0,0,19,0,23,0
122084,1,1,0,0,0,0,0,0,0,13,0,0
122085,0,1,24,24,24,24,24,24,24,24,24,24
122085,1,1,0,0,0,0,0,6,0,0,0,19
122086,1,1,18,18,18,18,18,18,18,18,18,18
122087,1,1,29,29,29,29,29,29,29,29,29,29
122088,1,1,0,0,0,0,0,0,0,0,0,0
122088,2,1,0,0,0,0,0,0,0,0,0,0
122089,1,1,16,16,16,16,16,16,16,16,16,16
122091,1,1,0,0,0,0,0,0,0,0,0,0
122092,1,1,0,0,0,0,0,0,12,0,0,0
122092,2,1,0,0,0,0,0,0,0,0,0,0
122092,3,1,0,0,0,0,0,0,0,22,0,0
122093,1,1,0,0,0,0,0,0,0,0,0,0
122093,2,1,0,0,0,0,0,0,0,0,0,0
122094,0,1,17,17,17,17,17,17,17,17,17,17
122094,1,1,0,0,0,0,0,0,0,0,0,0
122095,1,1,0,0,0,0,0,0,0,0,0,0
122096,1,1,12,12,12,12,12,12,12,12,12,12
122096,2,1,30,0,0,0,0,0,0,15,0,0
122097,0,1,21,21,21,21,21,21,21,21,21,21
122097,1,1,0,0,0,0,0,0,0,0,0,0
122098,1,1,0,0,0,0,0,0,0,0,0,0
122098,2,1,0,0,4,29,0,0,14,21,16,19
122099,1,1,0,0,0,17,0,0,0,0,0,0
122100,1,1,42,42,42,42,42,42,42,42,42,42
122100,2,1,0,0,0,0,0,0,0,0,0,0
122101,1,1,0,0,0,0,0,0,0,0,0,0
122101,2,1,0,0,0,0,13,0,0,0,0,0
122102,1,1,0,0,0,0,0,0,0,0,0,0
122102,2,1,0,0,0,0,0,0,0,0,0,0
122102,3,1,0,0,0,0,0,0,0,0,0,0
122103,1,1,0,0,0,0,0,0,0,0,13,0
122104,1,1,0,0,0,0,0,0,0,0,0,0
122104,2,1,0,0,0,0,0,0,0,0,0,0
122105,1,1,8,0,31,0,6,0,0,29,28,32
122106,0,1,0,0,0,0,0,0,0,0,0,0
122106,1,1,0,0,0,0,0,0,0,0,0,0
122107,0,1,0,0,0,0,0,0,0,0,0,0
122107,1,1,0,0,0,0,0,13,0,0,0,0
122108,0,1,0,22,7,0,0,0,0,0,0,0
122108,1,1,0,0,0,0,0,0,0,0,0,0
122109,0,1,0,0,0,0,0,0,0,0,0,0
122109,1,1,0,0,0,0,0,0,17,0,0,0
122110,1,1,0,0,0,0,0,0,0,0,0,0
122110,2,1,0,0,0,1,0,0,0,0,0,0
122111,1,1,0,0,0,0,0,0,0,0,0,0
122111,2,1,0,0,0,0,0,0,0,0,0,0
122111,3,1,0,0,41,0,0,0,0,0,0,0
122112,0,1,0,0,0,0,0,0,0,0,0,0
122112,1,1,0,0,0,0,21,0,0,0,0,0
122113,1,1,0,0,0,0,0,0,0,25,0,0
122113,2,1,0,0,16,0,0,0,0,0,0,0
122114,1,1,0,0,0,0,0,0,12,17,17,0
122114,2,1,0,0,0,0,0,0,0,0,0,0
122115,1,1,12,0,0,0,0,0,0,0,0,0
122115,2,1,0,0,0,0,0,0,0,0,0,0
122116,0,1,13,13,13,13,13,13,13,13,13,13
122116,1,1,0,0,0,0,0,0,0,0,0,0
122117,0,1,0,0,0,0,0,0,0,0,0,0
122117,1,1,0,0,0,0,0,0,0,6,0,8
122117,2,1,0,0,0,0,0,0,0,0,0,0
122118,1,1,0,0,0,0,0,0,0,0,0,0
122119,1,1,0,0,0,0,0,0,0,0,0,0
122119,2,1,0,0,18,0,0,0,0,0,0,2
122119,3,1,0,0,0,0,0,0,0,0,0,0
122119,4,1,0,0,0,0,0,0,0,23,0,0
122120,0,1,0,0,0,0,0,8,19,15,0,0
122120,0,2,17,16,0,0,0,0,0,31,0,0
122120,1,1,0,0,0,0,0,0,22,0,0,0
122121,1,1,0,0,0,0,0,0,0,0,0,0
122122,0,1,0,0,0,0,0,0,0,0,0,0
122122,1,1,0,0,10,0,0,0,0,0,0,0
122123,1,1,15,15,15,15,15,15,15,15,15,15
122123,2,1,0,0,0,0,0,0,0,0,0,0
122124,1,1,0,0,0,0,0,0,0,0,0,0
122124,2,1,0,0,0,0,0,0,0,0,0,0
122125,1,1,0,0,0,0,0,0,0,0,0,0
122125,2,1,0,0,0,0,0,0,0,0,0,0
122126,1,1,12,0,17,14,0,17,0,0,18,10
122126,2,1,0,14,0,0,0,0,0,0,0,0
122127,1,1,0,0,0,0,0,0,0,0,0,0
122127,2,1,0,0,0,0,0,0,0,0,0,0
122128,1,1,0,0,0,0,0,0,0,0,0,0
122128,2,1,0,0,0,0,0,0,0,0,0,0
122129,0,1,18,9,25,11,22,30,24,43,16,28
122129,1,1,0,0,0,0,0,0,0,0,0,0
122129,2,1,12,0,0,0,14,0,0,0,0,0
122130,1,1,15,15,15,15,15,15,15,15,15,15
122131,1,1,0,0,0,0,0,0,0,0,0,0
122131,2,1,0,0,14,0,0,0,0,0,0,0
122131,3,1,0,0,0,0,0,0,0,0,0,0
122132,1,1,14,14,14,14,14,14,14,14,14,14
122133,1,1,0,0,0,0,0,0,0,0,0,0
122134,1,1,0,31,0,0,0,0,0,0,11,15
122136,1,1,27,27,27,27,27,27,27,27,27,27
122136,2,1,0,0,0,0,0,0,0,0,0,0
122137,0,1,0,0,0,28,0,0,0,0,23,26
122137,1,1,0,11,0,12,0,0,0,0,0,0
122138,1,1,19,19,19,19,19,19,19,19,19,19
122139,1,1,0,0,0,14,15,8,0,0,0,0
122139,2,1,0,0,0,0,0,0,0,0,0,0
122139,3,1,0,0,0,0,0,0,0,0,0,0
122140,1,1,8,8,8,8,8,8,8,8,8,8
122140,2,1,0,0,0,0,0,0,0,0,0,0
122141,1,1,20,20,20,20,20,20,20,20,20,20
122142,1,1,0,0,0,5,0,24,0,0,0,0
122143,1,1,0,0,0,0,0,0,0,0,0,0
122143,2,1,0,0,0,0,0,0,0,0,0,0
122144,0,1,0,0,0,0,0,0,0,0,10,0
122144,1,1,0,0,0,14,0,18,0,0,0,0
122145,1,1,0,0,0,0,0,0,0,0,0,0
122146,1,1,0,0,0,0,0,0,0,0,0,0
122146,2,1,0,0,0,0,0,0,0,0,0,0
122147,1,1,0,0,0,0,0,0,0,0,0,0
122147,2,1,0,0,0,0,0,0,0,0,0,0
122148,1,1,12,0,0,15,0,17,0,0,0,0
122149,1,1,0,0,0,0,0,0,0,0,0,0
122149,2,1,0,0,0,0,0,0,0,0,0,0
122150,1,1,0,0,0,0,0,0,0,0,0,0
122150,2,1,0,0,0,0,0,0,0,0,0,0
122151,1,1,0,0,0,0,0,0,0,0,0,0
122151,3,1,0,0,0,0,0,0,0,0,0,0
122152,1,1,0,0,0,0,0,25,0,32,0,0
122152,2,1,0,0,0,0,0,0,0,0,0,0
122153,1,1,10,10,10,10,10,10,10,10,10,10
122154,1,1,0,0,0,0,0,0,0,0,0,0
122155,1,1,0,0,0,0,0,0,0,0,0,0
122155,2,1,0,0,0,0,0,0,0,0,0,0
122156,0,1,18,15,0,12,44,18,39,27,20,19
122156,0,2,33,33,19,35,17,33,0,20,36,6
122156,1,1,0,0,0,0,0,0,0,0,0,0
122157,0,1,0,0,0,0,0,0,0,0,0,0
122157,1,1,0,0,0,0,0,0,0,0,0,0
122158,0,1,27,0,0,0,0,0,0,0,0,0
122158,1,1,0,23,0,0,0,0,11,0,0,0
122159,0,1,0,0,0,25,0,0,0,0,0,0
122159,1,1,0,0,0,0,0,0,0,0,0,0
122161,1,1,9,0,12,0,0,0,0,35,0,0
122161,2,1,0,0,0,0,0,0,0,0,0,0
122162,1,1,4,7,7,29,14,12,12,9,15,26
122162,2,1,0,12,0,0,0,0,0,0,0,0
122163,1,1,1,1,1,1,1,1,1,1,1,1
122164,1,1,10,10,10,10,10,10,10,10,10,10
122164,2,1,0,0,0,0,0,0,0,0,0,0
122165,1,1,8,9,20,0,0,0,0,0,0,0
122166,0,1,0,0,0,0,0,0,0,0,0,0
122166,1,1,0,0,0,0,0,0,0,0,0,0
122167,0,1,0,0,0,0,0,0,0,0,26,0
122167,1,1,0,0,0,0,0,0,0,0,0,0
122168,0,1,0,0,0,0,0,0,0,0,0,16
122168,1,1,0,0,0,0,0,0,0,0,0,0
122169,0,1,29,0,30,0,0,0,0,0,0,25
122169,1,1,0,0,0,0,0,0,0,0,0,0
122170,1,1,0,0,0,0,0,0,0,0,0,0
122170,2,1,0,0,0,0,0,0,0,0,0,0
122171,0,1,20,0,18,0,0,8,0,0,0,0
122171,1,1,0,0,0,0,0,0,0,0,0,0
122172,1,1,0,0,0,0,0,0,0,0,0,0
122173,1,1,0,0,0,0,0,0,0,0,0,0
122174,0,1,17,17,17,17,17,17,17,17,17,17
122174,1,1,0,0,0,0,0,0,0,0,0,0
122175,1,1,0,0,0,0,0,0,0,0,0,0
122175,2,1,0,0,0,0,0,0,0,0,0,0
122175,3,1,0,0,0,0,0,0,0,0,0,0
122175,4,1,0,0,0,0,15,13,3,0,0,0
122175,5,1,0,0,0,0,0,0,0,2,15,0
122176,0,1,0,0,0,0,0,0,0,0,0,0
122176,1,1,0,0,0,0,0,0,0,0,0,0
122177,1,1,0,0,0,0,0,0,0,0,0,0
122177,2,1,0,0,0,0,0,0,0,0,0,0
122178,0,1,0,0,0,0,0,0,0,0,0,0
122178,1,1,0,0,0,0,0,0,0,0,0,0
122179,1,1,0,0,0,0,0,0,0,0,0,0
122179,2,1,0,0,0,0,0,0,0,0,0,0
122180,1,1,0,0,0,0,0,0,0,0,0,0
122180,2,1,0,0,0,0,0,0,0,0,0,0
122180,3,1,0,0,0,0,0,0,0,0,0,1
122181,0,1,0,13,0,0,29,23,0,14,0,0
122181,1,1,0,0,25,0,0,27,0,20,0,0
122182,1,1,24,24,24,24,24,24,24,24,24,24
122183,1,1,0,0,0,0,0,0,0,0,0,0
122183,2,1,0,0,0,0,0,0,0,0,0,0
122183,3,1,0,0,0,0,0,0,0,0,0,0
122184,1,1,0,0,8,0,15,0,0,0,0,0
122184,2,1,0,20,0,0,0,0,0,0,0,0
122185,0,1,0,0,0,0,0,0,0,0,0,17
122185,1,1,0,0,0,11,0,0,0,0,0,0
122186,1,1,24,24,24,24,24,24,24,24,24,24
122187,1,1,0,0,0,0,0,0,0,0,0,0
122187,2,1,0,0,0,0,0,0,0,0,0,0
122187,3,1,0,0,0,0,0,0,0,0,0,0
122187,4,1,0,0,0,0,0,0,0,0,0,0
122187,5,1,0,9,0,0,0,25,0,0,0,0
122188,1,1,0,0,0,0,0,0,0,0,4,0
122190,0,1,29,29,29,29,29,29,29,29,29,29
122190,1,1,0,0,0,0,0,0,0,0,0,0
122191,1,1,0,0,0,0,0,0,0,0,0,0
122191,2,1,0,0,0,0,0,0,0,0,0,0
122193,1,1,0,15,0,0,0,0,0,0,0,0
122193,2,1,0,0,0,0,0,0,0,0,0,0
122194,1,1,0,28,24,6,9,13,0,0,0,0
122195,0,1,36,36,36,36,36,36,36,36,36,36
122195,1,1,0,0,15,0,0,0,0,0,12,0
122196,0,1,0,0,0,0,0,0,0,16,0,8
122196,1,1,0,0,0,0,0,0,6,0,0,0
122197,0,1,42,13,54,11,0,0,0,0,0,0
122197,1,1,0,0,0,0,0,0,20,0,0,0
122198,1,1,0,0,0,0,0,0,0,0,0,0
122198,2,1,0,0,0,0,0,0,0,0,0,0
122199,0,1,0,0,0,0,0,0,0,0,0,0
122199,1,1,0,0,0,0,0,0,0,0,0,0
122200,1,1,0,0,0,16,0,18,6,0,16,0
122201,1,1,0,0,0,0,0,0,0,0,0,0
122201,2,1,0,0,0,0,0,0,0,0,0,0
122202,1,1,0,13,16,12,14,26,36,27,9,6
122202,2,1,0,0,0,0,0,0,0,11,0,0
122202,3,1,0,9,0,0,0,0,0,0,0,17
122203,0,1,0,0,0,17,30,0,0,0,0,0
122203,1,1,0,0,0,0,0,0,0,0,0,0
122204,1,1,0,0,0,0,0,0,5,0,0,0
122204,2,1,0,0,0,0,0,0,0,0,0,0
122205,0,1,15,15,15,15,15,15,15,15,15,15
122205,1,1,0,0,0,0,0,0,9,0,0,0
122205,2,1,0,0,17,0,0,0,0,0,0,0
122206,1,1,0,0,0,24,0,0,0,13,0,0
122206,2,1,12,9,0,9,0,0,0,0,0,0
122207,1,1,0,13,0,10,11,0,0,18,11,0
122207,2,1,6,6,6,6,6,6,6,6,6,6
122208,1,1,27,27,27,27,27,27,27,27,27,27
122209,1,1,0,0,0,0,0,0,18,0,0,0
122209,2,1,0,0,0,0,0,0,0,0,0,0
122210,1,1,6,6,6,6,6,6,6,6,6,6
122211,1,1,0,0,0,0,0,0,0,0,0,0
122211,2,1,0,0,0,0,0,0,0,0,0,0
122212,0,1,34,0,0,13,8,0,9,22,0,0
122212,1,1,12,4,0,0,0,0,0,0,0,0
122212,2,1,0,0,0,0,0,0,0,0,0,0
122212,3,1,0,0,0,0,0,0,0,0,0,0
122213,0,1,0,0,0,0,0,0,0,0,0,0
122213,1,1,0,0,0,0,0,14,0,0,0,0
122214,1,1,24,0,0,0,17,17,13,54,0,0
122215,1,1,0,0,0,0,0,0,12,0,0,0
122215,2,1,9,12,7,4,10,6,3,22,14,2
122216,1,1,0,0,0,0,0,0,0,0,0,0
122216,2,1,0,0,0,0,0,0,0,0,0,0
122217,1,1,0,0,3,0,0,0,0,0,0,0
122217,2,1,0,0,0,0,0,0,0,0,0,0
122218,0,1,0,0,0,0,0,0,0,0,0,0
122218,1,1,0,0,0,0,0,0,0,0,0,0
122220,1,1,0,0,0,0,0,0,0,0,0,0
122220,2,1,0,0,0,0,0,0,0,0,0,0
122221,1,1,0,0,0,15,0,0,0,0,0,0
122222,1,1,5,5,5,5,5,5,5,5,5,5
122223,0,1,0,0,0,0,0,0,0,0,0,0
122223,1,1,0,0,0,0,0,19,0,0,0,0
122224,1,1,0,0,0,0,0,0,0,0,0,0
122224,2,1,0,19,0,0,0,0,0,0,0,0
122225,0,1,26,0,33,10,40,0,0,0,0,7
122225,1,1,0,0,0,0,0,0,0,0,0,0
122226,0,1,10,10,10,10,10,10,10,10,10,10
122226,1,1,0,0,0,0,0,0,0,0,0,0
122227,1,1,0,11,0,10,0,10,15,0,0,0
122228,1,1,0,0,0,0,0,0,0,0,0,0
122228,2,1,0,0,0,0,0,0,0,0,0,0
122229,1,1,0,0,0,0,0,0,0,0,0,0
122229,2,1,28,28,28,28,28,28,28,28,28,28
122229,3,1,0,0,0,0,0,0,0,0,0,0
122230,0,1,38,38,38,38,38,38,38,38,38,38
122230,1,1,0,0,10,8,0,0,16,0,0,0
122231,1,1,0,27,0,33,15,21,13,15,0,0
122232,0,1,25,25,25,25,25,25,25,25,25,25
122232,1,1,0,0,0,0,0,0,0,0,0,0
122233,0,1,23,23,23,23,23,23,23,23,23,23
122233,1,1,0,0,0,0,0,0,0,0,0,0
122234,0,1,23,23,23,23,23,23,23,23,23,23
122234,1,1,0,0,0,0,0,0,0,0,0,0
122235,1,1,2,2,2,2,2,2,2,2,2,2
122236,1,1,14,14,14,14,14,14,14,14,14,14
122236,2,1,0,0,0,0,0,0,0,0,8,0
122237,1,1,0,0,0,0,0,0,0,0,0,0
122237,2,1,0,0,0,0,0,0,0,0,0,0
122238,0,1,0,0,0,0,0,0,0,0,0,0
122238,1,1,0,0,0,0,0,0,0,0,0,0
122238,2,1,0,0,0,0,0,0,0,0,0,0
122239,1,1,23,23,23,23,23,23,23,23,23,23
122239,2,1,0,0,0,0,0,0,0,0,0,0
122240,1,1,0,0,0,0,0,0,0,0,0,0
122241,1,1,0,0,0,0,0,0,0,0,0,0
122241,2,1,0,0,0,0,0,0,0,0,0,0
122242,1,1,0,0,0,0,0,0,0,0,0,0
122242,2,1,0,0,0,0,0,0,0,0,0,0
122243,1,1,9,9,9,9,9,9,9,9,9,9
122243,2,1,0,0,0,5,0,0,0,0,0,0
122244,1,1,0,0,0,0,0,0,0,0,0,0
122244,2,1,0,0,0,0,0,0,0,0,0,0
122245,0,1,0,0,0,0,0,0,0,18,0,0
122245,1,1,0,0,0,0,0,0,0,0,0,0
122246,1,1,0,0,0,0,0,0,0,0,0,0
122246,2,1,0,0,0,0,0,0,0,0,0,0
122247,1,1,11,0,0,0,0,0,0,0,0,0
122247,2,1,0,0,0,0,0,0,0,0,0,0
122248,0,1,0,0,0,0,0,0,0,0,0,0
122248,1,1,0,0,9,0,0,0,0,0,0,0
122249,1,1,1,1,1,1,1,1,1,1,1,1
122249,2,1,0,0,0,0,0,0,0,0,0,0
122250,1,1,4,4,4,4,4,4,4,4,4,4
122251,1,1,29,29,29,29,29,29,29,29,29,29
122251,2,1,0,0,0,0,0,0,0,0,0,0
122251,3,1,0,0,0,0,0,0,0,0,0,0
122251,4,1,0,0,0,0,0,0,0,0,0,0
122252,1,1,0,0,0,0,0,0,0,0,0,0
122252,2,1,0,0,0,0,0,0,0,0,0,0
122252,3,1,0,0,0,0,0,0,0,15,0,0
122252,4,1,0,38,0,36,0,0,0,0,0,0
122252,5,1,0,0,0,0,0,0,0,0,0,0
122252,6,1,17,0,0,8,0,0,0,0,0,0
122252,7,1,0,0,0,0,0,0,0,0,10,0
122253,0,1,0,15,0,0,9,0,0,0,13,0
122253,1,1,0,0,0,0,0,0,0,0,0,0
122254,1,1,0,0,0,0,0,0,0,0,0,0
122254,2,1,0,0,0,0,0,0,0,0,0,0
122255,0,1,5,0,16,0,0,0,19,0,20,0
122255,1,1,0,0,0,0,0,0,0,0,0,0
122256,1,1,0,0,0,0,0,0,0,0,0,0
122256,2,1,0,0,0,0,0,21,0,0,0,0
122256,3,1,0,0,0,0,0,0,0,0,0,0
122257,1,1,0,0,0,0,0,0,0,0,0,0
122257,2,1,0,0,0,0,0,0,0,0,0,0
122258,1,1,36,36,36,36,36,36,36,36,36,36
122259,0,1,24,24,24,24,24,24,24,24,24,24
122259,1,1,16,0,0,0,0,0,0,5,0,0
122260,1,1,16,16,16,16,16,16,16,16,16,16
122261,0,1,0,16,0,0,5,0,40,24,0,0
122261,1,1,0,0,4,0,0,0,0,16,0,0
122262,1,1,22,22,22,22,22,22,22,22,22,22
122263,0,1,0,0,0,0,0,0,0,0,0,0
122263,1,1,0,0,0,0,0,0,0,0,0,0
122264,0,1,23,23,23,23,23,23,23,23,23,23
122264,1,1,0,0,0,0,0,0,0,0,0,0
122265,1,1,0,0,0,0,0,0,0,0,0,0
122266,1,1,12,12,12,12,12,12,12,12,12,12
122267,1,1,0,0,0,0,0,0,0,0,0,0
122268,1,1,0,0,0,0,0,0,0,0,0,0
122268,2,1,0,0,0,0,0,0,0,0,0,0
122269,1,1,0,0,0,0,0,0,0,8,0,0
122269,2,1,0,0,0,0,0,0,0,0,0,0
122269,3,1,0,0,0,13,0,0,0,0,0,0
122270,0,1,9,9,9,9,9,9,9,9,9,9
122270,1,1,0,0,0,0,0,0,0,0,0,0
122271,0,1,0,0,0,0,0,0,0,0,0,0
122271,1,1,0,0,0,0,0,0,0,0,0,0
122272,0,1,0,0,0,0,0,0,0,0,0,0
122272,1,1,0,0,0,0,0,0,0,0,0,0
122273,1,1,0,0,0,0,0,0,0,0,0,0
122273,2,1,0,0,0,0,0,0,0,0,0,0
122274,0,1,5,0,24,15,10,27,0,18,0,0
122274,1,1,0,15,0,0,8,0,0,0,12,0
122275,0,1,0,0,0,0,0,0,0,0,0,0
122275,1,1,0,0,0,0,0,0,0,0,0,0
122276,1,1,0,0,0,0,0,0,0,0,0,0
122276,2,1,0,0,0,0,0,0,0,0,0,0
122277,1,1,0,0,0,0,0,0,0,0,0,0
122277,2,1,0,0,0,0,0,0,0,10,0,0
122278,1,1,0,0,0,0,0,0,0,0,0,0
122279,1,1,18,0,0,0,0,0,29,0,0,17
122279,2,1,0,0,0,0,0,0,0,0,0,0
122280,1,1,0,0,10,32,18,0,23,21,0,18
122280,2,1,0,0,0,0,0,0,7,0,0,0
122281,0,1,0,0,0,0,0,0,0,0,0,0
122281,1,1,0,0,0,0,0,24,7,0,4,0
122282,0,1,0,25,0,0,0,0,34,0,0,0
122282,1,1,9,0,0,0,0,0,10,0,0,0
122283,1,1,23,23,23,23,23,23,23,23,23,23
122284,0,1,0,0,0,0,0,0,0,0,0,0
122284,1,1,0,0,11,16,0,0,0,0,0,0
122285,1,1,0,0,0,0,0,0,0,0,0,0
122285,2,1,0,0,0,0,0,0,0,0,0,0
122286,1,1,0,0,0,0,0,0,18,0,0,0
122286,2,1,0,0,0,0,0,0,0,0,0,0
122287,1,1,12,25,0,0,22,0,2,0,0,0
122288,1,1,0,0,0,0,0,0,0,16,0,0
122288,2,1,0,0,0,0,0,0,0,0,0,0
122290,1,1,0,0,0,0,0,0,0,0,0,0
122290,2,1,16,0,0,0,0,0,0,0,15,0
122291,1,1,0,0,0,17,0,0,0,0,0,0
122292,0,1,9,21,0,0,0,5,0,0,0,0
122292,1,1,0,12,0,19,0,0,0,0,0,0
122292,2,1,0,0,0,0,14,0,0,0,0,0
122293,1,1,28,28,28,28,28,28,28,28,28,28
122294,1,1,0,0,0,0,0,0,0,0,0,0
122294,2,1,0,13,0,0,0,0,0,0,0,0
122295,1,1,0,0,0,0,0,0,0,0,0,0
122295,2,1,0,0,0,0,0,0,7,0,0,0
122295,3,1,0,0,0,0,0,0,0,0,0,0