ST_CASE,VEH_NO,PER_NO,P1,P2,P3,P4,P5,P6,P7,P8,P9,P10
122295,4,1,0,0,0,0,0,0,0,0,0,0
122297,0,1,0,0,0,0,0,0,0,9,0,0
122297,1,1,0,0,0,0,0,0,0,0,0,0
122298,0,1,0,0,0,0,0,0,0,0,0,0
122298,1,1,0,0,0,8,0,0,0,0,0,0
122299,1,1,0,0,0,0,0,13,0,0,0,0
122299,2,1,0,0,0,0,0,0,0,0,0,0
122300,0,1,0,0,0,0,0,0,0,0,31,0
122300,0,2,0,15,0,0,0,0,0,0,0,30
122300,1,1,0,23,0,0,0,0,0,0,0,0
122300,2,1,0,0,0,0,0,0,0,0,0,0
122301,0,1,0,0,0,0,0,12,0,0,0,0
122301,1,1,0,0,0,0,0,0,0,18,0,9
122302,0,1,0,0,0,0,0,0,0,0,0,0
122302,1,1,0,0,0,0,0,0,0,0,0,0
122303,1,1,0,0,0,0,0,0,0,0,0,0
122303,2,1,0,0,0,0,0,0,0,0,0,0
122304,1,1,0,0,0,0,0,0,0,0,0,0
122304,2,1,0,0,0,0,0,0,0,0,0,0
122305,1,1,0,0,0,0,0,0,0,0,0,0
122306,0,1,26,26,26,26,26,26,26,26,26,26
122306,1,1,0,0,0,11,0,0,0,0,0,0
122307,0,1,0,0,0,0,0,0,0,0,0,0
122307,1,1,0,0,0,0,0,0,0,0,0,0
122308,0,1,0,6,28,20,11,0,9,0,0,14
122308,1,1,0,0,0,0,0,0,0,0,0,0
122309,1,1,0,18,10,0,10,0,0,17,0,0
122310,0,1,0,10,0,0,0,0,0,0,27,0
122310,1,1,0,0,0,0,18,0,0,7,0,0
122311,1,1,0,0,0,0,0,0,0,0,0,0
122311,2,1,0,0,0,0,0,0,0,0,0,0
122312,1,1,0,0,0,0,0,0,0,0,0,0
122313,1,1,0,0,12,0,23,17,0,0,0,6
122313,2,1,0,0,0,0,0,0,0,0,0,46
122314,0,1,29,29,29,29,29,29,29,29,29,29
122314,1,1,0,0,0,0,0,0,0,0,27,0
122315,1,1,0,0,0,0,0,0,0,0,0,0
122316,1,1,0,0,0,0,0,2,0,0,0,0
122316,2,1,0,0,0,0,0,0,0,0,0,0
122317,1,1,18,0,13,14,18,0,12,20,27,11
122318,1,1,0,0,0,0,0,0,0,0,0,0
122318,2,1,0,0,0,0,0,0,0,0,0,0
122318,3,1,0,0,0,0,0,0,0,0,0,0
122319,0,1,19,0,0,0,0,0,0,17,0,0
122319,1,1,0,0,0,0,0,11,0,0,0,0
122320,1,1,0,0,0,0,0,0,0,0,0,0
122320,2,1,0,0,0,0,0,0,0,0,12,0
122321,0,1,2,2,2,2,2,2,2,2,2,2
122321,1,1,12,12,12,12,12,12,12,12,12,12
122322,0,1,42,42,42,42,42,42,42,42,42,42
122322,1,1,0,0,0,0,0,0,0,0,0,0
122323,1,1,0,0,0,0,0,0,0,0,0,0
122323,2,1,0,0,0,0,0,0,0,0,0,0
122324,0,1,18,18,18,18,18,18,18,18,18,18
122324,1,1,0,0,0,0,0,0,0,0,0,0
122325,0,1,0,0,18,0,0,0,0,0,0,0
122325,1,1,0,0,0,0,0,0,0,0,0,0
122326,1,1,15,0,0,0,16,0,0,0,0,0
122327,1,1,6,6,6,6,6,6,6,6,6,6
122328,1,1,13,12,9,21,18,17,12,13,11,0
122329,0,1,0,0,0,0,0,0,0,0,0,0
122329,1,1,0,0,0,0,0,0,0,0,17,0
122331,0,1,0,0,0,0,0,0,0,35,0,27
122331,1,1,0,0,0,0,15,0,0,12,0,0
122332,1,1,0,0,0,0,0,0,0,0,0,0
122332,2,1,0,0,0,0,0,0,0,0,0,0
122333,1,1,0,0,0,0,0,0,0,0,0,0
122333,2,1,0,0,0,0,0,0,0,0,10,0
122334,1,1,0,0,0,0,0,0,0,0,0,0
122334,2,1,0,0,0,0,0,0,0,0,0,0
122335,1,1,0,0,0,0,0,0,0,0,0,0
122335,2,1,0,0,0,16,19,0,0,0,0,0
122336,1,1,11,13,0,0,0,0,0,0,0,0
122337,0,1,16,0,0,0,0,0,0,0,0,0
122337,1,1,0,16,0,0,0,0,0,22,0,0
122338,1,1,22,22,22,22,22,22,22,22,22,22
122339,0,1,0,0,0,26,0,0,24,0,0,0
122339,1,1,0,0,0,0,0,0,0,0,0,0
122340,1,1,0,0,0,0,0,0,0,0,0,0
122340,2,1,0,0,0,0,0,0,0,0,0,0
122341,1,1,25,0,0,0,0,0,0,0,0,0
122341,2,1,0,0,0,0,0,0,0,0,0,0
122342,1,1,21,11,11,12,14,16,8,11,18,14
122342,2,1,0,0,0,0,0,0,0,0,0,0
122342,3,1,0,0,0,16,0,0,0,0,0,5
122344,0,1,0,0,14,0,21,0,0,20,20,0
122344,1,1,19,0,8,0,0,0,0,8,0,0
122345,1,1,0,0,0,0,0,0,0,0,0,0
122345,2,1,0,0,0,0,0,0,0,0,0,0
122346,0,1,0,0,0,0,0,0,0,0,29,0
122346,1,1,0,6,0,0,0,0,0,0,0,10
122347,1,1,0,0,0,0,0,0,0,0,0,0
122347,2,1,0,0,0,0,17,0,0,0,0,0
122348,1,1,0,0,0,0,0,0,0,0,0,0
122349,1,1,0,0,0,0,0,0,0,0,0,0
122350,0,1,0,0,0,0,0,0,0,0,0,0
122350,1,1,18,0,0,0,0,0,0,0,0,0
122351,1,1,0,0,0,0,0,0,0,0,0,0
122351,2,1,6,0,0,0,0,0,16,0,0,0
122352,1,1,0,0,0,0,0,0,0,0,18,0
122353,1,1,0,0,0,0,0,0,0,0,0,0
122353,2,1,0,0,0,0,0,0,0,0,0,0
122354,1,1,0,0,0,0,0,0,0,0,0,0
122355,1,1,0,0,0,0,0,0,0,0,0,0
122355,2,1,0,0,0,0,0,0,0,0,0,0
122356,1,1,0,0,0,0,0,0,0,0,0,0
122358,1,1,0,0,27,0,0,0,0,0,0,0
122358,2,1,0,0,0,0,0,0,14,0,0,0
122359,1,1,0,0,13,0,0,0,0,0,0,0
122360,0,1,0,0,0,0,0,0,0,0,0,0
122360,1,1,0,0,0,0,0,0,0,0,0,0
122361,1,1,0,0,0,0,0,0,0,0,0,0
122362,1,1,30,30,30,30,30,30,30,30,30,30
122363,1,1,0,0,0,0,0,0,0,0,0,0
122363,2,1,0,0,0,0,0,0,0,0,0,0
122365,1,1,10,10,10,10,10,10,10,10,10,10
122366,0,1,15,15,15,15,15,15,15,15,15,15
122366,1,1,0,0,0,0,0,0,0,0,0,0
122367,1,1,14,0,0,0,4,0,0,0,0,0
122367,2,1,13,13,13,13,13,13,13,13,13,13
122368,0,1,9,9,9,9,9,9,9,9,9,9
122368,1,1,0,0,0,0,0,0,0,0,0,0
122369,1,1,0,0,0,0,0,0,0,0,0,0
122369,2,1,0,0,0,0,0,0,0,0,0,0
122370,0,1,0,0,0,0,0,0,0,0,0,0
122370,1,1,0,0,0,0,0,0,0,0,0,0
122370,2,1,0,0,0,0,0,0,0,0,0,0
122370,3,1,0,0,0,0,0,0,0,0,0,0
122370,4,1,0,0,0,0,0,0,0,0,0,0
122371,1,1,17,0,0,0,0,7,0,0,0,0
122371,2,1,0,0,0,0,0,0,0,0,0,0
122372,1,1,0,0,0,0,0,0,0,0,0,0
122373,1,1,8,22,25,9,12,20,14,11,0,0
122374,1,1,1,1,1,1,1,1,1,1,1,1
122374,2,1,0,0,0,0,0,0,0,0,0,0
122375,0,1,0,0,0,0,0,0,0,0,0,0
122375,1,1,0,0,0,0,0,0,8,0,0,0
122375,2,1,0,0,0,0,0,0,0,9,0,0
122376,0,1,0,0,0,0,0,22,0,23,0,23
122376,1,1,0,0,0,0,0,0,5,0,0,0
122377,1,1,0,0,0,0,0,0,0,0,0,24
122377,2,1,0,0,0,0,0,0,0,0,0,0
122378,1,1,0,8,36,6,12,21,22,0,0,16
122378,2,1,0,0,0,0,0,0,12,0,0,0
122378,3,1,0,0,0,0,0,0,0,0,0,0
122379,1,1,0,0,0,0,0,0,0,0,0,0
122379,2,1,0,0,0,0,0,0,0,0,0,0
122380,1,1,12,11,14,8,4,19,20,11,9,13
122381,1,1,0,0,0,0,0,0,0,0,0,0
122381,2,1,0,0,0,0,0,0,0,0,0,0
122382,1,1,23,23,23,23,23,23,23,23,23,23
122382,2,1,0,0,0,0,0,0,0,0,0,0
122383,1,1,0,0,0,0,0,0,0,0,0,0
122383,2,1,0,0,0,0,0,0,0,0,0,0
122383,3,1,0,0,0,0,0,0,0,0,0,0
122383,4,1,0,0,0,0,0,0,0,0,0,0
122384,1,1,0,0,0,0,0,0,11,0,0,0
122384,2,1,0,24,0,0,0,0,0,0,0,0
122385,1,1,19,19,19,19,19,19,19,19,19,19
122386,1,1,0,0,0,0,0,0,0,0,0,0
122386,2,1,0,0,0,0,0,12,0,0,0,0
122387,1,1,0,0,0,0,0,0,0,0,0,0
122388,1,1,0,0,0,0,0,0,0,0,0,0
122388,2,1,0,0,0,0,0,0,0,0,0,0
122389,1,1,0,0,0,0,0,0,12,0,0,8
122389,2,1,0,0,0,19,0,0,0,0,0,0
122390,1,1,0,0,0,0,0,0,25,0,0,0
122390,2,1,0,0,9,0,19,0,0,0,0,0
122392,1,1,0,0,7,0,0,0,0,0,0,0
122392,2,1,0,0,0,0,0,0,0,0,0,0
122393,1,1,0,0,0,0,0,0,0,0,0,0
122393,2,1,0,0,15,0,0,14,16,0,0,0
122394,1,1,0,0,10,0,8,0,0,0,0,0
122395,1,1,0,11,0,0,0,0,0,0,0,0
122396,1,1,0,0,0,12,0,0,0,0,0,0
122397,1,1,0,0,11,0,21,16,0,0,0,9
122398,1,1,14,14,14,14,14,14,14,14,14,14
122398,2,1,0,0,0,0,0,0,0,0,0,0
122399,0,1,17,0,0,0,0,17,0,22,0,0
122399,1,1,0,0,0,0,0,8,0,0,0,0
122400,0,1,4,13,0,0,0,0,0,0,0,0
122400,1,1,0,0,0,7,0,0,0,0,0,0
122401,0,1,0,0,0,0,0,0,0,0,0,0
122401,1,1,0,0,0,0,15,0,0,0,0,0
122402,1,1,6,0,24,0,1,0,0,0,11,12
122404,0,1,0,0,0,0,0,0,0,0,0,0
122404,1,1,0,0,4,0,0,0,0,0,0,0
122405,0,1,0,0,0,0,0,0,0,0,23,0
122405,1,1,0,0,0,0,0,0,0,0,0,0
122406,1,1,0,0,0,0,0,0,0,0,0,0
122406,2,1,0,0,0,0,0,0,0,0,0,0
122407,0,1,0,18,18,0,0,0,0,0,0,0
122407,1,1,0,4,0,0,0,0,0,0,0,9
122408,1,1,0,0,0,0,0,0,0,0,8,0
122408,2,1,0,0,0,0,0,0,18,0,0,0
122409,1,1,0,0,0,0,0,0,0,0,0,0
122409,2,1,0,0,0,0,0,0,0,0,0,0
122410,1,1,13,13,13,13,13,13,13,13,13,13
122410,2,1,10,0,0,0,0,0,0,0,0,0
122410,3,1,8,15,0,0,0,6,0,0,0,0
122411,0,1,0,0,0,0,0,0,0,0,0,0
122411,1,1,0,0,0,10,0,0,0,0,0,0
122412,0,1,0,0,0,0,0,0,0,0,0,0
122412,1,1,0,0,0,0,0,0,0,0,0,0
122413,0,1,0,13,0,34,18,10,0,13,13,0
122413,1,1,0,0,0,0,0,0,0,0,0,0
122414,1,1,20,20,20,20,20,20,20,20,20,20
122415,1,1,0,0,0,0,0,5,0,0,0,0
122415,2,1,0,0,0,0,0,0,0,0,0,0
122416,1,1,0,0,0,0,0,0,0,0,0,0
122416,2,1,0,6,0,0,0,0,0,0,0,0
122417,1,2,6,0,0,0,0,0,0,0,0,14
122418,0,1,0,0,0,0,0,0,0,0,0,0
122418,0,2,0,24,0,29,19,10,9,0,26,0
122418,1,1,0,0,0,0,0,0,0,13,0,0
122419,1,1,6,6,6,6,6,6,6,6,6,6
122420,0,1,0,0,0,0,0,0,0,0,0,0
122420,1,1,0,0,0,0,0,0,0,0,0,0
122421,1,1,0,0,0,0,0,0,0,0,0,0
122422,0,1,0,0,0,0,0,0,0,23,0,0
122422,1,1,19,0,9,11,0,32,0,14,36,20
122422,3,1,0,0,0,0,0,0,0,0,0,16
122423,1,1,0,0,0,0,0,0,0,0,0,0
122423,2,1,0,0,0,0,0,0,0,0,0,0
122423,3,1,0,0,0,0,0,0,0,0,20,0
122423,4,1,0,0,0,0,0,0,0,0,0,0
122424,0,1,0,0,0,0,0,0,0,0,0,0
122424,2,1,0,0,0,8,0,0,0,0,0,0
122425,1,1,24,24,24,24,24,24,24,24,24,24
122426,1,1,0,0,0,0,0,0,0,0,0,0
122426,2,1,0,0,0,0,0,0,0,0,0,0
122427,1,1,0,0,0,0,0,0,0,0,0,0
122427,2,1,0,0,0,0,0,0,0,19,0,0
122428,0,1,0,0,0,0,0,0,0,0,0,0
122428,1,1,0,0,0,0,0,0,0,0,0,0
122429,1,1,18,0,0,0,0,0,0,0,0,0
122429,2,1,0,0,0,0,0,0,0,0,0,0
122430,0,1,0,0,0,0,0,0,0,0,0,0
122430,0,2,0,0,0,0,0,0,0,0,0,0
122430,2,1,0,0,0,0,0,0,0,0,0,0
122431,1,1,0,0,0,0,0,0,0,0,0,0
122431,2,1,0,0,0,0,0,0,0,0,0,0
122432,1,1,20,20,20,20,20,20,20,20,20,20
122433,1,1,0,0,0,0,0,0,0,0,0,0
122434,0,1,0,19,0,0,0,0,0,0,11,5
122434,1,1,0,0,0,0,0,0,0,0,0,0
122435,1,1,0,0,0,0,0,0,0,0,0,0
122435,2,1,0,0,13,20,14,0,21,13,0,21
122436,1,1,25,6,0,23,8,0,11,16,15,17
122437,0,1,0,21,35,0,0,8,0,23,43,0
122437,1,1,0,0,0,0,18,0,0,0,0,0
122438,1,1,10,10,10,10,10,10,10,10,10,10
122438,2,1,0,0,0,0,16,0,0,0,11,0
122439,1,1,26,26,26,26,26,26,26,26,26,26
122440,0,1,0,0,0,0,0,17,0,0,0,0
122440,1,1,0,0,0,0,0,0,0,0,0,0
122441,0,1,11,22,17,0,0,17,0,30,0,0
122441,1,1,0,0,0,0,0,0,0,0,0,0
122442,1,1,0,0,0,0,0,0,0,0,0,0
122442,2,1,0,0,0,0,0,0,0,0,0,0
122442,3,1,0,0,0,22,0,0,0,10,0,0
122443,0,1,0,0,0,0,0,0,0,0,0,0
122443,1,1,0,0,0,0,0,0,0,0,0,0
122444,1,1,0,0,4,16,0,0,0,0,0,0
122444,2,1,0,0,0,0,5,0,0,0,0,0
122445,1,1,19,19,19,19,19,19,19,19,19,19
122446,0,1,0,39,0,0,0,0,0,0,0,7
122446,1,1,0,0,0,0,12,0,0,0,0,0
122447,1,1,6,6,6,6,6,6,6,6,6,6
122448,1,1,0,0,0,0,0,0,0,0,10,0
122448,2,1,0,0,0,0,0,0,0,0,0,0
122449,0,1,0,0,0,0,0,0,0,0,0,0
122449,1,1,0,0,7,0,0,35,0,0,17,0
122450,0,1,35,35,35,35,35,35,35,35,35,35
122450,1,1,0,21,0,0,0,0,0,0,0,0
122451,0,1,0,0,0,5,0,23,19,0,0,0
122451,1,1,0,0,0,0,0,0,0,0,0,0
122452,1,1,0,0,0,0,0,0,0,0,0,0
122452,2,1,0,0,0,4,0,0,0,0,0,0
122453,1,1,0,0,0,0,0,0,0,0,0,0
122453,2,1,0,0,0,0,0,0,0,0,0,0
122454,1,1,0,15,24,0,0,18,0,17,9,6
122455,1,1,9,9,9,9,9,9,9,9,9,9
122455,2,1,0,0,0,0,0,0,6,0,0,0
122455,3,1,0,0,0,0,0,0,0,0,0,2
122456,0,1,9,4,0,0,0,0,29,0,0,0
122456,0,2,0,0,0,0,0,15,0,3,0,0
122456,1,1,0,0,0,0,0,0,0,0,0,0
122457,1,1,0,0,0,0,0,0,0,0,0,0
122458,0,1,36,0,0,0,0,0,0,0,0,0
122458,1,1,0,0,0,0,0,0,0,0,0,0
122459,0,1,23,23,23,23,23,23,23,23,23,23
122459,1,1,0,0,0,0,0,0,0,0,0,14
122460,1,1,7,7,7,7,7,7,7,7,7,7
122461,1,1,0,0,0,16,0,35,0,29,0,21
122461,2,1,0,0,0,15,10,21,7,8,0,20
122462,1,1,0,0,0,0,0,0,0,0,0,0
122462,2,1,0,0,0,0,0,0,0,0,0,0
122463,0,1,9,0,0,0,0,54,0,0,0,0
122463,1,1,16,0,0,22,0,0,18,19,12,0
122464,1,1,0,0,14,0,0,0,0,0,0,0
122465,1,1,0,0,0,0,0,0,0,0,0,0
122465,2,1,0,0,0,0,0,0,0,0,0,0
122465,3,1,0,12,0,14,0,0,0,0,0,0
122466,1,1,0,0,0,0,0,0,0,0,17,0
122466,2,1,0,0,0,0,0,0,0,0,8,0
122467,1,1,0,0,0,0,0,0,0,0,0,0
122467,2,1,0,0,0,0,0,0,0,0,0,0
122468,0,1,0,0,0,0,0,0,0,0,0,0
122468,1,1,0,0,0,0,0,0,0,0,0,0
122469,0,1,39,0,25,0,13,0,0,0,0,0
122469,0,2,0,0,0,0,38,0,0,4,0,0
122469,1,1,0,0,0,0,0,0,0,9,0,14
122470,1,1,0,0,0,0,0,0,0,0,0,0
122470,2,1,0,0,0,0,9,0,0,0,0,0
122470,3,1,0,0,0,0,0,0,0,0,0,0
122470,4,1,0,0,0,0,0,0,0,0,17,0
122470,5,1,0,0,0,0,0,0,0,0,0,0
122471,0,1,0,27,24,0,13,18,0,0,42,25
122471,1,1,0,0,0,0,0,0,0,0,0,0
122472,1,1,0,0,8,15,19,18,0,5,21,14
122473,0,1,0,0,0,0,0,0,0,0,0,0
122473,1,1,0,0,0,0,0,0,0,0,0,0
122474,1,1,22,21,0,0,0,0,6,33,24,0
122475,1,1,0,0,0,0,0,0,0,0,0,0
122476,0,1,0,0,0,0,0,0,0,0,0,0
122476,1,1,0,0,0,0,0,0,0,0,0,0
122477,1,1,0,0,0,0,0,0,0,0,0,0
122477,2,1,0,0,0,0,0,0,0,0,0,0
122478,1,1,0,0,16,0,0,0,0,0,0,0
122479,1,1,0,0,0,0,0,0,0,0,0,0
122479,2,1,0,0,0,0,0,0,0,0,0,0
122480,1,1,0,0,0,0,0,0,0,0,7,0
122480,2,1,0,0,0,0,0,0,0,0,0,0
122481,0,1,0,0,0,0,0,0,13,0,0,0
122481,1,1,0,0,0,0,0,0,0,0,0,0
122481,2,1,0,0,9,0,0,11,0,0,0,0
122481,3,1,0,0,0,0,0,0,0,0,0,0
122482,1,1,0,0,0,0,0,0,0,0,0,0
122483,1,1,0,0,19,0,0,0,0,0,0,0
122483,2,1,0,0,0,0,0,0,0,0,0,0
122484,1,1,0,0,0,0,0,5,0,0,0,0
122485,0,1,29,29,29,29,29,29,29,29,29,29
122485,1,1,0,0,0,0,0,0,0,0,0,0
122486,1,1,0,0,0,0,0,0,0,0,0,0
122487,0,1,0,0,41,0,0,0,0,0,0,0
122487,1,1,0,0,0,0,0,0,16,9,0,0
122488,0,1,7,7,7,7,7,7,7,7,7,7
122488,1,1,0,0,13,0,0,0,0,0,0,0
122489,1,1,0,0,0,19,0,0,0,0,20,0
122490,1,1,12,12,12,12,12,12,12,12,12,12
122491,1,1,0,0,0,0,0,0,0,0,0,0
122492,0,1,0,0,0,0,0,0,0,0,12,0
122492,1,1,0,0,0,0,0,0,0,18,0,0
122493,1,1,7,0,7,0,14,0,0,0,0,6
122493,2,1,0,0,0,0,0,0,0,0,0,7
122494,0,1,29,29,29,29,29,29,29,29,29,29
122494,1,1,0,0,0,0,0,0,0,11,0,0
122495,1,1,0,0,0,0,0,0,0,0,15,0
122495,2,1,0,0,0,0,0,0,0,0,0,0
122496,0,1,0,0,0,0,0,0,0,0,0,0
122496,1,1,18,18,18,18,18,18,18,18,18,18
122497,0,1,27,7,8,0,0,26,14,0,30,8
122497,1,1,22,0,0,0,0,0,0,0,0,0
122498,0,1,0,0,0,0,0,0,0,0,10,0
122498,1,1,16,0,0,0,4,0,0,0,0,0
122499,0,1,0,0,0,0,0,0,0,0,0,0
122499,1,1,0,0,0,0,23,22,0,0,0,0
122500,1,1,0,0,0,0,0,26,0,0,0,0
122500,2,1,0,16,0,0,0,0,0,0,0,0
122500,3,1,0,0,0,0,0,0,0,0,0,0
122501,1,1,17,17,17,17,17,17,17,17,17,17
122502,0,1,0,0,0,0,0,0,0,0,0,0
122502,1,1,0,0,0,0,0,0,0,0,0,0
122503,0,1,0,6,0,0,34,6,21,17,29,0
122503,1,1,0,0,0,0,0,0,0,0,19,13
122504,1,1,18,18,18,18,18,18,18,18,18,18
122504,2,1,0,0,0,0,0,0,0,32,0,0
122505,0,1,17,17,17,17,17,17,17,17,17,17
122505,1,1,0,0,15,0,0,0,0,0,0,0
122506,0,1,0,0,0,0,0,0,0,0,0,0
122506,1,1,14,0,0,0,0,0,0,0,0,0
122507,0,1,0,0,28,0,0,43,0,0,37,0
122507,1,1,0,0,0,0,0,0,0,0,0,0
122508,1,1,20,0,0,14,9,0,21,0,3,7
122508,2,1,0,0,0,0,0,0,0,0,0,19
122509,1,1,21,21,21,21,21,21,21,21,21,21
122510,0,1,8,0,0,0,0,0,0,0,0,0
122510,0,2,0,0,0,0,0,0,0,0,0,19
122510,1,1,0,0,0,0,24,0,0,0,0,0
122511,0,1,3,4,0,0,2,40,32,12,22,34
122511,0,2,0,0,0,0,0,0,0,18,0,8
122511,1,1,6,17,23,24,12,10,0,15,20,0
122512,1,1,0,0,0,0,0,0,0,0,0,0
122512,2,1,0,0,0,0,0,0,0,0,0,0
122513,1,1,0,0,0,0,0,0,0,0,0,0
122513,2,1,0,0,0,0,0,0,0,0,0,0
122514,1,1,0,0,0,0,0,0,0,0,0,0
122515,1,1,0,0,0,0,0,0,0,0,0,0
122516,1,1,0,12,3,0,0,0,0,27,0,0
122517,0,1,0,0,0,0,0,0,0,0,22,0
122517,1,1,0,0,0,0,0,0,0,0,0,0
122518,1,1,0,0,0,0,0,0,0,0,0,0
122518,2,1,0,0,0,0,0,0,0,0,0,0
122519,1,1,0,0,0,0,0,0,0,0,0,0
122519,2,1,0,0,0,0,0,0,0,0,0,0
122520,0,1,24,24,24,24,24,24,24,24,24,24
122520,1,1,9,17,0,0,0,0,0,7,0,0
122521,1,1,0,0,0,0,0,0,0,0,0,0
122521,2,1,0,0,0,0,0,0,0,0,0,0
122521,3,1,0,0,0,0,0,30,0,0,0,0
122522,1,1,0,0,27,0,0,0,14,7,0,0
122522,2,1,0,0,26,0,17,0,11,0,0,0
122523,1,1,0,15,11,8,0,0,20,15,0,0
122523,2,1,0,0,0,4,0,0,0,0,0,0
122524,1,1,18,18,18,18,18,18,18,18,18,18
122525,1,1,0,0,0,0,0,0,0,0,0,0
122526,1,1,15,0,0,0,0,0,0,0,0,0
122526,2,1,0,19,0,0,0,8,0,0,0,0
122527,1,1,13,13,13,13,13,13,13,13,13,13
122527,2,1,0,0,0,0,0,0,0,0,0,0
122527,3,1,0,0,0,0,0,0,0,0,0,0
122528,0,1,35,35,35,35,35,35,35,35,35,35
122528,1,1,0,0,0,0,0,0,0,14,0,0
122528,2,1,0,0,0,0,0,0,0,0,0,0
122528,3,1,0,0,3,17,0,8,6,16,0,22
122529,1,1,19,19,19,19,19,19,19,19,19,19
122530,1,1,0,0,0,0,0,0,0,0,0,0
122531,0,1,24,0,0,0,26,20,31,29,0,0
122531,1,1,0,0,0,0,0,0,0,0,0,0
122532,0,1,15,0,13,0,16,0,0,13,14,14
122532,1,1,0,0,0,0,0,0,0,0,3,0
122533,1,1,0,0,0,0,0,0,0,0,0,0
122534,1,1,0,0,21,0,0,0,0,0,0,0
122535,1,1,0,0,0,0,0,0,0,0,0,0
122535,2,1,0,0,0,0,0,0,0,0,0,0
122536,1,1,15,15,15,15,15,15,15,15,15,15
122536,2,1,0,0,0,0,9,0,0,0,0,0
122537,0,1,11,0,0,0,0,0,0,20,0,0
122537,0,2,0,0,0,0,0,38,0,0,0,0
122537,1,1,8,14,0,0,0,13,0,0,3,0
122538,1,1,26,26,26,26,26,26,26,26,26,26
122539,0,1,0,0,0,21,35,0,0,0,0,0
122539,1,1,0,0,0,0,0,0,0,0,0,0
122540,0,1,19,19,19,19,19,19,19,19,19,19
122540,1,1,0,0,0,0,0,0,0,0,0,0
122541,1,1,21,19,25,0,34,29,20,19,26,21
122541,2,1,0,0,0,0,0,0,0,0,0,0
122542,1,1,0,0,0,0,0,0,0,0,0,0
122542,2,1,9,9,9,9,9,9,9,9,9,9
122543,0,1,0,0,0,0,0,0,0,0,0,0
122543,1,1,0,0,0,0,0,0,0,0,0,0
122544,0,1,32,0,0,13,19,0,12,9,8,17
122544,1,1,0,0,0,0,0,0,0,0,0,0
122545,1,1,9,0,0,10,10,10,30,19,22,3
122546,1,1,27,27,27,27,27,27,27,27,27,27
122547,0,1,20,0,0,0,0,9,0,0,26,0
122547,1,1,0,0,0,0,26,0,0,0,0,0
122548,0,1,20,20,20,20,20,20,20,20,20,20
122548,1,1,15,15,15,15,15,15,15,15,15,15
122549,1,1,0,10,29,17,0,28,19,0,20,18
122549,2,1,0,0,17,0,0,0,0,9,0,0
122549,3,1,0,0,0,0,0,22,0,4,5,0
122550,1,1,0,0,0,0,0,0,0,0,0,0
122551,0,1,41,41,41,41,41,41,41,41,41,41
122551,1,1,0,0,0,3,0,0,0,0,0,0
122552,1,1,0,0,0,0,0,0,0,0,0,0
122552,2,1,0,0,0,0,0,0,0,0,0,0
122552,3,1,0,0,0,0,0,0,0,0,0,0
122553,1,1,16,14,40,0,13,2,11,22,0,9
122554,1,1,0,0,0,0,0,0,0,0,0,0
122554,2,1,0,0,0,0,0,0,0,0,0,0
122555,1,1,0,0,0,22,0,0,0,0,0,0
122556,1,1,14,14,14,14,14,14,14,14,14,14
122557,0,1,0,0,0,0,0,0,0,0,0,0
122557,1,1,0,0,0,0,0,12,0,0,0,0
122558,1,1,7,13,6,0,4,32,8,17,10,4
122558,2,1,0,0,0,0,0,0,0,24,0,0
122559,1,1,0,0,0,0,0,0,0,0,0,0
122559,2,1,0,0,0,0,0,0,11,0,0,0
122560,1,1,29,29,29,29,29,29,29,29,29,29
122560,2,1,0,0,0,0,0,0,0,0,0,0
122560,3,1,0,13,0,0,0,0,0,0,0,0
122561,1,1,13,13,13,13,13,13,13,13,13,13
122562,1,1,16,16,16,16,16,16,16,16,16,16
122563,1,1,0,0,0,0,0,0,0,0,0,0
122563,2,1,0,0,0,0,0,0,0,0,0,0
122564,1,1,18,18,18,18,18,18,18,18,18,18
122564,2,1,0,0,0,0,0,0,0,0,0,0
122564,3,1,0,0,4,0,0,0,0,0,0,0
122565,0,1,0,0,0,0,0,0,0,0,0,0
122565,1,1,11,0,0,0,0,0,0,0,0,0
122566,0,1,0,0,14,0,0,0,0,13,0,0
122566,1,1,0,0,0,0,0,0,0,0,0,0
122567,0,1,0,11,0,31,0,24,29,0,28,0
122567,1,1,0,0,0,8,0,0,0,0,8,0
122568,0,1,0,0,0,0,0,0,0,0,0,0
122568,1,1,0,0,0,0,0,0,0,0,0,13
122569,1,1,7,0,9,0,29,0,0,0,0,0
122569,2,1,0,0,0,5,0,0,0,0,0,0
122569,3,1,0,0,0,0,0,0,0,0,0,0
122570,1,1,0,0,0,0,0,0,0,0,0,0
122570,2,1,0,0,0,0,20,0,0,0,13,0
122570,3,1,0,0,0,0,0,0,0,0,0,0
122571,1,1,0,0,0,0,0,0,0,0,0,0
122571,2,1,21,21,21,21,21,21,21,21,21,21
122571,3,1,0,0,0,0,0,0,0,0,0,0
122572,0,1,0,0,0,0,0,0,0,0,0,0
122572,1,1,0,0,0,0,0,0,0,0,9,0
122573,0,1,0,0,11,0,20,0,0,25,30,0
122573,1,1,0,0,0,0,0,0,0,0,0,0