ST_CASE,VEH_NO,PER_NO,P1,P2,P3,P4,P5,P6,P7,P8,P9,P10
130045,1,1,0,0,0,10,0,0,0,0,19,0
130046,0,1,0,0,0,0,0,0,0,0,0,0
130046,1,1,0,0,0,0,0,0,0,0,0,0
130047,1,1,0,0,0,0,0,0,0,0,0,0
130047,2,1,0,0,0,0,0,0,0,0,0,0
130048,1,1,0,0,0,0,0,0,0,0,0,0
130048,2,1,0,0,0,0,0,0,0,0,0,0
130049,1,1,30,30,30,30,30,30,30,30,30,30
130049,2,1,0,0,0,0,0,0,0,45,0,0
130050,1,1,0,0,0,0,0,0,0,0,0,0
130051,1,1,11,11,11,11,11,11,11,11,11,11
130051,2,1,0,0,0,0,0,0,0,7,0,0
130051,3,1,0,0,0,0,0,0,0,0,0,0
130052,1,1,17,33,8,0,22,27,0,0,0,0
130053,0,1,17,17,17,17,17,17,17,17,17,17
130053,1,1,0,0,0,0,0,0,38,0,0,0
130054,1,1,0,0,0,0,0,0,0,0,0,0
130055,1,1,0,0,0,0,0,0,0,0,0,0
130055,2,1,0,0,0,0,0,0,0,0,0,0
130056,1,1,12,12,12,12,12,12,12,12,12,12
130057,0,1,0,0,0,0,0,0,0,0,0,0
130057,1,1,0,8,0,0,0,0,0,0,0,0
130058,1,1,0,0,0,13,0,0,0,0,0,0
130058,2,1,0,0,0,0,0,0,0,0,0,0
130059,1,1,0,0,0,0,0,0,0,0,0,0
130060,1,1,0,0,0,0,0,0,0,0,0,0
130061,1,1,0,0,0,0,0,0,15,0,0,0
130062,1,1,21,21,21,21,21,21,21,21,21,21
130062,2,1,0,0,0,0,0,0,0,0,0,0
130063,0,1,0,0,0,0,0,0,0,0,0,0
130063,1,1,0,10,0,0,12,0,0,0,0,0
130064,0,1,0,0,0,0,0,0,0,0,38,0
130064,1,1,0,0,0,0,0,0,0,0,9,0
130065,1,1,0,17,0,0,0,0,0,0,0,0
130066,1,1,0,0,0,0,0,0,0,0,0,0
130066,2,1,0,0,0,0,0,0,0,0,0,0
130066,3,1,0,0,10,0,0,0,0,0,0,0
130067,1,1,14,5,21,23,13,23,18,15,11,0
130067,2,1,0,0,0,0,0,0,0,0,0,0
130068,1,1,0,0,0,0,0,0,0,0,0,0
130068,2,1,0,0,0,0,0,0,0,0,0,0
130068,3,1,0,0,0,0,0,0,0,0,0,0
130069,1,1,18,18,18,18,18,18,18,18,18,18
130070,1,1,0,0,0,0,0,0,0,0,0,0
130071,1,1,0,0,25,0,0,0,0,0,5,0
130072,1,1,0,13,2,26,18,0,17,0,0,0
130072,2,1,0,0,0,0,0,0,0,0,0,0
130072,3,1,0,0,6,0,0,0,0,18,0,0
130073,1,1,31,31,31,31,31,31,31,31,31,31
130073,2,1,0,0,0,0,0,0,0,0,0,0
130073,3,1,0,0,0,0,0,0,0,0,0,0
130074,1,1,12,12,12,12,12,12,12,12,12,12
130074,2,1,0,0,0,0,0,0,0,0,0,0
130075,1,1,0,0,0,0,0,0,0,0,0,0
130075,2,1,13,13,13,13,13,13,13,13,13,13
130076,1,1,0,0,0,0,0,13,0,0,0,8
130077,0,1,0,0,0,0,0,0,0,0,0,0
130077,1,1,0,0,0,0,0,0,0,0,0,0
130078,1,1,0,0,0,0,0,0,0,0,0,0
130078,2,1,0,0,0,0,0,0,0,0,0,0
130078,3,1,0,0,0,18,0,0,0,0,0,0
130079,1,1,0,0,0,0,0,0,0,0,0,0
130079,2,1,0,9,0,0,0,0,0,0,0,0
130080,1,1,0,0,0,0,0,0,0,0,0,0
130081,0,1,0,0,0,0,0,0,0,0,0,0
130081,1,1,0,0,0,0,0,0,0,0,0,0
130082,1,1,12,12,12,12,12,12,12,12,12,12
130083,1,1,0,0,0,0,0,0,0,0,0,0
130084,0,1,0,0,0,0,0,0,0,0,0,0
130084,1,1,0,0,0,0,0,0,0,0,0,0
130085,1,1,0,0,0,0,0,0,0,0,0,0
130085,2,1,0,0,0,0,0,0,0,0,0,0
130086,1,1,0,0,0,0,0,15,0,0,0,0
130086,2,1,0,0,0,0,0,0,0,0,0,0
130087,1,1,0,0,0,0,0,0,0,0,0,0
130087,2,1,40,40,40,40,40,40,40,40,40,40
130088,1,1,0,0,0,0,0,0,0,0,0,0
130089,1,1,0,0,0,0,0,0,0,0,0,0
130089,2,1,0,0,0,25,0,0,0,0,0,0
130090,1,1,0,0,0,0,0,0,0,0,0,0
130090,2,1,0,0,0,47,0,0,0,0,0,0
130091,1,1,0,0,0,0,0,0,0,0,0,0
130091,2,1,0,5,0,0,0,0,0,8,7,0
130092,1,1,0,0,0,0,0,0,0,0,0,0
130092,2,1,0,0,0,0,0,0,0,0,0,0
130093,0,1,27,27,27,27,27,27,27,27,27,27
130093,1,1,0,0,0,0,0,0,0,0,0,0
130094,1,1,8,8,8,8,8,8,8,8,8,8
130095,0,1,40,40,40,40,40,40,40,40,40,40
130095,1,1,0,0,0,0,0,0,0,0,0,0
130096,1,1,26,26,26,26,26,26,26,26,26,26
130097,1,1,0,0,0,0,0,0,0,0,0,0
130098,1,1,0,0,0,0,0,0,0,0,0,0
130099,1,1,3,3,3,3,3,3,3,3,3,3
130099,2,1,0,0,0,0,0,0,0,0,0,0
130099,3,1,0,0,0,0,0,0,0,0,0,0
130100,1,1,11,11,11,11,11,11,11,11,11,11
130101,1,1,10,10,10,10,10,10,10,10,10,10
130102,1,1,0,0,0,0,0,0,0,0,0,0
130102,2,1,0,0,0,0,0,0,0,0,0,0
130103,1,1,0,0,0,0,9,0,0,0,0,0
130105,1,1,0,0,0,0,0,0,0,0,0,0
130105,2,1,0,0,0,0,0,0,0,0,0,0
130106,1,1,0,0,0,0,0,0,0,0,0,0
130106,2,1,0,0,0,0,0,0,0,0,0,0
130107,1,1,19,19,19,19,19,19,19,19,19,19
130108,1,1,0,0,0,0,0,0,0,0,0,0
130108,2,1,0,0,0,0,0,0,0,0,0,0
130110,1,1,0,0,0,0,0,0,0,0,0,0
130111,1,1,0,0,0,0,0,0,0,0,12,0
130111,2,1,0,0,0,0,0,0,0,0,0,0
130112,1,1,6,6,6,6,6,6,6,6,6,6
130112,2,1,9,0,0,0,0,0,12,0,0,0
130113,1,1,0,10,0,0,0,0,0,0,0,0
130113,2,1,0,0,0,0,0,0,0,0,0,0
130114,1,1,0,0,0,0,0,0,0,0,0,0
130114,2,1,0,0,0,0,0,0,0,0,0,0
130114,3,1,0,0,0,0,0,0,0,0,0,0
130115,1,1,12,0,0,0,0,0,0,0,0,0
130115,2,1,0,0,0,0,0,0,0,0,0,0
130115,3,1,0,0,0,0,0,0,0,0,0,0
130116,0,1,21,21,21,21,21,21,21,21,21,21
130116,1,1,0,0,0,0,0,0,0,0,0,0
130117,1,1,0,0,0,0,0,0,0,0,0,0
130117,2,1,0,0,0,0,0,0,0,0,0,0
130118,1,1,9,9,9,9,9,9,9,9,9,9
130119,1,1,0,0,0,0,0,0,0,0,0,0
130120,1,1,30,23,0,0,0,0,0,9,0,0
130121,0,1,0,0,0,0,0,0,0,0,0,0
130121,1,1,0,0,0,0,0,0,0,0,0,0
130122,1,1,8,0,7,0,0,0,0,0,12,0
130122,2,1,0,0,0,0,0,0,0,19,13,0
130123,0,1,0,0,0,23,0,19,32,0,0,6
130123,1,1,0,0,27,0,0,0,0,0,0,11
130124,1,1,31,31,31,31,31,31,31,31,31,31
130125,1,1,16,16,16,16,16,16,16,16,16,16
130126,1,1,0,0,0,0,0,0,0,11,0,0
130127,1,1,0,0,0,0,0,0,0,0,0,0
130127,2,1,0,0,0,0,0,0,0,0,0,0
130128,1,1,0,0,0,0,0,0,0,0,0,0
130129,1,1,0,0,0,0,0,0,0,0,0,0
130130,1,1,0,0,0,0,0,0,0,0,0,0
130130,2,1,0,0,0,0,0,0,0,0,0,0
130131,0,1,0,0,0,0,0,0,0,0,0,0
130131,1,1,0,0,0,0,30,0,0,8,0,0
130132,1,1,0,0,0,0,0,0,0,0,0,0
130133,0,1,0,0,0,0,0,0,0,0,0,0
130133,1,1,13,13,13,13,13,13,13,13,13,13
130134,1,1,13,0,0,0,0,0,0,0,0,0
130135,1,1,0,0,0,0,0,0,0,0,0,0
130136,1,1,0,0,0,0,0,0,0,0,0,0
130137,1,1,16,22,11,0,19,20,26,17,34,17
130137,2,1,0,0,0,0,0,0,0,0,0,0
130138,1,1,30,9,21,28,8,29,10,5,8,0
130139,1,1,0,0,0,0,0,0,0,0,0,0
130139,2,1,0,0,0,0,0,0,0,0,0,0
130140,1,1,0,11,0,12,0,0,0,11,0,0
130141,1,1,0,0,0,0,0,0,0,0,0,0
130141,2,1,19,0,0,0,0,0,0,0,0,0
130142,1,1,28,28,28,28,28,28,28,28,28,28
130143,1,1,24,24,24,24,24,24,24,24,24,24
130144,1,1,13,13,13,13,13,13,13,13,13,13
130145,1,1,0,0,0,0,0,0,0,0,0,0
130145,2,1,0,0,0,0,0,0,0,0,0,0
130146,1,1,0,0,0,0,0,0,0,0,0,0
130146,2,1,0,0,0,0,0,0,0,0,0,0
130147,0,1,28,28,28,28,28,28,28,28,28,28
130147,1,1,0,0,0,0,0,0,0,0,0,0
130148,0,1,0,0,0,0,0,0,0,0,0,0
130148,1,1,0,10,0,0,0,0,0,0,0,0
130149,0,1,20,20,20,20,20,20,20,20,20,20
130149,1,1,0,0,0,0,0,0,0,0,0,0
130150,1,1,0,0,0,0,0,0,0,0,0,0
130151,1,1,11,11,11,11,11,11,11,11,11,11
130152,1,1,0,0,0,0,0,0,0,0,0,0
130152,2,1,0,0,0,0,0,0,0,0,0,0
130153,1,1,0,0,0,0,0,0,0,4,0,0
130153,2,1,0,0,0,0,0,0,0,0,0,0
130153,3,1,0,0,0,0,0,0,0,0,0,0
130154,1,1,12,12,12,12,12,12,12,12,12,12
130155,1,1,0,0,0,0,0,0,0,0,0,0
130156,1,1,0,0,0,0,0,0,0,0,0,0
130156,2,1,0,0,0,0,0,0,0,8,0,0
130157,1,1,11,11,11,11,11,11,11,11,11,11
130158,1,1,0,0,0,0,0,0,0,0,0,0
130159,1,1,10,10,10,10,10,10,10,10,10,10
130159,2,1,0,0,0,0,0,0,0,0,0,0
130160,1,1,0,0,0,0,0,0,0,0,0,0
130161,1,1,0,0,0,0,0,0,13,23,0,0
130162,1,1,0,0,0,0,0,0,0,0,0,0
130163,1,1,6,6,6,6,6,6,6,6,6,6
130164,1,1,23,23,23,23,23,23,23,23,23,23
130165,1,1,0,0,0,0,0,0,0,0,0,0
130165,2,1,30,30,30,30,30,30,30,30,30,30
130166,1,1,0,0,0,0,0,0,0,0,0,0
130167,1,1,0,0,0,0,0,0,0,0,0,12
130168,1,1,0,0,0,0,0,0,0,0,0,0
130169,1,1,0,0,0,5,0,0,0,0,0,0
130169,2,1,11,11,11,11,11,11,11,11,11,11
130170,1,1,15,15,15,15,15,15,15,15,15,15
130170,2,1,3,3,3,3,3,3,3,3,3,3
130171,1,1,0,0,0,0,0,16,0,0,0,0
130172,1,1,0,0,0,0,0,0,0,0,0,0
130172,2,1,0,0,0,0,0,0,0,0,0,0
130172,3,1,0,0,0,0,0,0,0,0,0,0
130172,4,1,0,15,0,0,0,0,0,0,13,0
130173,1,1,9,20,27,26,8,16,15,14,3,19
130174,1,1,0,0,0,0,0,0,0,0,0,0
130174,2,1,0,0,0,0,0,0,0,0,0,0
130175,1,1,10,0,0,0,0,0,0,0,0,0
130175,2,1,0,0,0,0,0,0,0,0,0,0
130176,0,1,0,0,0,0,0,0,0,0,0,0
130176,1,1,0,0,0,0,0,0,0,0,7,0
130177,1,1,18,18,18,18,18,18,18,18,18,18
130177,2,1,0,0,0,0,0,0,0,0,0,0
130178,0,1,0,0,0,0,0,0,0,0,0,0
130178,1,1,0,0,0,0,0,0,0,0,0,0
130179,0,1,0,0,0,0,0,0,0,0,0,0
130179,1,1,0,0,0,0,0,0,0,0,0,0
130180,1,1,0,0,0,0,0,0,0,0,0,0
130180,2,1,0,0,0,0,0,0,0,0,0,0
130181,1,1,0,0,0,0,0,0,0,0,0,0
130181,2,1,0,0,0,0,0,0,0,0,0,0
130181,3,1,0,0,0,0,0,0,0,0,0,0
130182,1,1,0,0,0,0,0,0,0,0,0,0
130182,2,1,0,0,0,0,0,0,0,0,0,0
130183,0,1,19,19,19,19,19,19,19,19,19,19
130183,1,1,0,0,0,0,0,0,0,0,0,0
130184,1,1,11,11,11,11,11,11,11,11,11,11
130185,1,1,0,0,0,0,0,0,0,0,0,0
130185,2,1,0,0,0,0,0,0,0,0,0,0
130186,1,1,25,25,25,25,25,25,25,25,25,25
130186,2,1,0,0,0,0,0,0,0,0,0,0
130187,1,1,19,19,19,19,19,19,19,19,19,19
130187,2,1,0,0,0,0,0,0,0,0,0,0
130188,0,1,0,0,0,0,0,0,0,0,0,0
130188,1,1,0,0,0,0,0,0,0,0,0,0
130189,1,1,0,0,0,0,0,0,0,0,0,0
130190,1,1,0,0,0,0,0,0,0,0,0,0
130190,2,1,0,0,0,0,0,0,0,0,0,0
130191,0,1,6,6,6,6,6,6,6,6,6,6
130191,1,1,0,0,0,0,0,0,0,0,0,0
130192,1,1,24,24,24,24,24,24,24,24,24,24
130192,2,1,0,0,0,0,0,0,0,0,0,0
130193,1,1,13,13,13,13,13,13,13,13,13,13
130193,2,1,0,0,0,0,0,0,0,0,0,0
130194,1,1,0,0,0,0,0,0,0,0,0,0
130194,2,1,0,0,0,0,0,0,0,0,0,0
130195,1,1,0,0,0,0,0,0,0,0,18,0
130196,1,1,0,0,0,0,0,0,0,0,0,0
130196,2,1,0,0,0,0,0,0,0,0,0,0
130196,3,1,0,0,0,0,0,0,0,0,0,0
130196,4,1,0,0,0,0,0,0,16,0,0,16
130197,0,1,0,0,0,38,0,0,0,0,33,3
130197,1,1,0,0,0,10,0,16,0,0,0,0
130198,1,1,0,0,0,0,0,0,0,0,0,0
130198,2,1,13,13,13,13,13,13,13,13,13,13
130199,1,1,0,0,0,0,0,0,0,0,0,0
130199,2,1,0,0,0,0,0,0,0,0,0,0
130199,3,1,0,0,0,0,0,0,0,0,0,0
130199,4,1,0,0,0,0,0,0,0,0,0,0
130199,5,1,0,0,0,15,0,0,0,0,0,0
130200,1,1,13,0,0,0,0,0,0,25,0,0
130201,1,1,0,0,0,0,0,0,0,0,0,0
130201,2,1,0,0,0,0,0,0,0,0,0,0
130202,1,1,0,0,0,0,0,0,0,0,0,0
130202,2,1,0,14,0,0,0,0,18,0,0,0
130203,1,1,0,0,0,0,0,0,0,0,0,0
130203,2,1,0,0,0,0,0,0,0,0,0,0
130204,1,1,0,0,0,0,0,0,0,0,0,0
130205,1,1,0,0,0,0,0,0,0,0,0,0
130205,2,1,0,0,0,0,0,0,0,0,0,6
130206,1,1,0,0,0,0,0,0,0,0,0,0
130207,0,1,0,0,0,0,0,8,0,0,0,0
130207,1,1,10,0,0,8,0,0,0,0,0,0
130208,1,1,0,0,0,0,0,0,0,0,0,0
130209,1,1,24,24,24,24,24,24,24,24,24,24
130209,2,1,0,0,0,0,0,0,0,0,0,0
130210,1,1,8,8,8,8,8,8,8,8,8,8
130210,2,1,0,4,0,0,0,0,0,0,0,0
130211,1,1,0,0,0,0,0,0,0,0,0,0
130212,0,1,12,12,12,12,12,12,12,12,12,12
130212,1,1,0,0,0,11,0,0,0,0,0,0
130213,1,1,15,15,15,15,15,15,15,15,15,15
130213,2,1,0,0,0,0,0,0,0,0,0,0
130214,1,1,0,30,0,0,0,28,0,0,0,11
130214,2,1,0,0,0,0,0,0,0,0,0,0
130215,0,1,0,0,0,0,0,0,0,0,0,0
130215,1,1,13,12,11,5,22,15,20,17,30,11
130216,1,1,0,0,0,0,0,0,0,0,0,0
130216,2,1,2,2,2,2,2,2,2,2,2,2
130217,1,1,0,0,0,0,0,0,0,0,0,0
130218,1,1,8,8,8,8,8,8,8,8,8,8
130219,1,1,15,30,11,26,10,26,25,13,16,21
130220,1,1,0,0,0,0,0,0,0,0,0,0
130221,1,1,0,0,12,0,0,0,0,0,0,0
130221,2,1,0,0,0,0,0,0,0,0,0,0
130222,1,1,24,24,24,24,24,24,24,24,24,24
130223,0,1,0,0,0,0,0,0,34,0,0,0
130223,1,1,0,0,0,0,0,0,0,0,0,0
130224,1,1,0,0,0,0,0,0,0,0,0,0
130225,1,1,0,0,0,0,0,0,0,0,0,0
130226,1,1,0,0,0,0,0,0,0,0,0,0
130226,2,1,0,0,0,0,0,0,0,0,0,0
130227,1,1,0,0,0,0,0,0,0,0,0,0
130228,0,1,0,0,0,0,0,0,0,0,0,0
130228,1,1,14,0,0,0,0,0,0,0,0,0
130229,1,1,0,0,0,0,0,0,0,0,0,0
130230,1,1,17,0,0,0,0,0,0,0,0,0
130231,1,1,0,0,0,0,0,0,0,0,0,0
130232,1,1,20,18,9,13,39,22,29,11,0,26
130233,0,1,0,0,0,0,0,0,0,0,0,0
130233,1,1,0,0,0,0,0,0,0,0,0,0
130234,1,1,0,0,0,0,0,0,0,0,0,0
130235,0,1,0,0,0,0,0,0,0,0,0,0
130235,1,1,0,0,0,0,0,0,0,6,30,0
130236,1,1,0,0,0,0,0,0,0,0,0,0
130236,2,1,0,0,0,0,0,0,18,0,0,0
130237,1,1,0,0,0,0,0,0,0,0,0,15
130237,2,1,0,0,0,0,0,0,0,0,0,0
130238,1,1,0,0,0,0,0,0,0,0,0,0
130239,0,1,0,0,0,0,0,0,0,0,0,0
130239,1,1,0,0,0,12,0,0,0,0,7,0
130240,1,1,9,0,0,0,0,0,24,18,0,0
130241,1,1,11,25,22,16,18,15,10,18,15,12
130242,1,1,18,18,18,18,18,18,18,18,18,18
130242,2,1,0,0,0,26,0,0,0,20,0,0
130243,1,1,17,17,17,17,17,17,17,17,17,17
130244,1,1,0,0,0,0,0,0,0,0,0,0
130245,1,1,19,0,0,0,23,9,0,9,23,26
130246,1,1,0,0,0,0,0,0,0,0,0,13
130247,1,1,0,0,0,0,0,0,0,0,0,0
130248,1,1,0,0,0,0,0,0,0,0,0,0
130248,2,1,0,0,0,0,0,0,0,0,0,0
130249,1,1,0,0,0,0,0,0,0,0,0,0
130249,2,1,0,0,0,0,0,0,0,0,0,0
130249,3,1,0,0,0,0,0,0,0,0,0,0
130249,4,1,0,0,25,0,0,0,0,0,0,15
130250,1,1,36,36,36,36,36,36,36,36,36,36
130250,2,1,7,0,0,0,0,0,0,0,0,0
130251,1,1,16,16,16,16,16,16,16,16,16,16
130251,2,1,0,0,0,0,0,0,0,0,0,0
130251,3,1,0,0,0,0,0,0,0,0,0,0
130251,4,1,0,0,0,0,0,0,0,0,0,0
130251,5,1,0,0,0,0,0,0,0,0,0,0
130251,6,1,0,0,0,0,0,0,0,0,0,0
130252,1,1,0,0,0,0,0,0,0,0,0,0
130252,2,1,0,0,0,0,0,0,0,0,0,0
130252,3,1,0,0,0,0,0,0,0,0,0,0
130253,1,1,20,16,0,0,3,0,0,0,0,0
130253,2,1,26,26,26,26,26,26,26,26,26,26
130253,3,1,0,0,0,0,0,0,0,0,0,0
130253,4,1,0,0,0,0,0,0,0,0,0,0
130254,1,1,0,0,0,0,0,0,0,0,0,0
130254,2,1,0,0,0,0,0,0,0,0,0,0
130255,1,1,0,0,0,0,0,0,0,0,0,0
130255,2,1,0,0,0,0,0,0,0,0,0,0
130256,1,1,0,0,0,0,0,0,0,0,0,0
130257,1,1,0,0,0,0,0,0,0,0,0,0
130257,2,1,0,0,0,0,0,0,0,0,0,0
130258,1,1,0,0,0,0,0,0,0,0,0,0
130259,1,1,0,0,0,0,0,0,0,0,0,0
130260,1,1,0,0,0,0,0,0,0,0,0,0
130260,2,1,0,0,0,21,0,0,0,0,0,0
130261,1,1,13,0,19,0,0,5,11,21,15,6
130262,1,1,0,0,0,0,0,0,0,0,0,0
130262,2,1,0,0,0,0,0,0,0,0,0,0
130263,1,1,0,0,0,0,0,0,0,0,0,0
130264,1,1,0,0,0,0,0,0,0,0,0,0
130264,2,1,22,22,22,22,22,22,22,22,22,22
130265,0,1,2,2,2,2,2,2,2,2,2,2
130265,1,1,0,0,0,28,0,0,0,0,0,0
130266,0,1,32,32,32,32,32,32,32,32,32,32
130266,1,1,0,0,0,0,0,0,0,0,0,0
130267,1,1,10,10,10,10,10,10,10,10,10,10
130267,2,1,0,0,0,0,0,0,0,0,0,0
130268,1,1,10,10,10,10,10,10,10,10,10,10
130269,1,1,0,0,0,0,0,0,0,0,0,0
130269,2,1,0,0,5,0,0,0,0,0,0,0
130270,1,1,0,14,0,0,0,0,0,0,0,0
130270,2,1,0,0,0,0,0,0,0,0,0,0
130270,3,1,0,0,0,0,0,0,0,0,0,0
130271,0,1,0,0,0,0,0,0,0,0,16,18
130271,1,1,0,0,0,0,0,0,0,0,13,0
130272,0,1,7,7,7,7,7,7,7,7,7,7
130272,1,1,0,0,0,0,0,0,0,0,0,0
130273,0,1,25,25,25,25,25,25,25,25,25,25
130273,1,1,0,0,0,16,0,0,0,0,0,21
130274,1,1,0,0,0,0,0,0,0,0,0,0
130274,2,1,0,0,0,0,0,0,0,0,0,0
130275,1,1,25,25,25,25,25,25,25,25,25,25
130275,2,1,0,0,0,0,0,0,0,0,0,0
130276,1,1,0,0,0,0,0,0,0,0,0,0
130277,1,1,0,0,0,0,0,0,0,0,0,0
130278,0,1,0,0,0,0,0,0,0,0,0,0
130278,1,1,0,0,0,0,0,0,0,0,0,0
130279,1,1,0,0,0,0,0,0,0,0,0,0
130280,1,1,0,0,0,0,0,0,0,0,0,0
130281,1,1,32,32,32,32,32,32,32,32,32,32
130282,0,1,0,0,0,0,0,0,0,0,0,0
130282,1,1,0,0,0,0,0,0,0,0,0,0
130283,1,1,0,0,0,0,0,0,0,0,0,0
130283,2,1,0,21,0,0,0,0,0,0,0,0
130284,0,1,0,0,0,0,0,0,0,0,0,0
130284,1,1,0,0,0,0,0,0,0,0,0,0
130285,1,1,0,0,0,0,0,0,0,0,0,0
130286,1,1,0,16,0,0,0,17,6,0,0,0
130286,2,1,0,0,0,0,5,5,26,0,8,11
130287,1,1,0,0,0,0,0,0,0,0,0,0
130288,1,1,25,25,25,25,25,25,25,25,25,25
130289,1,1,0,0,0,0,0,0,0,0,0,0
130289,2,1,0,0,0,0,0,0,0,0,0,0
130290,0,1,0,0,0,0,0,0,0,0,0,0
130290,1,1,15,25,4,4,0,9,3,8,0,19
130291,1,1,0,0,0,0,0,0,0,0,0,0
130292,1,1,12,10,23,28,5,15,5,8,25,22
130292,2,1,0,0,0,0,0,0,0,0,0,0
130293,0,1,0,0,0,27,0,24,0,0,0,0
130293,1,1,0,0,0,0,0,0,0,0,0,0
130293,2,1,0,0,0,0,0,0,0,0,0,0
130294,1,1,0,0,0,0,0,0,0,0,0,0
130295,1,1,0,0,0,0,0,0,0,21,0,0
130295,2,1,0,0,0,0,0,0,0,0,0,0
130296,1,1,0,0,0,0,0,0,0,0,0,0
130296,2,1,0,0,0,0,19,0,0,0,0,0
130297,1,1,16,0,0,0,0,0,0,0,0,12
130298,1,1,0,0,0,0,0,0,0,0,0,0
130298,2,1,0,0,0,0,0,0,0,10,0,0
130299,0,1,0,0,0,0,0,0,0,0,0,0
130299,1,1,0,0,0,0,0,0,0,0,0,0
130300,1,1,0,25,0,0,0,0,0,0,0,17
130301,1,1,0,0,0,0,0,0,0,0,0,0
130301,2,1,0,0,0,0,0,0,0,0,0,0
130302,0,1,0,0,14,0,0,24,0,0,0,14
130302,1,1,0,0,0,0,0,0,0,0,0,0
130303,1,1,0,0,0,0,0,0,0,0,0,0
130303,2,1,0,0,0,0,0,0,0,0,15,0
130304,1,1,0,0,0,0,0,0,0,0,0,0
130304,2,1,2,2,2,2,2,2,2,2,2,2
130305,1,1,0,0,0,0,0,0,0,0,0,0
130306,1,1,0,0,0,0,0,0,0,0,0,0
130306,2,1,0,0,0,0,0,15,0,0,0,0
130306,3,1,0,0,0,0,0,0,0,0,0,0
130306,4,1,0,0,0,0,0,0,0,0,0,0
130307,0,1,0,0,0,0,0,0,0,0,0,0
130307,1,1,0,0,0,0,0,0,0,0,0,0
130308,1,1,32,32,32,32,32,32,32,32,32,32
130309,1,1,0,0,0,0,0,0,0,0,0,0
130309,2,1,0,0,0,0,0,0,0,0,19,0
130310,1,1,0,0,0,0,0,0,0,0,0,0
130310,2,1,0,0,0,0,0,0,0,0,0,0
130311,1,1,0,0,0,0,0,0,0,0,0,0
130311,2,1,0,0,0,0,0,0,0,0,0,0
130312,1,1,0,0,0,0,0,0,0,0,0,0
130313,1,1,0,0,0,0,0,0,0,5,0,0
130313,2,1,0,0,0,0,0,0,12,0,12,0
130313,3,1,0,0,0,0,0,0,0,0,0,0
130314,1,1,0,0,0,0,0,0,0,0,0,0
130314,2,1,0,0,0,0,0,0,0,0,0,0
130315,1,1,0,0,0,0,0,0,0,0,0,0
130315,2,1,13,0,0,0,0,0,22,0,0,0
130316,0,1,16,16,16,16,16,16,16,16,16,16
130316,1,1,0,0,0,0,0,0,0,0,0,0
130317,1,1,22,14,0,0,0,14,0,18,0,15
130318,1,1,0,0,0,0,0,0,0,0,0,0
130318,2,1,0,0,0,0,0,0,0,0,0,0
130319,1,1,25,25,25,25,25,25,25,25,25,25
130320,1,1,0,0,0,0,9,0,27,0,0,0
130321,1,1,19,19,19,19,19,19,19,19,19,19
130322,0,1,10,10,10,10,10,10,10,10,10,10
130322,1,1,0,0,0,0,0,0,0,0,0,7
130323,1,1,0,0,0,0,0,0,0,0,0,0
130323,2,1,0,0,0,0,0,0,0,0,0,0
130324,1,1,0,0,0,0,0,0,0,0,0,0
130324,2,1,11,11,11,11,11,11,11,11,11,11
130325,1,1,0,0,0,0,0,0,0,0,0,0
130325,2,1,0,0,0,0,0,0,0,0,0,0
130326,1,1,10,10,10,10,10,10,10,10,10,10
130327,1,1,0,0,0,0,0,0,0,0,0,0
130327,2,1,0,0,0,0,0,13,0,0,0,0
130328,1,1,0,0,0,0,0,0,0,0,0,0
130329,0,1,0,0,0,0,0,20,0,0,0,0
130329,1,1,0,0,0,0,0,0,0,0,0,0
130330,1,1,17,17,17,17,17,17,17,17,17,17
130330,2,1,0,0,0,0,0,0,0,0,0,0
130331,1,1,0,0,0,0,0,0,0,0,0,0
130332,1,1,0,0,0,0,0,0,0,0,0,0
130332,2,1,0,0,0,0,0,0,0,41,0,0
130333,1,1,0,0,0,0,0,0,0,0,14,12
130333,2,1,0,0,0,0,0,0,0,0,0,0
130334,1,1,0,0,0,0,0,0,0,0,0,0
130335,1,1,0,0,0,0,0,0,0,0,0,0
130335,2,1,0,0,0,0,0,0,0,0,0,0
130336,1,1,0,0,0,0,0,9,0,0,0,0
130337,1,1,19,19,19,19,19,19,19,19,19,19
130338,1,1,23,17,0,0,0,0,0,0,0,0
130339,1,1,0,0,0,0,0,0,0,0,0,0
130339,2,1,0,0,0,0,0,0,0,0,0,0
130340,1,1,0,0,0,0,0,0,0,0,0,0
130340,2,1,0,0,31,0,0,0,0,0,0,0
130341,0,1,0,0,0,0,0,0,0,0,0,0
130341,1,1,0,0,0,0,0,0,0,0,0,0
130342,1,1,0,0,0,0,0,0,0,0,0,0
130342,2,1,0,0,0,0,0,0,0,0,0,0
130342,3,1,0,0,0,0,0,0,0,0,0,0
130343,1,1,0,0,0,0,0,0,0,0,0,0
130344,1,1,0,0,0,0,0,0,0,0,0,0
130345,0,1,0,0,0,0,0,0,0,0,0,0
130345,1,1,0,0,0,0,0,0,0,0,0,0
130346,0,1,0,0,0,0,0,0,0,0,0,0
130346,1,1,9,9,9,9,9,9,9,9,9,9