ST_CASE,VEH_NO,PER_NO,P1,P2,P3,P4,P5,P6,P7,P8,P9,P10
130347,1,1,8,8,8,8,8,8,8,8,8,8
130347,2,1,0,0,0,0,0,0,0,0,0,0
130348,1,1,0,0,7,0,0,0,0,0,26,0
130349,1,1,0,0,0,8,0,0,0,0,0,0
130349,2,1,0,0,16,0,0,0,0,0,24,13
130349,3,1,0,0,0,0,0,0,0,0,0,0
130350,1,1,20,13,15,20,0,0,0,12,6,0
130351,1,1,0,0,0,0,0,0,0,0,0,0
130352,1,1,0,0,0,0,0,0,0,0,0,0
130353,1,1,2,2,2,2,2,2,2,2,2,2
130354,1,1,0,0,0,0,0,0,0,20,0,0
130355,1,1,0,0,0,0,0,0,0,0,0,0
130355,2,1,0,0,0,0,0,0,0,0,0,0
130356,1,1,0,0,0,0,0,0,0,0,0,0
130357,1,1,0,0,0,0,0,0,0,0,0,0
130357,2,1,0,0,0,13,0,0,0,0,0,0
130358,1,1,0,0,0,0,0,0,0,0,0,0
130358,2,1,0,0,0,0,0,0,0,0,0,0
130358,3,1,0,0,0,0,0,0,0,0,0,0
130359,1,1,0,0,0,0,17,0,0,0,10,0
130360,1,1,0,0,0,0,0,0,0,0,0,0
130361,0,1,16,16,16,16,16,16,16,16,16,16
130361,1,1,22,0,0,0,0,0,0,0,0,0
130362,1,1,0,0,0,0,0,0,13,0,0,0
130362,2,1,0,0,0,0,0,0,0,0,0,0
130363,0,1,0,0,0,0,0,2,0,0,24,10
130363,1,1,0,0,0,0,0,0,0,0,0,0
130364,1,1,26,20,9,0,25,23,0,7,11,0
130365,0,1,0,13,9,14,0,0,0,5,0,0
130365,1,1,0,0,0,0,0,0,0,0,0,0
130366,1,1,0,0,0,0,0,0,0,0,0,0
130367,0,1,0,0,0,0,0,0,0,0,0,0
130367,1,1,0,0,0,0,0,0,0,0,0,0
130368,1,1,0,0,0,0,0,0,0,0,0,0
130369,1,1,0,0,0,0,0,0,0,0,0,0
130369,2,1,0,0,0,0,0,0,0,0,0,0
130370,1,1,0,0,0,0,0,0,0,0,0,0
130370,2,1,0,0,0,0,0,0,0,0,0,0
130371,1,1,0,0,0,0,0,0,0,0,0,26
130371,2,1,0,14,0,0,0,0,0,0,0,0
130372,1,1,0,0,0,0,0,0,0,0,0,0
130373,0,1,7,7,7,7,7,7,7,7,7,7
130373,1,1,0,0,0,0,0,7,0,0,0,22
130374,1,1,0,0,0,0,0,0,0,0,0,0
130375,1,1,8,8,8,8,8,8,8,8,8,8
130376,1,1,0,2,0,0,0,0,0,0,0,0
130376,2,1,0,14,0,0,18,0,13,0,11,0
130376,3,1,0,0,0,0,0,0,0,0,0,0
130377,0,1,17,17,17,17,17,17,17,17,17,17
130377,1,1,0,0,0,0,0,0,0,0,0,0
130378,1,1,0,16,0,3,7,0,15,13,0,0
130378,2,1,0,0,0,0,0,0,0,0,0,0
130379,1,1,0,0,0,0,0,0,0,0,0,0
130379,2,1,0,0,0,0,0,0,0,0,0,0
130380,0,1,0,0,0,0,0,0,0,0,0,0
130380,1,1,0,0,0,0,0,0,0,0,0,0
130381,1,1,0,0,0,0,0,0,0,0,0,0
130381,2,1,0,0,0,23,0,0,0,0,0,0
130382,1,1,0,0,0,0,0,17,0,22,0,0
130383,1,1,0,0,0,0,16,0,0,0,0,0
130384,1,1,0,0,0,0,15,0,0,0,0,0
130385,1,1,1,0,0,0,0,0,0,0,0,0
130385,2,1,0,0,0,0,0,0,0,0,0,0
130385,3,1,0,0,0,0,0,0,0,0,0,0
130385,4,1,0,0,0,0,0,0,0,0,0,0
130385,5,1,0,0,0,0,0,28,0,0,0,0
130385,6,1,0,0,0,0,0,0,0,0,0,0
130385,7,1,0,0,0,0,0,0,0,0,0,0
130386,0,1,0,20,0,0,19,36,21,12,33,22
130386,1,1,0,15,0,9,0,0,0,0,0,0
130387,1,1,0,0,0,0,0,0,0,0,0,0
130388,1,1,0,0,0,0,0,0,0,0,0,0
130388,2,1,0,0,0,0,0,0,0,0,0,0
130389,1,1,0,0,0,0,0,0,0,0,0,0
130389,2,1,0,0,0,0,0,0,0,0,0,0
130389,3,1,0,0,24,0,0,0,0,14,0,0
130390,1,1,0,0,0,0,0,0,0,0,0,0
130390,2,1,0,0,2,0,0,0,10,0,0,23
130391,1,1,0,0,15,0,0,0,0,0,0,31
130392,1,1,0,0,0,0,0,0,0,0,0,0
130392,2,1,0,0,0,8,0,0,22,0,0,2
130393,1,1,20,20,20,20,20,20,20,20,20,20
130394,1,1,0,0,0,0,0,0,0,0,0,0
130395,1,1,0,0,0,0,0,0,0,0,0,0
130396,1,1,30,0,0,13,0,19,0,0,8,0
130396,2,1,12,0,0,0,0,0,0,0,0,0
130397,1,1,0,0,0,0,0,0,0,0,0,0
130397,2,1,0,0,0,0,0,0,0,0,0,0
130398,1,1,25,25,25,25,25,25,25,25,25,25
130398,2,1,0,0,0,0,0,0,0,0,0,0
130399,1,1,0,0,0,0,0,0,0,0,0,0
130399,2,1,0,0,0,0,0,0,0,0,0,0
130400,0,1,16,16,16,16,16,16,16,16,16,16
130400,1,1,0,0,0,0,0,0,0,0,0,0
130401,0,1,7,7,7,7,7,7,7,7,7,7
130401,1,1,0,0,0,0,0,0,0,0,0,0
130401,2,1,0,0,0,0,0,0,0,0,0,0
130402,1,1,0,13,0,0,11,0,0,0,0,4
130402,2,1,0,0,27,0,0,0,0,13,3,0
130402,3,1,0,0,0,16,0,0,0,0,0,0
130403,1,1,0,0,0,0,0,0,0,0,0,0
130404,1,1,12,12,12,12,12,12,12,12,12,12
130405,1,1,11,11,11,11,11,11,11,11,11,11
130405,2,1,0,13,0,0,0,0,0,10,0,0
130406,1,1,24,13,18,26,28,5,20,21,28,20
130407,1,1,0,0,0,0,0,0,0,0,0,0
130408,0,1,3,3,3,3,3,3,3,3,3,3
130408,1,1,0,24,0,36,0,0,0,29,0,0
130409,1,1,0,0,0,9,0,0,0,0,0,15
130409,2,1,0,0,0,0,0,0,0,0,0,0
130410,1,1,0,0,0,0,0,0,0,0,0,0
130410,2,1,0,0,0,0,0,0,0,0,0,8
130411,1,1,0,0,0,0,0,0,0,0,0,0
130411,2,1,0,0,0,0,0,0,0,0,0,0
130412,1,1,0,0,0,0,0,0,0,0,0,0
130413,0,1,27,27,27,27,27,27,27,27,27,27
130413,1,1,0,0,0,0,0,0,0,0,0,0
130414,0,1,0,23,27,0,24,0,0,0,0,37
130414,0,2,0,16,0,0,0,20,0,0,0,0
130414,0,3,0,0,26,0,0,0,14,16,0,0
130414,0,4,0,0,0,25,0,0,0,0,10,0
130414,1,1,0,0,0,0,0,0,0,0,0,0
130415,1,1,0,0,0,0,0,0,0,0,0,0
130416,1,1,0,0,0,0,12,0,0,0,18,0
130417,1,1,2,2,2,2,2,2,2,2,2,2
130418,1,1,0,0,0,0,0,0,0,0,0,0
130419,1,1,0,0,0,0,0,0,0,0,0,0
130419,2,1,0,0,0,0,0,0,0,0,0,0
130420,1,1,0,0,0,0,0,0,0,0,0,0
130421,1,1,0,0,0,0,0,0,0,0,0,0
130421,2,1,0,0,0,0,0,0,0,0,0,0
130422,1,1,0,20,12,6,23,0,4,30,0,0
130423,1,1,19,0,0,0,0,10,16,15,0,28
130423,2,1,0,0,10,0,0,15,0,0,0,0
130424,1,1,5,5,5,5,5,5,5,5,5,5
130425,1,1,0,0,0,0,28,0,0,0,0,0
130426,1,1,15,4,8,29,15,17,16,20,31,26
130427,1,1,0,0,17,0,0,0,0,0,0,0
130427,2,1,0,0,0,0,0,0,0,0,0,0
130428,1,1,0,0,0,0,0,33,0,0,0,0
130428,2,1,0,9,0,0,0,0,0,0,0,0
130430,1,1,23,23,23,23,23,23,23,23,23,23
130431,1,1,0,0,0,0,0,0,0,0,0,0
130432,1,1,0,0,0,0,0,0,0,0,0,0
130432,2,1,0,0,0,0,0,0,0,0,0,0
130433,1,1,10,10,10,10,10,10,10,10,10,10
130434,0,1,0,0,0,0,0,0,0,0,0,0
130434,1,1,11,11,11,11,11,11,11,11,11,11
130435,0,1,0,0,0,0,0,0,0,0,0,0
130435,1,1,0,0,0,0,0,0,0,0,0,0
130436,1,1,0,0,0,0,0,0,0,0,0,0
130437,0,1,0,0,29,0,0,0,0,0,0,0
130437,1,1,0,0,0,0,0,0,0,0,12,0
130439,1,1,0,0,0,0,0,0,0,0,0,0
130439,2,1,0,0,0,0,0,0,0,0,0,0
130440,1,1,0,0,0,0,0,0,0,0,0,0
130440,2,1,0,0,0,0,0,0,0,0,0,2
130441,1,1,30,17,0,16,19,24,26,17,22,24
130442,1,1,19,11,24,24,14,10,8,14,19,18
130443,1,1,6,6,6,6,6,6,6,6,6,6
130444,1,1,0,0,0,0,0,0,0,0,0,0
130444,2,1,0,0,0,0,0,0,5,0,0,0
130445,1,1,0,0,0,0,0,0,14,0,0,0
130445,2,1,0,0,0,0,0,0,0,6,0,0
130446,1,1,0,0,0,0,0,0,0,0,0,0
130447,0,1,0,0,0,0,0,0,25,0,0,0
130447,1,1,0,0,0,0,0,0,0,0,0,0
130448,1,1,15,15,15,15,15,15,15,15,15,15
130449,1,1,0,0,0,0,0,0,0,0,9,0
130450,1,1,0,0,0,0,0,0,0,0,0,0
130450,2,1,0,0,0,0,0,0,0,0,0,0
130451,1,1,0,0,0,0,0,0,0,0,0,0
130451,2,1,0,0,0,0,0,0,0,0,0,0
130452,1,1,0,19,0,0,28,0,24,7,0,0
130453,1,1,0,0,0,0,0,0,0,0,0,0
130453,2,1,0,0,0,0,0,0,0,0,0,0
130454,1,1,0,0,0,0,0,0,0,0,0,0
130454,2,1,0,11,0,0,0,0,0,0,0,0
130455,1,1,13,13,13,13,13,13,13,13,13,13
130456,0,1,0,0,0,0,0,0,0,0,0,0
130456,1,1,0,0,0,0,0,0,12,0,5,0
130457,1,1,0,0,0,0,0,0,0,0,0,0
130457,2,1,0,0,0,0,0,0,0,0,0,0
130458,1,1,0,0,0,0,0,0,0,0,0,0
130458,2,1,0,0,0,17,0,0,0,0,0,0
130459,1,1,5,20,0,0,0,0,0,0,0,0
130460,1,1,0,0,0,0,0,0,0,0,0,0
130460,2,1,0,0,0,0,0,0,0,0,0,0
130460,3,1,0,0,0,0,0,0,0,0,0,0
130461,1,1,23,23,23,23,23,23,23,23,23,23
130462,1,1,14,14,14,14,14,14,14,14,14,14
130462,2,1,24,24,24,24,24,24,24,24,24,24
130463,0,1,0,0,0,0,0,0,0,0,0,0
130463,1,1,0,0,0,0,0,0,0,0,0,0
130464,1,1,0,0,0,0,0,0,0,0,0,0
130465,1,1,21,21,21,21,21,21,21,21,21,21
130465,2,1,0,0,0,0,0,0,0,12,0,0
130466,1,1,0,0,0,0,0,0,0,0,0,0
130466,2,1,0,0,0,0,0,0,0,0,0,0
130467,0,1,0,0,0,0,0,0,14,0,0,0
130467,1,1,0,0,0,0,0,0,0,0,0,0
130468,1,1,0,0,0,0,0,0,0,0,0,0
130469,1,1,0,0,0,0,0,0,0,0,0,0
130469,2,1,0,0,0,0,0,0,0,0,0,0
130470,0,1,0,24,7,25,0,30,0,0,25,0
130470,1,1,0,0,0,0,0,16,0,0,0,0
130471,1,1,0,0,0,0,0,0,0,0,0,0
130472,0,1,0,29,7,0,0,0,0,0,0,0
130472,1,1,0,0,0,0,0,0,0,0,0,0
130473,1,1,0,0,0,14,8,0,0,0,32,0
130473,2,1,0,22,0,0,0,0,0,0,0,0
130474,1,1,0,0,0,0,0,0,0,0,0,0
130474,2,1,0,0,0,0,0,0,0,0,10,0
130475,0,1,14,14,14,14,14,14,14,14,14,14
130475,1,1,0,0,0,0,0,0,0,0,3,0
130476,1,1,0,12,0,15,0,0,4,0,0,0
130477,1,1,0,0,21,0,0,0,0,0,0,8
130478,1,1,0,12,0,0,28,25,0,12,0,0
130479,1,1,0,0,0,0,0,0,0,0,0,0
130479,2,1,0,0,0,0,0,0,0,0,0,0
130480,1,1,0,0,0,0,0,0,0,0,0,0
130480,2,1,0,0,0,0,0,0,0,0,0,0
130480,3,1,0,0,0,0,0,0,0,0,0,0
130480,4,1,0,0,0,0,0,0,0,0,0,0
130480,5,1,0,0,0,0,0,0,0,0,0,0
130480,6,1,20,0,0,0,0,0,0,0,0,0
130480,7,1,0,0,0,0,0,0,0,0,0,0
130481,0,1,11,11,11,11,11,11,11,11,11,11
130481,1,1,0,0,0,0,0,0,0,0,0,0
130481,2,1,0,0,0,0,0,0,0,0,0,0
130482,0,1,0,0,0,0,0,0,0,0,0,0
130482,1,1,0,0,0,0,0,0,0,10,0,0
130483,1,1,0,0,0,0,0,0,0,0,0,0
130483,2,1,0,0,0,0,0,0,0,0,0,0
130484,1,1,8,8,8,8,8,8,8,8,8,8
130485,1,1,0,0,0,0,0,13,0,15,0,0
130485,2,1,0,0,0,0,0,0,0,0,0,0
130486,1,1,0,0,0,0,0,0,0,0,0,0
130486,2,1,0,0,0,0,21,0,0,0,0,0
130487,1,1,3,0,11,0,18,18,23,0,0,15
130488,1,1,0,0,0,0,0,0,0,0,0,0
130488,2,1,0,0,0,0,0,0,0,0,0,0
130489,1,1,27,27,27,27,27,27,27,27,27,27
130490,1,1,15,15,15,15,15,15,15,15,15,15
130490,2,1,19,19,19,19,19,19,19,19,19,19
130491,1,1,0,0,0,0,0,0,0,0,0,0
130491,2,1,0,0,11,0,0,0,0,0,0,0
130492,1,1,0,0,0,0,20,0,19,0,0,0
130493,1,1,19,19,19,19,19,19,19,19,19,19
130493,2,1,0,0,0,0,0,0,0,0,0,0
130494,1,1,14,14,14,14,14,14,14,14,14,14
130495,1,1,0,0,0,0,0,0,0,0,0,0
130496,1,1,0,10,15,22,16,27,0,5,14,0
130497,1,1,0,0,0,0,0,0,0,0,0,0
130497,2,1,0,0,0,0,0,0,0,0,0,0
130498,1,1,0,0,0,0,0,0,0,0,0,0
130498,2,1,0,0,0,0,0,0,0,0,0,20
130498,3,1,0,0,0,0,0,0,0,0,0,0
130498,4,1,0,0,0,0,15,0,0,0,10,0
130499,1,1,10,10,10,10,10,10,10,10,10,10
130500,1,1,0,0,0,0,0,0,0,0,0,0
130500,2,1,0,0,0,0,0,0,0,0,0,0
130501,0,1,0,0,0,0,0,0,0,0,0,0
130501,1,1,0,0,0,0,0,0,0,0,0,0
130502,1,1,12,12,12,12,12,12,12,12,12,12
130502,2,1,0,0,0,0,0,0,0,0,0,0
130502,3,1,0,0,0,0,0,0,0,0,0,0
130502,4,1,0,0,0,0,0,0,0,0,0,0
130503,1,1,12,12,12,12,12,12,12,12,12,12
130504,1,1,0,0,0,0,0,0,0,0,0,0
130504,2,1,0,0,0,0,0,0,0,0,0,0
130505,1,1,0,0,0,0,18,24,0,0,0,15
130505,2,1,0,0,0,0,0,0,0,0,0,0
130506,1,1,0,0,0,0,0,0,0,0,0,0
130506,2,1,0,0,0,0,0,0,19,0,0,0
130507,1,1,0,0,0,0,0,0,0,0,0,0
130508,1,1,0,0,0,0,0,0,0,0,0,0
130509,1,1,0,0,0,0,0,0,0,0,0,0
130509,2,1,0,0,0,0,0,0,0,0,0,0
130509,3,1,0,0,0,0,0,0,0,0,0,0
130510,1,1,0,0,0,0,0,0,0,0,0,0
130511,1,1,24,24,24,24,24,24,24,24,24,24
130511,2,1,0,0,0,0,0,0,0,0,0,0
130512,1,1,0,0,0,0,0,0,0,0,0,0
130512,2,1,0,0,0,0,0,0,0,0,0,0
130513,1,1,0,0,0,0,0,0,0,0,0,0
130514,1,1,0,0,0,0,0,0,0,0,0,0
130514,2,1,0,0,0,0,0,0,0,0,0,0
130515,1,1,0,0,0,0,0,0,0,0,0,0
130515,2,1,0,0,0,0,0,0,0,0,0,0
130516,1,1,0,0,0,0,0,0,0,0,0,0
130517,1,1,0,0,0,0,6,0,0,6,15,0
130518,0,1,0,0,0,0,0,0,0,0,0,0
130518,1,1,0,0,0,0,0,0,0,0,0,0
130519,1,1,21,0,0,26,13,0,9,0,19,17
130520,1,1,26,26,26,26,26,26,26,26,26,26
130521,1,1,0,0,0,0,0,0,0,0,0,0
130521,2,1,0,0,0,0,0,0,0,0,0,0
130522,1,1,19,0,0,0,0,16,16,14,0,11
130522,2,1,0,0,0,0,12,0,0,0,19,0
130522,3,1,0,0,0,0,0,0,0,0,0,0
130523,1,1,0,0,0,0,0,0,0,0,0,0
130524,1,1,0,0,0,0,0,0,19,0,0,16
130524,2,1,0,0,0,13,20,0,0,0,0,0
130525,0,1,25,25,25,25,25,25,25,25,25,25
130525,1,1,0,0,5,0,0,0,0,13,0,9
130525,2,1,11,0,0,16,0,0,0,0,8,0
130526,1,1,0,0,0,0,0,0,0,0,0,0
130527,1,1,35,15,0,26,11,6,7,23,12,0
130528,1,1,14,16,0,0,16,0,0,0,0,0
130528,2,1,0,0,0,0,0,0,0,0,0,0
130529,1,1,18,18,18,18,18,18,18,18,18,18
130529,2,1,0,0,0,0,0,0,0,0,0,25
130530,1,1,0,0,0,0,0,0,0,0,0,0
130530,2,1,0,0,0,0,0,0,0,0,0,0
130531,1,1,0,0,0,0,0,0,0,0,0,0
130532,0,1,0,0,13,0,0,0,0,0,0,0
130532,1,1,0,0,0,0,0,0,0,0,0,0
130533,1,1,0,0,0,0,0,0,0,0,0,0
130533,2,1,0,0,0,0,0,0,0,0,0,0
130533,3,1,0,0,0,0,0,0,0,0,0,0
130534,1,1,0,0,0,0,0,0,0,0,0,0
130535,1,1,0,0,0,0,0,0,0,0,0,0
130535,2,1,0,0,10,0,10,0,7,0,0,0
130535,3,1,0,0,0,0,0,0,0,0,0,0
130536,1,1,0,0,0,0,0,0,0,0,0,0
130537,1,1,0,0,0,0,0,0,0,0,0,0
130537,2,1,0,0,0,0,0,0,0,0,0,0
130538,1,1,0,0,0,0,0,0,0,0,0,0
130538,2,1,0,0,0,0,0,0,0,0,0,0
130538,3,1,0,0,0,0,0,0,0,0,0,0
130538,4,1,0,0,0,0,0,0,0,0,0,0
130538,5,1,0,0,0,0,0,0,0,0,0,0
130539,1,1,12,18,12,16,18,24,22,14,9,25
130540,1,1,0,0,0,0,0,0,0,0,0,0
130540,2,1,0,0,0,0,0,0,0,0,0,0
130541,1,1,0,0,0,0,0,0,0,0,0,0
130541,2,1,0,0,0,0,0,12,0,0,0,0
130542,1,1,0,0,0,0,0,0,0,0,0,0
130542,2,1,0,0,0,0,0,0,0,0,0,0
130543,1,1,5,5,5,5,5,5,5,5,5,5
130543,2,1,0,0,0,0,0,0,0,0,0,0
130544,1,1,0,0,0,0,0,0,0,0,0,0
130544,2,1,0,0,0,0,0,0,0,0,0,0
130545,1,1,0,0,0,35,0,0,17,0,0,0
130546,1,1,0,14,0,0,0,0,9,0,0,0
130546,2,1,0,0,0,0,0,0,0,0,0,0
130546,3,1,0,0,13,0,0,0,0,18,0,0
130547,1,1,0,0,0,0,0,0,0,0,0,0
130547,2,1,0,0,0,7,0,0,0,0,0,0
130547,3,1,0,0,0,0,0,0,0,0,0,0
130548,1,1,22,22,22,22,22,22,22,22,22,22
130549,1,1,20,20,20,20,20,20,20,20,20,20
130550,1,1,0,0,0,0,0,0,0,0,0,0
130550,2,1,11,13,27,14,7,0,19,15,0,12
130551,1,1,0,0,0,0,0,5,0,0,0,0
130551,2,1,9,0,4,0,4,0,11,13,0,0
130552,1,1,7,7,7,7,7,7,7,7,7,7
130553,1,1,13,24,10,31,18,20,15,39,15,34
130554,1,1,0,16,0,0,8,10,18,45,0,0
130555,1,1,0,0,0,0,0,0,0,0,0,0
130555,2,1,8,0,10,20,0,13,15,14,14,27
130555,3,1,0,0,0,0,0,0,0,0,0,0
130556,0,1,0,0,0,0,0,0,0,0,0,14
130556,1,1,0,0,0,0,11,0,0,0,4,0
130557,1,1,0,0,0,0,0,0,0,0,0,0
130557,2,1,0,0,0,0,0,0,0,0,0,0
130558,1,1,15,0,12,0,18,0,0,0,0,10
130558,2,1,0,0,0,0,0,0,0,0,0,0
130559,1,1,0,0,0,0,0,0,3,0,21,0
130559,2,1,0,0,0,0,0,0,0,0,0,0
130560,1,1,0,0,0,0,0,0,0,12,0,0
130560,2,1,0,0,0,0,0,0,0,9,0,0
130561,1,1,10,0,0,0,0,0,0,0,0,0
130562,1,1,0,0,0,0,0,0,0,0,0,0
130563,1,1,0,0,0,0,0,5,0,0,0,0
130563,2,1,0,0,0,0,0,0,0,0,0,0
130564,1,1,19,9,3,24,19,6,6,18,20,11
130564,2,1,0,0,0,0,0,0,0,0,0,0
130565,1,1,18,18,18,18,18,18,18,18,18,18
130566,1,1,0,0,0,0,0,0,0,0,0,0
130566,2,1,0,0,0,0,0,0,0,0,0,0
130566,3,1,0,0,0,0,0,0,0,0,0,0
130567,1,1,0,0,0,0,0,0,0,0,0,0
130567,2,1,0,0,0,0,0,0,0,0,0,0
130568,0,1,0,0,0,0,0,0,0,0,0,0
130568,1,1,0,0,0,0,0,0,0,0,0,0
130569,1,1,21,21,21,21,21,21,21,21,21,21
130570,0,1,2,2,2,2,2,2,2,2,2,2
130571,1,1,0,0,0,0,0,0,0,0,0,0
130571,2,1,0,0,0,0,0,0,0,0,0,0
130571,3,1,0,0,0,0,0,0,0,0,0,0
130572,1,1,27,27,27,27,27,27,27,27,27,27
130573,1,1,0,0,8,0,0,0,0,0,0,0
130573,2,1,0,0,0,0,0,0,0,0,0,0
130574,1,1,14,14,14,14,14,14,14,14,14,14
130574,2,1,0,7,3,8,8,0,4,0,0,0
130575,1,1,0,0,0,0,0,0,0,0,0,0
130575,2,1,0,0,0,0,0,0,0,0,0,0
130576,1,1,6,6,6,6,6,6,6,6,6,6
130577,1,1,28,8,4,8,7,5,5,9,17,0
130577,2,1,0,15,0,0,0,0,0,0,0,0
130578,1,1,0,0,0,0,0,0,0,0,0,0
130579,1,1,0,0,0,0,0,0,0,0,0,0
130580,1,1,0,0,0,0,0,0,0,0,0,0
130581,0,1,0,0,0,0,0,0,0,0,0,0
130581,1,1,0,0,23,16,0,0,0,0,0,0
130582,1,1,11,11,11,11,11,11,11,11,11,11
130583,1,1,20,0,0,0,0,0,17,5,0,0
130583,2,1,0,0,0,0,0,0,0,0,0,0
130584,1,1,0,0,0,0,0,0,0,8,0,0
130584,2,1,0,0,0,0,0,0,0,0,0,0
130585,1,1,12,12,12,12,12,12,12,12,12,12
130586,1,1,0,0,0,0,0,0,0,0,0,0
130586,2,1,0,0,0,0,0,0,0,0,0,0
130587,1,1,0,0,0,0,0,0,0,0,0,0
130587,2,1,0,0,0,0,0,0,0,0,0,0
130588,1,1,0,0,0,0,0,0,0,0,0,0
130588,2,1,0,0,0,0,0,0,0,0,0,0
130589,0,1,24,24,24,24,24,24,24,24,24,24
130589,1,1,0,0,0,0,0,0,0,0,0,0
130590,1,1,0,0,0,0,0,0,0,0,0,0
130590,2,1,0,0,0,0,0,0,0,0,0,0
130591,1,1,0,0,0,0,0,0,0,0,0,0
130591,2,1,0,0,0,0,0,0,0,0,0,0
130592,1,1,0,0,0,0,0,0,0,0,0,0
130592,2,1,0,0,0,0,0,0,0,0,0,0
130593,1,1,0,0,0,0,0,0,0,0,0,0
130593,2,1,0,0,0,0,0,0,0,0,0,0
130594,1,1,0,0,0,0,0,0,0,0,0,0
130595,1,1,0,0,0,0,0,0,0,10,0,0
130595,2,1,0,0,0,0,0,0,0,0,0,0
130596,1,1,0,0,0,0,0,0,0,0,0,0
130596,2,1,0,0,0,0,0,0,0,0,0,0
130597,1,1,0,0,0,0,0,0,0,0,0,0
130597,2,1,0,0,0,0,0,0,0,0,0,0
130598,0,1,0,0,0,25,0,0,0,0,0,27
130598,1,1,0,0,0,0,0,0,0,0,0,0
130599,1,1,40,40,40,40,40,40,40,40,40,40
130600,1,1,3,3,3,3,3,3,3,3,3,3
130601,1,1,22,22,22,22,22,22,22,22,22,22
130602,1,1,10,9,13,8,16,0,12,12,18,21
130602,2,1,0,0,10,0,0,0,0,24,0,0
130603,0,1,0,0,0,0,0,0,0,0,0,0
130603,1,1,5,5,5,5,5,5,5,5,5,5
130604,1,1,0,0,0,17,0,0,0,0,0,0
130605,1,1,0,0,0,0,0,0,0,0,0,0
130605,2,1,0,0,0,0,0,38,0,0,0,30
130606,1,1,26,26,26,26,26,26,26,26,26,26
130607,1,1,0,0,0,22,0,0,0,0,0,0
130608,1,1,0,0,0,0,0,0,0,0,0,0
130609,1,1,0,0,0,0,0,0,0,0,0,0
130609,2,1,0,0,0,0,0,0,0,28,0,0
130610,1,1,0,0,9,0,0,19,0,0,8,0
130611,1,1,0,0,0,0,0,0,0,0,0,0
130611,2,1,0,0,0,0,0,0,0,0,0,0
130612,1,1,0,0,0,0,0,0,0,0,0,0
130613,1,1,0,0,0,0,0,0,0,0,0,0
130613,2,1,0,0,0,0,0,0,0,0,0,0
130614,1,1,0,0,0,0,0,0,0,0,0,0
130614,2,1,0,0,0,0,0,0,0,0,0,0
130615,1,1,12,12,17,17,23,14,32,13,28,15
130615,2,1,0,0,0,0,15,0,0,0,0,0
130616,1,1,0,0,0,0,0,0,0,0,0,0
130617,1,1,0,0,0,0,0,0,0,0,0,0
130617,2,1,0,0,0,0,0,0,0,0,0,0
130618,1,1,9,9,9,9,9,9,9,9,9,9
130618,2,1,11,11,11,11,11,11,11,11,11,11
130619,1,1,0,0,0,0,0,0,0,0,0,0
130619,2,1,0,0,0,0,0,0,0,0,0,0
130620,1,1,0,0,0,12,0,0,0,0,16,0
130620,2,1,0,0,0,0,0,0,0,0,0,0
130621,1,1,0,0,0,0,0,0,0,0,0,0
130622,1,1,0,14,10,0,0,12,0,0,0,0
130622,2,1,0,0,0,0,0,0,0,0,0,0
130622,3,1,0,0,0,0,0,0,0,0,0,0
130622,4,1,0,0,0,0,0,0,30,0,0,0
130623,1,1,0,0,0,0,7,0,0,17,0,0
130623,2,1,0,0,0,0,0,0,0,0,0,0
130624,0,1,0,0,0,0,0,0,0,0,0,0
130624,1,1,0,0,0,0,0,0,0,0,0,0
130625,1,1,0,0,0,0,0,0,0,0,0,0
130625,2,1,0,0,0,0,0,0,0,0,0,0
130626,1,1,0,0,0,0,0,0,0,0,0,0
130626,2,1,0,0,0,0,0,0,0,0,0,0
130627,1,1,0,0,0,0,0,0,0,0,0,0
130627,2,1,0,22,0,12,0,0,0,0,0,0
130628,1,1,21,0,16,0,0,0,0,4,5,0
130629,1,1,0,0,0,0,0,0,0,0,0,0
130629,2,1,0,0,0,0,0,0,0,0,0,0
130630,1,1,0,0,0,0,0,0,0,0,0,0
130631,1,1,0,26,0,12,7,17,0,14,0,0
130632,1,1,0,0,0,0,0,0,0,0,0,0
130632,2,1,0,0,0,0,0,14,0,0,0,0
130633,1,1,3,3,3,3,3,3,3,3,3,3
130634,1,1,0,0,0,0,0,0,0,0,0,0
130634,2,1,0,0,0,0,0,0,0,0,0,0
130635,1,1,22,0,0,0,0,0,0,0,0,0
130636,1,1,0,0,0,0,0,0,0,0,0,0
130637,1,1,8,8,8,8,8,8,8,8,8,8
130638,1,1,0,0,0,0,0,0,0,0,0,0
130639,1,1,0,0,0,0,0,0,0,0,0,0
130640,1,1,0,0,0,0,29,0,0,0,0,0
130642,1,1,0,0,0,0,0,0,0,0,0,0
130643,1,1,0,0,0,0,0,0,0,0,0,0
130643,2,1,0,0,0,0,0,0,0,0,0,34
130644,0,1,42,5,18,5,13,16,21,14,0,18
130644,1,1,0,8,0,0,0,0,0,0,0,0
130645,1,1,0,0,0,0,0,20,0,0,0,0
130646,1,1,0,0,0,0,0,0,0,0,0,0
130647,1,1,4,0,0,0,11,0,0,0,0,0
130648,1,1,5,5,5,5,5,5,5,5,5,5
130648,2,1,0,0,0,0,0,0,4,0,0,0
130649,1,1,0,0,0,0,0,0,0,0,0,0
130650,1,1,0,0,0,0,0,0,0,0,0,0