ST_CASE,VEH_NO,PER_NO,P1,P2,P3,P4,P5,P6,P7,P8,P9,P10
130650,2,1,0,0,0,0,0,6,0,0,0,0
130651,1,1,13,2,16,36,4,13,0,11,0,0
130651,2,1,3,3,3,3,3,3,3,3,3,3
130651,3,1,0,0,0,0,0,0,0,0,0,0
130652,1,1,11,4,0,0,19,15,0,0,0,0
130652,2,1,0,0,0,0,0,0,18,0,0,0
130653,1,1,3,3,3,3,3,3,3,3,3,3
130654,1,1,14,14,14,14,14,14,14,14,14,14
130655,1,1,20,15,10,0,2,26,11,0,29,0
130655,2,1,0,0,0,0,0,0,0,0,0,0
130656,1,1,0,0,0,0,0,0,0,0,0,0
130657,1,1,0,18,0,0,0,0,0,0,0,0
130658,1,1,0,0,0,0,10,0,0,0,0,0
130659,1,1,0,0,0,0,18,0,0,0,12,0
130660,0,1,0,0,0,0,0,0,0,0,0,0
130660,1,1,0,0,0,0,0,0,0,0,0,0
130661,1,1,0,0,19,0,19,0,0,0,14,0
130662,1,1,0,0,0,0,0,0,0,0,0,0
130662,2,1,3,3,3,3,3,3,3,3,3,3
130663,1,1,0,0,32,0,0,0,0,0,11,0
130663,2,1,0,0,0,0,0,0,0,0,0,18
130664,1,1,0,0,0,0,0,0,0,0,0,0
130664,2,1,0,16,0,0,0,0,0,0,0,0
130665,0,1,0,0,0,0,0,0,0,0,0,0
130665,1,1,0,0,0,21,0,0,0,0,0,0
130665,2,1,0,10,0,0,0,0,0,14,0,0
130666,1,1,0,0,0,0,0,0,0,0,0,0
130666,2,1,0,0,0,0,0,0,0,0,0,0
130667,1,1,13,13,13,13,13,13,13,13,13,13
130667,2,1,0,0,0,0,0,0,0,0,0,0
130668,1,1,0,0,0,0,0,0,0,0,0,0
130669,1,1,0,19,0,0,0,0,29,0,0,0
130670,1,1,21,0,0,0,0,0,0,0,0,0
130670,2,1,0,0,0,0,0,0,0,0,0,0
130671,1,1,0,0,0,0,0,0,0,0,0,0
130671,2,1,0,0,0,0,0,0,0,5,0,0
130672,1,1,6,6,6,6,6,6,6,6,6,6
130672,2,1,0,0,0,0,0,0,0,0,0,0
130673,1,1,8,8,8,8,8,8,8,8,8,8
130674,1,1,0,0,0,0,0,0,0,0,0,0
130674,2,1,0,0,3,15,10,0,0,17,7,19
130675,1,1,1,1,1,1,1,1,1,1,1,1
130676,1,1,0,0,0,0,0,0,0,0,0,0
130677,1,1,0,0,0,0,0,0,0,0,0,0
130678,1,1,0,0,2,0,0,0,0,0,0,0
130678,2,1,0,0,0,0,0,0,0,0,0,0
130679,1,1,0,0,0,0,0,0,0,0,0,0
130680,1,1,22,22,22,22,22,22,22,22,22,22
130681,1,1,0,0,0,0,0,0,0,0,0,0
130681,2,1,0,0,0,0,0,0,0,0,0,0
130682,1,1,0,0,0,0,0,0,0,0,0,0
130682,2,1,0,0,0,0,0,0,0,0,0,0
130683,1,1,0,0,0,0,0,0,0,0,0,0
130683,2,1,0,0,0,0,0,0,0,0,0,0
130684,0,1,3,3,3,3,3,3,3,3,3,3
130684,1,1,0,0,0,0,0,0,0,0,0,0
130685,1,1,0,0,0,0,0,0,0,0,0,0
130685,2,1,0,0,0,0,0,0,0,0,0,0
130686,1,1,0,0,0,0,0,0,0,0,0,0
130686,2,1,0,0,0,0,0,0,0,0,0,0
130686,3,1,0,0,0,0,0,0,0,0,0,0
130686,4,1,0,0,0,0,0,3,0,0,0,0
130688,1,1,0,0,0,10,0,10,0,0,0,0
130688,2,1,0,0,0,0,0,0,0,0,0,0
130689,1,1,0,0,0,0,0,0,0,0,0,0
130690,1,1,0,0,0,0,0,0,0,0,0,0
130691,1,1,0,0,0,0,0,0,0,0,0,0
130691,2,1,0,0,0,0,0,0,0,0,0,0
130692,1,1,0,0,0,0,0,0,0,19,0,0
130692,2,1,0,0,0,0,0,0,0,0,0,0
130693,1,1,5,20,34,10,0,18,0,0,17,0
130694,1,1,0,0,0,0,0,0,14,0,0,7
130695,1,1,0,0,0,13,0,0,0,0,0,0
130696,1,1,0,0,0,0,0,14,0,0,0,0
130696,2,1,0,0,0,0,0,0,0,0,0,0
130697,0,1,12,12,12,12,12,12,12,12,12,12
130697,1,1,24,0,17,0,0,20,0,0,25,20
130698,1,1,0,0,0,0,0,0,0,0,0,0
130698,2,1,0,0,0,0,0,10,0,0,0,0
130698,3,1,0,0,0,0,0,0,0,0,0,0
130699,1,1,0,0,0,0,0,0,0,0,0,0
130699,2,1,0,0,0,0,0,0,0,0,0,0
130700,1,1,0,0,0,0,0,17,0,12,0,0
130700,2,1,0,0,0,0,0,0,0,0,0,0
130700,3,1,0,0,10,0,0,0,0,0,0,0
130701,0,1,0,19,15,0,0,0,0,0,0,0
130701,1,1,0,0,0,0,0,0,0,0,0,0
130702,1,1,18,18,18,18,18,18,18,18,18,18
130703,1,1,0,0,0,0,0,0,16,12,0,0
130703,2,1,0,17,7,0,8,0,0,0,0,0
130704,1,1,19,19,19,19,19,19,19,19,19,19
130704,2,1,0,0,6,0,0,0,0,0,0,0
130705,1,1,0,0,0,0,0,0,21,0,0,5
130705,2,1,0,0,0,8,17,0,0,0,0,0
130706,1,1,0,0,0,0,0,0,0,0,0,0
130706,2,1,0,0,0,0,0,0,0,0,0,0
130707,1,1,0,0,0,0,0,0,0,0,0,0
130707,2,1,0,0,0,0,0,0,0,0,0,0
130708,1,1,9,16,22,8,21,7,12,15,4,8
130708,2,1,0,0,0,0,0,0,26,0,0,3
130709,0,1,0,0,0,0,0,0,0,0,0,0
130709,1,1,0,0,0,0,0,0,0,0,0,0
130710,1,1,0,0,0,0,0,0,0,0,0,0
130711,1,1,0,0,0,0,0,0,0,0,0,0
130711,2,1,0,0,0,0,0,0,0,0,0,0
130712,0,1,28,28,28,28,28,28,28,28,28,28
130712,1,1,0,0,0,0,0,0,0,0,2,0
130712,2,1,16,17,7,22,8,22,0,10,0,10
130713,1,1,9,9,9,9,9,9,9,9,9,9
130713,2,1,0,0,0,0,0,0,0,0,0,0
130714,1,1,13,13,13,13,13,13,13,13,13,13
130714,2,1,0,0,0,0,0,0,0,0,0,0
130715,1,1,28,28,28,28,28,28,28,28,28,28
130716,1,1,0,0,0,0,0,0,0,0,20,0
130717,1,1,12,0,0,0,0,0,0,15,14,0
130718,0,1,28,28,28,28,28,28,28,28,28,28
130718,1,1,0,0,0,0,0,0,0,0,0,16
130719,1,1,0,0,0,0,0,0,0,0,0,0
130719,2,1,0,0,0,0,0,0,0,0,0,0
130719,3,1,0,0,0,0,0,24,0,0,0,0
130720,0,1,27,27,27,27,27,27,27,27,27,27
130720,1,1,0,0,0,0,0,0,0,0,0,0
130721,1,1,21,21,21,21,21,21,21,21,21,21
130721,2,1,0,0,5,0,15,10,6,5,0,0
130722,0,1,2,2,2,2,2,2,2,2,2,2
130722,1,1,0,0,0,0,0,33,0,10,0,0
130723,1,1,0,0,0,0,0,0,0,0,0,0
130724,1,1,0,0,0,0,0,0,0,0,0,0
130725,1,1,0,0,0,0,0,0,0,0,0,0
130725,2,1,0,0,10,0,0,0,0,0,0,0
130725,3,1,0,0,0,0,0,0,0,0,0,0
130726,0,1,0,28,0,14,0,26,0,12,0,18
130726,1,1,12,12,12,12,12,12,12,12,12,12
130727,1,1,13,13,13,13,13,13,13,13,13,13
130728,1,1,0,0,0,0,0,0,0,0,0,0
130728,2,1,0,0,0,0,0,0,0,0,0,0
130729,1,1,31,11,5,9,21,3,18,0,10,10
130729,2,1,28,0,0,0,0,0,0,0,0,0
130729,3,1,0,0,0,0,0,0,0,0,0,0
130729,4,1,0,0,0,0,0,0,0,0,0,0
130729,5,1,0,0,0,0,0,0,0,0,0,0
130730,1,1,0,0,0,0,0,0,0,0,0,0
130731,1,1,0,0,0,0,0,0,0,0,13,0
130731,2,1,11,0,0,12,0,0,13,13,0,17
130732,1,1,10,10,10,10,10,10,10,10,10,10
130733,1,1,0,0,0,0,0,0,0,0,0,0
130734,1,1,0,0,0,0,0,0,0,0,0,0
130735,1,1,0,0,0,0,0,0,0,0,0,0
130736,1,1,0,0,0,0,0,0,0,0,0,0
130737,1,1,0,0,0,0,0,25,0,0,0,0
130737,2,1,0,0,0,0,0,0,0,0,0,0
130738,1,1,0,0,0,11,0,0,7,0,0,0
130738,2,1,0,0,0,0,0,0,0,0,0,0
130739,1,1,22,0,27,0,0,19,0,0,0,0
130740,1,1,0,0,0,0,0,0,0,0,0,0
130741,1,1,0,0,0,0,0,0,0,0,0,0
130741,2,1,0,0,0,0,0,14,0,0,0,0
130742,1,1,0,0,0,0,0,0,0,0,0,0
130742,2,1,0,0,0,0,0,0,0,0,0,0
130743,1,1,0,0,0,0,0,0,0,0,0,0
130744,1,1,15,0,0,21,0,8,14,9,0,0
130744,2,1,0,15,17,0,0,0,4,0,0,0
130745,1,1,0,21,7,11,3,23,6,10,5,12
130745,2,1,3,3,3,3,3,3,3,3,3,3
130746,1,1,0,0,0,0,0,0,0,0,0,0
130746,2,1,0,0,0,0,0,0,0,0,0,0
130747,1,1,0,0,0,0,0,0,0,0,0,0
130747,2,1,0,0,0,0,0,0,0,0,0,0
130748,1,1,0,0,0,0,0,0,0,0,0,0
130748,2,1,0,0,0,0,0,0,0,0,0,0
130749,1,1,0,0,0,0,0,0,0,0,0,0
130749,2,1,0,0,0,0,0,0,0,0,0,0
130750,1,1,0,17,4,0,0,10,15,0,26,26
130751,0,1,0,0,0,0,0,0,0,0,0,0
130751,1,1,0,0,0,0,0,0,0,0,0,0
130752,1,1,0,14,0,0,0,0,0,0,0,0
130753,0,1,0,0,0,0,0,0,0,0,0,0
130753,1,1,0,3,0,3,10,11,7,0,0,10
130754,1,1,0,0,24,0,0,0,0,17,0,7
130755,1,1,14,14,14,14,14,14,14,14,14,14
130756,0,1,0,0,0,0,0,0,0,0,0,0
130756,1,1,19,0,0,0,0,0,0,0,0,0
130757,1,1,0,0,0,0,0,0,25,0,0,0
130758,1,1,0,0,0,0,8,0,0,0,0,0
130758,2,1,0,0,0,0,0,0,0,0,0,0
130758,3,1,0,0,0,0,0,0,0,0,0,0
130758,4,1,0,0,0,0,0,0,0,0,0,0
130759,1,1,0,0,0,0,0,0,0,0,0,0
130759,2,1,0,0,0,0,0,0,0,0,0,0
130760,1,1,11,12,0,0,0,0,14,0,0,12
130760,2,1,0,0,0,0,0,0,0,0,0,0
130761,1,1,15,15,15,15,15,15,15,15,15,15
130762,1,1,0,0,0,19,0,0,0,0,0,0
130763,1,1,0,0,16,0,0,0,0,0,0,0
130764,1,1,0,0,0,0,0,0,0,0,0,0
130764,2,1,0,0,0,0,0,23,0,0,0,0
130765,1,1,0,0,0,0,0,0,0,0,0,0
130765,2,1,0,0,0,0,0,0,0,0,0,0
130766,1,1,20,36,0,11,25,6,15,0,8,0
130767,0,1,14,14,14,14,14,14,14,14,14,14
130767,1,1,0,0,0,0,0,0,0,2,0,0
130768,1,1,0,0,0,0,0,0,0,0,0,0
130768,2,1,0,0,0,0,0,0,0,0,0,0
130769,1,1,23,23,23,23,23,23,23,23,23,23
130770,1,1,13,0,0,0,0,0,0,0,0,0
130771,1,1,0,0,0,0,0,0,0,0,0,0
130772,1,1,0,0,0,0,0,0,0,0,0,0
130772,2,1,15,0,0,0,0,0,0,0,0,0
130773,1,1,0,0,0,0,0,0,0,0,0,0
130773,2,1,0,31,25,0,0,0,0,8,8,0
130773,3,1,0,0,15,10,0,0,0,0,0,0
130774,1,1,0,0,0,0,0,0,0,0,0,0
130775,0,1,0,0,0,0,0,0,0,0,0,0
130775,1,1,0,0,0,0,0,0,0,0,0,0
130776,1,1,0,0,0,0,0,0,0,0,0,0
130777,2,1,0,0,0,0,0,0,0,0,0,0
130778,1,1,0,0,0,0,0,0,0,0,0,0
130778,2,1,0,0,0,0,0,0,0,0,0,0
130779,1,1,0,0,0,0,0,0,0,0,0,0
130779,2,1,0,0,0,0,0,0,0,0,0,0
130780,1,1,0,21,0,9,0,0,0,12,0,0
130781,1,1,0,0,0,0,0,0,0,19,0,0
130782,1,1,10,0,0,27,0,0,0,0,0,0
130782,2,1,5,5,5,5,5,5,5,5,5,5
130783,1,1,0,0,0,0,0,0,0,0,0,0
130784,1,1,18,18,18,18,18,18,18,18,18,18
130785,1,1,0,0,0,0,0,0,0,0,0,0
130785,2,1,0,0,0,0,0,0,0,0,0,0
130786,1,1,0,0,0,0,0,0,0,0,0,0
130786,2,1,0,0,0,0,0,0,0,0,0,0
130787,1,1,16,16,16,16,16,16,16,16,16,16
130788,1,1,0,0,0,0,0,0,0,0,0,0
130788,2,1,6,0,0,0,0,0,12,0,0,0
130789,1,1,0,0,0,0,0,0,0,0,0,0
130790,0,1,6,6,6,6,6,6,6,6,6,6
130790,1,1,0,0,0,0,0,0,0,0,0,0
130791,1,1,29,30,27,28,8,19,12,34,0,6
130792,1,1,17,17,17,17,17,17,17,17,17,17
130792,2,1,0,0,0,0,0,0,0,0,0,0
130792,3,1,0,0,16,22,0,20,21,0,0,0
130793,1,1,24,24,24,24,24,24,24,24,24,24
130794,0,1,0,0,26,19,0,14,21,0,37,0
130794,1,1,0,10,22,21,21,7,9,0,7,20
130795,1,1,0,0,0,0,0,0,0,0,0,0
130796,1,1,0,0,0,0,0,0,0,0,0,0
130796,2,1,0,0,0,0,0,0,0,0,0,0
130797,1,1,0,0,0,0,0,0,0,0,0,0
130797,2,1,0,0,0,0,0,0,0,0,0,0
130797,3,1,0,0,0,0,7,0,0,0,0,0
130797,4,1,0,0,0,0,0,0,0,0,0,0
130798,0,1,0,0,0,0,0,0,0,0,0,0
130798,1,1,0,0,0,0,0,0,0,0,0,0
130799,1,1,28,10,32,14,0,0,13,0,16,0
130800,1,1,0,0,0,0,0,0,0,0,0,0
130801,1,1,0,0,0,0,0,7,0,0,0,0
130801,2,1,9,0,0,0,0,0,4,0,0,0
130802,1,1,0,0,0,0,0,0,0,0,0,0
130802,2,1,0,0,0,0,0,0,0,0,0,0
130803,1,1,0,0,0,0,0,0,0,0,0,0
130803,2,1,0,0,0,0,0,0,0,0,0,0
130804,1,1,0,0,0,0,0,0,0,0,0,0
130804,2,1,0,0,0,0,0,0,0,0,0,0
130804,3,1,0,0,0,0,0,0,0,0,0,0
130805,1,1,14,14,14,14,14,14,14,14,14,14
130805,2,1,0,0,0,0,0,11,0,0,0,0
130805,3,1,0,0,0,0,0,0,0,0,0,0
130806,0,1,16,16,16,16,16,16,16,16,16,16
130806,1,1,0,6,0,0,0,0,0,0,5,0
130807,1,1,0,0,0,39,0,0,0,0,0,0
130808,0,1,18,18,18,18,18,18,18,18,18,18
130808,1,1,0,0,0,0,0,0,0,0,0,0
130809,0,1,0,0,0,0,0,0,0,0,0,0
130809,1,1,0,0,0,0,0,16,0,0,0,0
130810,0,1,17,17,17,17,17,17,17,17,17,17
130810,1,1,0,4,13,0,0,16,0,0,0,22
130811,1,1,0,0,0,0,0,0,0,0,0,0
130812,0,1,0,0,0,0,0,0,0,0,0,0
130812,1,1,0,0,0,0,0,0,0,0,0,0
130813,0,1,16,16,16,16,16,16,16,16,16,16
130813,1,1,0,0,0,20,0,6,4,0,0,7
130814,1,1,0,0,0,0,0,0,0,0,0,0
130814,2,1,0,0,0,0,0,0,0,0,0,0
130815,0,1,8,8,8,8,8,8,8,8,8,8
130815,1,1,0,0,0,25,0,0,0,0,0,0
130816,1,1,0,0,0,0,0,0,0,0,0,0
130816,2,1,0,0,0,0,0,0,0,0,0,0
130816,3,1,0,0,0,0,0,0,0,0,0,0
130817,1,1,0,0,0,0,0,0,0,0,0,0
130817,2,1,0,0,0,0,0,0,0,0,0,17
130818,1,1,0,0,0,0,0,0,0,0,0,0
130819,1,1,0,0,0,0,0,0,0,0,0,0
130819,2,1,0,0,0,18,0,0,0,0,0,0
130820,1,1,0,0,0,0,0,0,5,0,6,0
130820,2,1,0,0,0,0,0,0,0,0,0,0
130821,0,1,0,0,31,0,0,0,0,0,0,0
130821,1,1,0,0,0,0,0,0,0,0,0,0
130822,1,1,0,0,0,0,0,0,0,0,0,0
130822,2,1,0,0,0,0,0,0,0,0,0,0
130823,0,1,0,5,0,0,0,36,0,0,0,0
130823,1,1,0,7,0,0,0,0,0,0,0,3
130823,2,1,8,5,0,0,0,0,0,0,7,0
130823,3,1,0,13,0,9,0,11,0,0,0,11
130823,4,1,0,0,0,0,0,0,0,0,0,0
130824,1,1,13,13,13,13,13,13,13,13,13,13
130825,0,1,0,0,0,0,0,0,0,0,0,0
130825,1,1,9,9,9,9,9,9,9,9,9,9
130826,1,1,0,0,0,0,0,0,0,0,0,0
130826,2,1,0,0,0,0,0,0,0,0,0,0
130826,3,1,0,0,0,0,0,0,0,0,0,0
130827,1,1,0,0,0,0,0,0,0,0,0,0
130828,1,1,0,0,0,0,0,0,0,0,0,0
130829,1,1,0,0,0,0,0,0,0,0,0,0
130829,2,1,0,0,0,0,0,0,0,0,0,0
130830,0,1,0,0,0,0,0,0,0,0,0,9
130830,1,1,2,2,2,2,2,2,2,2,2,2
130831,1,1,0,0,0,0,0,0,0,0,0,0
130832,1,1,0,0,0,0,0,0,0,0,0,0
130833,1,1,0,0,23,0,0,20,0,0,0,0
130833,2,1,0,0,0,0,0,0,0,0,0,0
130834,1,1,0,0,0,0,0,0,0,14,0,0
130835,1,1,0,0,0,0,0,0,0,0,0,0
130836,1,1,0,0,0,0,0,0,0,0,0,0
130837,1,1,0,0,0,0,0,0,0,0,0,0
130837,2,1,0,0,0,0,0,0,0,0,0,0
130838,0,1,0,0,0,0,10,0,0,26,7,14
130838,1,1,0,0,0,0,0,0,0,0,0,0
130839,1,1,0,0,0,0,0,0,0,0,0,0
130839,2,1,0,0,0,0,0,0,0,0,0,0
130839,3,1,0,0,0,0,0,0,0,0,0,0
130839,4,1,0,0,0,0,0,0,0,0,0,0
130840,1,1,0,0,0,0,0,0,0,0,0,0
130840,2,1,0,0,0,0,0,0,0,0,0,0
130841,1,1,11,0,0,0,0,0,0,0,0,0
130842,0,1,0,0,0,0,0,0,0,0,0,0
130842,1,1,0,0,0,0,0,18,0,0,0,0
130843,1,1,3,3,3,3,3,3,3,3,3,3
130843,2,1,0,0,0,0,0,0,0,0,0,0
130844,1,1,0,25,18,31,0,0,0,0,0,25
130845,1,1,0,0,0,0,0,0,0,0,0,0
130845,2,1,0,0,0,0,0,0,0,0,0,0
130846,1,1,19,19,19,19,19,19,19,19,19,19
130847,1,1,0,0,0,0,0,0,0,0,0,0
130847,2,1,0,0,0,0,0,0,0,0,0,0
130847,3,1,0,0,0,0,0,0,0,0,0,0
130848,1,1,0,0,0,0,0,0,0,0,0,0
130849,1,1,0,0,0,0,0,0,0,0,0,0
130849,2,1,0,0,0,0,0,0,0,0,0,0
130850,1,1,0,0,0,0,0,0,0,0,0,0
130850,2,1,0,0,0,0,0,0,0,8,0,0
130851,0,1,0,0,0,0,0,0,0,0,0,0
130851,1,1,0,0,0,0,0,0,0,0,0,0
130852,0,1,25,0,0,0,0,0,0,0,0,43
130852,1,1,0,0,0,0,0,0,0,0,0,0
130853,1,1,0,0,0,0,0,0,0,0,0,0
130853,2,1,0,0,0,0,0,0,0,0,0,0
130853,3,1,0,0,0,0,0,0,0,0,0,0
130854,1,1,0,0,0,0,0,0,0,0,0,0
130854,2,1,5,5,5,5,5,5,5,5,5,5
130855,1,1,0,0,0,0,0,0,0,0,0,0
130856,1,1,11,0,0,0,0,0,0,0,0,0
130856,2,1,0,0,0,0,0,0,0,0,0,0
130857,1,1,0,0,0,0,0,0,0,0,0,20
130857,2,1,0,0,0,0,0,0,0,0,0,0
130858,1,1,0,0,0,0,0,0,0,11,5,0
130858,2,1,10,10,10,10,10,10,10,10,10,10
130859,0,1,0,0,0,0,0,0,0,0,0,0
130859,1,1,0,0,0,0,7,0,0,0,9,0
130860,1,1,0,0,0,0,0,0,0,0,0,13
130861,1,1,0,0,0,0,0,0,0,0,0,0
130862,1,1,22,22,22,22,22,22,22,22,22,22
130863,0,1,25,0,21,6,0,0,0,24,0,0
130863,1,1,24,5,0,0,0,0,0,0,17,0
130864,1,1,0,0,0,0,0,0,0,12,0,0
130864,2,1,0,0,12,0,0,0,0,0,0,0
130865,1,1,0,0,0,0,0,0,0,0,0,0
130866,1,1,14,14,14,14,14,14,14,14,14,14
130866,2,1,0,0,0,10,0,0,0,0,15,0
130867,1,1,12,12,12,12,12,12,12,12,12,12
130867,2,1,0,0,0,0,0,0,0,0,0,0
130868,1,1,0,0,0,0,22,0,0,0,0,0
130868,2,1,0,0,0,0,0,0,0,19,0,0
130869,1,1,0,0,0,0,0,0,0,0,0,0
130869,2,1,0,0,0,0,0,0,7,0,0,29
130869,3,1,0,0,0,0,0,0,0,0,0,0
130870,0,1,11,25,0,21,0,10,0,23,0,0
130870,1,1,0,13,0,0,0,0,0,0,0,7
130871,0,1,0,0,0,0,0,0,0,0,0,0
130871,1,1,0,0,0,0,0,36,0,0,0,0
130872,1,1,0,0,0,0,0,0,0,0,0,0
130872,2,1,0,0,0,0,0,0,0,0,0,0
130873,0,1,0,0,0,0,0,0,0,0,0,0
130873,1,1,0,0,0,0,0,0,0,0,0,0
130873,2,1,0,0,0,0,0,0,0,0,0,0
130874,1,1,0,0,0,0,0,0,0,0,0,0
130875,1,1,0,0,0,0,0,0,0,0,0,0
130875,2,1,0,0,0,11,0,0,24,0,0,0
130876,0,1,0,0,0,0,0,0,0,0,0,0
130876,1,1,0,9,8,0,0,0,0,0,0,18
130877,1,1,0,0,0,0,0,0,0,0,0,0
130878,1,1,0,0,0,0,0,0,0,0,0,0
130879,1,1,0,0,0,0,0,0,0,0,0,0
130879,2,1,0,0,0,0,0,0,0,0,0,0
130880,0,1,20,20,20,20,20,20,20,20,20,20
130880,1,1,0,0,0,0,0,27,0,0,0,0
130881,1,1,0,0,0,0,0,0,0,0,0,0
130881,2,1,0,0,0,0,0,0,0,0,0,0
130882,1,1,0,0,10,0,0,0,0,0,0,0
130883,0,1,0,0,0,0,0,30,0,0,0,0
130883,1,1,0,0,0,0,0,0,0,0,0,0
130884,1,1,0,0,0,0,0,0,0,0,0,0
130884,2,1,0,0,0,0,0,0,0,0,0,0
130884,3,1,5,0,13,0,0,0,0,0,0,0
130885,1,1,18,18,18,18,18,18,18,18,18,18
130885,2,1,0,0,0,0,0,0,0,0,0,0
130886,1,1,0,0,0,17,12,0,0,0,0,0
130887,1,1,2,2,2,2,2,2,2,2,2,2
130887,2,1,0,0,0,0,0,0,0,0,0,0
130888,1,1,0,0,0,0,0,0,0,0,0,0
130889,1,1,0,16,0,0,11,24,0,0,0,0
130890,1,1,4,17,8,10,10,7,3,8,20,11
130891,1,1,16,16,16,16,16,16,16,16,16,16
130892,1,1,0,0,0,0,0,0,0,0,0,0
130892,2,1,0,0,0,0,0,0,0,0,0,0
130893,1,1,3,3,3,3,3,3,3,3,3,3
130894,1,1,0,0,0,0,0,0,0,0,0,0
130895,1,1,0,0,0,0,0,0,0,0,0,0
130895,2,1,0,0,0,0,0,0,0,0,0,0
130896,1,1,0,0,0,0,0,0,0,0,0,0
130896,2,1,0,0,0,0,0,0,0,0,0,0
130896,3,1,0,0,0,0,0,0,0,0,0,0
130897,1,1,0,0,0,0,0,0,0,0,0,0
130897,2,1,0,0,0,0,0,0,0,0,0,0
130898,1,1,0,0,0,0,0,0,0,0,0,0
130898,2,1,0,0,0,0,0,0,0,0,0,0
130899,1,1,0,0,0,6,0,0,0,0,0,0
130899,2,1,0,0,0,0,0,0,0,0,0,0
130900,1,1,16,16,16,16,16,16,16,16,16,16
130900,2,1,0,0,10,0,0,0,0,0,0,0
130901,1,1,0,0,12,0,0,0,0,0,0,0
130901,2,1,9,3,0,0,0,10,9,0,11,11
130902,1,1,0,0,0,0,0,0,0,0,32,0
130902,2,1,0,0,0,0,0,0,0,0,0,0
130903,1,1,0,0,0,0,0,0,0,0,0,0
130903,2,1,0,0,0,0,0,0,0,0,0,0
130904,1,1,0,0,0,0,0,0,0,0,0,0
130905,1,1,0,0,0,0,0,0,0,0,0,0
130905,2,1,0,0,0,0,0,0,0,0,0,0
130906,0,1,16,18,7,11,7,25,10,19,9,0
130906,1,1,0,0,0,0,0,0,0,0,0,0
130907,1,1,0,0,0,0,0,0,0,0,0,0
130907,2,1,0,0,0,0,0,0,0,0,0,0
130908,0,1,2,2,2,2,2,2,2,2,2,2
130908,1,1,0,0,0,0,0,0,0,0,13,0
130909,1,1,22,17,12,20,15,15,12,25,13,35
130910,1,1,0,0,0,0,0,0,0,0,0,0
130911,1,1,9,9,9,9,9,9,9,9,9,9
130911,2,1,0,0,0,0,0,0,0,0,0,0
130911,3,1,0,0,0,0,0,0,0,0,0,0
130911,4,1,0,0,0,0,0,23,0,0,0,0
130912,1,1,0,0,0,0,0,0,0,0,0,0
130912,2,1,0,0,0,0,0,0,0,0,0,0
130913,0,1,7,7,7,7,7,7,7,7,7,7
130913,1,1,0,0,0,0,32,4,15,0,0,0
130914,1,1,5,0,9,22,0,0,0,23,0,32
130915,1,1,0,0,0,0,0,0,0,0,0,0
130915,2,1,0,0,0,0,0,0,0,0,0,0
130916,1,1,23,17,0,0,21,0,0,11,17,0
130916,2,1,0,0,0,0,0,0,0,0,0,0
130917,1,1,0,0,0,0,0,0,0,0,0,0
130917,2,1,0,0,0,0,0,0,0,0,0,0
130918,1,1,16,16,33,0,13,14,20,9,13,17
130919,1,1,25,0,13,21,0,8,22,23,14,4
130919,2,1,0,0,0,0,0,0,0,0,0,0
130920,0,1,25,25,25,25,25,25,25,25,25,25
130920,1,1,0,0,0,0,0,0,14,0,0,5
130921,1,1,17,17,17,17,17,17,17,17,17,17
130921,2,1,0,0,0,0,0,0,0,0,0,0
130922,0,1,29,29,29,29,29,29,29,29,29,29
130922,1,1,12,0,18,12,0,0,0,0,0,0
130923,1,1,18,18,18,18,18,18,18,18,18,18
130924,1,1,0,0,0,0,0,0,0,0,0,0
130925,1,1,0,0,0,0,0,0,0,0,0,0
130925,2,1,0,0,0,0,0,0,0,0,0,0
130926,1,1,11,11,11,11,11,11,11,11,11,11
130926,2,1,0,0,14,0,0,22,0,13,0,0
130927,1,1,0,0,0,0,0,0,0,0,0,0
130927,2,1,18,0,0,7,0,0,0,0,0,0
130928,1,1,28,28,28,28,28,28,28,28,28,28
130929,1,1,0,0,29,0,31,0,0,0,8,32
130930,1,1,29,29,29,29,29,29,29,29,29,29
130930,2,1,0,0,0,0,0,0,0,0,0,0
130931,1,1,16,16,16,16,16,16,16,16,16,16
130931,2,1,0,0,0,0,15,0,0,0,31,0
130932,1,1,0,0,0,0,0,0,0,0,0,0
130933,1,1,0,0,0,0,0,0,0,0,0,0
130933,2,1,14,14,14,14,14,14,14,14,14,14
130934,1,1,0,0,0,0,0,0,0,0,0,0
130935,1,1,0,0,0,0,0,0,0,0,0,0
130936,1,1,0,0,0,0,0,0,0,0,0,0
130936,2,1,0,0,0,0,0,0,0,0,0,0
130937,1,1,0,0,0,0,0,0,0,0,0,0
130938,1,1,0,0,0,0,0,0,0,0,0,0
130938,2,1,0,0,0,0,0,0,0,0,0,0
130939,1,1,0,0,0,0,0,0,0,0,0,0
130939,2,1,0,0,0,0,0,0,0,0,0,0
130940,1,1,0,0,0,0,0,0,0,0,0,0
130941,1,1,0,0,0,0,0,0,0,0,0,0
130941,2,1,0,0,0,0,0,0,0,0,0,0
130942,1,1,0,0,0,0,0,0,0,0,0,0
130942,2,1,0,0,0,0,0,0,0,0,0,0
130943,1,1,22,22,22,22,22,22,22,22,22,22
130944,1,1,6,6,6,6,6,6,6,6,6,6
130945,1,1,0,0,0,0,0,0,0,0,0,0
130945,2,1,0,0,0,0,0,0,0,0,0,0