ST_CASE,VEH_NO,PER_NO,P1,P2,P3,P4,P5,P6,P7,P8,P9,P10
130945,3,1,0,0,0,0,0,0,0,0,0,0
130946,1,1,27,27,27,27,27,27,27,27,27,27
130947,0,1,0,0,0,0,0,0,0,0,0,0
130947,0,2,0,0,0,0,0,0,0,0,0,0
130947,1,1,0,0,0,0,0,0,0,0,0,0
130948,1,1,13,0,0,16,13,32,12,24,29,22
130949,1,1,0,0,0,0,0,0,0,0,0,0
130950,0,1,0,0,0,0,15,28,0,11,0,0
130950,1,1,18,0,0,0,0,0,0,7,6,0
130951,1,1,0,0,0,0,0,0,0,0,0,0
130952,0,1,0,0,0,0,0,0,0,0,0,0
130952,1,1,5,10,11,0,15,15,14,12,10,19
130953,1,1,19,19,19,19,19,19,19,19,19,19
130954,1,1,0,0,0,0,0,0,0,0,0,0
130954,2,1,0,0,0,0,0,0,0,0,0,0
130955,1,1,3,0,0,0,0,0,0,0,0,0
130955,2,1,0,0,0,0,0,0,0,0,0,0
130955,3,1,0,0,0,0,0,0,0,0,0,0
130956,1,1,0,0,0,15,0,0,0,0,0,0
130957,1,1,17,17,17,17,17,17,17,17,17,17
130958,0,1,0,0,0,0,0,0,0,0,0,0
130958,1,1,0,0,0,0,0,0,0,0,0,0
130959,1,1,0,0,0,0,0,0,0,0,0,0
130960,1,1,0,0,0,0,0,0,0,0,0,0
130961,1,1,0,0,0,0,0,0,0,0,0,0
130961,2,1,0,0,0,0,0,0,0,0,0,0
130962,1,1,0,0,0,0,0,0,0,0,0,0
130962,2,1,2,2,2,2,2,2,2,2,2,2
130963,1,1,9,9,9,9,9,9,9,9,9,9
130964,1,1,0,0,0,0,9,0,12,19,0,0
130964,2,1,26,0,0,0,0,0,0,0,0,0
130965,1,1,23,19,8,19,18,12,9,0,28,0
130966,0,1,0,0,0,8,0,0,0,0,0,0
130966,1,1,0,0,0,0,0,0,0,0,0,0
130967,1,1,0,0,0,0,0,0,0,0,0,0
130967,2,1,0,0,0,0,0,19,0,0,0,0
130968,1,1,0,0,0,0,0,0,7,0,0,0
130968,2,1,0,0,0,0,0,0,0,0,0,0
130969,1,1,13,13,13,13,13,13,13,13,13,13
130970,1,1,0,0,0,0,0,0,0,0,0,0
130970,2,1,0,0,0,0,0,0,0,0,0,0
130971,1,1,0,0,16,0,23,0,0,0,0,0
130971,2,1,0,0,0,0,0,0,0,0,0,0
130972,1,1,0,0,0,0,0,9,0,0,0,0
130972,2,1,0,0,0,0,0,0,0,0,0,0
130973,1,1,0,0,0,0,0,14,13,0,0,0
130974,1,1,10,10,10,10,10,10,10,10,10,10
130974,2,1,0,0,24,0,0,0,0,6,19,0
130975,1,1,30,30,30,30,30,30,30,30,30,30
130975,2,1,0,24,0,0,0,0,0,0,0,0
130976,1,1,8,25,12,12,0,0,23,0,0,38
130977,0,1,0,0,0,0,0,0,0,0,0,0
130977,1,1,0,0,0,0,0,14,0,0,0,0
130978,1,1,24,12,10,0,8,0,3,10,22,15
130979,1,1,0,0,0,0,0,0,0,0,0,0
130979,2,1,0,0,0,0,0,0,0,0,0,0
130979,3,1,0,0,0,0,0,0,0,0,0,0
130979,4,1,0,0,0,0,0,0,0,0,0,0
130979,5,1,0,0,0,0,0,0,0,0,0,0
130980,1,1,0,0,0,0,0,0,0,0,0,0
130980,2,1,0,0,0,0,0,0,0,0,0,0
130981,1,1,0,0,0,0,0,0,0,0,0,0
130981,2,1,0,0,0,0,0,0,0,0,0,0
130982,1,1,27,0,0,0,10,25,0,0,0,0
130983,1,1,19,19,19,19,19,19,19,19,19,19
130983,2,1,0,0,0,0,0,0,0,0,0,0
130984,1,1,0,0,0,0,0,0,0,0,0,0
130985,1,1,0,5,11,0,23,0,5,0,42,16
130986,1,1,0,0,0,0,0,0,0,0,0,0
130987,0,1,0,26,15,0,0,30,0,0,0,0
130987,1,1,0,0,0,0,0,0,0,0,0,12
130988,0,1,0,31,9,34,18,22,15,0,0,0
130988,1,1,0,2,0,0,0,0,0,0,19,0
130989,0,1,0,0,0,0,0,0,0,0,0,0
130989,1,1,0,7,0,0,0,0,16,0,0,0
130990,1,1,0,0,0,0,0,0,0,0,0,0
130990,2,1,22,22,22,22,22,22,22,22,22,22
130991,1,1,18,0,0,0,0,0,0,0,4,0
130992,1,1,25,0,0,10,19,15,16,0,0,26
130993,1,1,10,0,0,0,0,0,0,0,0,17
130993,2,1,15,0,0,0,0,0,0,0,0,0
130994,1,1,0,0,0,0,0,0,37,0,0,23
130995,1,1,0,0,0,0,0,0,0,0,0,0
130995,2,1,0,0,0,0,0,0,0,0,0,0
130996,1,1,6,6,6,6,6,6,6,6,6,6
130997,1,1,0,0,0,0,21,0,0,9,0,0
130998,1,1,0,7,0,0,0,0,0,0,0,0
130998,2,1,0,0,0,0,0,0,0,0,0,0
130999,1,1,21,21,21,21,21,21,21,21,21,21
131000,0,1,0,0,0,0,0,0,0,0,0,0
131000,1,1,0,0,0,0,0,0,0,0,0,0
131001,1,1,0,15,0,24,13,0,0,0,0,0
131002,0,1,0,0,0,6,0,0,23,0,0,0
131002,1,1,0,0,0,0,0,0,0,0,0,0
131003,0,1,19,0,0,21,0,27,16,0,31,0
131003,0,2,0,0,0,0,0,0,0,0,0,0
131003,1,1,0,0,0,0,0,0,0,0,0,0
131004,0,1,0,0,0,0,0,0,0,0,0,0
131004,1,1,0,0,0,0,0,0,0,4,0,0
131005,1,1,0,0,0,0,0,0,0,0,0,0
131006,1,1,0,0,0,0,0,0,0,0,0,0
131006,2,1,0,0,0,0,0,0,0,0,0,0
131006,3,1,0,0,0,0,0,0,0,0,0,0
131007,1,1,17,17,17,17,17,17,17,17,17,17
131008,1,1,0,0,0,0,6,0,0,0,0,0
131009,1,1,0,0,0,0,0,0,0,0,0,0
131009,2,1,0,0,0,0,9,0,0,0,0,0
131010,0,1,0,24,0,0,0,0,24,13,17,0
131010,1,1,0,0,0,0,0,0,0,0,0,0
131011,1,1,0,0,0,0,0,0,0,0,0,0
131011,2,1,0,0,0,0,0,0,0,19,0,0
131012,1,1,0,0,0,0,0,0,0,0,0,0
131012,2,1,0,0,0,0,0,0,0,0,0,0
131013,1,1,0,0,0,0,0,0,0,0,0,0
131013,2,1,0,0,0,0,0,0,0,0,0,0
131014,1,1,0,0,0,0,0,0,0,0,0,0
131015,1,1,8,8,8,8,8,8,8,8,8,8
131016,1,1,0,10,28,13,23,26,15,15,27,0
131017,1,1,16,16,16,16,16,16,16,16,16,16
131018,1,1,0,0,0,0,0,0,0,0,0,0
131018,2,1,0,0,0,0,0,0,0,0,0,0
131019,1,1,0,12,0,0,0,0,0,0,0,0
131020,1,1,21,21,21,21,21,21,21,21,21,21
131021,0,1,0,0,0,0,0,0,0,0,0,0
131021,1,1,0,0,0,0,0,0,0,0,0,0
131022,0,1,21,23,31,27,17,7,28,31,10,7
131022,1,1,15,0,0,0,0,0,0,0,0,0
131023,1,1,7,12,7,17,10,12,35,24,24,14
131024,1,1,0,0,0,0,0,0,0,0,0,0
131024,2,1,0,0,0,0,0,0,0,0,0,0
131025,1,1,0,0,0,0,0,0,0,0,0,0
131026,1,1,0,0,0,0,0,0,0,0,0,0
131027,1,1,0,0,0,0,0,0,0,0,0,0
131027,2,1,0,0,0,0,0,0,0,0,0,0
131028,1,1,0,0,0,0,0,0,0,0,0,0
131028,2,1,0,0,0,0,0,0,0,0,0,0
131029,1,1,0,0,0,0,0,0,0,0,0,0
131030,1,1,0,0,0,0,0,0,7,0,0,10
131030,2,1,19,0,0,0,0,17,0,0,0,0
131031,0,1,13,0,0,28,0,0,0,4,0,0
131031,1,1,0,0,0,11,0,6,0,0,0,0
131032,1,1,0,0,0,0,0,0,0,0,0,0
131032,2,1,0,0,0,0,0,0,0,0,0,0
131033,1,1,31,31,31,31,31,31,31,31,31,31
131034,0,1,0,0,0,0,0,0,0,0,0,0
131034,1,1,0,0,0,0,0,0,0,0,0,0
131035,1,1,0,0,0,0,0,0,0,0,0,0
131036,1,1,0,0,0,0,0,0,0,0,0,0
131037,0,1,0,0,0,0,0,0,0,0,0,0
131037,1,1,0,0,0,0,0,0,0,0,0,0
131038,0,1,8,0,0,0,0,0,5,0,0,0
131038,1,1,0,0,0,0,0,0,0,0,0,0
131039,1,1,0,34,0,0,0,0,0,0,0,0
131040,1,1,0,0,0,0,0,0,0,0,0,0
131040,2,1,0,0,0,0,0,0,0,0,0,0
131041,1,1,0,0,0,0,0,0,0,0,0,0
131041,2,1,0,0,15,0,0,0,0,0,0,0
131042,1,1,0,0,0,0,0,0,0,0,0,0
131042,2,1,0,0,0,0,0,0,0,0,0,0
131042,3,1,0,0,0,0,0,0,0,0,0,0
131042,4,1,0,0,0,0,0,0,0,0,0,0
131043,1,1,0,0,0,0,0,0,0,0,0,0
131044,1,1,0,0,0,0,0,0,0,0,0,0
131045,1,1,0,0,0,0,0,0,0,0,0,0
131046,1,1,20,20,20,20,20,20,20,20,20,20
131047,0,1,0,0,0,0,0,0,0,0,0,0
131047,1,1,18,0,0,23,0,13,24,29,0,4
131048,1,1,0,0,0,0,0,0,0,0,0,0
131048,2,1,11,11,11,11,11,11,11,11,11,11
131049,1,1,0,0,0,0,0,0,0,0,0,0
131049,2,1,0,0,0,0,0,0,0,0,11,0
131049,3,1,0,0,0,0,0,0,0,0,0,0
131049,4,1,0,0,0,0,0,0,0,0,40,0
131050,1,1,0,0,0,0,0,0,0,0,0,10
131051,1,1,0,8,0,0,0,0,0,27,0,27
131051,2,1,0,0,0,0,0,0,0,0,0,5
131052,1,1,0,0,0,0,0,0,0,0,0,0
131053,1,1,16,20,13,13,16,16,0,12,22,8
131053,2,1,0,0,0,0,14,0,0,0,0,0
131054,1,1,18,18,18,18,18,18,18,18,18,18
131055,1,1,0,17,16,25,19,0,11,7,26,18
131056,1,1,0,0,0,0,0,0,0,0,0,0
131057,1,1,0,0,0,0,0,0,0,0,0,0
131058,1,1,14,14,14,14,14,14,14,14,14,14
131059,1,1,18,18,18,18,18,18,18,18,18,18
131059,3,1,0,0,0,0,0,0,0,0,0,0
131060,0,1,4,4,4,4,4,4,4,4,4,4
131060,1,1,0,0,0,0,0,0,0,0,0,22
131061,1,1,0,0,0,0,0,0,0,0,0,0
131062,0,1,22,22,22,22,22,22,22,22,22,22
131062,1,1,13,0,10,0,0,0,0,0,17,28
131062,2,1,20,0,0,0,0,0,0,0,0,0
131062,3,1,30,13,0,17,0,0,0,0,0,24
131063,1,1,0,0,0,0,0,0,0,0,0,0
131063,2,1,0,0,0,0,0,0,0,0,0,0
131064,0,1,0,0,0,0,0,0,0,0,0,0
131064,1,1,0,7,0,0,0,0,0,0,0,0
131065,1,1,0,0,0,0,0,0,0,0,0,0
131065,2,1,0,0,0,0,0,0,0,0,0,0
131066,1,1,0,0,0,0,0,0,0,0,0,0
131066,2,1,0,0,0,0,0,0,0,0,0,0
131067,0,1,0,0,31,23,0,0,0,0,11,13
131067,1,1,0,0,0,0,0,0,0,0,0,0
131068,1,1,0,6,0,7,0,0,0,0,0,0
131068,2,1,0,0,0,0,0,0,0,0,0,0
131069,1,1,0,0,0,0,0,0,0,0,0,0
131069,2,1,0,0,0,0,0,0,0,0,0,0
131070,1,1,15,15,15,15,15,15,15,15,15,15
131071,1,1,0,0,0,0,0,0,0,0,0,0
131071,2,1,0,0,0,0,0,0,0,0,0,0
131071,3,1,0,0,0,0,0,0,0,0,0,0
131072,0,1,21,21,21,21,21,21,21,21,21,21
131072,1,1,0,0,0,0,0,0,0,0,0,0
131073,1,1,0,0,0,0,0,0,0,0,0,0
131073,2,1,0,0,0,0,0,0,0,0,0,0
131074,1,1,14,12,15,24,19,30,23,0,20,22
131075,1,1,0,0,0,0,0,0,0,0,0,0
131075,2,1,0,0,0,0,0,0,0,0,0,0
131076,1,1,21,21,21,21,21,21,21,21,21,21
131077,1,1,0,0,0,0,0,0,0,0,0,0
131077,2,1,0,0,13,0,0,0,0,0,23,0
131078,1,1,17,17,17,17,17,17,17,17,17,17
131078,2,1,0,0,0,0,0,0,0,0,0,0
131079,1,1,0,0,0,0,0,0,0,0,0,0
131079,2,1,0,0,0,0,0,0,0,0,0,0
131079,3,1,0,0,0,0,0,0,0,0,0,0
131080,1,1,27,27,27,27,27,27,27,27,27,27
131080,2,1,0,0,0,0,0,0,0,12,0,0
131080,3,1,0,0,0,0,0,0,11,0,0,0
131081,0,1,0,0,0,0,0,0,0,0,0,0
131081,1,1,0,0,0,0,0,0,0,0,0,0
131082,0,1,0,0,0,0,0,0,0,0,0,0
131082,1,1,0,0,0,0,0,0,0,0,0,0
131082,3,1,0,0,0,0,0,0,7,0,16,0
131083,1,1,16,16,16,16,16,16,16,16,16,16
131084,1,1,0,0,0,0,0,0,0,0,0,0
131084,2,1,0,0,0,0,0,0,0,0,0,0
131085,1,1,0,0,0,0,0,0,0,0,0,0
131086,1,1,13,13,13,13,13,13,13,13,13,13
131087,1,1,0,0,0,19,11,0,0,0,0,16
131088,1,1,24,24,24,24,24,24,24,24,24,24
131089,1,1,0,0,0,0,0,0,0,0,0,0
131089,2,1,0,0,0,0,0,0,0,0,0,0
131091,1,1,0,29,25,0,0,0,0,25,0,0
131092,0,1,0,0,0,0,0,0,0,32,0,0
131092,1,1,0,0,0,0,0,0,0,0,0,0
131093,0,1,0,0,0,0,0,0,0,0,0,0
131093,1,1,0,6,0,0,6,0,12,14,2,0
131094,1,1,12,21,4,26,13,10,0,0,0,0
131094,2,1,0,0,0,0,0,0,0,0,14,0
131095,0,1,0,0,0,0,0,0,0,0,0,0
131095,1,1,11,11,11,11,11,11,11,11,11,11
131096,0,1,0,0,0,0,0,0,0,0,10,0
131096,1,1,0,0,0,0,0,0,0,0,0,0
131097,1,1,0,0,0,0,0,0,0,0,0,0
131098,1,1,0,0,0,0,0,0,0,0,0,0
131098,2,1,0,0,0,0,0,0,0,0,0,0
131099,1,1,0,0,0,0,0,0,0,0,0,0
131099,2,1,0,0,0,0,0,0,0,0,0,0
131100,1,1,0,0,0,0,0,0,0,0,0,0
131100,2,1,0,0,0,0,0,0,17,0,0,0
131101,1,1,0,0,0,0,0,0,0,0,0,0
131101,2,1,0,0,0,0,0,0,0,0,0,0
131102,0,1,0,0,0,0,0,0,0,0,0,0
131102,1,1,0,0,0,0,0,0,0,0,0,0
131102,2,1,0,0,0,0,0,0,0,0,0,0
131103,1,1,0,0,0,0,0,0,0,0,0,0
131103,2,1,18,0,0,12,3,15,0,0,0,0
131104,1,1,14,14,14,14,14,14,14,14,14,14
131105,1,1,0,0,0,0,0,0,0,0,0,0
131105,2,1,0,0,0,0,0,0,0,0,0,0
131105,3,1,0,0,0,0,13,0,0,0,0,0
131106,1,1,0,0,0,0,0,0,0,0,0,0
131106,2,1,0,0,0,0,0,0,0,0,0,0
131107,1,1,0,0,0,0,0,0,0,0,0,0
131107,2,1,0,0,0,0,0,0,0,0,0,0
131108,1,1,0,0,0,0,0,0,0,0,0,0
131108,2,1,0,0,0,0,0,0,0,0,0,0
131109,1,1,0,0,0,0,0,0,0,0,0,0
131110,0,1,15,15,15,15,15,15,15,15,15,15
131110,1,1,0,0,0,0,0,11,0,0,0,0
131111,1,1,0,0,0,0,0,0,0,0,0,0
131111,2,1,0,0,0,0,0,0,0,0,0,15
131112,1,1,0,0,0,0,0,0,0,0,0,0
131112,2,1,0,0,0,0,0,0,0,0,0,0
131113,1,1,21,21,21,21,21,21,21,21,21,21
131114,1,1,0,0,0,0,0,0,0,0,0,0
131114,2,1,0,0,0,0,0,0,0,0,0,0
131115,1,1,0,0,0,0,0,0,0,0,0,0
131116,0,1,12,0,0,0,11,23,0,0,0,17
131116,1,1,22,17,4,20,12,6,14,12,14,12
131117,0,1,0,30,28,0,0,18,0,0,0,18
131117,1,1,19,24,31,3,7,13,4,17,26,11
131118,1,1,4,4,4,4,4,4,4,4,4,4
131119,1,1,0,0,0,0,0,0,0,0,0,0
131119,2,1,0,0,0,33,0,0,0,0,0,0
131120,1,1,16,16,16,16,16,16,16,16,16,16
131120,2,1,0,0,0,0,0,0,0,9,0,0
131121,1,1,0,0,6,5,0,0,0,0,0,0
131121,2,1,0,0,0,0,0,0,0,0,0,0
131122,0,1,0,0,0,0,0,0,0,0,0,0
131122,1,1,0,0,5,0,0,0,0,0,0,0
131123,1,1,12,12,12,12,12,12,12,12,12,12
131124,1,1,2,2,2,2,2,2,2,2,2,2
131124,2,1,0,0,0,0,0,0,0,0,0,0
131125,1,1,12,0,0,0,6,0,16,0,9,16
131125,2,1,0,0,0,0,0,0,0,0,0,0
131126,1,1,0,0,0,0,0,0,0,0,0,0
131127,0,1,0,0,0,17,0,0,0,0,0,0
131127,1,1,0,0,0,0,0,0,0,0,0,0
131128,1,1,20,20,20,20,20,20,20,20,20,20
131129,0,1,18,20,5,0,0,11,0,0,34,29
131129,1,1,0,0,0,0,0,0,0,0,0,0
131130,1,1,0,0,0,0,0,0,0,0,0,0
131130,2,1,0,0,0,0,0,0,0,0,0,0
131131,0,1,28,28,28,28,28,28,28,28,28,28
131131,1,1,3,0,0,0,0,0,0,0,0,0
131132,1,1,0,13,0,0,0,0,0,16,14,0
131133,1,1,12,12,12,12,12,12,12,12,12,12
131134,0,1,0,0,0,0,0,0,0,0,0,0
131134,1,1,0,0,12,0,0,5,0,0,8,0
131135,1,1,11,11,11,11,11,11,11,11,11,11
131135,2,1,0,0,26,0,0,0,0,0,0,0
131136,1,1,11,0,0,0,0,0,0,0,0,0
131137,0,1,28,28,28,28,28,28,28,28,28,28
131137,1,1,0,0,0,18,0,0,0,0,0,0
131138,0,1,0,0,0,0,0,0,0,0,0,0
131138,1,1,0,0,0,0,0,0,0,0,0,0
131139,1,1,20,20,20,20,20,20,20,20,20,20
131140,1,1,19,19,19,19,19,19,19,19,19,19
131140,2,1,0,0,0,0,0,0,0,0,0,0
131141,0,1,8,8,8,8,8,8,8,8,8,8
131141,1,1,0,0,0,0,0,0,10,0,0,0
131142,1,1,0,0,0,0,0,0,0,0,0,0
131142,2,1,0,0,0,0,0,0,0,0,0,0
131143,1,1,0,0,0,0,0,0,0,0,0,0
131144,1,1,0,0,0,0,0,0,0,0,0,12
131144,2,1,0,0,0,0,0,0,0,0,0,0
131145,1,1,0,0,0,0,0,0,0,0,0,0
131145,2,1,0,0,0,0,0,0,0,0,0,0
131146,1,1,0,0,0,0,0,0,0,0,0,0
131146,2,1,0,0,0,0,0,0,0,0,0,0
131147,1,1,0,0,0,0,0,0,0,0,0,0
131147,2,1,23,0,0,0,0,0,0,0,0,0
131148,1,1,22,22,22,22,22,22,22,22,22,22
131148,2,1,0,0,0,0,0,0,0,0,0,0
131149,0,1,0,0,0,0,0,0,0,13,29,11
131149,1,1,0,0,0,0,0,0,0,0,0,0
131150,1,1,0,0,0,0,0,0,0,0,0,0
131151,1,1,0,0,0,8,0,25,14,31,26,0
131152,0,1,16,16,16,16,16,16,16,16,16,16
131152,1,1,0,0,0,0,0,0,0,0,0,0
131153,1,1,0,0,5,0,0,0,0,0,0,0
131153,2,1,0,0,0,0,0,0,0,0,0,0
131154,1,1,0,0,0,0,0,0,0,0,0,0
131154,2,1,0,0,0,0,0,0,0,0,0,0
131155,1,1,0,0,0,9,0,0,0,0,0,7
131155,2,1,0,0,0,0,0,0,0,0,0,0
131156,1,1,0,0,0,0,0,0,0,0,0,0
131156,2,1,0,0,0,0,0,0,0,0,0,0
131157,1,1,0,0,0,0,0,0,0,0,0,0
131157,2,1,0,0,0,0,0,0,0,0,0,0
131157,3,1,0,0,0,0,0,0,0,0,0,0
131158,1,1,0,0,0,0,0,13,0,0,0,0
131159,0,1,48,0,0,20,0,0,16,0,0,0
131159,1,1,0,5,0,0,14,8,0,0,0,0
131160,1,1,0,0,14,0,0,0,0,0,0,0
131160,2,1,0,0,0,0,0,0,0,0,0,0
131161,1,1,0,0,0,0,0,0,0,0,0,0
131161,2,1,0,0,0,0,0,0,0,0,0,0
131162,0,1,0,0,10,0,21,0,0,21,0,7
131162,1,1,0,0,0,0,0,0,0,0,0,0
131163,1,1,0,0,0,0,0,2,0,0,0,0
131163,2,1,0,0,0,0,0,0,0,0,0,0
131163,3,1,0,0,0,0,0,0,0,0,0,0
131163,4,1,0,0,0,0,0,0,0,0,0,0
131164,0,1,0,44,0,0,0,0,0,3,0,0
131164,1,1,0,0,0,0,0,0,0,0,0,0
131165,0,1,0,0,0,0,0,0,0,0,0,0
131165,1,1,0,0,0,0,0,0,15,0,0,0
131166,1,1,0,0,0,0,0,0,0,0,0,0
131166,2,1,4,0,0,0,0,0,18,0,0,0
131167,1,1,27,27,27,27,27,27,27,27,27,27
131168,1,1,0,0,0,0,0,0,0,0,0,0
131169,1,1,0,0,20,0,7,19,8,0,0,0
131170,1,1,4,4,4,4,4,4,4,4,4,4
131170,2,1,0,0,0,0,0,0,0,0,0,0
131171,1,1,20,20,20,20,20,20,20,20,20,20
131172,1,1,0,0,0,0,0,0,0,0,0,0
131173,1,1,0,0,0,0,0,0,0,0,0,0
131173,2,1,0,0,0,0,0,0,0,48,0,0
131174,1,1,20,20,20,20,20,20,20,20,20,20
131175,0,1,0,0,0,0,0,0,0,0,0,0
131175,1,1,0,0,0,0,0,0,0,0,0,0
131176,0,1,0,0,0,0,0,0,0,0,0,0
131176,1,1,0,0,0,0,0,0,0,0,0,0
131177,0,1,0,0,0,0,0,0,0,0,0,0
131177,0,2,0,0,0,0,0,0,0,0,29,0
131177,1,1,0,0,23,0,0,0,0,0,0,0
131178,1,1,0,0,0,0,0,0,0,0,0,0
131179,0,1,29,21,0,0,0,0,0,0,0,15
131179,1,1,0,0,0,0,0,0,0,0,0,0
131180,1,1,17,17,17,17,17,17,17,17,17,17
131181,1,1,0,0,0,0,0,0,0,0,0,0
131181,2,1,0,0,0,0,0,0,0,0,0,0
131182,1,1,14,14,14,14,14,14,14,14,14,14
131182,2,1,0,0,0,0,0,0,0,0,0,0
131183,1,1,0,0,0,0,0,0,0,0,0,0
131183,2,1,0,0,0,0,0,0,0,0,0,0
131183,3,1,0,0,0,0,0,0,0,0,0,0
131183,4,1,0,0,0,0,0,0,0,0,0,0
131183,5,1,0,0,0,0,0,0,0,0,0,0
131183,6,1,0,0,0,0,0,0,0,0,0,0
131184,0,1,0,0,0,0,0,0,0,0,0,0
131184,1,1,0,0,0,10,0,0,0,0,0,0
131185,1,1,22,22,22,22,22,22,22,22,22,22
131186,0,1,0,0,0,0,0,0,0,0,0,0
131186,1,1,0,0,0,0,0,0,0,0,0,0
131187,1,1,0,0,0,0,27,31,0,0,12,7
131187,2,1,0,0,12,0,0,0,0,0,0,0
131188,1,1,0,0,0,0,0,0,0,0,0,0
131188,2,1,0,0,0,0,0,0,0,0,0,11
131189,0,1,0,0,0,0,0,0,0,0,0,0
131189,1,1,0,0,0,0,0,21,0,0,0,0
131190,0,1,12,12,12,12,12,12,12,12,12,12
131190,1,1,0,0,0,0,0,0,0,0,0,0
131191,1,1,20,20,20,20,20,20,20,20,20,20
131192,1,1,0,0,15,0,0,0,0,0,0,0
131193,1,1,0,0,0,0,0,0,0,0,0,0
131193,2,1,0,0,0,0,0,0,0,0,0,0
131194,1,1,0,0,0,0,0,0,0,0,0,0
131194,2,1,0,0,0,0,0,0,0,0,0,0
131195,1,1,0,0,0,0,0,0,0,0,0,13
131196,1,1,17,0,0,0,0,0,0,0,15,0
131196,2,1,0,0,0,0,0,0,0,11,0,0
131197,1,1,0,0,0,0,0,0,0,0,0,0
131197,2,1,0,0,0,0,0,0,0,0,0,0
131198,1,1,10,10,10,10,10,10,10,10,10,10
131198,2,1,0,0,0,0,0,0,0,20,0,0
131199,1,1,0,0,0,0,0,0,0,0,0,0
131200,1,1,0,0,0,0,0,0,0,0,0,0
131200,2,1,0,0,0,0,0,0,0,0,0,0
131201,1,1,0,0,0,0,0,0,0,0,0,0
131202,1,1,0,0,0,0,0,0,0,0,16,0
131202,2,1,0,0,22,0,0,0,0,0,0,0
131203,1,1,0,0,0,0,0,0,0,0,0,0
131203,2,1,0,0,0,0,0,0,0,0,0,0
131204,1,1,0,0,0,0,0,0,4,0,0,0
131205,1,1,0,13,14,0,0,0,0,0,0,0
131205,2,1,0,0,0,0,0,0,0,0,0,0
131206,1,1,0,0,0,0,0,0,0,0,0,0
131206,2,1,0,0,0,0,0,0,0,0,0,0
131206,3,1,0,0,0,0,0,0,0,0,0,0
131207,1,1,0,0,0,0,0,0,0,0,0,0
131208,1,1,0,0,0,0,0,0,0,0,0,0
131208,2,1,0,0,0,0,0,0,0,0,0,0
131209,1,1,0,0,0,0,0,0,0,0,0,0
131211,1,1,0,0,0,0,0,0,0,0,0,0
131211,2,1,0,0,0,0,0,0,0,0,0,0
131212,1,1,0,0,0,0,0,0,0,0,0,0
131212,2,1,0,0,0,0,0,0,0,0,0,0
131213,1,1,0,0,0,0,0,0,0,0,0,0
131214,1,1,0,19,0,16,0,0,0,0,0,0
131215,0,1,25,25,25,25,25,25,25,25,25,25
131215,1,1,0,0,0,0,0,0,0,0,0,0
131216,1,1,0,0,0,0,0,0,0,0,0,0
131217,0,1,0,24,17,32,0,12,31,0,0,0
131217,1,1,0,21,0,0,0,0,31,0,0,0
131218,1,1,9,0,0,15,15,20,9,17,5,10
131218,2,1,0,0,0,0,0,0,0,0,0,0
131219,1,1,0,0,0,14,0,0,0,0,0,0
131219,2,1,0,0,0,0,0,0,0,0,0,0
131220,1,1,0,0,0,0,0,0,0,0,0,0
131221,1,1,0,0,0,0,0,0,0,0,0,0
131221,2,1,0,0,0,0,0,0,0,0,0,0
131221,3,1,26,0,0,0,0,0,0,0,0,0
131222,1,1,0,0,0,0,0,0,0,0,0,0
131222,2,1,0,0,0,0,0,0,0,0,0,0
131223,1,1,0,9,0,22,15,0,0,14,0,0
131224,1,1,16,16,16,16,16,16,16,16,16,16
131224,2,1,0,0,0,0,0,0,0,0,0,0
131225,1,1,13,13,13,13,13,13,13,13,13,13
131226,1,1,0,0,0,0,0,0,0,0,0,0
131227,1,1,0,0,0,0,0,0,0,0,0,0
131228,1,1,0,0,0,0,0,0,0,0,0,16
131228,2,1,0,0,0,0,0,0,0,0,0,0
131229,1,1,0,0,0,0,0,0,0,0,0,0
131229,2,1,0,0,0,0,0,0,0,0,0,0
131229,3,1,0,0,0,0,0,0,0,0,0,0
131230,1,1,0,0,0,0,9,0,0,0,0,0
131231,1,1,0,0,0,0,0,19,0,0,0,0
131231,2,1,0,0,0,10,0,0,0,0,0,0
131232,1,1,0,0,0,0,0,0,0,0,0,13
131232,2,1,0,0,0,0,0,0,0,0,0,21
131233,1,1,0,0,0,0,0,0,0,0,0,0
131233,2,1,0,0,0,0,0,0,0,0,0,0
131234,1,1,0,0,0,0,0,0,0,0,0,0
131234,2,1,0,0,0,0,0,0,0,0,0,0
131235,1,1,21,13,32,27,26,17,18,5,15,34
131236,1,1,0,0,0,0,0,0,0,0,0,0
131236,2,1,0,0,0,0,0,0,0,0,0,0
131237,0,1,0,0,0,0,0,0,0,0,0,0
131237,1,1,0,0,0,0,0,0,8,0,0,0
131238,1,1,20,20,20,20,20,20,20,20,20,20
131239,1,1,0,0,0,0,0,0,0,0,0,0
131240,1,1,0,0,0,0,0,0,0,0,0,0
131240,2,1,0,0,0,4,0,0,0,0,0,0
131241,1,1,0,0,0,0,0,0,0,0,0,0
131241,2,1,0,0,0,0,0,0,0,0,0,0
131242,1,1,0,0,0,0,0,0,0,0,0,0
131242,2,1,0,0,0,0,0,0,0,0,0,0
131243,1,1,0,15,0,0,0,0,0,0,0,0