ST_CASE,VEH_NO,PER_NO,P1,P2,P3,P4,P5,P6,P7,P8,P9,P10
170275,2,1,0,0,0,0,0,0,0,0,0,0
170275,3,1,0,0,0,0,0,0,0,0,0,0
170275,4,1,0,0,0,0,0,0,0,0,0,0
170276,1,1,0,0,0,0,0,0,0,0,0,0
170276,2,1,0,0,0,0,0,0,0,0,0,0
170276,3,1,0,0,0,0,7,0,19,12,0,0
170278,1,1,32,32,32,32,32,32,32,32,32,32
170278,2,1,0,0,0,0,0,0,0,0,0,0
170279,1,1,19,19,19,19,19,19,19,19,19,19
170280,1,1,0,0,0,0,0,12,0,0,0,0
170280,2,1,0,0,0,0,0,0,0,0,0,0
170281,0,1,0,0,0,0,0,0,0,0,0,0
170281,0,2,0,0,0,0,0,0,0,0,0,0
170281,0,3,0,0,0,0,0,0,0,0,0,0
170281,1,1,0,0,0,0,0,0,0,0,0,0
170283,1,1,0,0,0,0,0,0,0,0,0,0
170283,2,1,35,26,7,15,14,0,0,0,0,11
170284,0,1,27,27,27,27,27,27,27,27,27,27
170284,1,1,0,0,0,0,0,0,0,0,0,0
170285,1,1,19,19,19,19,19,19,19,19,19,19
170286,1,1,0,0,0,0,0,0,0,0,0,0
170287,0,1,0,0,0,0,0,0,0,0,0,0
170287,1,1,0,0,21,0,10,0,0,4,0,0
170288,0,1,13,13,13,13,13,13,13,13,13,13
170288,1,1,0,15,0,0,5,0,14,0,0,4
170289,0,1,0,0,17,0,0,0,22,0,0,0
170289,1,1,0,0,0,0,0,0,0,0,0,0
170290,0,1,0,0,0,0,0,0,0,0,0,0
170290,1,1,21,0,0,0,0,0,0,0,0,0
170291,1,1,0,0,0,0,0,0,0,0,0,0
170292,1,1,28,28,28,28,28,28,28,28,28,28
170293,1,1,12,12,12,12,12,12,12,12,12,12
170293,2,1,0,0,0,0,0,0,0,0,0,0
170294,0,1,0,0,0,0,0,0,0,0,0,0
170294,1,1,0,0,0,0,0,0,22,0,0,0
170295,1,1,0,0,0,10,0,0,0,16,27,39
170296,0,1,0,0,0,0,0,0,0,0,0,0
170296,1,1,21,0,0,0,0,0,0,0,14,0
170297,1,1,0,0,0,19,0,0,0,8,0,0
170297,2,1,0,0,0,0,0,0,0,0,0,0
170298,1,1,0,0,0,0,0,0,0,0,0,0
170298,2,1,3,3,3,3,3,3,3,3,3,3
170299,1,1,0,0,0,0,0,0,0,0,0,0
170300,1,1,22,22,22,22,22,22,22,22,22,22
170301,0,1,0,0,0,0,0,0,0,0,0,0
170301,1,1,0,0,0,0,0,0,0,0,0,0
170302,0,1,0,0,0,0,0,0,0,0,0,0
170302,0,2,0,0,0,0,0,0,0,0,0,0
170302,1,1,0,9,15,15,22,23,21,14,8,2
170302,4,1,0,0,0,0,0,11,0,26,9,2
170303,1,1,0,0,0,0,0,0,0,0,0,0
170303,2,1,0,0,0,0,0,0,0,0,0,0
170304,1,1,0,0,0,0,0,0,0,0,0,0
170305,1,1,28,0,0,0,0,0,19,0,12,3
170305,2,1,21,11,21,0,10,18,29,0,8,0
170305,3,1,0,0,0,0,0,0,6,0,0,0
170306,1,1,23,23,23,23,23,23,23,23,23,23
170307,1,1,26,26,26,26,26,26,26,26,26,26
170308,1,1,0,0,0,0,0,0,0,0,0,0
170309,0,1,5,5,5,5,5,5,5,5,5,5
170309,1,1,0,0,0,0,0,0,0,0,0,0
170310,0,1,0,0,0,0,0,0,0,0,0,0
170310,1,1,0,0,0,0,0,0,0,0,0,0
170311,1,1,14,14,14,14,14,14,14,14,14,14
170311,2,1,0,0,0,0,0,0,0,0,0,0
170312,1,1,0,0,0,0,0,0,0,0,0,0
170312,2,1,0,0,0,0,0,0,0,0,0,0
170313,0,1,0,0,0,0,0,0,0,0,0,0
170313,1,1,0,0,0,0,0,0,0,0,0,0
170314,1,1,17,17,17,17,17,17,17,17,17,17
170315,1,1,0,0,0,0,0,0,0,0,0,0
170315,2,1,0,0,22,19,0,0,0,0,31,20
170316,1,1,0,0,0,0,0,0,0,0,0,0
170316,2,1,0,0,0,0,0,0,0,0,0,0
170316,3,1,0,0,0,0,0,0,0,7,0,0
170317,1,1,23,23,23,23,23,23,23,23,23,23
170317,2,1,0,0,0,0,0,0,0,0,0,0
170318,1,1,0,0,0,0,0,11,0,0,0,0
170318,2,1,0,0,0,0,0,0,0,0,0,0
170319,1,1,11,0,27,0,28,0,10,0,26,20
170320,1,1,0,0,0,0,0,0,0,0,0,0
170320,2,1,0,0,0,6,0,0,0,0,0,0
170321,1,1,0,0,0,0,0,0,0,0,0,0
170321,2,1,0,0,0,0,0,0,0,0,0,0
170322,1,1,0,0,0,6,31,0,0,0,0,0
170322,2,1,0,0,0,0,0,0,0,0,0,0
170323,1,1,0,0,0,0,0,0,0,0,0,0
170323,2,1,0,0,0,0,0,0,0,0,0,0
170324,1,1,0,0,0,0,0,0,0,0,0,0
170324,2,1,0,0,0,0,0,0,0,0,0,0
170325,1,1,0,0,0,0,0,0,0,0,0,0
170325,2,1,0,0,0,0,0,0,0,0,0,0
170325,3,1,0,0,0,0,0,0,0,0,0,0
170326,1,1,0,0,0,0,0,0,0,0,0,0
170326,2,1,0,0,8,0,13,0,0,0,18,0
170327,1,1,0,0,0,0,0,0,0,0,0,0
170327,2,1,0,0,0,0,0,0,0,0,0,0
170327,3,1,0,0,0,0,0,0,0,0,0,0
170328,1,1,0,0,0,0,0,0,0,0,0,0
170328,2,1,0,15,0,0,0,20,0,0,0,0
170329,0,1,0,0,0,0,0,0,0,0,0,0
170329,1,1,0,0,0,0,0,0,0,0,0,0
170330,1,1,14,20,7,9,8,16,5,20,23,9
170331,1,1,0,0,0,0,14,0,0,0,0,0
170332,1,1,0,0,0,0,0,0,0,0,0,0
170332,2,1,0,0,0,0,0,0,0,0,0,0
170333,1,1,0,0,0,0,0,0,0,0,0,0
170334,1,1,0,0,0,0,0,0,0,0,0,0
170334,2,1,0,0,0,0,0,0,0,0,0,0
170335,1,1,0,0,0,0,0,0,0,0,0,0
170335,2,1,0,0,0,0,0,0,0,0,0,0
170336,0,1,0,0,0,0,0,0,0,0,0,0
170336,1,1,0,0,0,0,0,0,0,0,0,0
170337,1,1,0,0,0,0,0,0,0,0,0,24
170337,2,1,0,25,0,0,0,0,0,0,0,0
170339,0,1,0,0,0,0,0,0,0,0,0,0
170339,1,1,0,0,0,0,0,0,0,0,0,0
170340,1,1,0,0,0,0,0,7,12,13,0,0
170340,2,1,0,0,0,0,0,0,0,0,0,0
170341,1,1,0,0,0,0,0,0,0,0,0,0
170341,2,1,0,0,0,0,0,0,0,0,0,0
170342,1,1,0,0,0,0,0,0,0,0,0,0
170342,2,1,0,0,0,0,0,0,0,0,0,0
170344,1,1,28,28,28,28,28,28,28,28,28,28
170344,2,1,0,0,0,0,0,0,0,0,0,0
170345,1,1,19,19,19,19,19,19,19,19,19,19
170346,1,1,0,0,0,0,0,0,0,0,0,0
170346,2,1,0,14,0,0,0,0,0,0,0,0
170347,1,1,0,0,0,0,0,0,0,0,0,0
170348,0,1,0,0,0,0,0,0,0,0,0,0
170348,1,1,37,37,37,37,37,37,37,37,37,37
170349,1,1,0,0,0,0,0,0,0,0,0,0
170349,2,1,0,0,0,0,0,0,0,0,0,0
170350,1,1,25,17,20,13,8,20,10,8,7,10
170351,1,1,0,0,0,0,0,0,0,0,0,0
170352,1,1,0,0,0,0,0,0,0,0,0,0
170352,2,1,0,0,0,0,0,0,0,0,0,0
170353,1,1,31,31,31,31,31,31,31,31,31,31
170354,1,1,0,0,0,0,0,0,0,0,0,0
170354,2,1,0,0,0,0,0,0,0,0,0,0
170354,3,1,0,0,0,0,0,0,0,0,0,0
170355,0,1,0,0,0,0,0,0,0,0,0,0
170355,0,2,0,0,0,0,0,0,0,0,0,0
170355,1,1,0,0,0,0,0,0,0,0,0,0
170356,1,1,10,10,10,10,10,10,10,10,10,10
170356,2,1,2,2,2,2,2,2,2,2,2,2
170358,1,1,0,0,0,0,0,0,0,0,0,0
170358,2,1,0,0,0,0,0,0,0,0,0,0
170359,1,1,0,0,0,0,0,0,0,0,0,0
170360,1,1,0,0,0,0,0,0,0,0,0,0
170360,2,1,0,0,0,0,0,0,0,0,0,0
170361,1,1,14,14,14,14,14,14,14,14,14,14
170361,2,1,0,0,0,0,11,0,0,0,0,0
170363,1,1,7,7,7,7,7,7,7,7,7,7
170364,1,1,0,0,0,0,0,0,0,0,0,0
170364,2,1,0,0,0,0,0,0,0,19,0,12
170364,3,1,0,0,0,0,0,0,3,8,9,0
170364,4,1,0,0,0,9,0,16,0,0,0,0
170365,1,1,0,0,0,0,0,0,0,0,0,0
170369,1,1,0,0,0,0,0,0,0,0,0,0
170370,1,1,0,0,0,0,0,0,0,0,0,0
170371,1,1,0,0,0,0,0,0,0,0,0,0
170371,2,1,0,0,0,0,0,0,0,0,0,0
170371,3,1,0,0,0,0,0,0,0,0,0,0
170371,4,1,0,0,0,0,0,0,0,6,5,0
170372,0,1,33,33,33,33,33,33,33,33,33,33
170372,1,1,0,0,0,0,0,0,0,0,0,0
170373,1,1,0,0,0,0,0,0,0,0,0,0
170373,2,1,0,0,0,0,0,0,8,0,0,0
170373,3,1,0,0,0,0,0,0,0,0,0,0
170373,4,1,0,0,0,0,0,0,0,0,0,0
170375,1,1,26,26,26,26,26,26,26,26,26,26
170376,1,1,33,0,0,0,0,0,0,21,0,0
170377,1,1,17,17,17,17,17,17,17,17,17,17
170377,2,1,0,0,0,0,0,0,0,0,0,0
170378,1,1,0,0,0,0,4,0,0,0,0,0
170378,2,1,0,0,0,0,0,0,0,0,0,0
170379,1,1,24,24,24,24,24,24,24,24,24,24
170380,1,1,18,18,18,18,18,18,18,18,18,18
170381,1,1,0,0,0,0,0,0,0,0,0,27
170381,2,1,9,14,0,0,0,0,0,0,0,0
170382,1,1,0,0,0,0,0,0,0,0,0,0
170383,0,1,0,0,0,0,0,0,0,0,0,0
170383,1,1,4,13,0,4,0,0,0,0,0,0
170384,1,1,0,0,0,0,0,0,0,0,0,0
170384,2,1,0,0,31,0,0,0,0,0,0,0
170385,1,1,18,18,18,18,18,18,18,18,18,18
170386,1,1,0,0,0,0,0,0,0,0,0,0
170387,0,1,0,0,0,0,0,0,0,0,0,0
170387,1,1,0,16,7,0,0,16,0,21,0,11
170388,1,1,0,0,0,0,0,0,0,0,0,0
170388,2,1,0,0,0,0,0,0,0,0,0,0
170389,1,1,0,0,0,0,0,0,0,0,0,0
170390,0,1,0,0,0,0,0,0,0,0,0,0
170390,1,1,0,0,0,0,0,0,0,0,0,0
170391,1,1,2,2,2,2,2,2,2,2,2,2
170392,1,1,0,0,0,0,0,0,0,0,0,0
170392,2,1,0,0,0,0,0,0,0,0,0,0
170393,1,1,0,0,0,0,0,0,0,0,0,0
170393,2,1,0,0,0,0,0,0,0,0,0,0
170394,1,1,0,0,0,0,0,0,0,0,0,0
170394,2,1,0,0,0,0,0,0,0,0,0,0
170394,3,1,0,0,0,0,0,0,0,0,0,0
170395,1,1,0,0,0,0,0,0,0,0,0,0
170395,2,1,0,0,0,0,0,0,0,0,0,0
170396,1,1,33,33,33,33,33,33,33,33,33,33
170396,2,1,0,0,11,0,0,0,0,0,0,10
170397,1,1,11,0,0,0,0,0,10,0,13,0
170398,1,1,16,16,16,16,16,16,16,16,16,16
170399,1,1,0,0,0,0,0,0,0,0,0,0
170399,2,1,0,0,0,0,0,0,0,0,0,0
170400,1,1,0,0,0,0,0,0,0,0,0,0
170400,2,1,0,0,0,0,0,0,0,0,0,0
170401,1,1,0,0,0,0,0,0,0,0,0,0
170401,2,1,0,0,0,0,0,0,0,0,0,28
170402,1,1,13,13,13,13,13,13,13,13,13,13
170402,2,1,0,0,0,0,0,0,0,0,0,0
170403,1,1,5,12,18,7,0,16,17,12,18,21
170404,1,1,0,0,0,0,0,0,0,0,0,0
170405,1,1,0,0,0,0,0,0,0,0,0,0
170405,2,1,3,0,0,0,0,0,0,0,0,0
170406,0,1,0,0,0,0,0,0,0,0,0,0
170406,1,1,0,0,0,0,0,0,0,0,0,0
170407,1,1,0,14,13,0,0,0,0,13,16,0
170409,1,1,23,23,23,23,23,23,23,23,23,23
170410,1,1,18,18,18,18,18,18,18,18,18,18
170411,1,1,0,0,0,0,0,0,0,0,0,0
170412,1,1,0,0,0,0,0,0,0,0,12,0
170412,2,1,6,6,6,6,6,6,6,6,6,6
170413,1,1,0,0,0,0,0,0,0,0,0,0
170415,1,1,19,19,19,19,19,19,19,19,19,19
170416,1,1,12,12,12,12,12,12,12,12,12,12
170416,2,1,0,0,0,0,0,0,0,13,0,0
170417,1,1,0,0,0,0,0,15,0,0,0,15
170417,2,1,0,7,5,0,8,0,0,0,0,0
170418,1,1,27,27,27,27,27,27,27,27,27,27
170418,2,1,13,13,13,13,13,13,13,13,13,13
170418,3,1,0,0,0,0,0,0,0,0,0,0
170419,0,1,0,0,0,0,0,0,0,0,0,0
170419,1,1,0,11,28,26,0,0,14,0,0,0
170420,1,1,0,0,0,0,0,0,0,0,0,0
170420,2,1,0,0,0,13,0,0,7,0,0,0
170420,3,1,0,0,0,0,0,0,0,0,0,0
170420,4,1,0,7,0,0,15,0,0,0,0,0
170420,5,1,0,15,0,0,0,0,0,0,0,0
170421,1,1,0,0,0,0,0,0,0,0,0,0
170422,1,1,1,1,1,1,1,1,1,1,1,1
170423,1,1,0,0,0,0,0,0,0,0,0,0
170423,2,1,0,0,0,0,0,0,0,0,0,0
170424,0,1,0,0,0,0,0,0,0,0,0,0
170424,1,1,26,22,0,16,14,0,5,14,15,0
170425,1,1,11,14,13,12,13,14,15,9,16,28
170426,1,1,0,0,0,0,0,0,0,0,0,0
170426,2,1,0,0,0,0,0,0,0,0,0,0
170427,1,1,28,12,16,16,20,5,31,18,11,20
170428,0,1,0,0,0,0,0,0,0,0,0,0
170428,1,1,0,0,0,0,0,0,0,0,0,0
170429,1,1,0,0,0,0,0,0,0,7,0,0
170430,1,1,0,0,0,0,0,0,0,0,0,0
170430,2,1,14,14,14,14,14,14,14,14,14,14
170431,1,1,10,22,9,6,17,7,16,14,13,0
170431,2,1,0,0,0,0,0,0,0,0,0,0
170432,1,1,0,0,0,0,0,0,0,0,0,0
170432,2,1,0,0,0,0,0,0,0,0,0,0
170433,1,1,0,0,0,0,0,0,0,0,0,0
170433,2,1,0,0,0,0,0,0,0,0,0,0
170435,1,1,0,0,0,0,0,0,0,0,0,0
170436,1,1,16,16,16,16,16,16,16,16,16,16
170437,1,1,0,0,0,0,0,0,0,0,0,0
170438,0,1,0,0,0,0,0,0,0,0,0,0
170438,1,1,0,10,0,0,0,0,0,0,0,0
170439,1,1,0,0,0,0,0,0,0,0,0,0
170439,2,1,0,0,0,0,0,0,0,0,0,0
170440,0,1,0,0,0,0,0,0,0,0,0,0
170440,1,1,0,0,0,0,0,0,0,0,0,0
170441,1,1,0,0,0,0,0,0,4,0,0,0
170441,2,1,0,0,0,0,0,0,18,9,0,0
170442,1,1,0,0,0,0,0,0,0,0,0,0
170442,2,1,0,0,0,0,0,0,0,0,0,0
170443,0,1,0,0,0,0,0,0,0,0,0,0
170443,1,1,0,0,0,0,0,0,0,0,0,0
170446,1,1,0,0,0,0,0,0,0,0,0,0
170446,2,1,0,0,0,0,0,0,0,0,0,0
170447,0,1,0,0,0,0,0,0,0,0,0,0
170447,1,1,0,0,0,0,0,0,0,0,0,0
170447,2,1,0,0,0,0,0,0,0,0,0,0
170448,1,1,0,0,0,0,0,0,0,0,0,0
170448,2,1,0,0,0,0,0,0,0,0,0,0
170449,1,1,0,0,0,0,0,0,0,0,0,0
170449,2,1,0,0,0,0,0,0,0,0,0,0
170450,1,1,0,0,13,25,0,0,0,0,0,0
170450,2,1,6,6,6,6,6,6,6,6,6,6
170451,1,1,0,0,0,0,0,0,0,0,0,0
170452,1,1,0,0,0,0,0,0,0,0,0,0
170452,2,1,0,0,0,0,0,0,0,0,0,0
170453,1,1,0,0,0,0,0,0,19,0,0,0
170454,1,1,0,0,0,0,0,0,0,0,0,0
170455,1,1,16,16,16,16,16,16,16,16,16,16
170455,2,1,0,0,0,0,0,0,0,0,0,0
170456,1,1,0,0,0,0,0,0,0,0,0,0
170456,2,1,0,0,0,0,0,0,0,0,0,0
170457,0,1,0,0,0,0,0,0,0,0,0,0
170457,1,1,0,0,0,0,0,0,23,0,0,0
170458,1,1,0,0,0,0,0,0,0,0,0,0
170459,1,1,0,0,0,0,0,0,0,0,0,0
170459,2,1,0,0,0,0,0,0,0,0,0,0
170460,1,1,0,19,12,0,0,10,3,13,0,0
170460,2,1,0,0,0,0,0,0,0,0,0,0
170461,1,1,8,8,8,8,8,8,8,8,8,8
170462,1,1,0,0,0,0,0,0,0,0,0,0
170463,0,1,10,10,10,10,10,10,10,10,10,10
170463,1,1,0,0,0,0,0,0,0,25,0,0
170464,0,1,0,22,25,0,0,0,0,0,0,19
170464,1,1,0,0,0,0,0,21,0,6,0,0
170465,1,1,0,0,0,0,0,0,0,0,0,0
170465,2,1,0,0,0,0,0,0,0,0,0,0
170466,1,1,11,0,0,0,0,0,2,0,0,7
170466,2,1,4,4,4,4,4,4,4,4,4,4
170466,3,1,0,0,0,0,0,0,10,0,0,0
170467,1,1,0,0,0,0,14,31,0,0,0,0
170468,0,1,0,0,0,0,0,0,0,0,0,0
170468,1,1,0,0,0,0,0,0,0,0,0,0
170469,1,1,0,0,0,0,0,0,0,26,10,0
170470,0,1,0,0,0,0,0,0,0,0,0,0
170470,1,1,0,0,0,0,0,0,12,0,0,0
170471,1,1,12,0,0,9,0,0,0,6,0,2
170472,0,1,26,26,26,26,26,26,26,26,26,26
170472,1,1,0,0,0,0,0,0,0,0,0,0
170473,1,1,0,0,0,0,0,0,0,0,0,0
170473,2,1,0,0,0,0,0,0,0,0,0,0
170473,3,1,0,0,0,0,0,0,0,0,0,0
170474,1,1,14,14,14,14,14,14,14,14,14,14
170474,2,1,0,0,0,0,0,0,0,0,0,0
170475,1,1,0,0,0,0,0,0,0,0,0,0
170475,2,1,0,0,0,0,0,0,0,0,0,0
170476,1,1,4,4,4,4,4,4,4,4,4,4
170476,2,1,15,0,0,0,0,4,8,0,0,0
170477,1,1,0,0,0,0,0,5,0,0,0,0
170477,2,1,0,0,0,0,0,0,0,0,0,0
170478,1,1,0,0,0,0,0,0,0,0,0,0
170479,1,1,0,0,0,0,0,0,0,0,0,0
170479,2,1,0,0,0,0,0,0,0,0,0,0
170480,1,1,0,10,0,0,0,0,0,0,0,0
170481,1,1,24,24,24,24,24,24,24,24,24,24
170482,1,1,0,0,0,0,0,0,0,0,0,0
170483,0,1,11,11,11,11,11,11,11,11,11,11
170483,1,1,0,0,0,0,10,0,22,0,0,0
170484,1,1,9,0,0,0,19,0,0,0,9,0
170485,1,1,0,31,4,15,0,0,0,9,11,13
170486,1,1,22,22,22,22,22,22,22,22,22,22
170486,2,1,0,0,0,0,0,0,0,0,0,0
170487,1,1,0,0,0,0,0,0,0,0,0,0
170488,1,1,0,0,0,0,0,0,0,0,0,0
170489,1,1,0,3,9,7,7,0,2,18,6,4
170490,1,1,0,0,0,0,0,0,0,0,0,0
170490,2,1,0,0,0,0,0,0,0,0,0,0
170491,1,1,0,0,0,0,0,0,0,0,0,0
170491,2,1,0,0,0,0,0,0,0,0,0,0
170492,1,1,0,0,0,0,0,0,0,0,0,0
170493,1,1,22,22,22,22,22,22,22,22,22,22
170493,2,1,35,35,35,35,35,35,35,35,35,35
170494,1,1,0,0,0,0,0,0,0,0,0,0
170495,1,1,0,0,0,0,0,0,0,0,0,0
170495,2,1,0,0,0,0,0,0,0,0,0,0
170496,0,1,13,13,13,13,13,13,13,13,13,13
170496,1,1,0,0,11,0,0,0,0,0,0,0
170498,1,1,0,0,0,0,0,0,0,0,0,0
170499,1,1,21,21,21,21,21,21,21,21,21,21
170500,1,1,0,0,0,0,0,0,0,0,0,0
170501,1,1,14,7,0,0,16,8,18,15,15,16
170501,2,1,0,0,0,0,0,0,9,0,0,0
170502,0,1,0,0,0,0,0,0,0,0,0,0
170502,1,1,17,0,0,0,0,0,0,20,0,0
170503,1,1,0,0,8,0,0,0,0,0,0,0
170503,2,1,0,0,0,0,0,0,0,0,0,0
170504,0,1,0,0,0,0,0,0,0,0,0,0
170504,1,1,0,0,0,0,0,0,0,0,0,0
170505,1,1,0,0,0,0,0,0,0,0,0,0
170505,2,1,0,0,0,21,14,0,0,0,0,0
170506,1,1,15,15,15,15,15,15,15,15,15,15
170506,2,1,0,0,0,0,0,0,0,0,0,0
170507,0,1,0,0,0,0,0,0,0,0,0,0
170507,1,1,0,0,0,0,0,0,0,0,0,0
170508,1,1,0,0,0,0,0,0,0,0,0,0
170508,2,1,6,6,6,6,6,6,6,6,6,6
170509,1,1,17,0,0,0,10,0,0,0,0,12
170509,2,1,0,0,0,0,0,0,0,0,0,0
170510,1,1,15,15,15,15,15,15,15,15,15,15
170511,1,1,16,16,16,16,16,16,16,16,16,16
170512,1,1,17,22,12,28,22,10,23,27,14,36
170513,1,1,0,0,0,0,0,0,0,0,0,0
170513,2,1,0,0,0,0,0,0,0,0,0,0
170514,1,1,22,22,22,22,22,22,22,22,22,22
170514,2,1,0,0,0,0,0,0,0,0,0,0
170514,3,1,0,0,0,0,0,0,0,0,0,0
170515,1,1,13,6,21,12,10,21,2,0,13,10
170515,2,1,0,0,0,0,0,0,0,0,0,0
170517,1,1,0,0,0,0,0,0,0,0,0,0
170517,2,1,0,0,0,0,0,0,0,0,0,0
170518,1,1,0,0,0,0,0,0,0,0,0,0
170519,1,1,0,0,0,11,0,0,0,0,0,0
170519,2,1,0,0,0,0,0,0,0,0,0,0
170519,3,1,0,0,0,0,0,0,0,0,0,0
170520,1,1,0,0,17,14,31,18,0,19,0,27
170521,1,1,0,0,0,0,0,0,0,0,0,0
170521,2,1,0,0,0,0,0,0,0,0,0,0
170522,1,1,0,0,0,0,0,0,0,0,0,0
170522,2,1,0,0,0,0,0,0,0,0,0,0
170523,0,1,0,0,0,0,0,0,0,0,0,0
170523,1,1,0,0,0,0,0,0,0,0,0,0
170525,1,1,0,0,0,0,0,0,0,0,0,0
170526,1,1,18,18,18,18,18,18,18,18,18,18
170527,1,1,0,0,0,0,0,0,0,0,0,0
170527,2,1,29,0,0,0,0,0,0,0,0,0
170528,1,1,24,24,24,24,24,24,24,24,24,24
170530,1,1,31,31,31,31,31,31,31,31,31,31
170531,1,1,0,0,0,0,0,0,0,0,0,0
170531,2,1,15,11,27,0,0,20,0,0,0,11
170533,0,1,0,0,0,0,0,0,0,0,0,0
170533,1,1,0,17,0,0,0,17,29,0,0,0
170533,2,1,0,0,13,0,0,0,0,10,0,0
170533,3,1,0,0,15,0,0,0,0,0,0,0
170533,5,1,0,8,0,0,0,0,0,0,0,0
170534,1,1,20,20,20,20,20,20,20,20,20,20
170535,1,1,21,21,21,21,21,21,21,21,21,21
170536,1,1,0,0,0,0,0,0,0,0,0,0
170536,2,1,16,0,0,0,0,25,0,0,0,0
170537,1,1,0,0,0,0,0,0,0,0,0,0
170538,1,1,0,0,0,0,0,0,0,0,0,0
170539,1,1,0,0,0,0,0,0,0,0,0,0
170539,2,1,0,0,0,0,0,0,0,0,0,0
170540,1,1,4,4,4,4,4,4,4,4,4,4
170542,1,1,26,26,26,26,26,26,26,26,26,26
170543,1,1,27,0,0,0,0,0,0,16,0,0
170543,2,1,0,0,0,0,0,0,0,0,0,0
170544,1,1,0,0,0,0,0,0,0,0,0,0
170544,2,1,0,0,0,0,0,0,0,0,0,0
170544,3,1,0,0,0,0,0,0,0,0,0,0
170544,4,1,0,0,0,0,0,0,0,0,0,0
170545,0,1,27,27,27,27,27,27,27,27,27,27
170545,1,1,7,0,0,0,0,10,0,0,0,0
170546,1,1,0,0,20,0,0,12,17,0,19,0
170547,1,1,18,18,18,18,18,18,18,18,18,18
170548,1,1,20,20,20,20,20,20,20,20,20,20
170549,0,1,0,0,0,0,0,0,0,0,0,0
170549,1,1,0,7,0,6,6,2,0,0,5,13
170550,1,1,23,23,23,23,23,23,23,23,23,23
170551,1,1,0,0,0,0,0,0,0,0,0,0
170551,2,1,0,0,0,0,0,0,0,0,0,0
170552,1,1,0,0,0,0,0,0,0,0,0,0
170553,1,1,0,0,0,0,0,0,0,0,0,0
170553,2,1,0,0,0,0,0,0,0,0,0,0
170554,1,1,0,0,0,0,0,0,0,0,0,0
170554,2,1,0,0,0,0,0,0,0,0,0,0
170555,1,1,22,22,22,22,22,22,22,22,22,22
170556,1,1,0,0,0,0,0,0,0,0,0,0
170556,2,1,0,0,0,0,0,0,0,0,0,0
170557,1,1,0,0,0,0,0,0,0,0,0,0
170558,1,1,0,0,0,0,0,0,0,0,0,0
170559,1,1,0,0,0,0,0,0,0,0,0,0
170559,2,1,0,0,0,0,0,0,0,0,0,0
170560,0,1,0,0,0,0,0,0,0,0,0,0
170560,1,1,0,0,0,0,0,0,0,0,0,0
170561,1,1,27,27,27,27,27,27,27,27,27,27
170562,0,1,30,30,30,30,30,30,30,30,30,30
170562,1,1,0,0,0,0,0,0,0,0,0,0
170564,1,1,0,0,11,0,0,0,0,0,0,0
170565,1,1,0,0,0,0,0,0,0,0,0,0
170565,2,1,0,0,0,0,0,0,0,0,0,0
170566,0,1,0,0,0,0,0,0,0,0,0,0
170566,1,1,0,0,0,0,0,0,0,0,0,0
170567,1,1,1,1,1,1,1,1,1,1,1,1
170567,2,1,0,0,0,0,0,0,0,0,0,0
170568,1,1,18,18,18,18,18,18,18,18,18,18
170569,1,1,17,17,17,17,17,17,17,17,17,17
170570,1,1,24,24,24,24,24,24,24,24,24,24
170570,2,1,0,0,0,0,0,0,0,0,0,0
170571,1,1,12,12,12,12,12,12,12,12,12,12
170571,2,1,12,12,12,12,12,12,12,12,12,12
170571,3,1,0,0,0,0,0,0,0,0,0,0
170572,1,1,20,20,20,20,20,20,20,20,20,20
170573,1,1,0,0,0,0,0,0,0,0,0,0
170573,2,1,0,0,0,0,0,0,0,0,0,0
170573,3,1,0,0,0,0,5,0,7,0,0,12
170574,1,1,0,0,0,0,0,0,0,0,0,0
170574,2,1,0,0,0,0,0,0,7,0,0,0
170575,1,1,18,18,18,18,18,18,18,18,18,18
170576,1,1,0,0,0,0,0,0,0,0,0,0
170579,1,1,0,0,0,0,0,0,0,0,0,0
170579,2,1,0,0,0,0,0,0,0,0,0,0
170580,1,1,17,17,17,17,17,17,17,17,17,17
170581,1,1,16,16,16,16,16,16,16,16,16,16
170582,1,1,0,0,0,0,0,0,0,0,0,0
170582,2,1,0,0,0,0,0,0,0,0,0,0
170584,1,1,0,0,0,0,0,0,0,0,0,0
170584,2,1,0,0,0,0,0,0,0,0,0,0
170584,3,1,0,0,0,11,0,0,0,0,0,0
170585,1,1,0,0,0,0,0,0,0,0,0,0
170585,2,1,0,0,0,0,0,0,0,0,0,0
170586,1,1,0,0,0,0,0,0,0,0,0,0
170586,2,1,0,0,0,0,0,0,0,0,0,0
170587,1,1,9,0,12,0,0,0,0,2,23,0
170588,1,1,7,7,7,7,7,7,7,7,7,7
170588,2,1,0,0,0,0,0,0,0,0,0,0
170589,1,1,12,18,7,0,2,23,19,10,26,20
170590,0,1,0,0,0,0,0,0,23,0,29,0
170590,0,2,0,0,0,0,0,0,0,0,0,0
170590,1,1,0,0,0,0,0,0,0,0,0,0
170592,1,1,0,0,0,0,0,0,0,0,0,0