ST_CASE,VEH_NO,PER_NO,P1,P2,P3,P4,P5,P6,P7,P8,P9,P10
170593,1,1,0,0,0,0,0,0,0,0,0,0
170593,2,1,0,0,0,0,0,0,0,0,0,0
170594,1,1,0,0,0,0,0,0,0,0,0,0
170595,1,1,0,0,0,0,0,0,0,0,0,0
170595,2,1,1,1,1,1,1,1,1,1,1,1
170595,3,1,0,0,0,0,0,0,0,0,0,0
170595,4,1,9,0,0,0,0,0,0,0,0,0
170596,0,1,0,0,0,0,0,0,0,0,0,0
170596,1,1,0,0,0,0,0,9,0,0,0,0
170597,1,1,0,0,0,0,0,0,0,0,0,0
170597,2,1,0,13,0,3,0,0,0,0,0,0
170598,1,1,22,22,22,22,22,22,22,22,22,22
170599,1,1,18,18,18,18,18,18,18,18,18,18
170599,2,1,0,0,0,0,0,0,0,0,0,0
170599,3,1,0,0,13,14,0,0,0,0,0,0
170600,0,1,26,0,0,0,16,0,0,39,0,0
170600,1,1,14,0,0,0,8,0,0,0,0,16
170601,1,1,13,0,16,0,0,0,0,0,0,0
170601,2,1,0,0,0,0,0,0,16,0,0,0
170602,1,1,19,19,19,19,19,19,19,19,19,19
170603,0,1,0,0,0,0,0,0,0,0,0,0
170603,1,1,0,0,0,0,0,0,0,0,0,0
170604,1,1,0,0,13,0,14,16,0,0,0,8
170604,2,1,16,0,0,0,14,0,0,0,0,0
170605,1,1,15,8,27,10,15,0,7,0,22,17
170605,2,1,0,0,0,0,0,0,0,0,0,0
170605,3,1,0,0,17,0,0,0,0,0,0,14
170606,1,1,0,0,0,0,0,0,0,0,0,0
170606,2,1,0,0,0,0,0,0,0,0,0,0
170607,1,1,0,0,0,0,0,0,0,0,0,0
170608,1,1,0,0,0,0,0,0,0,0,0,0
170608,2,1,0,0,0,0,0,0,0,0,0,0
170609,1,1,0,0,0,0,0,0,0,0,0,0
170609,2,1,14,14,14,14,14,14,14,14,14,14
170610,1,1,28,28,28,28,28,28,28,28,28,28
170611,1,1,28,28,28,28,28,28,28,28,28,28
170612,1,1,0,0,0,0,0,0,0,0,0,0
170612,2,1,0,0,0,0,0,0,0,0,0,0
170613,1,1,0,6,20,0,0,0,0,0,0,0
170614,0,1,4,4,4,4,4,4,4,4,4,4
170614,1,1,0,0,0,0,0,0,0,0,0,0
170615,1,1,0,0,0,0,0,0,0,0,0,0
170615,2,1,0,0,0,0,0,0,0,0,0,0
170616,1,1,0,0,0,0,0,0,0,0,0,0
170617,1,1,0,0,0,0,0,0,0,0,0,0
170617,2,1,0,0,0,0,0,0,0,0,0,12
170617,3,1,0,0,0,0,0,0,0,15,0,0
170618,1,1,0,18,9,24,23,10,13,5,14,30
170619,1,1,0,0,0,0,0,0,0,0,0,0
170619,2,1,10,0,0,0,0,0,0,0,0,0
170620,1,1,0,0,0,0,0,0,0,0,0,0
170620,2,1,0,0,0,0,0,0,0,0,0,0
170620,3,1,0,0,0,0,0,0,0,0,0,0
170621,1,1,17,17,17,17,17,17,17,17,17,17
170621,2,1,8,8,8,8,8,8,8,8,8,8
170623,1,1,0,0,0,0,0,0,0,0,0,0
170624,1,1,0,0,0,0,0,0,0,0,0,0
170625,0,1,0,0,0,0,0,0,0,0,0,0
170625,1,1,0,0,0,0,0,0,0,0,0,0
170626,1,1,0,0,0,0,0,0,0,0,0,0
170626,2,1,0,0,10,0,0,0,0,0,0,0
170627,0,1,0,0,0,0,0,0,0,0,0,0
170627,1,1,0,0,0,0,0,0,0,0,0,0
170628,1,1,0,0,0,0,0,0,0,0,0,0
170628,2,1,0,0,0,0,0,0,0,0,0,0
170628,3,1,0,0,0,0,0,0,0,0,0,0
170629,1,1,0,0,0,0,0,0,0,0,0,0
170629,2,1,6,6,6,6,6,6,6,6,6,6
170629,3,1,0,0,0,0,0,0,22,7,0,0
170631,1,1,0,0,0,0,0,0,0,0,0,0
170631,2,1,0,0,0,0,0,0,0,0,0,0
170632,1,1,9,15,26,18,11,9,24,5,14,7
170632,2,1,0,0,0,0,0,0,0,0,0,0
170633,1,1,0,0,0,0,0,0,0,0,0,0
170633,2,1,0,0,0,0,0,0,0,0,0,0
170634,1,1,0,0,0,0,0,0,0,0,0,0
170634,2,1,0,0,0,0,0,0,0,0,0,0
170635,1,1,0,0,0,0,0,0,0,0,0,0
170635,2,1,0,0,0,0,0,0,0,0,0,0
170635,3,1,0,0,0,0,0,0,0,0,0,0
170636,1,1,35,35,35,35,35,35,35,35,35,35
170636,2,1,0,0,0,0,0,18,0,0,0,0
170636,3,1,0,0,0,0,0,0,0,0,0,0
170637,1,1,0,0,0,0,0,0,0,0,0,0
170637,2,1,0,0,0,0,0,0,0,0,0,0
170638,1,1,0,0,0,0,0,0,0,8,0,0
170638,2,1,0,0,0,0,0,0,0,0,0,0
170639,1,1,5,5,5,5,5,5,5,5,5,5
170639,2,1,0,0,0,0,0,0,0,0,0,0
170640,1,1,8,8,8,8,8,8,8,8,8,8
170640,2,1,6,6,6,6,6,6,6,6,6,6
170641,1,1,0,0,0,0,0,0,0,0,0,0
170642,0,1,33,33,33,33,33,33,33,33,33,33
170642,1,1,0,0,0,0,0,24,0,0,0,0
170643,0,1,30,30,30,30,30,30,30,30,30,30
170643,1,1,0,5,0,0,0,0,0,21,0,20
170644,1,1,32,32,32,32,32,32,32,32,32,32
170645,1,1,0,0,0,0,0,0,0,0,0,0
170646,1,1,0,0,0,0,0,0,0,0,0,0
170646,2,1,10,10,10,10,10,10,10,10,10,10
170647,1,1,0,0,0,0,0,0,0,0,0,0
170647,2,1,0,15,0,0,0,0,0,0,0,0
170647,3,1,0,0,0,0,0,0,0,0,0,0
170648,0,1,0,0,0,0,0,0,0,0,0,0
170648,1,1,0,0,0,0,0,0,0,0,0,0
170649,1,1,0,0,0,0,0,0,0,0,0,0
170649,2,1,13,0,18,0,0,0,0,20,0,0
170650,1,1,0,29,14,0,0,0,0,0,0,26
170651,1,1,16,0,0,0,0,0,0,0,0,0
170651,2,1,0,0,0,0,0,0,0,0,0,0
170652,0,1,0,0,0,0,0,0,0,0,0,0
170652,1,1,0,0,0,0,0,0,0,0,0,0
170653,1,1,0,0,0,0,0,0,0,0,0,0
170654,1,1,8,8,8,8,8,8,8,8,8,8
170655,1,1,0,0,0,0,0,0,0,0,0,0
170656,0,1,0,0,0,0,0,0,0,0,0,0
170656,1,1,0,0,0,0,0,0,0,0,0,0
170657,1,1,0,0,0,0,0,0,0,0,0,0
170658,1,1,8,8,8,8,8,8,8,8,8,8
170659,1,1,0,0,0,0,0,0,0,0,0,0
170659,2,1,0,0,0,0,0,0,0,0,0,0
170659,3,1,0,0,0,0,0,0,0,0,0,0
170660,1,1,0,0,0,0,0,0,0,0,0,22
170661,0,1,0,0,0,0,0,0,0,0,0,0
170661,1,1,0,0,0,0,0,0,0,0,0,0
170662,1,1,0,0,0,0,0,0,0,0,0,0
170663,1,1,17,17,17,17,17,17,17,17,17,17
170664,1,1,0,0,0,0,0,0,0,0,0,0
170664,2,1,0,0,0,0,0,0,0,0,0,0
170665,0,1,0,0,0,0,0,0,0,0,0,0
170665,1,1,0,0,0,0,0,0,0,0,0,0
170666,1,1,0,0,0,0,0,0,0,0,0,0
170667,1,1,22,22,22,22,22,22,22,22,22,22
170668,0,1,0,0,0,0,0,0,0,0,0,0
170668,1,1,0,0,0,21,33,0,0,0,0,0
170669,1,1,0,0,0,30,0,6,0,0,0,0
170670,1,1,0,0,0,0,0,0,0,0,0,0
170671,0,1,0,0,0,0,0,0,0,0,0,0
170671,1,1,0,0,0,0,0,0,0,0,0,0
170672,1,1,0,0,0,0,16,0,0,0,0,0
170672,2,1,25,25,25,25,25,25,25,25,25,25
170673,1,1,34,34,34,34,34,34,34,34,34,34
170674,1,1,0,0,0,0,0,0,0,0,0,0
170675,1,1,0,0,0,0,0,0,0,0,0,0
170676,1,1,24,24,24,24,24,24,24,24,24,24
170677,1,1,3,3,3,3,3,3,3,3,3,3
170677,2,1,0,0,0,0,0,0,0,0,0,0
170678,0,1,0,0,0,0,0,0,0,0,0,0
170678,1,1,13,0,0,0,0,0,14,0,3,0
170679,1,1,0,0,0,0,0,0,0,0,0,0
170680,1,1,0,0,0,0,0,0,0,0,0,0
170681,0,1,0,0,0,0,0,0,0,0,0,0
170681,1,1,0,0,0,0,0,0,0,0,0,0
170682,1,1,0,0,0,0,0,0,0,0,0,0
170683,0,1,0,0,0,0,0,0,0,0,0,0
170683,1,1,5,0,0,10,21,0,0,17,15,9
170684,1,1,0,0,0,0,0,0,0,0,0,0
170684,2,1,0,0,0,0,0,0,0,0,0,0
170685,1,1,0,0,0,0,0,0,0,0,0,0
170685,2,1,0,0,0,0,0,0,0,18,0,0
170685,3,1,0,0,0,0,0,0,0,0,0,0
170686,0,1,0,0,0,0,0,0,0,0,0,0
170686,1,1,10,10,10,10,10,10,10,10,10,10
170687,0,1,0,0,0,0,0,0,0,0,0,0
170687,1,1,3,0,0,6,0,0,0,14,0,0
170688,1,1,0,0,0,0,0,0,0,0,0,0
170688,3,1,0,0,0,0,0,0,0,0,0,0
170690,1,1,5,5,5,5,5,5,5,5,5,5
170690,2,1,0,9,7,0,0,0,0,0,0,0
170690,3,1,16,0,7,12,0,0,0,0,0,11
170691,1,1,25,25,25,25,25,25,25,25,25,25
170692,0,1,0,0,0,0,0,0,0,0,0,0
170692,0,2,0,0,0,0,0,16,0,0,0,0
170692,1,1,0,0,0,11,0,0,0,0,0,0
170692,3,1,0,0,0,0,0,0,0,0,0,0
170693,1,1,0,0,0,0,0,0,0,0,0,0
170693,2,1,0,0,0,0,0,0,0,0,0,0
170694,1,1,16,16,16,16,16,16,16,16,16,16
170695,1,1,0,0,32,0,0,0,0,0,0,0
170696,1,1,0,0,0,0,0,0,0,0,0,0
170698,1,1,15,15,15,15,15,15,15,15,15,15
170699,1,1,25,25,25,25,25,25,25,25,25,25
170700,1,1,0,0,0,0,0,0,0,0,0,0
170701,0,1,0,0,0,0,0,0,0,0,0,0
170701,1,1,0,0,20,21,0,0,0,0,0,19
170702,1,1,0,0,0,0,8,10,0,0,0,0
170702,2,1,0,0,0,0,0,0,0,0,0,0
170702,3,1,0,0,0,0,0,0,0,0,22,3
170703,1,1,0,0,0,0,0,0,0,0,0,0
170704,0,1,33,33,33,33,33,33,33,33,33,33
170704,1,1,0,0,0,0,0,0,0,0,0,0
170705,1,1,1,1,1,1,1,1,1,1,1,1
170705,2,1,0,0,0,0,0,0,0,0,0,0
170706,0,1,0,0,0,0,0,0,0,0,0,0
170706,1,1,0,0,0,0,0,0,0,0,0,0
170707,1,1,24,24,24,24,24,24,24,24,24,24
170708,1,1,46,46,46,46,46,46,46,46,46,46
170708,2,1,0,0,0,0,0,0,0,0,0,0
170709,0,1,22,22,22,22,22,22,22,22,22,22
170709,1,1,9,0,0,0,0,0,0,0,0,0
170710,1,1,0,0,0,0,0,0,0,0,0,0
170711,1,1,0,0,0,0,0,0,0,0,0,0
170711,2,1,0,0,0,0,0,24,15,0,0,0
170712,1,1,0,0,0,0,0,0,0,0,0,0
170712,2,1,0,0,0,0,0,0,0,0,0,0
170713,1,1,10,10,10,10,10,10,10,10,10,10
170713,2,1,0,0,0,0,0,0,0,0,0,0
170715,0,1,7,7,7,7,7,7,7,7,7,7
170715,1,1,9,14,32,14,14,22,8,19,16,13
170716,0,1,24,24,24,24,24,24,24,24,24,24
170716,1,1,0,0,0,0,0,0,0,0,0,0
170717,1,1,0,0,0,0,0,0,0,0,0,0
170717,4,1,0,0,0,0,0,14,0,0,0,0
170718,0,1,0,0,0,0,0,0,0,0,0,0
170718,1,1,0,0,0,0,0,0,0,0,0,0
170719,0,1,20,12,0,34,0,16,14,16,0,0
170719,0,2,0,0,0,0,0,0,0,0,0,0
170719,1,1,0,0,0,0,0,0,0,0,0,0
170720,0,1,0,0,0,0,0,0,0,0,0,0
170720,1,1,0,0,0,0,0,0,0,0,0,0
170721,0,1,0,0,0,0,0,0,0,0,0,0
170721,1,1,0,0,0,0,0,0,0,0,0,0
170722,1,1,0,0,0,0,0,0,0,0,0,0
170723,0,1,0,0,0,0,0,0,0,0,0,0
170723,1,1,0,0,0,0,0,0,0,0,0,0
170724,0,1,16,16,16,16,16,16,16,16,16,16
170724,1,1,0,0,0,0,0,0,0,0,26,0
170725,1,1,18,12,39,20,5,13,10,6,19,12
170726,1,1,0,0,0,0,0,0,0,0,0,32
170726,2,1,0,0,0,0,0,0,0,0,0,0
170726,3,1,0,0,0,0,0,0,0,0,0,0
170726,4,1,0,0,0,0,0,0,0,0,0,0
170727,1,1,0,0,0,0,0,0,0,0,0,0
170727,2,1,0,0,0,0,0,0,0,0,0,0
170728,1,1,0,0,0,0,0,0,0,0,19,0
170730,1,1,0,0,0,0,0,0,0,0,0,0
170731,1,1,0,0,0,0,0,0,0,0,0,0
170731,2,1,0,0,0,0,21,15,0,0,0,0
170732,1,1,2,2,2,2,2,2,2,2,2,2
170732,2,1,0,0,0,0,0,0,0,0,0,0
170733,1,1,0,0,0,0,0,0,0,0,0,0
170733,2,1,28,31,25,7,0,17,16,15,0,0
170734,1,1,0,0,0,0,0,0,0,0,0,0
170735,1,1,0,0,0,0,0,0,0,0,0,0
170735,2,1,5,0,0,0,0,0,0,21,0,0
170735,3,1,0,0,0,0,0,0,0,0,0,0
170736,1,1,11,11,11,11,11,11,11,11,11,11
170737,1,1,17,17,17,17,17,17,17,17,17,17
170738,1,1,0,0,0,0,0,0,0,0,0,0
170739,1,1,19,19,19,19,19,19,19,19,19,19
170740,1,1,0,0,0,0,0,0,0,0,0,0
170740,2,1,0,0,0,0,0,0,0,0,0,0
170741,0,1,0,0,0,0,0,0,0,0,0,0
170741,1,1,0,0,0,0,0,0,0,0,0,0
170742,1,1,0,0,0,0,0,0,0,0,0,0
170743,0,1,0,0,0,0,0,0,0,0,0,0
170743,1,1,0,0,19,0,0,0,0,0,0,0
170744,1,1,0,0,0,0,0,0,0,0,0,0
170745,0,1,0,0,0,0,0,0,0,0,0,0
170745,1,1,0,0,0,0,0,0,0,0,0,0
170746,1,1,0,0,8,0,0,0,15,0,0,0
170746,2,1,0,0,0,0,0,0,0,0,0,0
170747,1,1,0,0,0,0,0,0,0,0,0,0
170747,2,1,25,0,0,0,9,0,0,0,0,0
170748,0,1,0,30,0,39,15,14,0,0,29,33
170748,1,1,0,0,0,0,0,0,5,0,0,0
170749,1,1,25,22,11,17,6,13,0,8,25,0
170749,2,1,0,0,0,0,0,0,0,0,0,0
170750,1,1,0,0,0,0,0,0,0,0,10,0
170751,1,1,0,0,0,0,0,0,0,0,0,0
170752,0,1,18,18,18,18,18,18,18,18,18,18
170752,1,1,0,0,0,0,0,0,0,0,0,0
170753,1,1,0,0,0,0,0,0,0,0,0,0
170754,1,1,0,0,0,0,0,0,0,0,0,0
170754,2,1,6,0,18,17,0,12,13,0,5,0
170755,0,1,0,0,0,0,0,0,0,0,0,0
170755,1,1,0,0,0,0,10,0,0,0,0,0
170756,1,1,0,0,0,0,0,0,0,0,23,0
170757,1,1,0,0,0,0,0,0,0,0,0,0
170757,2,1,0,0,0,0,0,0,0,0,0,0
170757,3,1,0,0,0,0,0,0,0,0,0,0
170758,1,1,24,24,24,24,24,24,24,24,24,24
170759,0,1,0,0,0,0,0,0,0,0,0,0
170759,1,1,0,0,0,0,0,0,0,0,0,0
170760,1,1,6,14,6,18,27,24,23,21,21,20
170761,1,1,17,17,17,17,17,17,17,17,17,17
170761,2,1,0,0,0,0,0,0,16,0,0,0
170762,1,1,0,0,0,0,0,0,0,0,0,0
170762,2,1,0,0,0,0,13,0,0,34,0,0
170763,1,1,3,3,3,3,3,3,3,3,3,3
170764,1,1,0,0,0,0,0,0,0,0,0,0
170765,0,1,0,0,0,0,0,0,0,0,0,0
170765,1,1,24,0,0,0,0,0,0,0,0,10
170766,1,1,0,0,0,0,0,0,0,0,0,0
170767,1,1,12,10,20,4,0,13,11,11,19,9
170768,1,1,0,0,0,0,0,0,0,0,0,0
170770,1,1,0,0,25,0,0,0,0,0,0,0
170771,0,1,11,11,11,11,11,11,11,11,11,11
170771,1,1,0,0,0,0,0,0,0,0,0,0
170772,0,1,3,3,3,3,3,3,3,3,3,3
170772,1,1,0,0,0,0,0,0,0,0,0,0
170773,1,1,0,0,0,0,0,0,0,0,0,0
170773,2,1,0,0,0,0,0,0,0,0,0,0
170774,0,1,7,7,7,7,7,7,7,7,7,7
170774,1,1,0,0,9,0,0,8,0,0,6,0
170775,1,1,0,0,0,0,0,0,0,0,0,0
170775,2,1,0,0,0,0,0,0,0,0,0,0
170776,1,1,14,14,14,14,14,14,14,14,14,14
170777,0,1,0,0,0,0,0,0,0,0,0,0
170777,1,1,0,0,0,0,0,0,0,0,0,0
170778,1,1,0,0,0,0,0,0,0,0,0,0
170778,2,1,0,0,0,0,0,0,0,0,0,0
170779,1,1,0,0,0,0,0,0,0,0,0,0
170779,2,1,0,19,0,0,23,0,0,0,9,0
170780,1,1,0,0,0,0,0,0,0,0,0,0
170780,2,1,0,0,0,0,0,0,0,0,0,0
170781,1,1,23,23,23,23,23,23,23,23,23,23
170782,1,1,0,0,0,0,0,0,0,0,0,0
170782,2,1,0,0,0,0,0,0,0,0,0,0
170783,1,1,0,0,0,0,0,0,0,0,0,0
170784,1,1,0,0,0,0,0,0,0,0,0,0
170784,2,1,0,0,0,0,0,0,0,0,0,0
170785,1,1,38,38,38,38,38,38,38,38,38,38
170785,2,1,0,0,0,0,0,0,0,0,0,0
170786,1,1,19,19,19,19,19,19,19,19,19,19
170787,1,1,0,0,0,0,0,0,0,0,0,0
170787,2,1,0,0,0,0,0,0,0,0,0,0
170788,0,1,27,27,27,27,27,27,27,27,27,27
170788,1,1,0,0,0,0,0,0,0,0,0,0
170789,1,1,13,13,13,13,13,13,13,13,13,13
170790,1,1,0,0,0,0,0,0,0,0,0,0
170791,0,1,0,0,0,0,0,0,0,0,0,0
170791,1,1,0,0,0,0,0,0,0,0,0,0
170792,1,1,16,16,16,16,16,16,16,16,16,16
170793,0,1,35,35,35,35,35,35,35,35,35,35
170793,1,1,0,0,0,0,0,0,0,0,0,0
170794,1,1,12,12,12,12,12,12,12,12,12,12
170795,1,1,0,0,0,0,0,0,0,0,0,0
170796,1,1,25,25,25,25,25,25,25,25,25,25
170797,1,1,0,0,0,0,0,0,0,0,0,0
170798,1,1,10,0,0,0,0,18,0,0,0,0
170799,1,1,0,0,0,0,0,0,0,0,0,0
170799,2,1,0,0,0,0,0,0,0,0,0,0
170801,0,1,15,15,15,15,15,15,15,15,15,15
170801,1,1,0,0,0,0,0,0,0,0,0,0
170802,1,1,0,0,0,0,0,0,0,0,0,0
170803,1,1,24,24,24,24,24,24,24,24,24,24
170804,1,1,7,7,7,7,7,7,7,7,7,7
170805,0,1,0,0,0,0,0,0,0,0,0,0
170805,1,1,0,0,0,0,0,0,0,0,0,0
170806,1,1,0,0,0,0,0,0,0,0,0,0
170806,2,1,0,0,0,0,0,0,0,0,0,0
170808,1,1,0,0,0,0,0,0,0,0,0,0
170808,2,1,0,0,0,0,0,0,0,0,0,0
170809,1,1,0,0,0,0,0,0,0,0,0,0
170809,2,1,0,0,0,0,0,0,0,0,0,0
170810,1,1,0,0,0,0,0,0,0,0,0,0
170811,1,1,14,14,14,14,14,14,14,14,14,14
170812,1,1,0,0,0,0,0,0,0,0,0,0
170812,2,1,0,0,0,0,0,0,0,0,0,0
170813,1,1,20,20,20,20,20,20,20,20,20,20
170814,1,1,0,0,0,0,0,0,0,0,0,0
170814,2,1,12,12,12,12,12,12,12,12,12,12
170815,1,1,0,0,0,0,0,0,0,0,0,0
170815,2,1,0,0,0,0,0,0,0,0,0,13
170816,1,1,0,13,10,22,0,0,0,0,23,0
170816,2,1,0,0,0,0,0,0,0,0,0,0
170817,1,1,16,16,16,16,16,16,16,16,16,16
170818,1,1,0,0,0,0,0,0,0,0,0,0
170818,2,1,0,0,0,0,0,0,0,0,0,0
170819,1,1,20,20,20,20,20,20,20,20,20,20
170820,1,1,17,17,17,17,17,17,17,17,17,17
170821,1,1,10,10,10,10,10,10,10,10,10,10
170822,0,1,0,0,0,0,0,0,0,0,0,0
170822,1,1,0,0,0,0,12,0,0,0,0,0
170823,1,1,0,0,0,0,0,0,0,0,0,0
170823,2,1,0,0,0,0,0,0,0,0,0,0
170823,3,1,5,0,0,0,0,0,0,0,0,0
170824,1,1,10,10,10,10,10,10,10,10,10,10
170825,1,1,0,0,0,9,0,25,0,11,23,0
170826,1,1,0,0,0,0,0,0,0,0,0,0
170826,2,1,0,0,0,0,0,0,0,0,0,0
170827,1,1,20,20,20,20,20,20,20,20,20,20
170828,1,1,0,0,0,0,0,0,5,0,0,0
170828,2,1,0,0,0,0,0,0,0,0,0,0
170828,3,1,0,0,0,0,0,11,0,0,13,0
170829,1,1,0,0,0,0,0,0,16,0,0,0
170829,2,1,0,0,0,0,0,0,0,0,0,0
170830,1,1,0,0,0,0,0,0,0,0,0,0
170830,2,1,10,0,15,16,0,0,0,13,16,0
170831,1,1,15,15,15,15,15,15,15,15,15,15
170832,0,1,21,21,21,21,21,21,21,21,21,21
170832,1,1,0,0,0,0,0,0,0,12,0,0
170833,1,1,0,0,0,0,0,0,0,0,0,0
170833,2,1,0,0,0,0,0,0,0,0,0,0
170834,1,1,0,0,0,0,0,0,0,0,0,0
170834,2,1,0,0,0,0,0,0,0,0,0,0
170835,1,1,35,35,35,35,35,35,35,35,35,35
170836,1,1,31,31,31,31,31,31,31,31,31,31
170837,1,1,0,0,0,0,0,0,0,0,0,0
170837,2,1,0,0,0,0,0,0,0,0,0,0
170838,0,1,9,9,9,9,9,9,9,9,9,9
170838,1,1,12,2,0,0,12,7,0,10,9,10
170839,1,1,11,11,11,11,11,11,11,11,11,11
170839,2,1,0,0,0,24,0,0,0,0,0,0
170840,1,1,19,19,19,19,19,19,19,19,19,19
170841,0,1,0,0,0,0,0,0,0,0,0,0
170841,0,2,0,0,0,0,0,19,18,0,32,29
170841,1,1,0,0,0,0,0,0,0,0,0,19
170842,1,1,25,25,25,25,25,25,25,25,25,25
170842,2,1,4,4,4,4,4,4,4,4,4,4
170843,1,1,21,21,21,21,21,21,21,21,21,21
170844,1,1,0,0,0,0,0,0,0,0,0,0
170844,2,1,0,0,0,0,0,0,0,0,0,0
170845,0,1,0,0,0,0,0,0,0,0,0,0
170845,0,2,0,0,9,27,0,0,58,0,0,14
170845,1,1,0,0,0,0,0,0,29,0,0,0
170846,1,1,0,0,0,0,0,0,0,0,0,0
170846,2,1,0,0,0,0,0,0,0,0,0,0
170847,1,1,0,0,0,0,0,0,0,0,0,0
170848,1,1,0,0,0,0,0,0,0,0,0,0
170849,1,1,9,9,9,9,9,9,9,9,9,9
170849,2,1,0,0,0,0,0,0,0,0,0,0
170850,1,1,11,11,11,11,11,11,11,11,11,11
170851,1,1,0,7,0,0,0,0,0,0,0,0
170852,1,1,20,20,20,20,20,20,20,20,20,20
170853,1,1,17,0,22,10,27,6,14,18,9,13
170853,2,1,0,0,0,0,0,0,0,0,0,0
170854,1,1,36,0,9,19,11,9,14,34,16,23
170855,1,1,0,0,0,0,0,0,0,0,0,0
170855,2,1,0,0,0,0,0,0,0,0,0,0
170856,1,1,0,0,0,0,0,0,0,0,0,0
170856,2,1,0,0,0,0,0,0,0,0,0,0
170857,1,1,0,0,0,0,0,0,0,0,0,0
170857,2,1,0,0,0,0,0,0,0,0,0,0
170858,0,1,0,0,0,0,0,0,0,0,0,0
170858,1,1,0,0,0,0,0,0,13,0,0,0
170859,1,1,0,0,0,0,0,0,0,0,0,0
170859,2,1,0,0,0,0,0,0,0,0,0,0
170860,1,1,0,0,0,0,0,0,0,0,0,0
170861,1,1,0,0,0,0,0,0,0,0,0,0
170861,2,1,0,0,0,0,0,0,0,0,0,0
170862,1,1,0,0,0,0,0,0,0,0,0,0
170863,1,1,0,0,0,0,0,0,0,0,0,0
170863,2,1,0,0,0,0,0,0,0,0,0,0
170863,3,1,0,0,0,0,0,0,0,0,0,0
170864,1,1,17,17,17,17,17,17,17,17,17,17
170865,1,1,14,14,14,14,14,14,14,14,14,14
170865,2,1,0,0,0,0,0,0,0,0,0,0
170866,1,1,0,0,0,0,0,0,0,0,0,0
170866,2,1,0,0,0,0,0,0,0,0,0,0
170867,1,1,0,0,0,0,0,0,0,0,0,0
170867,2,1,0,0,0,0,0,0,0,0,0,0
170867,3,1,0,0,0,0,0,0,0,0,0,0
170867,4,1,0,0,0,14,0,0,0,0,0,0
170868,1,1,16,16,16,16,16,16,16,16,16,16
170869,1,1,0,0,0,0,0,0,0,0,0,0
170869,2,1,0,0,0,0,0,0,0,0,0,0
170870,1,1,0,0,0,0,0,0,0,0,0,0
170871,1,1,0,0,8,0,0,0,0,0,0,0
170872,1,1,0,0,0,0,0,0,0,0,0,0
170873,1,1,20,20,20,20,20,20,20,20,20,20
170874,1,1,0,0,0,0,0,0,0,0,0,0
170874,2,1,0,0,0,0,0,0,0,0,0,0
170877,1,1,8,8,8,8,8,8,8,8,8,8
170878,1,1,19,19,19,19,19,19,19,19,19,19
170880,1,1,8,0,0,0,0,0,0,0,11,13
170880,2,1,0,0,0,0,0,0,0,0,0,0
170881,1,1,0,0,0,0,0,0,0,0,0,0
170881,2,1,0,0,0,0,0,0,0,0,0,0
170882,0,1,0,41,0,0,0,0,0,0,0,0
170882,1,1,17,15,14,27,5,12,13,9,12,20
170883,0,1,0,0,0,0,0,0,0,0,0,0
170883,1,1,0,0,0,0,8,0,0,0,0,0
170884,1,1,0,0,0,0,0,0,0,0,0,0
170885,1,1,15,15,15,15,15,15,15,15,15,15
170886,1,1,0,0,0,0,0,0,0,0,0,0
170886,2,1,0,0,0,0,0,0,0,0,0,0
170887,0,1,0,0,0,0,0,0,0,0,0,0
170887,1,1,0,0,0,0,0,0,0,0,0,0
170888,1,1,0,0,0,0,0,0,0,0,0,21
170889,1,1,0,0,0,0,0,0,0,0,0,0
170890,1,1,0,0,0,0,0,0,0,0,0,0
170891,1,1,0,0,0,0,0,0,0,0,0,0
170892,1,1,0,0,0,0,0,0,0,0,0,0
170892,2,1,0,0,0,0,0,0,0,0,0,0
170893,1,1,0,0,0,0,0,0,0,0,0,0
170894,1,1,3,3,3,3,3,3,3,3,3,3
170894,2,1,24,24,24,24,24,24,24,24,24,24
170895,1,1,0,0,0,0,0,0,0,0,0,0
170895,2,1,0,0,0,0,0,0,0,0,0,0
170896,1,1,21,0,0,0,0,0,17,0,19,6
170897,1,1,0,0,0,0,0,0,0,0,0,0
170897,2,1,0,0,0,0,0,0,0,0,0,0
170898,1,1,12,12,12,12,12,12,12,12,12,12
170898,2,1,8,8,8,8,8,8,8,8,8,8
170899,1,1,14,14,14,14,14,14,14,14,14,14
170900,0,1,0,0,0,0,0,0,0,0,0,0
170900,1,1,0,0,0,0,0,0,0,0,0,12
170901,0,1,45,45,45,45,45,45,45,45,45,45
170901,1,1,0,0,0,0,0,0,0,0,0,0
170902,0,1,0,0,0,0,0,0,0,0,0,0
170902,1,1,0,0,0,23,0,0,0,0,0,0
170903,1,1,0,0,0,0,0,0,0,0,0,0
170903,2,1,0,0,0,0,0,0,0,9,6,16
170904,0,1,0,0,0,0,0,0,0,0,0,0
170904,0,2,0,0,19,0,0,0,0,0,19,0