ST_CASE,VEH_NO,PER_NO,P1,P2,P3,P4,P5,P6,P7,P8,P9,P10
170904,1,1,0,0,19,19,0,0,0,0,0,0
170905,1,1,0,0,0,0,0,0,0,0,0,0
170905,2,1,0,0,0,0,0,0,0,0,0,0
170906,1,1,0,0,0,0,0,0,0,0,0,0
170906,2,1,0,0,0,0,0,0,0,0,0,0
170907,1,1,14,14,14,14,14,14,14,14,14,14
170908,1,1,13,13,13,13,13,13,13,13,13,13
170909,1,1,0,0,0,0,0,0,9,0,21,0
170910,1,1,9,9,9,9,9,9,9,9,9,9
170911,1,1,19,19,19,19,19,19,19,19,19,19
170913,1,1,4,20,24,13,14,24,9,0,4,6
170914,1,1,0,0,0,0,0,0,0,0,0,0
170914,2,1,1,1,1,1,1,1,1,1,1,1
170914,3,1,0,0,0,0,0,0,18,0,0,0
170915,0,1,0,0,0,0,0,0,0,0,0,0
170915,1,1,0,31,0,0,12,7,14,0,0,9
170917,1,1,5,5,5,5,5,5,5,5,5,5
170918,1,1,18,18,18,18,18,18,18,18,18,18
170918,2,1,0,0,0,0,0,0,0,0,0,0
170919,0,1,0,0,0,0,0,0,0,0,0,0
170919,1,1,2,12,0,0,0,0,0,0,0,0
170920,1,1,0,0,0,0,0,0,0,0,0,0
170920,6,1,15,0,0,0,0,0,0,8,16,0
170920,7,1,0,0,15,25,0,0,25,0,5,0
170920,8,1,12,13,0,0,17,0,0,0,0,8
170920,9,1,32,0,0,0,22,0,0,0,0,0
170920,12,1,0,0,0,0,0,0,0,0,0,0
170921,0,1,0,0,0,0,0,0,0,0,0,0
170921,1,1,0,0,0,0,0,0,0,0,0,0
170922,1,1,14,14,14,14,14,14,14,14,14,14
170923,1,1,8,0,0,0,24,23,28,0,6,0
170924,0,1,0,0,0,0,0,0,0,0,0,0
170924,1,1,0,0,0,0,0,0,0,0,0,0
170925,1,1,0,0,0,0,0,0,0,0,0,0
170925,2,1,0,0,0,0,0,0,0,0,0,0
170926,1,1,0,0,0,0,17,0,0,0,0,0
170926,2,1,0,8,0,0,0,28,0,0,0,0
170927,1,1,12,12,12,12,12,12,12,12,12,12
170928,1,1,0,0,0,0,0,0,0,0,0,0
170929,1,1,22,22,22,22,22,22,22,22,22,22
170930,1,1,0,0,0,0,0,0,0,0,0,0
170930,2,1,0,0,0,0,0,0,0,0,0,0
170932,1,1,12,30,0,20,20,0,11,0,12,0
170933,1,1,0,0,0,0,0,0,0,0,0,0
170933,2,1,0,0,0,0,0,0,0,0,0,0
170934,1,1,9,0,0,21,16,0,12,0,0,31
170934,2,1,0,0,0,0,0,10,0,0,0,0
170935,1,1,25,25,25,25,25,25,25,25,25,25
170936,1,1,16,16,16,16,16,16,16,16,16,16
170937,1,1,0,0,0,0,0,0,0,0,0,3
170938,1,1,17,0,0,0,0,0,0,0,0,0
170938,2,1,0,0,22,0,0,0,0,0,0,0
170939,1,1,0,0,0,0,0,0,0,0,0,0
170940,1,1,3,3,3,3,3,3,3,3,3,3
170941,1,2,10,10,10,10,10,10,10,10,10,10
170942,1,1,0,11,0,0,0,0,0,0,0,7
170943,1,1,18,18,18,18,18,18,18,18,18,18
170944,0,1,0,0,19,34,15,0,2,0,39,21
170944,1,1,0,0,0,0,0,16,0,0,0,0
170945,1,1,0,0,0,0,0,0,0,0,0,0
170946,1,1,0,0,0,0,0,0,0,0,0,0
170947,1,1,8,8,8,8,8,8,8,8,8,8
170947,2,1,0,17,0,0,0,0,0,0,0,51
170948,1,1,0,0,0,0,0,0,0,0,0,0
170948,2,1,0,0,0,0,0,0,0,0,0,0
170949,1,1,26,26,26,26,26,26,26,26,26,26
170950,1,1,21,0,0,0,0,0,0,0,0,0
170951,0,1,0,0,0,0,0,0,0,0,0,0
170951,1,1,0,0,0,0,0,0,0,0,0,0
170952,0,1,0,0,0,0,0,0,0,0,0,0
170952,0,2,17,11,0,0,27,0,0,0,0,0
170952,0,3,30,28,0,0,0,39,7,0,0,0
170952,1,1,0,0,0,0,0,0,0,0,0,0
170952,2,1,0,0,0,0,0,0,0,0,0,0
170952,3,1,0,0,22,0,0,0,0,0,8,0
170952,4,1,0,0,0,0,0,0,0,0,0,0
170952,5,1,9,0,23,0,0,0,0,0,0,0
170952,6,1,0,0,0,0,0,0,0,0,0,0
170953,0,1,0,0,0,0,0,0,0,0,0,0
170953,1,1,0,0,0,0,0,0,0,0,0,0
170955,1,1,4,4,4,4,4,4,4,4,4,4
170956,1,1,0,0,0,0,0,0,0,0,0,0
170956,2,1,0,0,0,0,0,0,0,0,0,0
170956,3,1,0,0,0,0,0,0,0,0,0,0
170957,0,1,0,0,0,0,0,0,0,0,0,0
170957,1,1,0,0,0,12,0,0,13,0,0,0
170958,1,1,0,0,0,0,0,0,0,0,0,0
170959,1,1,0,0,0,0,0,0,0,0,0,0
170959,2,1,15,15,15,15,15,15,15,15,15,15
170960,1,1,0,0,0,0,0,0,0,0,6,0
170960,2,1,0,0,0,0,0,0,0,0,0,0
170961,0,1,0,0,0,0,0,0,0,0,0,0
170961,1,1,0,0,0,0,0,0,0,0,0,0
170962,0,1,22,22,22,22,22,22,22,22,22,22
170962,1,1,0,0,21,25,15,17,3,0,7,0
170963,0,1,0,0,0,0,0,0,0,0,0,0
170963,1,1,0,0,0,0,0,0,0,0,0,0
170964,0,1,0,0,0,0,0,0,0,0,0,0
170964,1,1,20,3,0,12,15,20,0,0,0,9
170965,1,1,14,14,14,14,14,14,14,14,14,14
170966,1,1,0,0,0,0,0,0,0,0,0,0
170967,1,1,17,17,17,17,17,17,17,17,17,17
170968,1,1,0,0,0,0,0,0,0,0,0,0
170969,1,1,0,0,0,0,0,5,0,0,24,0
170969,2,1,0,0,0,0,0,0,0,0,0,0
170969,3,1,0,0,0,0,0,0,0,0,0,0
170970,0,1,1,1,1,1,1,1,1,1,1,1
170970,1,1,0,0,0,0,0,0,0,0,0,0
170971,1,1,0,0,0,0,0,0,0,0,0,0
170971,2,1,0,0,0,0,0,0,0,0,0,0
170972,1,1,0,0,0,0,0,0,0,0,21,0
170973,1,1,15,15,15,15,15,15,15,15,15,15
170974,1,1,0,0,0,0,0,0,0,0,0,0
170975,1,1,0,0,0,20,0,0,0,0,0,0
180001,1,1,0,0,8,13,0,0,0,0,0,0
180002,1,1,0,0,0,19,0,0,0,10,0,26
180003,0,1,25,25,25,25,25,25,25,25,25,25
180003,1,1,0,0,0,0,0,0,0,0,0,0
180004,1,1,14,14,14,14,14,14,14,14,14,14
180005,1,1,0,0,0,0,0,0,0,0,0,0
180007,1,1,0,0,0,0,0,0,0,0,0,0
180007,2,1,0,0,0,0,0,0,0,0,0,0
180008,1,1,0,0,0,0,0,0,0,0,0,0
180009,1,1,14,14,14,14,14,14,14,14,14,14
180010,1,1,0,0,0,0,0,0,0,0,0,0
180010,2,1,0,0,0,0,0,0,0,0,0,0
180011,1,1,0,0,0,0,0,0,0,0,0,0
180012,1,1,22,0,0,35,0,0,0,0,0,0
180013,1,1,0,0,0,0,0,0,0,0,0,0
180015,1,1,0,0,0,0,0,0,0,0,0,0
180016,1,1,0,0,0,0,0,0,0,0,0,0
180017,0,1,0,17,0,12,0,25,0,22,21,0
180017,1,1,4,4,4,4,4,4,4,4,4,4
180018,1,1,0,0,0,0,0,0,0,0,0,0
180018,2,1,0,0,0,0,0,0,0,0,0,0
180019,0,1,0,0,0,0,18,0,0,0,0,0
180019,1,1,12,0,0,19,0,0,0,0,0,0
180020,1,1,0,20,0,0,0,0,0,23,0,13
180021,1,1,0,0,0,0,0,0,0,0,0,0
180022,1,1,0,10,0,0,19,0,0,0,0,0
180023,1,1,0,0,0,0,0,0,0,0,0,0
180023,2,1,0,0,0,0,0,0,0,0,0,0
180024,1,1,15,15,15,15,15,15,15,15,15,15
180024,2,1,0,0,0,0,0,0,0,0,0,0
180025,1,1,0,0,0,0,0,0,0,0,0,0
180026,1,1,0,0,0,0,0,0,0,0,0,0
180027,1,1,27,27,27,27,27,27,27,27,27,27
180030,1,1,19,19,19,19,19,19,19,19,19,19
180031,1,1,0,0,0,0,0,0,0,0,0,0
180031,2,1,0,37,0,0,0,0,0,0,0,0
180032,1,1,0,0,0,0,0,0,0,0,0,0
180033,1,1,0,0,25,0,0,0,0,0,0,0
180034,1,1,0,0,0,0,0,0,0,0,0,0
180035,1,1,0,0,0,0,0,20,0,0,0,0
180036,1,1,28,28,28,28,28,28,28,28,28,28
180037,1,1,0,0,0,0,0,0,0,0,0,0
180038,0,1,0,0,0,0,0,0,0,0,0,0
180038,1,1,0,0,0,0,0,0,0,0,0,0
180039,0,1,0,0,0,0,0,0,0,0,0,0
180039,1,1,0,0,0,0,0,0,0,0,0,0
180040,1,1,0,0,0,0,0,0,0,0,0,0
180040,2,1,0,0,0,0,0,0,0,0,0,0
180041,0,1,4,21,0,11,15,0,0,35,0,0
180041,0,2,7,19,0,0,24,5,9,23,0,0
180041,1,1,0,0,0,0,15,0,0,0,20,0
180042,1,1,10,10,10,10,10,10,10,10,10,10
180042,2,1,0,0,0,0,0,0,0,0,0,0
180043,1,1,18,18,18,18,18,18,18,18,18,18
180044,0,1,0,0,0,0,0,0,0,0,0,0
180044,1,1,0,0,0,0,0,0,0,0,0,0
180045,1,1,0,0,0,0,0,0,0,0,0,0
180046,0,1,0,0,0,0,0,0,0,0,0,0
180046,1,1,0,0,0,0,0,0,0,0,0,0
180047,1,1,0,0,0,0,0,0,0,0,29,0
180049,1,1,0,0,0,0,0,0,0,0,0,0
180050,1,1,0,0,0,0,0,0,0,0,0,0
180050,2,1,0,0,0,0,0,0,0,0,0,0
180051,1,1,17,13,23,24,28,10,32,28,13,17
180052,1,1,0,19,0,0,0,0,0,0,0,0
180052,2,1,0,0,0,0,16,0,17,0,0,12
180052,3,1,0,0,11,0,0,8,0,0,0,0
180053,1,1,8,8,8,8,8,8,8,8,8,8
180053,2,1,0,0,0,0,0,0,0,0,0,0
180053,3,1,0,0,0,17,0,0,0,0,0,0
180053,4,1,0,0,0,0,0,0,0,0,0,0
180053,5,1,0,24,0,0,0,0,0,0,0,0
180053,6,1,0,0,0,0,0,0,0,0,0,0
180054,1,1,0,0,0,0,0,0,0,0,0,0
180054,2,1,0,0,0,0,0,0,0,0,0,0
180055,1,1,18,18,18,18,18,18,18,18,18,18
180056,1,1,0,0,0,0,0,0,27,0,0,0
180057,1,1,0,0,0,0,0,0,0,0,0,0
180058,1,1,0,0,0,0,0,0,0,0,0,0
180058,2,1,0,0,0,0,0,0,0,0,0,0
180059,1,1,0,25,0,0,0,0,0,33,0,0
180060,1,1,0,0,0,0,0,20,0,0,0,0
180060,2,1,0,0,0,18,0,0,0,0,0,0
180061,1,1,0,0,0,0,0,0,0,0,0,0
180062,1,1,20,20,20,20,20,20,20,20,20,20
180063,0,1,0,0,0,0,0,0,0,0,0,0
180063,1,1,0,0,0,0,0,0,0,0,0,0
180064,1,1,0,0,0,0,0,0,0,0,0,0
180064,2,1,0,0,0,0,0,0,0,0,0,0
180064,3,1,0,0,0,0,0,0,0,0,0,0
180065,1,1,0,0,0,0,0,0,0,0,0,0
180065,2,1,0,0,0,0,0,0,0,0,0,0
180066,1,1,0,0,0,0,0,0,0,0,0,0
180066,2,1,0,0,0,0,0,0,0,0,0,0
180067,1,1,0,0,0,0,0,0,0,0,0,0
180067,2,1,0,0,0,0,0,0,0,0,0,0
180068,1,1,0,0,0,0,0,0,0,0,0,0
180069,1,1,0,0,0,0,0,0,0,0,0,0
180069,2,1,0,0,0,0,0,0,0,0,0,0
180070,1,1,12,12,12,12,12,12,12,12,12,12
180071,1,1,0,0,0,0,0,0,0,0,0,0
180072,1,1,10,16,25,32,0,14,20,9,20,26
180073,1,1,0,0,0,0,0,0,0,0,0,0
180074,1,1,0,0,0,0,0,0,0,0,0,0
180074,2,1,0,0,0,0,0,0,0,0,0,0
180075,1,1,12,12,12,12,12,12,12,12,12,12
180076,1,1,0,0,0,0,0,0,0,0,0,0
180076,2,1,0,0,0,0,0,0,0,0,0,0
180077,1,1,0,0,0,0,0,0,0,0,0,0
180077,2,1,0,0,0,0,0,0,0,0,0,0
180077,3,1,0,0,0,0,0,0,0,0,0,0
180077,4,1,0,0,0,0,0,0,0,0,0,0
180078,1,1,0,0,0,0,0,0,0,0,0,0
180079,1,1,0,0,0,0,0,0,0,0,0,0
180080,1,1,0,0,0,0,0,0,0,0,0,0
180081,0,1,43,3,14,35,0,0,0,30,0,0
180081,1,1,0,0,0,0,0,0,0,0,0,0
180082,1,1,27,27,27,27,27,27,27,27,27,27
180083,1,1,22,0,0,0,0,0,0,0,0,0
180084,1,1,0,0,0,0,0,0,0,0,0,0
180084,2,1,0,0,0,0,0,0,0,0,0,0
180085,1,1,0,0,0,0,0,0,0,0,0,0
180085,2,1,0,0,0,0,0,0,0,0,0,0
180086,1,1,0,0,0,0,0,0,0,0,0,0
180086,2,1,0,0,0,0,0,0,0,0,0,0
180087,1,1,0,0,23,0,0,0,0,14,0,0
180088,1,1,9,26,0,6,0,13,24,0,0,0
180089,0,1,7,0,0,0,19,25,0,8,10,0
180089,1,1,0,0,0,0,0,0,0,0,0,0
180090,1,1,37,37,37,37,37,37,37,37,37,37
180091,1,1,19,19,19,19,19,19,19,19,19,19
180092,1,1,0,0,0,0,0,0,0,0,0,0
180092,2,1,0,0,0,0,0,0,0,0,0,0
180092,3,1,0,0,0,0,0,0,0,0,0,0
180093,1,1,29,29,29,29,29,29,29,29,29,29
180094,1,1,0,0,0,0,0,0,0,0,0,0
180094,2,1,0,0,0,0,0,0,0,0,0,0
180095,1,1,17,17,17,17,17,17,17,17,17,17
180096,0,1,0,0,0,42,0,17,0,0,0,0
180096,1,1,0,0,0,0,0,0,0,0,0,0
180097,1,1,0,0,0,0,0,0,0,0,0,0
180097,2,1,0,0,0,0,0,0,0,0,0,0
180098,1,1,11,11,11,11,11,11,11,11,11,11
180099,1,1,0,0,0,0,0,0,0,0,0,0
180100,1,1,0,0,0,0,0,0,0,0,0,0
180101,0,1,0,25,36,0,0,0,0,9,0,0
180101,1,1,0,0,5,0,14,0,0,0,0,0
180102,1,1,0,0,0,0,0,0,0,0,0,0
180102,2,1,0,0,0,0,0,0,0,0,0,0
180102,3,1,0,0,0,0,0,0,9,0,0,0
180103,1,1,0,0,0,0,9,0,0,0,0,0
180104,1,1,30,0,0,0,0,0,0,0,0,0
180105,1,1,0,0,0,0,0,0,0,0,0,0
180105,2,1,0,0,0,0,0,0,0,0,0,12
180107,1,1,0,0,0,0,0,0,0,0,0,0
180108,1,1,0,0,0,0,0,0,0,0,0,0
180109,0,1,0,11,23,19,13,26,0,0,0,20
180109,1,1,0,0,0,0,0,0,0,0,0,0
180110,1,1,19,19,19,19,19,19,19,19,19,19
180111,1,1,0,0,0,0,0,0,0,0,0,0
180112,1,1,0,0,0,0,0,0,0,0,0,0
180112,2,1,0,0,0,0,0,0,0,0,0,0
180113,1,1,0,0,0,0,0,0,0,0,0,0
180114,1,1,27,27,27,27,27,27,27,27,27,27
180114,2,1,0,0,0,0,0,0,0,0,0,0
180115,1,1,0,0,0,0,0,0,0,0,0,0
180115,2,1,0,0,0,0,0,0,0,0,0,0
180116,1,1,0,0,0,0,0,0,0,0,0,0
180116,2,1,0,0,0,0,0,0,24,0,0,0
180116,3,1,0,0,0,0,0,0,0,0,0,0
180118,1,1,0,0,0,0,0,0,0,0,0,0
180119,1,1,0,0,0,0,0,0,0,9,0,0
180119,2,1,0,0,0,0,0,0,0,0,0,0
180119,3,1,0,0,0,0,0,22,0,0,0,0
180120,1,1,0,0,30,0,0,0,0,0,0,0
180120,2,1,0,0,0,0,0,0,0,0,0,0
180121,1,1,0,0,0,0,0,0,0,0,0,0
180122,0,1,0,0,0,19,0,9,0,37,0,0
180122,1,1,0,0,0,0,0,0,0,0,17,0
180123,1,1,0,0,0,0,0,0,0,0,0,0
180123,2,1,0,0,0,0,0,0,0,0,0,0
180124,1,1,26,26,26,26,26,26,26,26,26,26
180125,1,1,0,0,0,0,0,0,0,0,0,0
180125,2,1,0,0,0,0,0,0,56,0,0,0
180125,3,1,0,16,0,0,0,0,0,0,0,0
180125,4,1,0,0,0,0,0,0,0,0,0,0
180125,5,1,0,0,0,0,0,0,0,0,0,0
180125,6,1,0,0,0,0,0,0,0,0,0,0
180125,7,1,0,0,0,0,0,0,0,0,0,0
180125,8,1,0,0,0,19,0,0,0,29,0,0
180125,9,1,0,0,0,0,0,0,0,0,0,0
180126,0,1,0,0,0,0,0,0,0,0,0,0
180126,1,1,0,0,0,0,0,0,0,0,0,0
180127,1,1,0,0,0,0,0,0,0,0,0,0
180127,2,1,0,0,0,0,0,0,0,0,0,3
180128,1,1,0,0,0,0,0,0,0,0,0,0
180128,2,1,0,0,0,0,0,0,0,0,0,0
180129,1,1,0,0,0,0,0,0,0,0,21,0
180130,1,1,0,0,0,0,0,0,0,0,0,0
180130,2,1,0,0,0,0,0,0,0,0,0,0
180131,1,1,2,2,2,2,2,2,2,2,2,2
180132,1,1,0,0,0,0,0,0,0,0,0,0
180132,2,1,0,0,0,0,0,0,0,0,0,0
180132,3,1,0,0,0,0,0,0,0,0,0,0
180132,4,1,0,0,0,0,0,0,0,0,0,0
180134,1,1,0,0,0,0,0,0,0,0,0,19
180135,1,1,0,0,0,0,0,0,0,0,0,0
180136,1,1,22,22,22,22,22,22,22,22,22,22
180137,1,1,0,0,0,0,0,0,0,0,0,0
180137,2,1,0,0,0,0,0,0,0,0,0,0
180138,1,1,0,0,0,0,0,0,0,0,0,0
180139,1,1,0,0,0,0,0,0,0,0,0,0
180139,2,1,0,0,0,0,0,0,0,0,0,0
180140,1,1,0,0,0,0,0,0,0,0,0,0
180141,1,1,0,0,0,0,0,0,0,0,0,0
180141,2,1,0,0,0,0,0,0,0,0,0,0
180143,1,1,0,0,0,0,0,0,0,0,0,0
180143,2,1,0,0,0,0,35,19,0,0,0,0
180144,1,1,0,0,16,0,29,0,0,0,0,0
180145,1,1,0,0,0,0,0,0,0,0,0,0
180146,1,1,0,0,0,0,0,0,0,0,0,0
180147,1,1,32,32,32,32,32,32,32,32,32,32
180148,1,1,19,19,19,19,19,19,19,19,19,19
180148,2,1,0,27,0,0,0,0,0,0,0,0
180149,0,1,0,0,0,0,0,0,0,0,0,0
180149,1,1,0,0,0,0,0,0,0,0,0,0
180150,1,1,0,0,0,0,0,0,0,0,0,0
180151,1,1,14,14,14,14,14,14,14,14,14,14
180152,0,1,22,21,0,11,32,0,16,0,0,27
180152,1,1,0,0,0,0,0,0,0,0,0,0
180153,0,1,20,20,20,20,20,20,20,20,20,20
180153,1,1,0,0,0,0,0,0,0,0,0,0
180154,1,1,0,0,0,0,0,0,0,0,0,0
180154,2,1,0,0,0,0,0,0,0,0,0,0
180155,1,1,0,0,0,0,0,16,0,0,0,0
180156,1,1,0,0,0,0,0,0,0,0,0,0
180157,1,1,0,0,0,0,0,0,0,0,0,0
180157,2,1,0,0,0,0,0,0,0,0,0,0
180158,1,1,21,21,21,21,21,21,21,21,21,21
180158,2,1,0,0,0,0,0,0,0,0,0,0
180160,1,1,0,0,0,0,0,0,0,0,0,0
180160,2,1,0,0,0,0,0,0,0,0,0,0
180161,1,1,0,0,0,0,0,0,0,0,0,0
180162,0,1,0,0,0,0,0,0,0,0,0,0
180162,1,1,0,0,0,0,0,0,0,0,0,0
180163,1,1,18,18,18,18,18,18,18,18,18,18
180164,1,1,0,0,0,0,0,0,0,0,0,0
180164,2,1,0,0,0,0,0,0,0,0,0,0
180165,1,1,0,0,0,12,0,0,15,16,0,0
180166,1,1,0,0,0,0,0,0,0,0,0,0
180166,2,1,0,0,0,0,0,0,0,0,0,0
180167,1,1,22,22,22,22,22,22,22,22,22,22
180168,0,1,17,17,17,17,17,17,17,17,17,17
180168,1,1,23,23,23,23,23,23,23,23,23,23
180169,1,1,0,0,0,0,0,0,0,0,0,0
180169,2,1,11,11,11,11,11,11,11,11,11,11
180171,1,1,0,12,0,0,0,0,0,0,0,0
180172,1,1,11,11,11,11,11,11,11,11,11,11
180173,1,1,0,0,0,0,0,0,0,0,0,0
180174,0,1,0,0,33,29,0,15,6,0,0,18
180174,1,1,0,0,0,0,0,0,0,0,0,0
180176,1,1,18,18,18,18,18,18,18,18,18,18
180177,1,1,0,0,0,0,0,0,0,0,0,0
180177,2,1,0,0,0,0,0,0,0,0,0,0
180178,0,1,0,0,0,0,0,0,0,0,0,0
180178,1,1,0,0,0,0,0,0,0,0,0,0
180178,3,1,0,0,0,0,0,0,0,0,0,0
180179,0,1,35,0,0,0,11,0,0,0,0,0
180179,1,1,0,0,0,0,0,0,0,0,0,0
180180,1,1,17,0,17,0,0,0,0,0,16,0
180181,0,1,0,39,17,0,16,0,0,0,0,0
180181,1,1,0,0,0,0,0,0,0,0,0,0
180182,0,1,0,0,0,0,0,0,0,9,0,0
180182,1,1,0,0,0,0,0,0,0,0,0,0
180184,1,1,0,0,22,0,0,0,0,0,0,0
180184,2,1,0,0,0,0,0,0,0,10,0,0
180185,1,1,0,0,0,0,0,0,0,0,0,0
180186,1,1,0,0,0,0,0,0,0,0,0,0
180186,2,1,0,0,0,0,0,0,0,0,0,0
180188,1,1,0,0,0,0,30,0,0,0,0,0
180190,1,1,0,0,0,0,0,0,0,0,0,0
180191,1,1,0,0,0,0,0,0,0,0,0,0
180191,2,1,0,0,0,0,0,0,0,0,0,0
180192,1,1,0,0,0,0,11,0,0,0,0,0
180193,1,1,25,25,25,25,25,25,25,25,25,25
180194,1,1,0,0,0,0,0,0,0,0,0,0
180195,1,1,0,0,0,0,0,0,0,0,0,0
180195,2,1,0,0,0,0,0,0,0,0,0,0
180196,1,1,0,0,0,0,0,0,0,0,0,0
180197,0,1,12,19,17,0,0,13,31,4,0,39
180197,1,1,13,0,0,7,0,16,0,0,0,0
180198,0,1,0,26,0,23,0,0,0,0,0,0
180198,1,1,0,0,0,0,0,0,13,0,0,0
180199,1,1,28,28,28,28,28,28,28,28,28,28
180200,0,1,0,0,0,0,0,0,0,0,0,0
180200,1,1,0,0,7,0,0,0,0,0,0,0
180202,1,1,0,0,0,0,0,0,0,0,0,0
180202,2,1,0,0,0,0,0,0,0,0,0,0
180202,3,1,0,0,0,0,0,0,0,0,0,0
180203,1,1,0,0,0,0,0,0,0,0,0,0
180203,2,1,0,0,0,0,0,0,0,0,0,0
180204,1,1,0,0,0,0,0,0,0,0,0,0
180205,1,1,0,0,0,0,0,0,0,0,0,0
180206,1,1,25,25,25,25,25,25,25,25,25,25
180206,2,1,17,5,9,0,20,24,22,15,11,27
180207,1,1,19,19,19,19,19,19,19,19,19,19
180208,1,1,0,0,0,0,0,0,0,0,0,0
180208,2,1,0,0,0,0,0,0,0,0,0,0
180209,1,1,21,21,21,21,21,21,21,21,21,21
180210,1,1,0,0,0,0,0,0,0,0,0,0
180210,2,1,0,0,0,0,0,0,0,0,0,0
180211,1,1,22,22,22,22,22,22,22,22,22,22
180212,1,1,0,0,0,0,0,0,0,0,0,0
180212,2,1,0,0,0,0,0,0,0,0,0,0
180213,1,1,0,0,0,0,0,0,0,0,0,0
180213,2,1,0,0,0,0,0,0,0,0,0,0
180214,1,1,0,0,0,0,0,0,0,0,0,0
180214,2,1,18,0,0,0,0,0,0,0,0,0
180215,1,1,0,0,0,0,0,0,0,0,0,0
180216,1,1,0,0,0,0,0,0,0,0,0,0
180216,2,1,0,0,0,0,0,0,0,0,0,0
180216,3,1,0,0,13,0,0,0,0,0,0,0
180217,1,1,0,0,0,0,0,0,0,0,0,0
180217,2,1,15,15,15,15,15,15,15,15,15,15
180218,1,1,0,0,0,0,0,0,0,0,0,0
180218,2,1,0,0,0,0,0,0,0,0,0,0
180218,3,1,0,0,0,0,0,0,0,0,0,0
180219,1,1,0,0,0,0,0,0,0,0,0,0
180219,2,1,0,0,0,0,0,0,0,0,0,0
180220,1,1,0,0,0,0,0,0,0,0,0,0
180220,2,1,0,0,0,0,0,0,0,0,0,0
180221,1,1,0,0,0,0,0,0,0,0,0,0
180221,2,1,0,0,0,0,0,0,0,0,0,0
180223,1,1,0,0,7,0,0,0,0,0,0,0
180223,2,1,0,0,0,2,0,9,0,0,0,0
180224,1,1,6,6,6,6,6,6,6,6,6,6
180224,2,1,0,0,0,0,0,0,0,0,0,0
180225,1,1,0,0,0,0,0,0,0,0,0,0
180225,2,1,0,0,0,0,0,0,0,0,0,0
180226,1,1,0,0,0,0,0,0,0,0,0,0
180227,1,1,0,0,0,0,0,0,0,0,0,0
180228,1,1,7,7,7,7,7,7,7,7,7,7
180228,2,1,0,0,0,0,0,0,0,0,0,0
180229,1,1,0,0,0,0,0,0,0,0,0,0
180229,2,1,0,0,0,0,0,0,0,0,0,0
180230,1,1,16,20,19,19,16,13,10,21,17,14
180231,1,1,23,23,23,23,23,23,23,23,23,23
180232,1,1,0,0,0,0,0,0,0,0,0,0
180233,0,1,0,0,0,0,0,0,0,0,0,0
180233,1,1,0,0,0,0,0,0,0,0,0,0
180234,1,1,0,0,0,0,0,0,0,0,0,0
180234,2,1,0,0,0,0,0,0,0,0,0,0
180235,1,1,11,0,0,0,0,0,0,0,0,0
180236,1,1,0,0,0,0,15,25,25,0,0,13
180237,0,1,0,0,0,0,7,0,0,0,0,0
180237,1,1,0,0,0,0,0,0,0,0,0,0
180238,1,1,0,0,0,0,0,0,0,0,0,0
180238,2,1,0,0,0,0,0,0,0,0,0,0
180239,1,1,0,0,0,0,0,0,0,0,0,0
180239,2,1,0,0,0,0,0,0,0,0,0,0
180239,3,1,0,0,0,0,0,0,0,0,0,0
180240,1,1,0,0,0,0,0,0,0,0,0,0
180241,0,1,31,31,31,31,31,31,31,31,31,31
180241,1,1,0,0,0,0,0,0,0,0,0,0
180242,1,1,0,0,0,0,0,0,0,0,0,0
180242,2,1,0,0,0,0,0,0,0,0,0,0
180243,1,1,0,0,0,0,0,0,0,0,0,0
180243,2,1,0,0,0,0,0,0,0,0,0,0
180243,3,1,0,0,0,0,0,0,0,0,0,0
180244,1,1,33,33,33,33,33,33,33,33,33,33
180245,1,1,0,0,0,0,0,0,0,0,0,0
180245,2,1,0,0,0,0,0,0,0,0,0,0
180246,1,1,0,0,0,0,0,0,0,0,0,0
180246,2,1,0,0,0,0,0,0,0,0,0,0
180247,0,1,0,0,0,26,0,0,0,0,0,0
180247,1,1,0,0,0,0,0,0,0,0,0,0
180248,1,1,0,0,0,0,0,0,0,0,0,0
180248,2,1,0,0,0,0,0,0,0,0,0,0
180249,1,1,0,0,0,0,0,0,0,0,0,0
180249,2,1,0,0,0,0,0,0,0,0,0,0
180250,1,1,24,0,14,0,0,0,0,0,25,0
180250,2,1,0,0,0,0,0,0,0,0,0,0
180251,1,1,24,24,24,24,24,24,24,24,24,24
180252,0,1,0,17,12,17,15,0,0,50,38,17
180252,1,1,0,9,0,0,0,0,0,0,0,0
180253,0,1,0,0,0,0,0,0,0,0,0,0
180253,1,1,0,0,0,0,0,0,0,0,0,0
180254,1,1,0,0,0,0,0,0,0,0,0,0
180255,1,1,15,0,0,0,0,0,0,0,13,0
180256,1,1,0,0,0,0,0,0,0,0,0,0
180256,2,1,0,0,0,0,0,0,0,0,0,0
180257,1,1,18,18,18,18,18,18,18,18,18,18
180258,1,1,0,0,0,0,11,0,0,0,0,0
180259,1,1,2,2,2,2,2,2,2,2,2,2
180259,2,1,0,0,0,0,0,0,0,0,0,0
180261,1,1,15,15,15,15,15,15,15,15,15,15
180262,1,1,0,0,0,0,0,0,0,0,0,0
180262,2,1,0,0,0,0,0,0,0,0,0,0