ST_CASE,VEH_NO,PER_NO,P1,P2,P3,P4,P5,P6,P7,P8,P9,P10
180263,1,1,0,0,0,0,0,0,11,0,0,0
180264,1,1,0,0,0,0,0,0,0,0,0,0
180264,2,1,0,0,0,0,0,0,0,0,0,0
180265,0,1,18,30,28,20,0,11,21,13,13,27
180265,0,2,0,26,14,0,0,0,0,0,0,0
180265,1,1,0,0,0,0,0,0,0,0,0,0
180266,1,1,22,0,0,0,0,0,0,0,0,0
180266,2,1,9,0,0,0,20,11,0,0,0,0
180267,1,1,0,0,0,0,0,0,0,0,0,0
180267,2,1,0,0,0,0,0,0,0,0,0,0
180268,1,1,0,0,0,0,0,0,0,0,0,0
180268,2,1,0,0,0,0,0,0,0,0,0,0
180269,1,1,0,0,0,0,0,0,0,0,0,0
180270,1,1,0,0,0,0,0,0,0,0,0,0
180270,2,1,0,0,0,0,0,0,0,0,0,0
180271,1,1,0,12,0,0,0,0,0,18,0,0
180273,1,1,0,0,0,0,12,9,0,5,0,0
180274,1,1,0,0,0,0,0,0,0,0,0,23
180275,1,1,0,0,0,0,0,0,0,0,0,0
180275,2,1,0,0,0,0,0,0,0,0,0,0
180276,1,1,20,20,24,8,32,3,18,8,12,32
180277,1,1,0,10,0,0,0,0,0,0,0,30
180278,0,1,34,6,14,30,10,15,16,30,19,26
180278,1,1,26,0,0,0,0,0,0,16,0,7
180279,1,1,0,0,0,0,0,0,0,0,0,0
180280,0,1,0,0,0,0,0,0,0,0,0,0
180280,1,1,0,0,0,0,0,0,0,0,0,0
180281,0,1,32,32,32,32,32,32,32,32,32,32
180281,1,1,0,0,0,2,0,0,0,0,0,0
180282,1,1,0,0,0,0,0,0,0,0,0,0
180283,1,1,20,20,20,20,20,20,20,20,20,20
180283,2,1,0,0,0,0,0,0,0,0,0,0
180284,1,1,23,23,23,23,23,23,23,23,23,23
180285,0,1,16,19,15,0,0,28,0,0,14,2
180285,1,1,24,24,24,24,24,24,24,24,24,24
180286,1,1,0,0,0,0,0,0,0,0,0,0
180287,1,1,0,0,0,0,0,0,0,0,0,0
180288,1,1,0,0,0,0,0,0,0,0,0,0
180288,2,1,0,0,0,0,0,0,0,0,0,0
180289,1,1,0,0,0,0,0,0,0,0,0,0
180290,1,1,15,15,15,15,15,15,15,15,15,15
180290,2,1,15,15,15,15,15,15,15,15,15,15
180291,1,1,0,0,0,0,0,23,0,0,0,0
180292,1,1,0,0,0,0,0,0,0,0,0,0
180293,0,1,21,21,21,21,21,21,21,21,21,21
180293,1,1,0,0,0,0,0,0,0,0,0,0
180294,1,1,0,0,0,0,0,0,0,0,0,0
180296,1,1,11,11,11,11,11,11,11,11,11,11
180297,1,1,27,0,0,0,0,0,0,0,0,0
180298,1,1,0,0,0,0,0,0,0,0,0,0
180299,1,1,0,0,0,0,0,0,0,0,0,0
180299,2,1,0,0,0,0,0,0,0,0,0,0
180299,3,1,0,0,0,0,0,0,0,0,0,0
180300,0,1,0,0,0,25,0,0,17,0,0,0
180300,1,1,0,0,0,0,0,0,0,0,0,0
180300,2,1,0,0,0,0,0,0,0,0,0,0
180301,1,1,0,0,0,0,0,0,0,0,0,0
180301,2,1,0,0,0,0,0,0,0,0,0,0
180302,1,1,0,0,6,0,0,6,0,0,0,0
180302,2,1,0,0,0,0,0,0,0,0,0,0
180303,1,1,10,10,10,10,10,10,10,10,10,10
180304,0,1,0,0,0,0,0,0,0,0,0,0
180304,1,1,0,0,0,0,0,0,0,0,0,0
180305,1,1,0,0,0,0,0,0,0,0,0,0
180306,1,1,0,0,0,0,0,0,0,0,0,0
180306,2,1,0,0,0,0,0,0,0,0,0,0
180307,1,1,0,0,0,0,0,0,0,0,0,0
180307,2,1,0,0,0,0,0,0,0,0,0,0
180308,1,1,0,0,0,0,0,0,0,0,0,0
180308,2,1,0,0,0,0,0,0,0,0,0,0
180309,1,1,0,0,0,0,0,0,0,0,0,0
180309,2,1,0,0,0,0,0,0,0,0,0,0
180309,3,1,0,0,0,0,0,0,0,0,0,0
180310,0,1,30,0,0,0,0,17,0,0,23,0
180310,1,1,0,0,0,0,0,0,0,0,0,0
180311,1,1,0,0,0,0,0,0,0,0,0,0
180312,1,1,0,0,0,0,0,0,0,0,0,0
180312,2,1,0,0,0,0,0,0,0,0,0,0
180313,1,1,0,0,0,0,0,0,0,0,0,0
180313,2,1,0,0,0,0,0,0,0,0,0,0
180314,1,1,10,10,10,10,10,10,10,10,10,10
180314,2,1,0,0,0,0,0,0,0,0,0,0
180315,1,1,0,0,0,11,0,0,0,0,0,0
180315,2,1,0,0,0,0,0,0,0,0,0,0
180315,3,1,0,0,0,0,0,0,0,0,0,0
180316,1,1,0,0,0,0,0,0,0,0,0,0
180316,2,1,0,0,0,0,0,0,0,0,0,0
180317,1,1,16,16,16,16,16,16,16,16,16,16
180317,2,1,11,0,0,0,0,0,0,0,0,0
180318,1,1,24,14,0,0,0,0,0,0,0,18
180319,1,1,0,0,0,0,0,0,5,0,0,0
180320,1,1,0,0,0,0,0,0,0,0,0,0
180320,2,1,0,0,16,0,0,0,0,0,0,0
180320,3,1,0,0,0,0,0,0,0,0,0,0
180320,4,1,0,0,0,0,0,0,0,0,0,0
180321,0,1,0,0,0,0,0,0,0,0,0,0
180321,1,1,11,11,11,11,11,11,11,11,11,11
180323,1,1,29,7,28,0,25,0,8,17,24,0
180324,1,1,20,20,20,20,20,20,20,20,20,20
180325,1,1,0,0,0,0,3,0,0,12,0,18
180325,2,1,0,0,0,0,0,0,0,0,0,0
180326,1,1,0,0,0,0,0,0,0,0,0,0
180326,2,1,0,0,0,0,0,0,0,0,0,0
180327,1,1,0,0,0,0,0,0,0,0,0,0
180327,2,1,0,0,0,0,0,0,0,0,0,0
180328,1,1,0,0,0,0,0,0,0,0,17,0
180328,2,1,0,0,0,0,0,0,0,0,0,0
180329,1,1,15,0,0,19,18,0,0,0,0,0
180330,1,1,0,0,0,0,0,19,0,0,0,26
180331,1,1,0,0,0,0,18,0,13,0,23,0
180332,0,1,0,0,0,0,0,0,0,0,0,0
180332,1,1,0,0,0,0,0,0,0,0,0,0
180333,1,1,0,0,0,0,0,0,0,0,0,0
180334,1,1,0,0,0,0,0,0,0,0,0,0
180334,2,1,0,0,0,0,0,0,0,0,0,0
180336,1,1,0,0,0,0,0,0,0,0,0,0
180337,1,1,0,0,0,0,0,0,0,0,0,0
180337,2,1,0,0,0,0,0,0,0,0,0,0
180337,3,1,0,0,0,0,0,0,0,0,0,0
180337,4,1,0,0,0,0,0,0,0,0,0,0
180338,1,1,6,6,6,6,6,6,6,6,6,6
180338,2,1,0,0,0,0,0,0,0,0,0,0
180339,1,1,0,0,0,0,0,0,0,0,0,0
180340,1,1,0,21,9,0,17,7,0,10,0,0
180341,0,1,0,0,0,0,43,0,42,0,0,4
180341,1,1,0,0,0,0,0,0,0,0,0,0
180342,0,1,0,9,0,0,0,0,0,0,0,0
180342,1,1,0,0,0,0,0,0,0,0,0,0
180343,1,1,0,0,0,0,0,0,0,0,0,0
180343,2,1,0,0,4,0,0,0,0,0,0,0
180344,0,1,0,0,0,0,0,0,0,0,0,0
180344,1,1,12,0,0,0,0,0,0,0,0,0
180345,0,1,0,0,0,0,0,0,0,21,0,0
180345,1,1,0,0,0,0,0,0,0,0,0,0
180346,1,1,0,0,0,0,0,0,0,0,0,0
180346,2,1,0,0,0,0,0,0,0,0,0,0
180346,3,1,0,0,0,0,0,0,0,0,0,0
180347,1,1,0,0,0,0,0,0,0,0,0,0
180348,1,1,0,0,0,0,0,0,0,0,0,0
180348,2,1,0,0,0,0,0,0,0,0,0,0
180349,0,1,0,15,34,0,25,43,0,44,16,7
180349,1,1,0,0,0,0,0,0,0,0,0,0
180350,1,1,0,0,0,0,0,0,0,0,0,0
180350,2,1,0,0,0,0,0,0,0,0,0,0
180351,1,1,0,0,0,0,0,0,0,0,0,0
180351,2,1,0,0,0,0,0,0,0,0,0,0
180352,1,1,5,5,5,5,5,5,5,5,5,5
180352,2,1,0,0,0,0,0,0,0,0,0,0
180353,0,1,0,0,0,0,0,0,0,0,0,0
180353,1,1,0,0,0,0,0,0,0,0,0,0
180354,1,1,27,27,27,27,27,27,27,27,27,27
180355,1,1,0,0,0,0,0,0,0,0,0,0
180356,1,1,0,0,0,0,0,0,0,0,0,0
180356,2,1,0,0,0,0,0,0,0,0,0,0
180356,3,1,0,0,0,0,0,0,0,0,0,0
180357,1,1,14,14,14,14,14,14,14,14,14,14
180358,1,1,0,0,0,0,0,0,0,0,0,0
180358,2,1,0,0,0,0,0,0,0,0,0,0
180359,1,1,24,24,24,24,24,24,24,24,24,24
180359,2,1,0,15,0,0,0,0,0,0,35,0
180360,1,1,0,0,0,0,0,0,0,0,0,0
180361,1,1,0,0,0,0,0,0,0,0,0,0
180361,2,1,0,0,0,0,0,0,0,0,0,0
180362,1,1,0,0,0,0,0,0,0,0,0,0
180363,1,1,0,0,0,0,0,18,0,0,0,0
180364,1,1,0,0,0,0,18,17,0,10,0,0
180364,2,1,7,7,7,7,7,7,7,7,7,7
180365,1,1,0,0,0,33,0,0,0,0,0,0
180366,1,1,0,0,0,0,0,0,0,0,0,0
180366,2,1,0,0,0,0,0,0,0,0,0,0
180367,1,1,0,0,0,0,0,0,0,0,0,0
180368,0,1,0,0,0,0,21,16,28,0,24,18
180368,0,2,0,28,0,0,33,0,0,0,0,0
180368,1,1,19,7,11,10,6,13,8,9,12,9
180369,1,1,0,0,0,0,0,0,0,0,0,0
180369,2,1,0,0,0,0,0,0,0,0,0,0
180370,1,1,0,0,0,0,0,0,0,0,0,0
180371,1,1,0,0,0,0,0,0,0,0,0,0
180371,2,1,0,0,0,0,0,0,0,0,0,0
180372,1,1,0,0,0,0,0,0,0,0,0,0
180373,1,1,0,0,0,0,0,0,0,0,0,0
180374,1,1,0,0,0,0,0,0,0,0,0,0
180374,2,1,4,4,0,0,8,0,0,0,0,0
180375,1,1,0,0,0,0,0,0,0,0,0,0
180375,2,1,0,0,0,0,0,0,0,0,0,0
180375,3,1,0,0,0,0,0,0,0,0,0,0
180376,1,1,9,9,9,9,9,9,9,9,9,9
180377,1,1,14,14,14,14,14,14,14,14,14,14
180378,1,1,32,0,0,16,0,30,0,0,0,0
180379,1,1,0,0,0,0,0,0,13,0,0,0
180379,2,1,0,0,0,0,0,0,0,0,0,0
180380,1,1,0,0,0,0,0,0,0,0,33,0
180381,0,1,0,0,0,0,0,0,0,0,0,0
180381,1,1,0,0,0,0,0,0,0,0,0,0
180382,1,1,0,0,0,0,0,0,0,0,0,0
180382,2,1,0,0,0,0,0,0,0,0,0,0
180383,1,1,0,0,0,0,0,0,0,0,0,0
180383,2,1,0,0,0,0,0,0,0,0,0,0
180384,0,1,0,0,0,0,0,0,0,0,0,0
180384,1,1,0,0,0,0,0,0,0,0,0,0
180385,1,1,0,0,0,0,0,0,0,0,0,0
180385,2,1,0,0,0,0,0,0,0,0,0,0
180385,3,1,0,0,0,0,25,0,0,0,0,0
180386,1,1,0,0,0,0,0,0,0,0,0,0
180387,1,1,4,4,4,4,4,4,4,4,4,4
180387,2,1,0,0,0,0,0,0,0,0,0,0
180387,3,1,0,0,0,0,0,0,0,0,0,0
180388,1,1,17,16,0,0,34,32,0,0,0,0
180389,1,1,0,11,0,0,0,0,0,0,0,0
180390,1,1,0,0,0,0,0,0,0,0,0,0
180391,1,1,0,0,0,0,0,0,0,0,0,0
180391,2,1,0,0,0,0,0,0,0,0,0,0
180392,1,1,0,0,14,0,11,0,0,12,11,7
180393,1,1,0,0,0,0,0,0,0,0,0,0
180393,2,1,0,0,0,0,0,0,0,0,0,0
180394,1,1,0,0,0,0,0,0,0,0,0,0
180394,2,1,0,0,0,0,0,0,0,0,0,0
180395,1,1,0,0,0,0,0,0,0,0,0,15
180396,1,1,0,0,0,0,0,0,0,0,0,0
180396,2,1,0,0,0,0,0,0,0,0,0,0
180397,1,1,0,0,0,0,0,0,0,0,0,0
180397,2,1,0,3,0,0,0,0,0,0,0,0
180399,1,1,0,0,0,0,4,0,0,0,0,0
180399,2,1,0,0,0,0,0,0,0,0,0,0
180401,1,1,18,18,18,18,18,18,18,18,18,18
180402,1,1,0,0,0,0,0,0,0,0,0,0
180402,2,1,27,27,27,27,27,27,27,27,27,27
180403,1,1,0,0,0,0,0,0,0,0,0,0
180403,2,1,0,0,0,0,0,0,0,0,0,0
180403,3,1,0,0,0,0,0,0,0,0,0,14
180404,1,1,0,0,0,0,0,0,0,0,0,0
180404,2,1,0,0,0,0,0,0,0,0,0,0
180405,0,1,16,16,19,21,18,12,7,20,0,13
180405,1,1,0,0,0,0,0,0,0,0,0,0
180405,2,1,0,0,0,0,0,0,0,0,0,0
180406,1,1,0,0,0,0,0,0,0,0,0,0
180406,2,1,18,9,12,8,14,9,17,8,4,5
180407,1,1,0,0,0,0,0,0,0,0,0,0
180407,2,1,0,13,9,0,10,0,0,0,6,0
180408,0,1,0,0,0,0,0,0,0,0,7,30
180408,1,1,0,0,0,0,0,0,0,0,0,0
180409,1,1,0,0,0,0,0,0,0,0,0,0
180409,2,1,0,0,0,0,0,0,0,0,0,0
180410,1,1,26,26,26,26,26,26,26,26,26,26
180411,1,1,23,23,23,23,23,23,23,23,23,23
180412,1,1,0,0,0,14,0,7,0,11,0,9
180413,1,1,17,19,6,10,7,6,0,8,3,10
180414,1,1,0,0,0,0,0,0,0,0,0,0
180414,2,1,0,0,0,0,0,0,0,15,0,0
180415,1,1,0,0,0,0,0,0,0,15,0,0
180415,2,1,12,0,0,0,0,0,0,0,0,0
180416,1,1,0,0,0,0,0,0,0,0,0,0
180417,1,1,0,13,27,0,0,17,20,7,20,20
180418,1,1,26,26,26,26,26,26,26,26,26,26
180419,1,1,0,0,10,27,0,0,11,12,0,9
180420,1,1,0,0,0,0,0,0,0,0,0,0
180421,1,1,6,6,6,6,6,6,6,6,6,6
180422,1,1,0,0,0,0,0,0,0,0,0,0
180422,2,1,0,0,0,0,0,0,34,0,0,0
180423,0,1,3,3,3,3,3,3,3,3,3,3
180423,1,1,14,14,14,14,14,14,14,14,14,14
180424,1,1,0,0,0,17,0,0,0,0,0,0
180424,2,1,20,0,0,2,0,0,0,0,0,0
180425,1,1,0,0,0,0,0,0,0,0,0,0
180425,2,1,0,0,0,0,0,0,0,0,0,0
180426,1,1,0,0,0,0,0,15,0,0,0,0
180426,2,1,0,0,0,0,0,0,0,0,0,8
180428,1,1,0,0,0,0,0,0,0,0,0,0
180428,2,1,0,0,0,0,0,0,0,0,0,0
180428,3,1,0,0,0,0,0,0,0,0,0,0
180429,1,1,0,0,0,0,0,0,0,0,0,0
180429,2,1,8,8,8,8,8,8,8,8,8,8
180430,1,1,0,0,0,0,0,0,0,0,0,0
180430,2,1,0,0,0,0,0,0,0,0,0,0
180431,1,1,0,0,0,0,0,12,0,21,0,0
180432,0,1,0,30,12,0,0,0,0,0,0,0
180432,1,1,0,3,0,0,0,4,0,0,0,6
180433,0,1,32,0,0,4,20,0,33,22,50,23
180433,1,1,0,0,0,0,0,0,21,0,0,0
180434,1,1,14,14,14,14,14,14,14,14,14,14
180434,2,1,7,0,0,0,0,0,0,0,0,14
180436,1,1,15,0,0,0,0,21,10,0,0,0
180437,1,1,0,0,0,0,0,0,0,0,0,0
180437,2,1,0,0,0,0,0,0,0,0,0,0
180438,1,1,0,0,0,0,0,0,0,0,0,0
180438,2,1,0,4,0,0,0,0,0,0,0,11
180439,1,1,0,17,0,0,0,0,31,0,0,0
180439,2,1,0,0,0,0,0,0,0,0,17,0
180440,0,1,0,0,0,0,0,0,0,0,13,0
180440,1,1,0,0,0,0,0,0,9,0,0,0
180441,1,1,0,0,0,0,0,0,0,0,0,0
180442,1,1,0,0,0,0,0,0,21,0,0,0
180442,2,1,0,0,0,0,0,7,5,0,0,0
180443,1,1,0,0,0,0,0,0,0,0,0,0
180444,1,1,0,0,0,0,0,0,0,0,0,0
180445,1,1,0,0,0,0,0,0,0,0,0,0
180445,2,1,0,0,0,0,0,0,0,0,0,0
180446,1,1,0,0,0,0,0,0,0,0,0,0
180446,2,1,0,0,0,0,0,0,0,0,0,0
180447,0,1,0,0,0,0,0,0,0,0,0,0
180447,1,1,0,0,0,0,0,0,0,0,0,0
180448,1,1,42,42,42,42,42,42,42,42,42,42
180448,2,1,0,0,0,0,0,0,0,0,0,0
180449,1,1,0,0,0,0,0,0,0,0,0,0
180450,1,1,0,0,0,0,0,0,0,0,0,0
180450,2,1,0,0,0,0,0,0,0,0,0,0
180452,1,1,0,0,0,0,0,0,0,0,0,0
180452,2,1,0,0,0,0,0,0,0,0,0,0
180454,1,1,0,0,0,0,0,0,0,0,0,0
180454,2,1,0,0,0,0,0,0,0,0,0,0
180455,1,1,12,12,12,12,12,12,12,12,12,12
180456,1,1,0,0,0,0,18,0,0,0,0,0
180457,1,1,0,0,0,0,0,0,0,0,0,0
180458,1,1,0,0,0,0,0,0,0,0,0,0
180458,2,1,0,0,0,0,0,0,0,0,0,0
180458,3,1,0,0,12,0,0,0,0,0,0,0
180458,4,1,0,7,0,0,0,0,0,0,0,0
180458,5,1,0,0,0,0,0,0,0,0,0,0
180458,6,1,0,0,15,0,0,0,0,0,0,0
180458,7,1,0,5,0,0,0,0,9,0,0,0
180459,1,1,0,0,0,0,0,0,0,0,0,0
180460,0,1,0,0,0,0,0,0,0,0,0,0
180460,1,1,0,0,0,0,0,0,0,0,0,0
180461,1,1,0,0,0,0,0,0,0,0,0,0
180461,2,1,0,0,0,0,0,0,0,0,0,0
180462,1,1,0,0,0,0,0,0,0,0,0,0
180463,1,1,0,0,0,0,0,0,0,0,0,0
180463,2,1,0,0,0,0,0,0,0,0,0,0
180464,1,1,0,0,0,0,0,0,0,0,0,0
180464,2,1,0,0,0,0,0,0,0,0,0,0
180465,1,1,0,0,0,0,0,0,0,0,0,0
180465,2,1,0,0,0,0,0,0,0,0,0,0
180466,1,1,0,0,0,0,0,0,0,0,0,0
180467,1,1,0,0,0,0,0,0,0,0,0,0
180467,2,1,0,0,0,0,0,0,0,0,0,0
180468,1,1,0,0,0,0,0,0,0,0,0,0
180468,2,1,0,0,0,0,0,0,0,0,0,0
180469,1,1,0,0,0,8,0,0,0,23,0,0
180470,1,1,0,0,0,0,0,0,0,0,0,0
180470,2,1,0,0,0,0,0,0,0,0,0,0
180470,3,1,0,0,0,0,0,0,0,0,0,0
180471,1,1,39,0,14,13,22,26,25,15,21,6
180472,1,1,0,0,0,0,0,0,0,0,0,0
180472,2,1,0,0,0,0,0,0,0,0,0,0
180473,1,1,0,0,0,0,0,0,0,0,0,0
180474,1,1,0,0,0,0,0,0,0,0,0,0
180474,2,1,0,0,0,0,0,0,0,0,0,0
180475,1,1,0,0,0,0,0,0,0,0,0,0
180475,2,1,0,0,0,0,0,0,0,0,0,0
180476,1,1,7,17,9,30,13,6,0,35,20,23
180477,1,1,0,0,0,0,0,0,0,0,0,0
180477,2,1,0,0,0,0,0,0,0,0,0,0
180478,1,1,0,0,0,0,0,0,0,0,0,0
180478,2,1,0,0,0,0,0,0,0,0,0,0
180479,1,1,22,22,22,22,22,22,22,22,22,22
180479,2,1,0,0,0,0,0,0,0,0,0,0
180480,1,1,0,0,0,0,0,0,0,0,0,0
180480,2,1,0,0,0,0,0,0,0,0,0,0
180481,1,1,0,0,0,0,0,0,0,0,0,0
180482,1,1,0,0,0,0,0,0,0,0,0,0
180482,2,1,0,0,0,0,0,0,0,0,0,0
180483,1,1,0,0,0,0,16,0,0,0,0,17
180483,2,1,0,0,0,0,0,0,0,0,0,0
180484,1,1,14,14,14,14,14,14,14,14,14,14
180485,1,1,17,17,17,17,17,17,17,17,17,17
180486,1,1,0,0,0,0,0,0,0,0,0,0
180487,1,1,0,0,0,0,0,0,0,0,0,0
180487,2,1,0,0,0,19,0,0,0,0,0,0
180488,1,1,0,0,0,0,0,0,0,0,0,0
180488,2,1,0,4,0,0,0,0,0,0,23,0
180489,1,1,0,0,0,0,0,0,0,0,0,0
180489,2,1,0,0,0,0,0,0,0,0,0,0
180489,3,1,0,0,0,0,0,0,0,0,0,0
180490,1,1,17,17,17,17,17,17,17,17,17,17
180491,1,1,0,0,0,7,0,12,0,0,0,0
180491,2,1,0,0,0,0,0,0,0,0,0,0
180493,1,1,0,0,0,0,0,0,0,0,0,0
180493,2,1,0,0,0,0,0,0,0,0,0,0
180494,1,1,0,0,0,0,0,0,0,0,0,0
180494,2,1,0,0,0,0,0,0,0,0,0,0
180494,3,1,0,0,0,0,0,0,0,0,0,0
180495,1,1,0,0,0,0,0,0,0,0,0,0
180495,2,1,0,0,0,0,0,0,0,0,0,0
180495,3,1,0,0,0,0,0,0,0,0,0,0
180496,1,1,0,0,0,0,0,0,0,0,0,20
180496,2,1,0,0,0,0,0,0,0,0,0,0
180497,1,1,0,0,0,0,0,0,0,13,0,16
180497,2,1,0,0,0,0,0,0,0,0,0,0
180498,1,1,0,0,0,0,0,0,0,0,0,0
180499,1,1,0,0,0,0,5,0,0,0,0,0
180500,1,1,0,0,0,0,0,0,0,0,0,0
180500,2,1,0,8,0,0,0,0,0,0,0,0
180501,0,1,0,0,43,0,0,0,0,0,0,13
180501,1,1,4,23,16,15,0,17,18,4,11,24
180502,1,1,0,23,0,0,0,0,15,0,0,0
180503,1,1,0,0,0,0,0,0,0,0,0,0
180504,1,1,0,0,0,0,0,0,0,0,0,0
180504,2,1,0,0,0,0,0,0,0,0,0,0
180505,1,1,0,0,0,0,0,0,0,0,0,0
180506,0,1,0,0,0,0,0,0,0,0,0,0
180506,1,1,0,0,0,0,0,0,0,0,0,0
180507,1,1,0,0,0,0,0,0,0,0,0,0
180508,1,1,16,16,16,16,16,16,16,16,16,16
180508,2,1,0,0,10,0,0,0,0,0,11,0
180509,1,1,8,8,8,8,8,8,8,8,8,8
180509,2,1,0,0,0,0,0,0,0,0,0,0
180510,0,1,28,38,0,13,0,0,0,0,0,0
180510,1,1,0,0,0,0,0,0,0,0,0,0
180510,2,1,0,0,0,0,0,0,0,28,10,0
180511,1,1,0,0,0,0,14,0,0,0,15,0
180511,2,1,0,0,0,0,0,0,0,0,0,0
180512,0,1,19,0,0,0,0,0,9,0,13,0
180512,0,2,0,29,0,0,0,13,5,28,0,35
180512,1,1,10,35,11,18,22,13,19,12,14,17
180513,0,1,0,0,12,26,0,0,0,7,0,9
180513,1,1,0,0,0,0,0,0,0,0,0,0
180514,1,1,0,0,0,12,0,0,0,0,0,0
180514,2,1,0,0,0,0,0,0,0,0,0,0
180515,1,1,0,0,0,0,0,0,0,0,0,0
180515,2,1,0,0,0,0,0,0,0,0,0,0
180516,0,1,0,0,0,0,0,0,0,0,0,0
180516,1,1,0,0,0,0,0,0,0,0,0,0
180517,1,1,10,10,10,10,10,10,10,10,10,10
180518,0,1,23,23,23,23,23,23,23,23,23,23
180518,1,1,0,0,0,0,0,0,0,0,0,0
180519,1,1,0,0,0,0,0,0,0,0,0,0
180519,2,1,0,0,0,0,0,0,0,0,0,0
180520,1,1,0,0,0,0,0,0,0,0,0,0
180520,2,1,0,0,0,0,0,0,0,0,0,0
180521,1,1,0,0,8,0,0,27,0,0,0,0
180522,1,1,9,9,9,9,9,9,9,9,9,9
180523,1,1,0,0,0,0,0,0,0,0,0,0
180523,2,1,0,0,0,0,0,0,0,0,0,0
180525,1,1,0,0,0,0,0,0,0,0,0,0
180525,2,1,0,0,0,0,0,0,0,0,0,0
180526,1,1,0,0,0,0,0,0,0,0,0,0
180527,1,1,19,19,19,19,19,19,19,19,19,19
180527,2,1,0,0,0,0,0,0,0,0,0,0
180528,1,1,0,14,0,0,0,0,0,0,0,0
180530,0,1,0,0,0,0,0,0,0,0,0,0
180530,1,1,0,0,0,0,0,0,0,0,0,0
180531,1,1,19,19,19,19,19,19,19,19,19,19
180531,2,1,0,0,0,0,0,0,0,0,0,0
180532,1,1,0,0,0,0,0,32,0,0,0,0
180533,1,1,0,0,0,0,0,0,0,0,0,0
180533,2,1,0,0,0,0,0,0,0,0,15,0
180534,1,1,0,0,0,0,0,0,0,0,0,0
180534,2,1,0,0,0,0,0,0,0,0,0,0
180535,1,1,0,0,0,0,0,0,0,0,0,0
180535,2,1,0,0,0,0,0,0,0,0,0,0
180535,3,1,0,0,0,0,0,0,0,0,0,0
180536,1,1,0,15,0,0,0,24,0,0,12,0
180537,1,1,20,20,20,20,20,20,20,20,20,20
180537,2,1,0,0,0,0,0,0,0,0,0,0
180538,0,1,28,28,28,28,28,28,28,28,28,28
180538,1,1,0,0,0,0,0,0,0,0,0,0
180539,1,1,0,0,0,25,0,0,0,0,0,0
180540,1,1,11,11,11,11,11,11,11,11,11,11
180541,0,1,0,0,0,0,0,0,0,0,0,0
180541,0,2,0,43,0,0,0,0,19,0,21,0
180541,1,1,0,0,0,0,0,0,0,0,18,0
180542,1,1,0,0,0,0,0,0,0,0,0,0
180543,1,1,28,28,28,28,28,28,28,28,28,28
180544,1,1,0,0,0,0,0,0,0,0,0,0
180545,1,1,0,0,0,0,0,0,0,0,0,0
180545,2,1,0,0,0,0,0,0,0,0,0,0
180546,1,1,0,0,0,0,0,0,0,0,0,0
180546,2,1,0,0,0,0,0,0,0,0,0,0
180547,1,1,0,0,0,0,0,0,0,0,0,0
180547,2,1,0,0,21,0,0,13,0,0,0,13
180548,1,1,0,0,0,0,0,0,0,0,0,0
180549,0,1,0,0,0,0,0,0,0,0,0,0
180549,1,1,0,0,0,20,0,0,0,13,0,0
180550,1,1,0,0,0,0,0,0,0,0,0,0
180551,1,1,0,0,0,0,0,0,0,0,0,0
180551,2,1,0,0,0,0,0,0,0,0,0,0
180552,1,1,0,0,0,0,0,0,0,0,0,0
180552,2,1,0,0,0,0,0,0,0,0,0,0
180553,1,1,0,0,0,0,0,0,0,0,0,0
180553,2,1,0,0,0,0,0,0,0,0,0,0
180554,1,1,0,0,0,0,0,0,27,0,10,0
180554,2,1,0,0,0,0,0,0,0,0,0,0
180555,1,1,0,0,0,0,0,0,0,13,0,0
180556,1,1,0,0,0,0,0,0,0,0,0,0
180556,2,1,0,0,10,0,0,0,0,0,24,0
180557,1,1,0,0,0,0,0,0,0,0,0,0
180557,2,1,0,0,0,0,0,0,0,0,0,0
180558,1,1,0,0,0,0,0,0,0,0,0,0
180558,2,1,0,0,0,0,0,0,0,0,0,0
180559,0,1,54,0,0,16,0,0,0,0,17,5
180559,1,1,2,2,2,2,2,2,2,2,2,2
180560,1,1,21,21,21,21,21,21,21,21,21,21
180560,2,1,0,0,0,0,0,0,0,0,0,0
180562,1,1,0,0,7,0,0,8,0,0,0,0
180563,1,1,0,0,0,0,0,0,0,0,0,23
180564,1,1,0,0,0,0,0,0,0,0,0,0
180564,2,1,0,0,0,0,0,0,0,0,0,0
180565,1,1,0,0,0,0,0,0,0,0,0,0
180565,2,1,0,0,0,0,17,0,0,0,0,0
180566,0,1,0,0,0,0,0,0,0,0,0,0
180566,1,1,0,0,0,0,0,0,0,0,0,0
180567,1,1,21,25,10,2,13,28,15,16,4,7
180568,1,1,8,8,8,8,8,8,8,8,8,8
180569,1,1,0,0,0,0,0,0,0,0,0,0
180570,0,1,0,0,0,0,0,18,0,0,0,0
180570,1,1,0,0,0,0,0,0,0,0,0,0
180571,1,1,5,0,0,15,0,0,0,0,0,0
180572,0,1,20,9,0,0,0,0,0,0,0,0
180572,0,2,0,0,0,0,0,0,0,0,0,0
180572,1,1,0,0,0,0,0,0,0,0,0,0
180573,1,1,0,0,0,0,0,0,0,0,0,0
180574,1,1,0,0,0,0,0,0,0,0,0,0
180575,1,1,0,22,0,0,0,0,0,0,0,0
180576,1,1,0,0,0,0,0,0,0,0,0,0
180577,0,1,0,37,0,0,0,24,0,0,0,0
180578,1,1,0,0,0,0,0,0,0,0,0,0
180578,2,1,0,0,0,0,0,0,0,0,0,0
180578,3,1,0,0,0,0,0,0,0,0,0,0