ST_CASE,VEH_NO,PER_NO,P1,P2,P3,P4,P5,P6,P7,P8,P9,P10
180579,1,1,0,24,0,0,0,0,17,0,0,0
180580,1,1,0,0,0,0,0,0,0,0,0,0
180580,2,1,0,0,0,0,0,0,0,0,0,0
180581,1,1,0,0,0,0,0,0,0,0,0,0
180581,2,1,0,0,23,0,0,0,0,0,0,0
180583,1,1,0,0,0,0,0,0,0,0,0,0
180583,2,1,0,0,0,0,0,0,0,0,0,0
180584,0,1,0,0,0,0,20,0,0,17,0,0
180584,1,1,6,0,0,0,5,0,0,8,0,0
180585,1,1,0,0,0,0,0,0,0,0,0,0
180585,2,1,0,0,0,0,0,0,0,0,0,0
180586,1,1,0,0,0,0,0,0,0,0,0,0
180586,2,1,0,0,0,0,0,0,0,0,0,0
180587,1,1,27,27,27,27,27,27,27,27,27,27
180588,1,1,0,0,0,0,0,0,0,0,0,0
180588,2,1,0,0,0,0,0,0,0,0,0,0
180589,1,1,0,0,0,0,0,0,0,0,0,0
180589,2,1,0,0,0,0,0,0,0,0,0,0
180589,3,1,0,0,0,0,0,0,0,0,0,0
180590,1,1,0,0,0,0,0,0,0,0,0,0
180590,2,1,0,0,0,0,0,0,0,0,0,0
180591,1,1,0,26,0,6,0,0,0,0,0,0
180592,1,1,0,0,0,0,0,0,0,0,0,0
180593,1,1,19,24,30,3,0,31,12,19,7,20
180595,1,1,0,0,0,0,0,0,0,0,0,0
180595,2,1,0,0,0,0,0,0,0,0,0,0
180596,1,1,0,0,0,0,0,0,0,0,0,0
180596,2,1,0,0,0,0,0,0,0,0,0,0
180597,0,1,0,0,0,0,0,0,0,0,0,0
180597,1,1,0,0,0,0,0,0,0,0,0,0
180598,1,1,0,0,0,0,0,0,0,0,0,0
180598,2,1,0,0,0,0,0,0,0,0,0,0
180598,3,1,0,0,0,0,0,0,0,0,0,0
180598,4,1,0,0,0,0,0,0,0,0,0,0
180599,1,1,0,0,0,0,0,0,0,0,0,0
180599,2,1,0,0,0,0,0,0,0,0,0,0
180600,1,1,0,0,0,0,0,0,0,0,0,0
180600,2,1,0,0,0,0,0,0,0,0,4,0
180601,0,1,0,0,0,0,0,0,0,0,0,0
180601,1,1,0,0,0,0,0,0,0,0,0,0
180602,1,1,0,0,0,0,0,0,0,0,0,0
180602,2,1,13,13,13,13,13,13,13,13,13,13
180603,1,1,0,0,0,0,0,0,0,0,0,0
180603,2,1,0,0,0,0,0,0,0,0,0,0
180604,1,1,0,0,0,0,0,0,0,0,0,0
180604,2,1,0,17,0,0,0,0,0,0,0,0
180604,3,1,0,0,0,0,0,0,0,0,0,0
180605,1,1,0,0,0,0,0,0,0,0,0,0
180605,2,1,0,0,0,0,0,0,0,0,0,0
180606,0,1,0,0,20,0,8,0,0,0,8,0
180606,1,1,0,0,0,0,0,0,0,0,0,0
180607,1,1,0,0,0,0,0,0,0,0,0,0
180607,2,1,0,11,0,0,0,0,0,0,0,0
180608,1,1,0,0,0,0,0,0,0,0,0,0
180608,2,1,0,0,0,0,0,0,0,0,0,0
180609,1,1,0,0,0,0,0,0,0,0,0,0
180610,1,1,0,0,0,0,0,0,0,0,0,0
180610,2,1,0,0,0,0,0,0,0,0,0,0
180611,1,1,0,0,0,0,0,0,0,0,0,0
180612,1,1,0,0,0,0,0,0,0,0,0,0
180613,1,1,19,0,0,26,0,0,0,0,0,0
180614,1,1,0,33,0,39,0,0,0,0,0,0
180615,1,1,0,0,0,0,0,0,0,0,0,0
180615,2,1,0,0,0,0,0,0,0,0,0,0
180616,1,1,5,5,5,5,5,5,5,5,5,5
180616,2,1,0,0,0,0,0,0,0,0,0,0
180617,1,1,0,0,0,0,0,0,0,0,0,0
180617,2,1,0,0,0,0,0,0,0,0,0,0
180618,1,1,0,0,0,0,28,0,0,0,0,0
180619,1,1,0,0,0,0,0,0,0,0,0,0
180619,2,1,0,0,0,0,0,0,0,0,0,0
180620,1,1,0,0,0,0,0,0,0,0,0,0
180620,2,1,0,0,0,0,0,0,0,0,0,0
180621,1,1,0,41,0,0,0,0,38,0,0,0
180622,1,1,29,29,29,29,29,29,29,29,29,29
180623,0,1,26,26,26,26,26,26,26,26,26,26
180623,1,1,0,0,0,17,0,5,0,0,0,0
180625,1,1,0,0,0,0,0,0,0,0,0,0
180626,1,1,0,0,0,0,0,0,0,0,0,0
180627,1,1,0,0,0,0,0,0,0,0,0,0
180628,1,1,0,0,0,0,0,0,0,0,0,0
180628,2,1,0,0,0,0,0,0,0,0,0,0
180629,1,1,0,0,0,0,0,0,0,0,0,0
180629,2,1,0,0,0,0,0,0,0,0,0,0
180630,0,1,31,31,31,31,31,31,31,31,31,31
180630,1,1,0,0,0,0,0,0,0,0,0,0
180631,0,1,0,0,0,0,0,0,0,0,0,0
180631,1,1,0,0,0,0,0,0,0,0,0,0
180632,0,1,14,0,8,13,6,17,3,31,7,8
180632,1,1,0,0,0,0,0,0,0,0,0,0
180633,1,1,26,26,26,26,26,26,26,26,26,26
180634,0,1,0,0,0,0,0,0,0,0,0,0
180634,1,1,0,0,0,0,0,0,0,0,0,0
180635,1,1,0,0,0,0,0,0,0,0,0,0
180635,2,1,0,0,0,20,0,0,25,0,6,0
180635,3,1,0,0,0,0,0,0,0,0,0,0
180636,1,1,0,0,0,0,0,0,0,0,0,0
180637,0,1,0,0,0,0,0,0,0,0,0,0
180637,2,1,0,0,0,0,0,0,0,0,0,0
180638,1,1,0,0,0,0,0,0,0,0,0,0
180638,2,1,0,0,0,0,0,0,0,0,0,0
180639,1,1,0,0,0,0,0,0,0,0,0,0
180640,1,1,1,1,1,1,1,1,1,1,1,1
180640,2,1,0,0,0,0,0,0,0,0,0,0
180641,1,1,0,0,0,0,0,0,0,0,0,0
180641,2,1,0,0,0,0,0,0,0,0,0,0
180642,1,1,0,0,0,0,0,0,0,0,0,0
180642,2,1,0,0,0,0,0,0,0,0,0,0
180643,0,1,0,0,0,0,0,0,0,0,0,0
180643,1,1,0,0,0,0,0,0,0,0,0,0
180644,1,1,23,23,23,23,23,23,23,23,23,23
180645,1,1,0,0,0,0,0,0,0,0,0,0
180646,1,1,0,0,0,0,0,29,0,0,0,0
180646,2,1,0,13,0,0,0,0,0,0,0,0
180646,3,1,0,0,0,0,0,0,0,0,0,0
180646,4,1,0,0,0,0,0,0,0,0,0,0
180647,0,1,0,0,0,0,0,0,0,0,0,0
180647,1,1,0,0,0,0,0,0,0,0,0,0
180648,1,1,29,29,29,29,29,29,29,29,29,29
180649,1,1,0,0,0,0,0,0,0,0,0,0
180649,2,1,0,0,0,0,0,0,0,0,0,0
180650,0,1,0,0,0,0,0,18,0,0,0,0
180650,0,2,0,0,0,0,0,0,0,0,0,0
180650,1,1,14,14,14,14,14,14,14,14,14,14
180651,0,1,0,27,28,0,0,0,18,0,36,17
180651,1,1,7,0,0,0,0,0,0,0,0,0
180652,1,1,0,0,0,0,0,0,0,0,0,0
180652,2,1,0,0,0,0,0,0,0,0,0,27
180653,1,1,0,0,0,0,0,0,0,0,0,0
180654,1,1,0,0,0,0,0,0,0,0,0,0
180654,2,1,0,0,0,0,0,0,0,0,0,0
180654,3,1,0,0,0,0,0,0,0,0,0,0
180655,1,1,0,0,0,0,0,0,20,0,0,0
180656,1,1,0,0,0,0,0,13,0,0,23,0
180657,0,1,20,0,26,0,0,0,0,0,0,39
180657,1,1,0,0,0,0,0,0,0,0,0,0
180658,1,1,0,0,0,0,0,27,3,0,20,0
180659,1,1,0,0,0,0,0,0,0,0,0,0
180661,1,1,0,24,0,0,0,0,0,0,0,0
180662,1,1,0,0,0,0,0,0,0,0,0,0
180662,2,1,0,0,0,0,0,0,12,0,5,12
180663,1,1,0,0,0,0,25,0,0,0,0,0
180664,0,1,0,0,0,0,0,0,14,0,0,0
180664,1,1,0,0,0,0,0,0,17,0,0,0
180665,1,1,0,12,18,0,0,0,0,0,0,0
180666,1,1,0,0,0,0,0,0,0,0,0,0
180666,2,1,0,0,0,6,0,0,0,0,0,0
180667,0,1,0,0,0,0,0,0,0,0,0,0
180667,1,1,0,0,0,0,0,0,0,0,0,0
180668,1,1,3,3,3,3,3,3,3,3,3,3
180668,2,1,0,0,0,0,0,0,0,0,0,0
180669,1,1,6,0,0,0,0,8,0,0,18,0
180670,1,1,0,0,0,0,0,0,0,0,0,0
180670,2,1,0,0,0,0,0,0,0,0,0,0
180670,3,1,0,0,0,0,0,0,0,0,0,0
180671,1,1,0,0,0,0,0,0,0,0,0,3
180672,1,1,14,14,14,14,14,14,14,14,14,14
180673,1,1,8,8,8,8,8,8,8,8,8,8
180674,1,1,0,0,0,0,0,0,0,0,0,0
180674,2,1,0,0,0,0,0,0,0,0,0,0
180675,1,1,0,0,0,0,0,0,0,0,0,14
180677,1,1,0,0,0,0,0,0,0,0,0,0
180677,2,1,0,0,0,0,0,0,19,0,0,0
180678,1,1,0,0,0,0,0,0,0,0,0,8
180678,2,1,0,0,0,0,0,0,0,0,0,0
180679,0,1,31,0,0,0,0,0,0,0,0,0
180679,0,2,35,0,0,11,9,0,0,20,0,0
180679,1,1,28,28,28,28,28,28,28,28,28,28
180680,0,1,0,0,0,0,0,6,0,0,0,0
180680,1,1,0,0,0,0,0,0,0,0,0,0
180681,1,1,0,0,10,0,0,0,0,0,0,0
180682,1,1,0,0,0,0,0,0,0,0,0,0
180683,1,1,0,0,0,0,0,0,0,0,0,0
180683,2,1,2,2,2,2,2,2,2,2,2,2
180685,1,1,0,0,0,0,0,0,0,0,0,0
180685,2,1,0,0,0,0,0,0,0,0,0,0
180685,3,1,0,0,0,0,0,0,0,0,0,0
180686,1,1,0,0,0,0,0,0,0,0,0,0
180686,2,1,0,0,0,0,0,0,0,0,0,0
180687,1,1,0,0,0,0,0,0,0,0,0,0
180688,1,1,0,15,0,0,0,0,0,0,0,0
180689,0,1,0,0,0,0,0,0,0,0,0,0
180689,1,1,0,0,0,0,0,0,0,0,0,0
180690,1,1,0,0,0,0,0,0,0,0,0,0
180690,2,1,0,0,0,0,0,0,0,0,0,0
180691,0,1,0,0,11,0,13,9,0,0,0,0
180691,1,1,0,0,0,0,0,0,0,0,0,0
180693,1,1,18,18,18,18,18,18,18,18,18,18
180693,2,1,0,0,0,0,0,0,0,0,0,0
180694,1,1,0,0,0,0,0,0,0,0,0,0
180695,1,1,0,0,0,0,0,0,0,0,0,0
180696,1,1,0,0,0,0,0,0,0,0,0,0
180697,1,1,15,15,15,15,15,15,15,15,15,15
180698,1,1,0,0,0,0,0,0,0,0,0,0
180698,2,1,0,0,0,0,0,0,0,0,0,0
180699,1,1,26,26,26,26,26,26,26,26,26,26
180700,1,1,0,0,0,0,0,7,0,0,0,0
180700,2,1,0,0,0,0,0,0,0,0,0,0
180701,1,1,1,1,1,1,1,1,1,1,1,1
180701,2,1,0,0,0,0,0,0,0,0,0,0
180702,1,1,15,15,15,15,15,15,15,15,15,15
180702,2,1,0,0,0,0,0,0,0,0,0,0
180703,1,1,10,10,10,10,10,10,10,10,10,10
180703,2,1,0,0,0,0,0,0,0,0,0,0
180704,1,1,0,0,0,0,0,0,0,0,0,0
180704,2,1,0,0,0,0,0,0,0,0,0,0
180705,1,1,0,0,7,0,0,0,0,0,0,0
180706,1,1,0,0,0,0,0,0,0,0,17,0
180706,2,1,0,0,0,0,0,0,0,0,0,0
180707,1,1,0,0,0,0,0,0,0,0,0,0
180707,2,1,0,0,0,0,0,0,0,0,0,29
180708,1,1,0,0,0,0,0,0,0,0,0,0
180708,2,1,0,0,0,0,0,0,0,0,0,0
180709,1,1,0,0,0,0,0,0,0,0,0,0
180709,2,1,0,0,0,0,0,0,0,0,0,0
180710,1,1,19,19,19,19,19,19,19,19,19,19
180711,1,1,6,0,11,0,0,0,49,0,0,0
180712,1,1,0,0,0,0,0,0,0,0,0,0
180713,1,1,0,0,0,15,0,0,0,0,0,0
180714,1,1,14,6,12,0,18,0,0,0,2,10
180714,2,1,0,0,22,0,0,0,0,0,0,0
180715,1,1,0,0,0,0,0,0,0,0,0,0
180716,1,1,0,0,0,0,0,0,0,0,0,0
180717,1,1,0,0,0,0,0,0,0,0,0,0
180718,1,1,0,0,0,0,0,0,0,0,0,0
180719,0,1,0,0,30,0,0,0,21,0,0,0
180719,1,1,7,3,0,0,0,0,0,0,10,21
180720,1,1,0,17,0,0,0,0,0,0,0,0
180721,1,1,0,0,0,0,0,0,0,0,0,0
180722,1,1,26,22,30,0,16,22,20,26,25,19
180723,1,1,14,25,0,0,0,22,0,0,5,0
180724,1,1,0,0,0,0,0,0,0,0,0,0
180725,1,1,0,0,0,0,0,0,0,0,0,0
180725,2,1,0,0,0,0,0,0,0,0,0,0
180725,3,1,0,0,0,0,0,0,0,0,0,0
180725,4,1,0,0,0,0,0,0,0,0,0,0
180725,5,1,0,0,0,0,0,0,0,0,0,0
180725,6,1,0,0,0,0,0,0,0,0,0,0
180725,7,1,0,0,0,0,0,0,0,0,0,0
180725,8,1,0,0,0,0,0,0,0,0,0,0
180725,9,1,0,0,0,0,0,0,0,0,0,0
180725,10,1,0,0,0,0,0,0,0,0,0,0
180725,11,1,0,0,0,0,0,0,0,0,0,0
180725,12,1,0,0,0,0,0,0,0,0,0,0
180725,13,1,0,0,0,0,0,0,0,0,0,0
180725,14,1,0,0,0,0,0,0,0,0,0,0
180726,1,1,0,0,0,0,0,0,0,0,0,0
180726,2,1,0,0,0,0,0,0,0,0,0,0
180727,1,1,0,0,0,0,0,0,0,0,0,0
180727,2,1,0,0,0,0,0,0,0,0,0,0
180728,1,1,0,0,0,0,0,0,0,0,0,0
180728,2,1,5,5,5,5,5,5,5,5,5,5
180729,1,1,0,0,0,0,0,0,0,0,0,0
180729,2,1,0,0,0,0,0,16,0,9,0,0
180730,1,1,0,0,0,0,0,0,0,0,0,0
180731,1,1,24,24,24,24,24,24,24,24,24,24
180731,2,1,0,0,0,0,0,0,0,0,0,0
180732,1,1,0,0,0,0,0,0,0,0,0,0
180733,1,1,0,0,0,0,0,0,0,0,0,0
180733,2,1,0,0,0,0,0,0,0,0,0,0
180734,1,1,2,2,2,2,2,2,2,2,2,2
180735,0,1,15,0,11,15,0,14,9,0,0,0
180735,1,1,0,0,0,10,1,0,0,0,0,0
180735,2,1,0,0,0,0,0,0,0,0,0,0
180735,3,1,0,0,0,0,0,0,0,0,0,0
180736,0,1,0,17,12,0,8,0,0,0,0,27
180736,1,1,11,19,19,0,12,0,0,0,0,0
180737,1,1,0,0,0,25,0,0,4,23,0,0
180737,2,1,0,0,0,0,0,0,0,0,0,0
180738,1,1,0,0,0,0,0,0,0,0,0,0
180738,2,1,0,0,0,0,0,0,0,0,0,0
180738,3,1,0,0,0,0,0,0,0,0,0,0
180739,1,1,0,0,0,0,0,0,0,0,0,0
180739,2,1,0,0,0,0,0,0,0,0,0,0
180740,0,1,38,0,24,0,0,0,16,0,0,0
180740,1,1,0,0,0,0,0,0,0,0,0,0
180742,1,1,9,9,9,9,9,9,9,9,9,9
180743,0,1,41,41,41,41,41,41,41,41,41,41
180743,1,1,0,0,0,0,0,0,0,0,0,0
180744,0,1,0,0,0,0,0,0,0,0,0,0
180744,1,1,0,0,0,0,0,0,0,0,0,0
180745,0,1,0,0,0,0,0,0,0,0,0,0
180745,1,1,0,0,0,0,0,0,0,0,0,0
180746,1,1,0,0,0,0,0,0,0,0,0,0
180746,2,1,0,0,0,0,0,0,0,0,0,0
180747,1,1,0,0,0,0,0,0,0,0,0,0
180748,1,1,0,0,0,0,0,0,0,0,0,0
180748,2,1,0,0,0,0,0,0,0,0,0,0
180748,3,1,0,0,0,0,0,0,0,0,0,0
180748,4,1,0,0,0,0,0,0,0,0,0,0
180748,5,1,0,0,0,0,0,0,0,0,0,0
180749,1,1,0,0,0,0,0,0,0,0,0,0
180750,1,1,12,0,0,0,0,15,0,0,0,0
180751,1,1,0,0,0,0,0,0,0,0,0,0
180751,2,1,0,0,0,0,0,0,0,0,0,0
180752,0,1,0,0,0,0,0,0,0,0,0,16
180752,1,1,0,0,0,5,0,0,0,0,0,7
180753,1,1,0,0,0,0,0,0,0,0,0,0
180754,1,1,0,0,0,0,0,0,0,0,0,0
180754,2,1,0,0,0,0,0,0,0,0,0,0
180755,1,1,0,0,0,0,0,0,0,0,0,0
180755,2,1,0,0,0,0,0,0,0,0,0,0
180757,1,1,0,0,0,0,0,11,0,0,0,0
180758,1,1,12,0,19,13,29,13,13,9,27,6
180759,1,1,0,0,0,0,0,0,0,0,0,0
180759,2,1,0,0,0,0,0,0,0,0,0,0
180760,1,1,17,0,0,0,0,0,0,0,0,0
180761,1,1,0,0,0,0,0,0,0,0,0,0
180762,1,1,0,0,0,0,0,0,0,0,0,0
180762,2,1,25,0,0,0,0,0,0,0,0,0
180763,1,1,0,0,0,0,0,0,0,0,0,0
180764,1,1,0,4,2,0,0,9,9,2,6,0
180765,1,1,0,0,0,0,0,0,0,0,0,0
180765,2,1,0,0,0,0,0,0,0,0,0,0
180766,0,1,0,0,0,0,0,0,0,0,0,0
180766,1,1,5,16,0,0,0,15,11,9,0,0
180767,1,1,0,0,0,0,0,0,0,0,0,0
180767,2,1,0,0,0,0,0,0,0,0,0,0
180768,1,1,14,14,14,14,14,14,14,14,14,14
180768,2,1,0,0,0,7,0,0,0,0,0,0
180769,1,1,0,0,0,0,0,0,0,0,0,0
180769,2,1,0,0,0,0,0,0,0,0,0,0
180770,1,1,0,0,0,0,0,0,0,0,0,45
180770,2,1,0,0,0,0,0,0,0,0,0,0
180771,1,1,15,15,15,15,15,15,15,15,15,15
180772,1,1,12,12,12,12,12,12,12,12,12,12
180773,1,1,0,0,0,0,0,0,0,0,0,0
180773,2,1,18,18,18,18,18,18,18,18,18,18
180774,1,1,0,18,0,0,0,0,0,0,0,0
180775,1,1,0,0,0,0,0,0,0,0,0,0
180775,2,1,16,0,0,24,15,0,17,0,25,36
180775,3,1,0,0,0,0,0,0,0,0,0,0
180776,1,1,0,0,0,0,0,0,0,0,0,0
180777,0,1,0,0,0,0,0,16,31,0,0,0
180777,1,1,0,0,10,0,0,0,0,0,0,0
180778,1,1,0,0,0,0,0,0,0,0,0,0
180779,1,1,16,16,16,16,16,16,16,16,16,16
180779,2,1,21,32,0,21,0,0,0,20,19,10
180780,1,1,4,0,0,0,0,0,7,0,17,0
180780,2,1,0,0,0,0,0,0,0,0,0,0
180780,3,1,0,7,0,0,0,2,14,0,0,17
180781,1,1,0,0,12,0,0,11,21,0,0,0
180782,1,1,3,3,3,3,3,3,3,3,3,3
180782,2,1,0,0,0,0,0,0,0,0,0,0
180783,1,1,19,0,24,20,0,20,0,5,0,0
180784,1,1,0,0,0,0,0,0,0,0,0,0
180784,2,1,0,0,0,0,0,22,0,0,0,0
180785,1,1,0,0,0,0,0,0,0,0,0,0
180785,2,1,0,0,0,0,0,0,0,0,0,0
180786,1,1,0,0,0,0,0,0,0,0,0,0
180786,2,1,0,0,0,0,0,0,0,0,0,12
180787,1,1,0,0,0,0,0,0,0,0,0,0
180787,2,1,0,0,0,0,0,0,0,0,0,0
180788,1,1,28,28,28,28,28,28,28,28,28,28
180789,1,1,0,0,0,0,0,0,0,0,0,0
180789,2,1,0,0,0,0,0,0,0,0,0,0
180790,0,1,15,15,15,15,15,15,15,15,15,15
180790,1,1,30,0,19,9,0,0,0,0,0,0
180791,0,1,19,13,10,31,12,24,37,12,8,27
180791,1,1,0,0,0,0,0,0,0,0,0,0
180792,1,1,0,0,0,0,0,0,0,0,0,0
180792,2,1,0,0,0,0,0,0,0,0,32,0
180793,1,1,7,32,15,0,20,14,16,22,16,3
190001,1,1,28,28,28,28,28,28,28,28,28,28
190002,1,1,37,37,37,37,37,37,37,37,37,37
190003,1,1,0,0,0,0,0,0,0,0,0,0
190003,2,1,0,0,0,0,0,0,0,0,0,0
190004,1,1,16,16,16,16,16,16,16,16,16,16
190004,2,1,0,0,0,0,0,0,0,0,0,0
190005,1,1,0,0,0,0,0,0,0,0,0,0
190005,2,1,0,0,8,0,0,0,13,0,0,0
190005,3,1,0,0,0,0,0,0,0,0,0,0
190006,1,1,0,0,0,0,0,0,0,0,0,0
190006,2,1,0,0,0,0,0,0,0,0,0,0
190007,1,1,0,0,0,0,0,0,0,0,0,0
190007,2,1,0,0,0,0,0,0,0,0,0,0
190008,1,1,0,0,0,0,0,0,0,0,0,12
190009,1,1,1,1,1,1,1,1,1,1,1,1
190010,1,1,0,0,0,0,0,0,0,0,0,0
190011,1,1,0,0,21,0,0,0,0,0,0,0
190012,1,1,0,0,0,0,0,0,0,0,0,0
190013,1,1,0,0,0,0,0,0,0,0,0,0
190013,2,1,0,16,0,0,0,0,0,0,0,0
190014,1,1,3,3,3,3,3,3,3,3,3,3
190015,1,1,0,0,0,0,0,0,0,0,34,0
190016,1,1,0,0,0,0,0,0,0,0,0,0
190017,1,1,0,0,0,0,0,25,26,0,22,0
190018,1,1,0,0,0,0,0,0,0,0,0,0
190018,2,1,0,0,0,0,0,0,0,0,0,0
190019,1,1,0,0,0,0,0,0,0,0,0,0
190019,2,1,0,0,0,0,0,0,0,0,0,0
190020,1,1,0,0,0,0,0,0,0,0,10,0
190021,1,1,0,0,0,0,19,0,0,29,0,0
190022,1,1,0,0,0,0,0,0,0,0,0,0
190022,2,1,0,0,0,0,0,0,11,0,0,0
190022,3,1,0,0,0,0,0,0,0,6,0,0
190023,1,1,19,19,19,19,19,19,19,19,19,19
190025,1,1,0,0,0,0,0,0,0,0,0,0
190026,1,1,0,0,0,0,0,0,0,0,0,0
190026,2,1,0,0,0,0,0,0,0,0,0,0
190027,0,1,22,22,22,22,22,22,22,22,22,22
190027,1,1,0,0,11,8,0,0,0,0,17,0
190028,1,1,15,15,15,15,15,15,15,15,15,15
190029,1,1,17,17,17,17,17,17,17,17,17,17
190030,1,1,0,0,0,0,0,3,0,0,0,0
190031,1,1,0,0,0,0,0,0,0,0,0,0
190031,2,1,0,0,0,0,0,0,0,0,0,0
190031,3,1,0,0,0,0,0,0,0,0,0,0
190031,4,1,0,0,0,0,0,0,0,0,0,0
190031,5,1,0,0,0,0,0,0,0,0,0,0
190031,6,1,0,0,0,0,0,0,0,0,0,0
190032,1,1,0,0,0,0,0,0,0,0,0,0
190032,2,1,26,0,0,24,0,0,0,0,0,0
190033,1,1,0,0,0,0,0,0,0,0,0,0
190034,1,1,0,0,0,0,0,0,0,0,0,0
190035,0,1,0,0,11,0,27,0,0,0,0,0
190035,1,1,0,0,0,0,0,0,0,9,0,0
190036,1,1,0,0,0,0,0,0,0,0,0,0
190036,2,1,0,0,0,0,0,0,0,0,0,0
190037,1,1,0,0,0,0,0,0,0,0,0,0
190037,2,1,0,0,0,0,0,0,0,0,0,0
190038,1,1,0,0,0,0,0,0,0,23,0,0
190039,1,1,18,18,18,18,18,18,18,18,18,18
190040,1,1,8,8,8,8,8,8,8,8,8,8
190041,1,1,13,14,32,21,25,0,7,22,15,13
190042,1,1,0,0,0,0,0,0,0,0,0,0
190042,2,1,0,0,0,0,0,0,0,0,0,0
190043,1,1,0,0,0,0,0,0,0,0,0,0
190043,2,1,0,7,0,0,0,0,0,0,0,0
190044,1,1,23,23,23,23,23,23,23,23,23,23
190045,1,1,0,0,0,0,11,0,0,0,0,0
190046,1,1,22,22,22,22,22,22,22,22,22,22
190047,1,1,0,0,0,0,0,0,0,0,0,0
190047,2,1,0,0,0,0,0,0,0,0,0,0
190048,1,1,0,0,0,0,0,0,0,0,0,0
190048,2,1,0,0,0,0,0,0,0,0,0,0
190049,1,1,0,0,0,0,0,0,0,0,0,0
190049,2,1,0,24,0,0,4,0,0,0,0,0
190050,1,1,0,0,0,0,0,0,0,0,0,0
190050,2,1,0,0,0,0,0,0,0,0,0,0
190051,1,1,14,14,14,14,14,14,14,14,14,14
190052,1,1,0,0,0,0,0,0,0,0,0,0
190053,1,1,0,0,0,0,11,0,0,0,0,0
190053,2,1,0,0,0,0,0,0,0,0,0,0
190054,1,1,22,22,22,22,22,22,22,22,22,22
190055,1,1,0,0,0,0,0,0,0,0,0,0
190056,1,1,15,15,15,15,15,15,15,15,15,15
190056,2,1,0,0,0,0,0,0,17,0,0,0
190056,3,1,0,0,0,0,0,0,0,0,0,0
190057,1,1,16,16,16,16,16,16,16,16,16,16
190058,1,1,24,24,24,24,24,24,24,24,24,24
190059,1,1,0,0,0,0,0,0,0,0,0,0
190059,2,1,0,0,0,0,0,0,0,0,0,0
190060,1,1,0,12,0,0,0,0,0,0,0,0
190060,2,1,0,0,0,0,0,0,0,22,0,0
190061,1,1,0,0,0,0,0,0,0,0,0,0
190062,1,1,9,9,9,9,9,9,9,9,9,9
190063,1,1,13,13,13,13,13,13,13,13,13,13
190064,1,1,0,0,0,0,0,0,0,0,0,0
190064,2,1,0,0,0,0,0,0,0,0,0,0
190064,3,1,0,0,0,0,0,0,0,0,0,0
190065,1,1,0,3,0,0,0,0,0,7,0,0
190065,2,1,0,0,0,0,0,0,0,0,0,0
190066,1,1,0,0,0,0,0,0,0,0,0,0
190066,2,1,0,0,0,0,0,0,0,9,0,0
190067,1,1,0,0,0,0,0,0,0,0,0,0
190067,2,1,0,0,0,0,0,0,0,4,0,0
190068,1,1,0,0,0,0,0,0,0,0,19,0
190069,1,1,29,29,29,29,29,29,29,29,29,29
190070,1,1,0,0,0,0,0,0,0,0,0,0
190070,2,1,0,0,0,0,0,0,0,0,0,0
190071,1,1,0,0,0,0,0,0,0,0,0,0
190072,0,1,0,0,0,0,0,0,0,0,0,0
190072,1,1,0,0,0,0,0,0,0,0,0,0
190073,0,1,18,18,18,18,18,18,18,18,18,18
190073,1,1,0,0,0,0,0,0,0,0,0,0
190074,1,1,26,26,26,26,26,26,26,26,26,26
190074,2,1,0,0,0,0,0,0,0,0,0,0
190075,1,1,28,28,28,28,28,28,28,28,28,28
190076,1,1,0,0,0,0,0,0,0,0,0,0
190077,1,1,0,0,0,0,0,0,0,0,0,0
190077,2,1,0,0,0,0,0,0,0,0,0,0
190078,1,1,15,15,15,15,15,15,15,15,15,15
190079,1,1,21,24,19,24,41,19,8,15,9,10
190080,1,1,17,17,17,17,17,17,17,17,17,17
190081,1,1,0,0,7,0,0,0,0,0,0,0
190081,2,1,26,26,26,26,26,26,26,26,26,26
190082,1,1,0,0,0,0,0,0,15,0,0,0
190083,1,1,15,15,15,15,15,15,15,15,15,15
190084,1,1,24,24,24,24,24,24,24,24,24,24
190084,2,1,0,0,0,0,0,0,0,0,0,0
190084,3,1,0,0,0,0,0,0,0,0,0,0
190085,1,1,10,0,0,0,0,0,0,0,0,0
190085,2,1,0,0,0,0,0,0,0,0,0,0
190086,1,1,20,20,20,20,20,20,20,20,20,20
190086,2,1,0,0,0,0,0,0,0,0,0,0
190087,1,1,0,0,0,0,0,0,0,0,0,0
190087,2,1,0,0,0,0,0,0,0,0,0,0
190088,1,1,7,7,7,7,7,7,7,7,7,7
190088,2,1,0,0,0,0,0,0,0,0,0,0
190089,1,1,0,0,0,0,0,0,0,0,0,0
190089,2,1,0,0,0,0,0,0,0,0,0,0
190090,1,1,17,17,17,17,17,17,17,17,17,17
190091,1,1,0,0,0,0,0,0,0,0,0,0
190091,2,1,18,18,18,18,18,18,18,18,18,18
190092,1,1,0,0,0,0,0,0,0,0,0,0
190093,0,1,0,0,0,0,0,0,0,0,0,0
190093,0,2,0,0,0,0,0,0,0,0,0,0
190093,1,1,0,0,0,0,0,0,0,0,0,0
190093,2,1,0,0,0,0,0,17,0,0,0,0
190094,1,1,3,3,3,3,3,3,3,3,3,3
190095,1,1,0,9,0,0,0,0,0,26,0,14
190095,2,1,0,0,0,0,0,0,0,0,0,0
190096,1,1,0,0,0,0,0,0,0,0,0,0
190096,2,1,0,0,0,0,0,0,0,0,0,0