ST_CASE,VEH_NO,PER_NO,P1,P2,P3,P4,P5,P6,P7,P8,P9,P10
190097,1,1,0,0,0,0,0,0,0,0,0,0
190097,2,1,0,0,0,0,0,0,0,0,0,0
190098,1,1,0,5,0,0,0,0,0,0,0,0
190099,1,1,0,0,0,0,0,0,0,0,0,0
190099,2,1,0,0,0,0,0,0,0,0,0,0
190100,1,1,0,0,11,0,0,0,0,0,0,0
190101,1,1,0,0,0,21,0,0,17,0,0,0
190102,1,1,0,0,0,0,0,0,0,0,0,0
190103,1,1,0,0,0,0,0,0,0,0,0,0
190103,2,1,0,0,0,0,0,0,0,0,0,0
190104,1,1,20,20,20,20,20,20,20,20,20,20
190105,1,1,0,0,0,0,0,0,0,0,0,0
190105,2,1,0,0,0,14,0,0,0,0,0,0
190105,3,1,0,0,0,0,0,0,0,0,0,0
190106,1,1,0,0,0,0,0,0,0,0,0,0
190106,2,1,4,4,4,4,4,4,4,4,4,4
190107,1,1,0,0,0,0,0,0,0,0,0,0
190107,2,1,0,0,0,0,0,0,0,0,0,0
190107,3,1,0,0,0,0,0,0,0,0,0,0
190108,1,1,0,0,0,0,0,0,0,0,0,0
190109,1,1,0,0,0,21,0,0,0,0,0,0
190110,0,1,0,0,0,0,0,0,0,0,0,0
190110,1,1,0,0,0,0,0,0,0,0,0,0
190111,1,1,14,14,14,14,14,14,14,14,14,14
190112,1,1,27,27,27,27,27,27,27,27,27,27
190113,1,1,0,0,0,0,0,0,0,0,0,0
190113,2,1,0,0,0,0,0,0,0,0,0,0
190114,1,1,17,17,17,17,17,17,17,17,17,17
190114,2,1,0,0,0,0,0,0,0,0,0,0
190115,1,1,0,0,0,0,0,0,0,0,0,0
190115,2,1,0,0,0,0,0,0,0,0,0,0
190116,1,1,0,0,13,0,0,0,0,0,0,0
190117,0,1,17,17,17,17,17,17,17,17,17,17
190117,1,1,0,0,0,0,0,0,0,0,0,0
190118,1,1,15,15,15,15,15,15,15,15,15,15
190119,1,1,0,0,0,0,0,0,0,0,0,0
190119,2,1,31,27,10,11,15,12,14,19,25,6
190120,1,1,0,0,0,0,0,0,0,0,0,0
190121,0,1,0,18,12,0,30,0,0,0,0,31
190121,1,1,0,0,0,0,0,0,0,0,0,0
190122,1,1,0,0,0,11,0,0,11,0,23,0
190123,1,1,21,21,21,21,21,21,21,21,21,21
190124,1,1,0,0,0,0,0,0,0,0,0,0
190124,2,1,0,0,0,0,0,0,0,0,0,0
190125,1,1,0,0,0,0,0,0,0,0,0,0
190126,1,1,0,0,0,0,0,0,0,0,0,0
190126,2,1,0,0,0,0,0,0,0,0,0,0
190127,1,1,0,0,0,0,0,0,0,0,0,0
190127,2,1,0,0,0,0,0,0,0,0,0,0
190128,1,1,16,16,16,16,16,16,16,16,16,16
190129,1,1,0,0,0,0,0,0,0,0,0,0
190130,1,1,3,3,3,3,3,3,3,3,3,3
190131,2,1,5,5,5,5,5,5,5,5,5,5
190132,1,1,4,4,4,4,4,4,4,4,4,4
190133,0,1,0,0,0,0,0,0,0,0,0,0
190133,1,1,0,0,0,0,0,0,0,0,0,0
190134,1,1,0,0,0,0,4,34,12,18,0,0
190135,1,1,12,12,12,12,12,12,12,12,12,12
190136,1,1,0,0,0,0,0,0,0,0,0,0
190136,2,1,0,0,0,0,0,0,0,0,0,0
190137,0,1,0,15,0,0,0,12,0,0,0,0
190137,1,1,24,24,24,24,24,24,24,24,24,24
190138,1,1,0,0,0,0,0,0,0,0,0,0
190138,2,1,0,0,0,0,0,0,0,0,0,0
190139,1,1,0,0,0,0,0,0,0,0,0,0
190140,1,1,0,0,0,0,0,0,0,0,0,0
190140,2,1,0,0,0,0,0,0,0,27,0,0
190141,0,1,0,0,0,0,0,0,0,0,0,0
190141,1,1,0,0,0,0,0,0,0,0,0,0
190142,1,1,0,0,0,0,0,0,0,7,0,0
190142,2,1,0,0,0,0,0,0,0,0,0,0
190143,1,1,0,0,0,0,0,0,0,0,0,0
190143,2,1,0,0,0,0,0,0,0,0,0,0
190144,1,1,0,22,0,0,0,0,0,0,0,0
190145,1,1,0,0,0,0,0,0,0,0,0,0
190145,2,1,0,0,0,0,0,0,0,0,0,0
190146,1,1,0,0,0,0,0,0,0,0,0,0
190147,1,1,0,0,0,0,0,0,0,0,0,0
190148,0,1,0,0,0,0,0,0,0,0,0,0
190148,1,1,0,0,0,0,0,0,0,0,0,0
190149,1,1,0,0,0,0,0,0,0,0,0,0
190149,2,1,0,0,0,0,0,16,0,0,0,0
190150,1,1,0,0,0,0,0,0,0,0,0,0
190150,2,1,0,0,0,0,0,0,0,0,0,0
190151,1,1,0,0,0,0,0,0,0,0,0,0
190152,1,1,7,7,7,7,7,7,7,7,7,7
190153,1,1,0,0,0,0,0,16,0,0,0,0
190153,2,1,0,0,0,0,0,6,0,0,0,0
190154,1,1,0,0,0,0,0,0,0,0,0,0
190155,1,1,0,0,0,0,0,0,0,0,0,0
190155,2,1,0,0,0,0,0,0,0,0,0,0
190156,1,1,4,4,4,4,4,4,4,4,4,4
190157,1,1,0,0,0,0,0,0,0,0,0,0
190157,2,1,0,0,0,0,0,0,0,0,5,0
190158,1,1,0,0,0,0,0,0,0,0,0,0
190158,2,1,0,0,0,0,0,0,0,0,0,0
190159,1,1,0,0,0,0,0,0,0,0,0,0
190159,2,1,0,0,0,0,0,0,0,0,0,0
190160,1,1,0,0,0,0,0,0,0,0,0,0
190160,2,1,0,0,0,0,0,0,0,0,0,0
190161,1,1,20,20,20,20,20,20,20,20,20,20
190162,1,1,22,22,22,22,22,22,22,22,22,22
190162,2,1,0,0,0,0,0,0,0,0,0,0
190163,1,1,0,0,0,0,0,0,0,0,0,0
190163,2,1,0,0,0,0,0,0,0,0,0,0
190164,1,1,0,0,0,0,0,0,0,0,0,0
190165,0,1,0,0,0,0,0,0,0,0,0,0
190165,1,1,0,0,0,0,0,0,0,0,0,0
190165,2,1,0,0,0,0,0,0,0,13,0,0
190166,0,1,26,26,26,26,26,26,26,26,26,26
190166,1,1,11,11,5,0,13,20,32,20,22,18
190167,1,1,0,0,0,0,0,0,0,0,0,0
190167,2,1,0,36,0,0,0,0,0,0,0,0
190168,1,1,0,0,0,0,0,0,0,0,0,0
190169,1,1,0,0,0,0,0,0,0,0,0,0
190169,2,1,0,0,0,0,0,0,0,0,0,0
190170,1,1,17,0,0,0,8,0,0,0,0,0
190171,1,1,0,0,0,0,15,0,0,0,9,0
190172,1,1,0,0,0,0,0,0,0,0,0,0
190173,0,1,0,0,0,0,0,0,0,0,0,11
190173,1,1,0,0,5,0,0,0,0,0,0,0
190174,1,1,0,0,0,0,0,0,0,0,0,0
190175,1,1,0,0,0,0,0,0,0,0,0,0
190175,2,1,0,0,0,0,0,0,0,0,0,0
190175,3,1,0,0,0,0,0,0,0,0,0,0
190176,1,1,0,0,0,0,0,0,0,0,0,0
190176,2,1,0,0,0,0,0,0,0,0,0,16
190177,1,1,0,0,0,0,0,0,0,0,0,0
190177,2,1,0,0,0,0,0,0,0,0,0,0
190178,1,1,6,6,6,6,6,6,6,6,6,6
190179,1,1,0,0,0,0,0,0,0,0,8,0
190180,1,1,0,0,0,0,0,0,0,0,0,0
190180,2,1,0,0,0,0,0,0,0,0,0,0
190181,1,1,3,3,3,3,3,3,3,3,3,3
190181,2,1,0,0,0,0,0,0,0,0,0,0
190182,1,1,0,0,0,0,0,0,0,0,0,0
190182,2,1,0,0,0,0,0,0,0,0,0,0
190183,1,1,0,0,0,0,0,0,0,0,0,0
190184,0,1,0,0,0,0,0,0,0,0,26,0
190184,1,1,0,0,0,0,0,0,0,0,0,0
190184,2,1,0,0,0,0,0,0,0,0,0,0
190185,1,1,0,0,0,0,0,0,0,0,0,0
190185,2,1,0,0,0,0,0,0,0,0,0,0
190186,1,1,6,0,10,0,16,0,0,0,28,0
190187,0,1,0,0,0,0,0,3,0,0,0,0
190187,1,1,0,0,0,0,0,0,0,0,0,0
190188,1,1,0,0,0,0,0,0,0,0,0,0
190188,2,1,0,0,0,0,0,0,0,0,0,0
190189,1,1,0,0,0,0,0,0,0,0,0,0
190189,2,1,0,0,0,0,0,0,0,0,0,0
190190,1,1,0,0,0,0,0,0,0,0,0,10
190191,1,1,0,0,0,0,0,0,0,0,0,0
190191,2,1,0,0,0,0,0,0,0,0,0,0
190192,1,1,0,0,0,0,0,0,0,13,0,0
190192,2,1,0,0,0,0,0,0,0,0,0,0
190193,1,1,16,16,16,16,16,16,16,16,16,16
190194,1,1,0,0,0,0,0,0,0,0,0,0
190194,2,1,0,0,0,0,0,0,0,0,0,0
190195,1,1,0,6,39,13,48,25,0,0,7,30
190196,1,1,28,28,28,28,28,28,28,28,28,28
190197,1,1,25,25,25,25,25,25,25,25,25,25
190198,1,1,0,0,0,0,0,0,0,0,0,0
190199,1,1,0,0,0,0,0,0,0,0,0,0
190200,1,1,0,0,15,0,0,0,0,0,0,0
190200,2,1,0,46,0,0,0,0,0,0,0,0
190201,1,1,0,17,0,0,0,0,0,0,0,0
190202,1,1,0,0,0,0,0,0,0,0,0,0
190202,2,1,0,0,0,0,0,0,0,0,0,0
190203,1,1,0,20,0,19,0,0,0,0,0,0
190204,1,1,31,31,31,31,31,31,31,31,31,31
190205,1,1,0,0,0,0,0,0,0,0,0,0
190205,2,1,0,0,0,0,0,0,0,0,0,0
190206,1,1,23,23,23,23,23,23,23,23,23,23
190207,1,1,0,0,0,0,0,0,0,0,0,0
190208,1,1,0,0,0,0,0,0,0,0,0,0
190209,0,1,0,0,0,0,0,0,0,0,0,0
190209,1,1,19,19,19,19,19,19,19,19,19,19
190210,0,1,32,0,0,0,35,0,0,0,0,0
190210,0,2,0,0,24,0,21,0,0,0,19,19
190210,1,1,0,11,0,0,0,0,0,0,0,0
190211,1,1,0,0,0,0,0,0,0,0,0,0
190211,2,1,0,0,0,0,0,0,0,0,0,0
190212,0,1,0,0,0,0,0,0,0,0,0,0
190212,1,1,0,0,0,0,0,0,0,0,0,0
190213,1,1,0,0,0,0,0,0,0,0,0,0
190214,1,1,14,14,14,14,14,14,14,14,14,14
190215,1,1,0,0,0,0,0,0,0,0,0,0
190215,2,1,0,0,0,0,0,0,0,0,0,0
190216,1,1,0,0,0,0,0,0,0,0,0,0
190216,2,1,0,0,0,0,0,0,0,29,0,0
190217,1,1,0,0,0,0,0,0,0,0,0,0
190217,2,1,0,11,0,0,0,0,0,0,0,0
190218,0,1,38,38,38,38,38,38,38,38,38,38
190218,1,1,0,0,0,0,0,0,0,0,0,0
190219,1,1,0,0,0,0,0,0,0,0,0,0
190220,1,1,13,13,13,13,13,13,13,13,13,13
190221,1,1,25,25,25,25,25,25,25,25,25,25
190222,1,1,5,0,0,0,0,0,0,0,0,0
190222,2,1,0,0,0,0,0,0,0,16,0,0
190222,3,1,0,0,0,0,0,0,0,0,0,0
190223,0,1,0,13,0,0,12,0,0,0,0,0
190223,1,1,0,6,0,0,0,0,0,0,0,0
190224,1,1,0,0,0,0,0,0,0,0,0,0
190224,2,1,0,0,0,0,0,0,0,0,0,0
190225,0,1,0,0,0,0,0,0,0,0,0,0
190225,1,1,6,24,35,7,0,18,14,19,12,10
190226,1,1,0,0,0,0,0,0,0,0,0,0
190226,2,1,0,0,0,0,0,0,0,0,0,0
190227,1,1,11,0,0,0,0,0,0,0,0,15
190227,2,1,0,0,0,0,0,0,8,0,0,0
190228,1,1,0,0,0,0,0,0,0,0,0,0
190229,1,1,0,0,0,0,0,0,0,0,0,0
190230,1,1,0,0,0,0,0,0,0,0,0,0
190230,2,1,0,0,0,0,0,0,0,0,0,0
190231,1,1,0,0,0,0,0,0,0,0,0,0
190232,1,1,0,0,0,0,0,0,0,0,0,0
190233,1,1,23,23,23,23,23,23,23,23,23,23
190234,1,1,0,0,0,0,0,0,0,0,0,0
190234,2,1,0,0,0,0,0,0,0,0,0,0
190235,1,1,0,0,0,0,0,0,0,0,0,0
190235,2,1,0,0,0,0,0,0,0,0,0,0
190236,1,1,0,0,0,0,0,0,0,0,0,0
190236,2,1,0,0,0,0,0,0,0,0,0,0
190237,1,1,0,0,0,0,0,0,0,0,0,0
190237,2,1,0,32,0,0,0,0,22,0,0,0
190238,0,1,0,0,0,0,0,0,0,0,0,0
190238,1,1,16,0,0,0,0,0,0,0,0,0
190239,0,1,0,0,0,0,15,0,6,0,12,0
190239,1,1,0,0,0,0,0,0,0,0,0,0
190240,1,1,13,13,13,13,13,13,13,13,13,13
190241,0,1,0,0,0,0,0,0,0,0,0,0
190241,1,1,0,0,0,0,0,0,0,0,0,0
190243,1,1,22,22,22,22,22,22,22,22,22,22
190243,2,1,14,0,0,0,0,0,0,0,18,0
190244,1,1,8,8,8,8,8,8,8,8,8,8
190245,1,1,16,16,16,16,16,16,16,16,16,16
190245,2,1,0,0,0,0,0,0,0,0,0,0
190246,1,1,0,0,0,0,0,0,0,0,0,0
190247,1,1,0,0,0,0,2,0,5,0,0,0
190248,1,1,0,0,0,0,0,0,0,0,0,0
190249,1,1,0,0,0,0,0,0,0,0,0,0
190250,1,1,0,0,0,0,0,0,0,0,0,0
190250,2,1,0,0,0,0,0,0,0,0,0,0
190250,3,1,0,0,0,0,0,0,0,0,0,0
190251,1,1,25,25,25,25,25,25,25,25,25,25
190252,0,1,0,0,0,0,0,0,0,0,0,0
190252,1,1,0,0,0,0,0,0,0,0,0,0
190253,1,1,20,20,20,20,20,20,20,20,20,20
190253,2,1,0,0,0,0,0,0,0,0,0,0
190253,3,1,0,0,0,0,0,0,0,0,0,0
190254,1,1,0,0,0,0,0,0,0,0,0,0
190254,2,1,0,0,0,0,0,0,0,0,0,0
190255,0,1,0,0,18,0,0,0,0,17,0,0
190255,1,1,0,0,0,0,0,0,0,0,0,0
190256,1,1,0,0,0,0,0,0,0,0,0,0
190256,2,1,0,0,0,0,0,0,0,0,25,0
190257,1,1,0,0,0,0,0,0,0,0,0,0
190258,1,1,13,13,13,13,13,13,13,13,13,13
190259,0,1,18,18,18,18,18,18,18,18,18,18
190259,1,1,0,0,11,0,0,0,0,0,0,0
190260,1,1,0,0,0,0,0,0,0,17,0,0
190261,1,1,0,0,0,0,0,0,0,0,0,0
190261,2,1,29,0,0,0,0,0,0,0,0,0
190262,1,1,25,25,25,25,25,25,25,25,25,25
190263,1,1,0,0,0,0,0,0,0,0,0,0
190263,2,1,0,0,0,0,0,0,0,0,0,0
190264,1,1,0,0,0,0,0,0,0,0,0,0
190264,2,1,0,0,0,0,0,0,0,0,0,0
190265,1,1,0,0,0,0,0,0,0,0,0,0
190265,2,1,0,0,0,0,0,0,0,0,0,0
190266,0,1,17,0,0,0,21,0,0,0,0,8
190266,1,1,0,0,0,0,0,0,0,0,0,0
190267,0,1,0,0,30,0,0,0,0,0,31,0
190267,1,1,0,0,0,0,0,0,0,0,0,0
190268,1,1,0,0,0,0,0,0,0,0,0,0
190269,1,1,12,0,0,0,0,0,0,0,0,0
190269,2,1,0,0,0,0,0,0,0,0,0,0
190270,1,1,0,0,0,0,0,0,0,0,0,0
190270,2,1,0,0,0,0,0,0,0,0,0,0
190271,1,1,0,0,0,0,0,0,0,0,0,0
190271,2,1,0,0,0,0,0,0,0,0,0,0
190271,3,1,0,0,0,0,0,0,0,0,0,0
190272,0,1,0,0,0,0,0,19,0,19,0,0
190272,1,1,0,0,0,7,0,0,0,0,0,0
190273,1,1,24,24,24,24,24,24,24,24,24,24
190274,1,1,7,7,7,7,7,7,7,7,7,7
190275,1,1,0,12,0,0,0,0,0,0,0,0
190276,1,1,0,0,0,0,0,0,0,0,0,0
190276,2,1,0,0,0,0,0,0,0,0,0,0
190277,1,1,24,24,24,24,24,24,24,24,24,24
190278,1,1,0,0,0,0,0,0,0,0,0,0
190278,2,1,0,0,0,0,0,0,0,0,0,0
190279,1,1,0,0,0,0,0,0,0,0,0,0
190279,2,1,0,0,0,0,0,0,0,0,0,0
190280,1,1,0,0,0,0,0,0,0,0,0,0
190280,2,1,0,0,0,0,0,0,0,0,0,0
190281,1,1,0,0,0,0,0,0,0,0,0,0
190282,1,1,0,0,0,0,0,0,0,0,0,0
190282,2,1,0,0,0,0,0,0,0,0,0,0
190282,3,1,0,0,0,0,0,0,0,0,0,0
190283,1,1,0,0,0,0,0,0,0,0,0,0
190283,2,1,0,0,0,0,0,0,0,0,0,0
190284,1,1,0,0,0,0,0,0,0,0,0,0
200001,1,1,0,0,0,0,0,0,0,0,0,0
200001,2,1,0,0,0,0,0,0,0,0,0,0
200003,1,1,12,0,0,0,30,0,0,0,0,0
200004,0,1,0,0,0,0,0,0,12,0,0,0
200004,1,1,0,0,0,0,0,0,0,0,0,0
200005,1,1,21,21,21,21,21,21,21,21,21,21
200005,2,1,0,0,0,0,0,0,0,0,0,0
200006,1,1,26,26,26,26,26,26,26,26,26,26
200006,2,1,0,0,0,0,0,0,0,0,0,0
200007,1,1,20,20,20,20,20,20,20,20,20,20
200008,0,1,40,40,40,40,40,40,40,40,40,40
200008,1,1,7,0,16,7,30,0,7,4,26,17
200009,1,1,0,0,0,0,0,0,0,0,0,0
200009,2,1,0,0,0,0,0,0,0,0,0,0
200009,3,1,0,0,0,0,0,0,0,0,0,0
200010,1,1,0,0,0,0,0,0,0,0,0,0
200010,2,1,0,0,0,0,0,0,0,0,0,0
200011,1,1,0,0,0,0,0,0,0,0,0,0
200011,2,1,0,0,0,0,0,0,0,0,0,0
200012,1,1,0,0,0,0,0,0,0,0,0,0
200013,1,1,0,0,0,0,0,0,0,0,0,0
200013,2,1,0,0,0,0,0,0,0,0,0,0
200014,0,1,0,0,0,0,0,0,0,0,0,0
200014,1,1,26,0,0,6,4,8,0,0,0,0
200015,1,1,0,0,0,0,0,0,0,0,0,0
200015,2,1,0,0,0,0,0,0,0,0,0,0
200015,3,1,0,0,0,0,0,0,0,0,0,0
200016,1,1,10,0,0,0,0,16,0,0,0,0
200017,1,1,0,0,0,0,0,0,0,0,0,0
200018,1,1,0,0,0,0,0,0,0,11,0,0
200019,1,1,0,0,0,0,0,0,0,0,0,0
200020,1,1,17,24,12,6,2,15,18,9,22,25
200021,1,2,0,3,0,0,2,0,0,0,0,0
200022,1,1,0,0,0,0,0,0,0,0,0,0
200023,0,1,0,0,0,0,0,0,0,0,0,0
200023,0,2,0,0,0,19,0,0,0,17,0,0
200023,0,3,0,0,0,0,0,0,0,0,0,0
200023,0,4,0,19,0,0,32,0,0,15,0,0
200023,0,5,0,0,0,0,0,0,0,19,0,0
200023,0,6,0,0,0,0,0,0,0,0,0,0
200023,1,1,0,0,0,0,0,0,0,0,0,0
200024,1,1,28,28,28,28,28,28,28,28,28,28
200025,1,1,23,23,23,23,23,23,23,23,23,23
200026,1,1,0,0,0,0,0,0,0,0,0,0
200026,2,1,0,0,0,0,0,0,0,0,0,0
200026,3,1,0,0,0,0,0,0,0,0,0,0
200027,1,1,0,0,0,0,0,0,0,0,0,0
200027,2,1,0,10,0,0,0,0,0,0,0,0
200027,3,1,0,0,9,0,0,0,0,0,0,0
200028,1,1,0,0,0,0,0,0,0,0,0,0
200028,2,1,0,0,0,0,0,0,0,0,0,0
200029,1,1,0,0,0,0,0,0,0,0,0,0
200029,2,1,0,0,0,0,0,0,0,0,0,0
200030,1,1,0,0,0,0,0,0,0,0,0,0
200030,2,1,0,0,0,0,0,0,0,0,0,0
200031,1,1,24,24,24,24,24,24,24,24,24,24
200033,1,1,0,0,0,0,0,11,0,0,0,0
200034,1,1,0,0,0,0,0,0,0,0,0,0
200035,1,1,0,10,22,0,0,0,0,0,0,0
200036,1,1,0,0,0,0,0,0,0,0,0,0
200037,1,1,5,5,5,5,5,5,5,5,5,5
200038,1,1,0,0,0,0,0,0,0,0,0,0
200038,2,1,0,0,0,0,0,0,0,0,0,0
200039,1,1,27,27,27,27,27,27,27,27,27,27
200040,1,2,0,0,0,0,15,0,15,0,0,18
200041,1,1,0,0,0,0,0,0,0,0,0,0
200042,1,1,23,23,23,23,23,23,23,23,23,23
200043,1,1,0,0,0,0,0,0,0,0,0,0
200044,1,1,0,0,0,0,0,0,0,0,0,0
200044,2,1,0,0,0,0,0,0,0,0,0,0
200045,1,1,4,4,4,4,4,4,4,4,4,4
200046,1,1,0,0,0,0,0,0,0,0,0,0
200046,2,1,0,0,0,0,0,0,0,0,0,0
200047,0,1,0,0,17,34,0,0,58,16,0,20
200047,1,1,0,2,12,9,0,8,0,19,0,0
200048,1,1,0,0,0,0,0,0,0,0,0,0
200049,1,1,0,0,0,0,0,0,0,0,0,0
200050,1,1,0,0,30,0,0,25,0,0,24,0
200051,1,1,0,0,0,0,0,0,0,0,0,0
200051,2,1,0,0,0,0,0,0,0,0,0,0
200052,1,1,0,0,0,0,0,0,0,0,0,0
200053,1,1,26,26,26,26,26,26,26,26,26,26
200054,1,1,0,0,0,0,0,0,0,0,0,0
200055,1,1,19,19,19,19,19,19,19,19,19,19
200056,1,1,0,0,0,0,0,0,0,0,0,0
200056,2,1,5,5,5,5,5,5,5,5,5,5
200057,1,1,0,15,0,0,0,33,0,0,0,0
200057,2,1,0,0,0,0,0,0,0,0,0,0
200058,1,1,0,0,0,0,0,0,0,0,0,0
200058,2,1,0,0,0,0,0,0,0,0,0,0
200059,1,1,24,24,24,24,24,24,24,24,24,24
200060,1,1,0,0,0,0,0,0,0,0,0,0
200060,2,1,0,0,0,0,0,0,0,0,0,0
200060,3,1,0,0,0,0,14,0,0,0,0,0
200060,4,1,0,0,0,0,0,0,0,0,0,0
200060,5,1,0,0,0,0,0,0,0,0,0,0
200061,1,1,0,0,0,0,0,0,0,0,0,0
200062,1,1,0,0,0,0,0,0,0,0,0,0
200063,1,1,0,3,11,14,9,0,5,0,17,4
200063,2,1,0,0,0,0,0,0,0,0,0,0
200064,1,1,18,19,13,14,26,16,20,6,7,14
200065,1,1,18,18,18,18,18,18,18,18,18,18
200066,1,1,0,0,0,0,0,0,0,0,0,0
200066,2,1,0,0,0,0,0,0,0,0,0,0
200067,1,1,0,0,0,0,0,0,0,0,0,0
200067,2,1,0,0,0,0,0,0,0,0,0,0
200068,1,1,15,15,15,15,15,15,15,15,15,15
200069,1,1,1,1,1,1,1,1,1,1,1,1
200070,1,1,0,0,0,0,0,0,0,0,0,0
200070,2,1,0,0,0,0,0,12,0,0,0,0
200071,1,1,0,0,0,0,0,0,0,0,0,0
200071,2,1,0,0,0,0,0,0,0,0,0,0
200072,1,1,0,0,0,0,0,0,0,0,0,0
200072,2,1,0,11,0,0,0,0,0,23,0,0
200073,1,1,0,0,0,21,0,0,0,0,22,0
200074,1,1,0,0,0,0,0,0,0,0,0,0
200075,1,1,0,0,0,0,0,0,0,0,0,0
200075,2,1,0,0,25,0,0,0,0,0,0,0
200076,1,1,0,0,0,0,0,13,0,0,0,0
200077,1,1,0,0,0,0,0,0,12,0,0,0
200077,2,1,0,0,0,0,0,0,0,0,0,0
200077,3,1,0,0,0,0,0,0,0,0,0,0
200078,1,1,33,33,33,33,33,33,33,33,33,33
200079,1,1,0,0,0,0,0,0,0,0,0,0
200079,2,1,0,0,0,0,0,0,0,0,0,0
200080,1,1,14,14,14,14,14,14,14,14,14,14
200081,1,1,0,0,0,0,0,0,0,0,0,0
200082,1,1,0,0,0,0,0,0,0,0,0,0
200082,2,1,0,0,0,0,0,0,0,0,0,0
200082,3,1,0,0,0,0,0,0,0,0,0,0
200083,1,1,31,31,31,31,31,31,31,31,31,31
200084,1,1,0,0,0,0,0,0,0,0,0,0
200085,1,1,12,0,16,0,0,0,0,0,8,0
200086,1,1,42,42,42,42,42,42,42,42,42,42
200087,1,1,0,0,0,0,0,0,0,0,0,14
200087,2,1,32,32,32,32,32,32,32,32,32,32
200088,0,1,0,0,0,0,0,16,0,0,0,0
200088,1,1,0,0,0,0,0,0,0,0,0,0
200089,1,1,0,0,0,0,0,0,0,0,0,0
200089,2,1,0,0,0,0,0,0,0,0,0,0
200089,3,1,0,0,0,0,0,7,0,0,0,0
200090,1,1,0,0,0,0,0,0,0,0,0,0
200091,1,1,27,27,27,27,27,27,27,27,27,27
200092,1,1,0,0,0,0,0,0,0,0,0,0
200092,2,1,0,0,0,0,0,0,0,0,0,0
200092,3,1,0,0,0,0,0,0,0,16,0,0
200094,1,1,0,0,0,0,0,0,0,0,0,12
200095,1,1,0,0,0,0,0,0,0,0,0,0
200095,2,1,15,0,0,0,0,0,0,0,0,0
200096,1,1,0,0,0,0,0,0,0,0,0,0
200096,2,1,0,0,0,0,0,0,0,0,0,0
200097,1,1,0,0,0,0,0,0,0,0,0,0
200098,1,1,0,0,0,0,0,0,0,0,0,0
200098,2,1,0,0,0,0,0,0,0,19,0,0
200099,1,1,10,10,10,10,10,10,10,10,10,10
200099,2,1,3,0,0,0,0,0,0,0,0,0
200099,3,1,0,0,0,0,0,0,0,0,0,0
200100,1,1,0,0,14,0,12,12,0,0,22,0
200101,1,1,0,0,0,0,0,0,0,0,0,17
200102,1,1,43,43,43,43,43,43,43,43,43,43
200103,1,1,0,0,0,0,0,0,0,0,0,0
200104,1,1,0,0,0,0,0,0,0,0,0,0
200105,1,1,0,0,0,0,0,0,0,0,0,0
200105,2,1,0,0,0,0,0,0,0,0,0,0
200106,1,1,0,0,0,0,0,0,0,0,0,0
200106,2,1,0,0,0,0,0,0,0,0,0,0
200106,3,1,0,0,0,0,0,0,0,0,0,0
200107,1,1,0,0,0,0,0,0,0,0,0,0
200107,2,1,0,0,0,0,0,0,0,0,0,0
200108,1,1,0,0,0,0,0,0,0,0,0,0
200109,1,1,0,0,0,0,0,0,0,0,0,0
200109,2,1,0,0,0,0,0,0,0,0,0,0
200110,1,1,0,0,0,0,0,0,0,0,0,0
200110,2,1,0,0,0,0,0,0,0,0,0,0
200112,1,1,0,0,0,0,0,0,0,0,0,0
200112,2,1,0,0,0,0,0,0,0,0,0,0
200113,1,1,0,0,0,0,0,0,0,0,0,0
200114,1,1,0,0,0,0,0,0,0,0,0,0
200114,2,1,0,0,0,0,0,0,0,0,0,0
200115,1,1,24,24,24,24,24,24,24,24,24,24
200116,0,1,0,0,0,0,0,0,0,0,0,0
200116,1,1,0,0,0,0,0,0,0,0,0,0
200117,1,1,0,0,0,0,0,0,0,0,0,0
200117,2,1,0,0,0,0,0,0,0,0,0,0
200119,1,1,0,0,0,0,0,0,0,0,0,12
200120,1,1,0,0,0,0,0,0,0,0,0,0
200120,2,1,0,0,0,0,0,0,0,0,0,0
200121,1,1,0,0,0,0,0,0,0,9,0,0
200122,1,1,0,0,11,25,0,0,0,0,0,0
200123,1,1,0,20,0,0,17,0,0,11,0,17
200124,1,1,9,9,9,9,9,9,9,9,9,9
200125,0,1,29,0,0,0,0,0,15,0,0,0
200125,1,1,0,0,0,0,0,0,0,0,0,0
200126,1,1,28,0,0,0,0,22,0,3,0,0
200127,1,1,0,0,0,0,0,0,0,0,0,0
200128,1,1,0,0,0,0,0,0,0,0,0,0
200128,2,1,0,0,0,0,0,0,0,0,0,0
200129,1,1,0,0,0,0,0,0,0,0,0,0
200129,2,1,0,0,0,0,0,0,0,0,0,0
200130,1,1,15,0,0,9,0,24,0,0,0,0
200131,1,1,0,0,0,0,0,0,0,0,0,0
200131,2,1,0,0,0,0,0,0,0,0,0,0
200132,1,1,0,0,0,0,0,0,14,0,0,0
200132,2,1,0,0,0,0,0,0,0,0,0,0
200132,3,1,0,0,0,0,0,0,0,0,0,0
200133,1,1,0,16,10,19,32,15,6,24,19,37
200134,0,1,0,0,0,0,0,0,0,0,0,0
200134,1,1,0,0,0,0,0,0,0,0,0,0
200135,1,1,20,20,20,20,20,20,20,20,20,20
200135,2,1,0,0,0,0,0,0,0,0,0,0
200136,1,1,6,6,6,6,6,6,6,6,6,6
200137,1,1,0,0,0,0,0,0,0,0,0,0