ST_CASE,VEH_NO,PER_NO,P1,P2,P3,P4,P5,P6,P7,P8,P9,P10
200138,1,1,0,0,0,0,0,0,0,0,0,0
200138,2,1,0,0,0,0,0,0,0,0,0,0
200139,1,1,0,0,0,12,0,0,0,0,0,0
200140,1,1,0,0,0,0,0,0,0,0,0,0
200140,2,1,0,0,0,0,0,13,0,0,0,0
200141,1,1,0,0,0,0,0,0,0,0,0,0
200141,2,1,0,0,0,0,0,0,0,0,0,0
200142,1,1,0,0,0,0,0,0,0,0,0,0
200143,1,1,0,0,0,0,0,0,0,0,0,0
200143,2,1,0,0,0,0,0,0,0,0,0,0
200144,1,1,0,0,10,0,0,0,0,0,0,0
200145,1,1,0,0,0,0,0,0,8,0,0,0
200146,0,1,20,20,20,20,20,20,20,20,20,20
200146,1,1,0,0,0,0,0,0,0,0,0,0
200147,1,1,0,0,0,0,0,0,0,0,0,20
200147,2,1,0,0,0,0,0,0,0,0,0,0
200148,1,1,0,0,0,0,0,0,0,0,0,0
200149,1,1,0,0,0,0,0,0,14,0,12,0
200150,1,1,0,0,0,0,0,0,19,0,0,0
200150,2,1,0,0,0,0,0,0,0,0,0,0
200151,1,1,0,0,0,0,0,0,0,0,0,0
200151,2,1,0,0,0,0,0,0,0,0,0,0
200152,0,1,0,0,0,0,18,0,0,0,0,0
200152,1,1,4,12,16,10,0,0,15,22,18,0
200154,1,1,0,0,0,0,0,0,0,0,8,0
200154,2,1,0,0,0,0,0,0,0,0,0,0
200155,1,1,0,0,0,0,0,0,0,0,0,0
200156,1,1,5,5,5,5,5,5,5,5,5,5
200158,1,1,0,0,0,0,0,0,0,0,0,0
200159,1,1,0,1,0,0,0,7,0,0,0,0
200159,2,1,0,0,0,0,0,0,0,0,0,0
200160,1,1,0,0,0,0,0,0,0,0,0,0
200161,1,1,0,0,0,0,0,0,0,0,0,0
200162,1,1,0,0,0,23,0,0,31,0,26,0
200163,1,1,0,0,0,0,0,0,0,0,0,0
200164,1,1,0,0,32,0,0,0,0,24,0,0
200165,1,1,0,0,0,0,0,0,0,0,0,0
200165,2,1,0,0,0,0,0,0,0,0,0,0
200166,1,1,0,0,0,0,0,7,0,0,0,0
200167,1,1,20,8,15,18,17,31,20,13,22,9
200168,1,1,0,0,0,0,0,0,0,0,0,0
200169,1,1,9,9,9,9,9,9,9,9,9,9
200170,1,1,0,0,0,0,0,0,0,0,0,0
200171,1,1,0,0,0,0,0,0,0,0,0,0
200172,1,1,0,0,0,0,0,0,0,0,0,0
200173,1,1,19,19,19,19,19,19,19,19,19,19
200174,1,1,0,0,0,0,0,0,0,0,0,0
200174,2,1,0,0,0,0,0,0,0,0,0,0
200175,1,1,0,0,0,0,0,0,0,0,0,0
200175,2,1,8,8,8,8,8,8,8,8,8,8
200176,1,1,14,14,14,14,14,14,14,14,14,14
200177,1,1,8,8,8,8,8,8,8,8,8,8
200178,0,1,0,0,0,0,0,0,0,0,0,0
200178,1,1,0,0,0,0,0,0,0,0,0,0
200180,1,1,27,27,27,27,27,27,27,27,27,27
200181,1,1,0,0,0,0,0,0,0,0,19,0
200182,1,1,5,5,5,5,5,5,5,5,5,5
200183,1,1,0,0,0,0,0,0,0,0,0,0
200183,2,1,0,0,0,0,0,0,0,0,0,0
200184,1,1,0,22,0,0,0,0,0,0,0,0
200185,1,1,0,0,0,0,0,0,0,0,0,0
200185,2,1,0,0,0,0,0,0,0,0,0,0
200186,1,1,0,0,8,0,0,0,0,0,0,0
200186,2,1,0,0,0,0,0,0,0,0,0,0
200187,0,1,0,0,0,0,0,0,0,0,0,0
200187,0,2,0,0,0,0,0,0,0,0,0,0
200187,1,1,0,0,0,0,0,0,0,0,0,0
200188,1,1,0,0,0,0,0,0,0,0,0,0
200189,1,1,0,0,0,0,0,0,0,0,0,0
200190,1,1,0,0,0,0,0,15,0,0,0,0
200191,1,1,0,0,0,0,0,0,0,0,0,0
200191,2,1,0,0,0,0,0,0,0,0,0,0
200192,1,1,0,0,0,0,0,0,0,0,0,0
200193,1,1,0,0,0,0,0,0,0,19,0,0
200194,1,1,0,0,0,0,0,0,0,0,0,0
200195,1,1,0,0,0,0,0,0,0,0,0,0
200196,1,1,23,23,23,23,23,23,23,23,23,23
200197,1,1,0,0,0,0,0,0,0,0,0,0
200198,1,1,13,13,13,13,13,13,13,13,13,13
200198,2,1,0,0,0,29,0,0,0,0,0,0
200199,1,1,0,0,0,0,0,0,0,0,0,0
200199,2,1,0,0,0,0,0,0,0,0,0,0
200200,1,1,0,0,0,0,0,0,0,0,0,0
200201,0,1,0,0,0,0,0,24,0,0,0,0
200201,1,1,0,0,0,0,0,0,0,0,0,0
200202,0,1,26,8,0,58,0,23,6,0,24,0
200202,1,1,0,0,7,0,0,9,19,4,21,0
200203,1,1,0,0,0,0,0,0,0,0,0,0
200203,2,1,0,0,0,0,0,0,0,0,0,0
200203,3,1,0,0,0,0,0,0,0,0,0,0
200204,1,1,0,0,0,0,0,0,0,0,0,0
200205,1,1,11,11,11,11,11,11,11,11,11,11
200205,2,1,0,0,0,0,0,0,0,0,0,0
200206,1,1,0,0,0,0,0,0,0,0,0,13
200206,2,1,0,0,0,0,0,0,0,0,0,0
200207,1,1,0,0,0,0,0,0,0,21,0,0
200207,2,1,0,0,0,0,0,0,0,0,0,0
200208,1,1,10,10,10,10,10,10,10,10,10,10
200209,0,1,0,0,0,0,0,0,0,0,0,0
200209,1,1,0,0,0,0,0,0,0,0,0,0
200210,1,1,0,0,0,0,0,0,0,0,0,0
200211,1,1,16,16,16,16,16,16,16,16,16,16
200212,1,1,0,0,0,0,0,0,0,0,0,0
200212,2,1,0,0,0,0,0,0,0,0,0,0
200213,0,1,0,0,0,0,0,0,0,0,0,0
200213,1,1,0,0,0,0,0,0,0,0,0,0
200214,1,1,0,0,0,0,0,0,0,0,0,0
200215,1,1,28,28,28,28,28,28,28,28,28,28
200216,1,1,0,0,0,0,0,0,0,0,0,0
200216,2,1,0,0,0,0,0,0,0,0,0,0
200217,1,1,0,0,0,0,0,0,14,0,0,6
200217,2,1,0,0,0,0,0,0,0,0,0,0
200218,1,1,0,0,0,0,0,0,0,0,0,0
200219,1,1,0,0,0,0,0,0,0,0,0,0
200220,1,1,23,0,0,0,21,15,13,0,0,0
200221,1,1,0,0,0,0,0,0,0,0,0,13
200222,1,1,0,0,0,0,0,0,0,0,0,0
200223,1,1,0,0,0,0,0,0,0,0,0,0
200224,1,1,0,0,0,0,10,0,20,0,9,0
200225,1,1,20,20,20,20,20,20,20,20,20,20
200226,1,1,6,6,6,6,6,6,6,6,6,6
200226,2,1,0,0,0,0,0,0,0,0,0,0
200227,1,1,19,0,14,17,0,0,0,0,0,0
200228,1,1,0,18,0,0,0,0,0,0,0,3
200229,1,1,17,17,17,17,17,17,17,17,17,17
200230,1,1,0,0,0,0,0,0,0,0,0,0
200230,2,1,0,0,0,0,0,0,0,0,0,0
200231,1,1,0,0,0,0,0,14,0,0,15,0
200231,2,1,0,0,0,0,0,0,0,0,0,0
200232,1,1,0,0,0,0,0,0,0,0,0,0
200233,1,1,0,0,0,0,0,0,0,0,0,0
200233,2,1,0,9,0,0,0,0,5,0,0,0
200233,3,1,0,0,0,0,0,0,0,0,0,0
200234,1,1,7,7,7,7,7,7,7,7,7,7
200235,1,1,19,19,19,19,19,19,19,19,19,19
200236,1,1,0,0,0,0,0,0,0,0,0,0
200236,2,1,9,7,0,0,0,0,0,19,7,0
200237,1,1,26,14,7,19,13,9,19,22,25,22
200238,1,1,0,0,28,0,0,0,0,0,0,0
200239,1,1,24,24,24,24,24,24,24,24,24,24
200240,1,1,11,0,0,0,0,0,0,0,0,17
200241,1,1,0,0,0,0,0,0,0,0,0,0
200241,2,1,0,0,0,0,0,0,0,0,0,0
200242,1,1,18,18,18,18,18,18,18,18,18,18
200243,1,1,0,0,0,0,0,0,0,0,0,0
200243,2,1,0,0,0,0,0,0,0,0,0,0
200244,1,1,0,0,0,0,0,0,0,0,0,0
200245,1,1,0,0,0,0,0,0,0,0,0,0
200245,2,1,0,0,0,0,0,0,0,0,0,0
200245,3,1,0,0,0,0,11,0,16,0,0,0
200246,1,1,7,13,11,0,29,0,0,0,14,4
200247,0,1,23,16,10,0,31,14,0,28,0,6
200247,1,1,0,13,9,0,0,0,0,0,0,0
200248,1,1,0,0,0,0,0,0,0,0,0,0
200249,1,1,0,0,0,0,0,0,0,0,0,0
200250,1,1,0,0,0,0,0,0,0,0,0,0
200251,1,1,0,15,0,0,0,0,0,0,0,0
200251,2,1,0,0,0,0,0,0,0,0,0,0
200251,3,1,0,0,0,0,0,0,0,0,0,0
200251,4,1,0,0,0,0,0,0,0,0,0,0
200252,0,1,0,0,0,0,0,0,0,0,0,0
200252,1,1,0,0,0,0,0,0,0,0,0,0
200253,1,1,12,12,12,12,12,12,12,12,12,12
200254,1,1,0,0,0,0,0,0,0,0,0,0
200254,2,1,0,0,0,0,0,0,0,0,0,0
200255,1,1,0,0,0,0,0,0,12,0,0,0
200255,2,1,0,0,0,0,0,0,0,0,0,0
200256,1,1,0,0,0,0,0,0,0,0,0,0
200256,2,1,0,0,0,0,0,0,0,0,0,0
200257,1,1,0,0,0,3,0,0,0,0,0,0
200257,2,1,0,0,0,0,0,0,0,0,0,0
200258,1,1,0,0,0,0,0,0,0,0,0,0
200258,2,1,0,0,0,0,0,0,0,0,0,0
200259,1,1,0,0,0,0,0,0,0,0,0,0
200260,1,1,22,22,22,22,22,22,22,22,22,22
200261,1,1,0,0,0,0,0,0,0,0,0,0
200261,2,1,0,0,0,0,0,0,0,0,0,0
200263,1,1,13,13,13,13,13,13,13,13,13,13
200263,2,1,0,0,0,0,0,0,0,0,0,0
200264,0,1,0,0,0,0,0,0,0,0,0,18
200264,0,2,0,0,0,0,0,36,0,33,0,0
200264,1,1,0,11,0,0,0,0,0,0,0,0
200265,1,1,0,0,10,0,29,0,0,0,0,0
200266,1,1,0,0,0,0,0,0,0,0,0,0
200266,2,1,0,0,0,0,0,0,0,0,0,0
200267,1,1,0,0,0,0,0,0,0,0,0,0
200268,1,1,0,0,0,0,0,0,0,0,0,0
200268,2,1,0,16,0,0,0,25,0,0,0,0
200269,1,1,0,0,28,14,16,7,23,15,10,26
200270,1,1,18,18,18,18,18,18,18,18,18,18
200271,0,1,13,13,13,13,13,13,13,13,13,13
200271,1,1,0,0,0,0,0,0,0,0,0,0
200272,1,1,0,0,0,0,0,0,0,0,0,0
200272,2,1,0,0,0,0,0,0,0,0,0,0
200273,0,1,0,0,0,0,0,0,0,0,0,0
200273,1,1,0,0,0,0,0,0,0,0,0,0
200274,1,1,0,0,0,0,0,0,0,0,0,0
200275,1,1,0,0,0,0,2,0,0,0,0,0
200276,1,1,0,0,0,0,0,0,0,0,0,0
200276,2,1,0,0,0,0,0,0,0,0,0,0
200277,1,1,0,0,0,0,0,0,0,0,0,0
200278,1,1,25,25,25,25,25,25,25,25,25,25
200278,2,1,28,28,28,28,28,28,28,28,28,28
200279,1,1,0,0,0,0,0,0,0,0,0,0
200279,2,1,0,0,0,0,0,0,0,0,0,0
200279,3,1,0,0,0,0,0,0,0,0,0,0
200280,1,1,17,17,17,17,17,17,17,17,17,17
200281,1,1,0,0,0,0,0,0,0,0,0,0
200281,2,1,0,0,0,0,0,0,0,0,0,0
200282,1,1,0,0,0,0,0,0,0,0,0,0
200282,2,1,0,0,0,0,0,0,0,0,0,0
200283,1,1,14,18,0,0,28,12,16,0,25,12
200284,1,1,0,0,0,0,0,0,0,0,0,0
200284,2,1,0,0,0,0,0,0,0,0,0,0
200285,1,1,0,0,0,0,0,0,0,0,0,0
200285,2,1,0,0,0,67,0,0,0,0,0,0
200286,1,1,29,15,24,9,16,27,9,5,15,22
200287,1,1,0,0,0,0,0,0,27,0,0,0
200288,1,1,16,16,16,16,16,16,16,16,16,16
200289,1,1,0,0,0,0,0,0,0,0,0,0
200290,1,1,0,0,0,0,0,0,0,0,0,0
200291,1,1,26,26,26,26,26,26,26,26,26,26
200292,1,1,0,13,8,0,0,0,15,0,0,0
200293,1,1,0,0,0,0,0,0,0,0,0,0
200294,1,1,0,0,0,0,0,0,0,0,0,0
200295,1,1,0,0,0,0,0,0,0,0,0,0
200296,1,1,0,0,0,0,0,0,0,0,0,0
200297,1,1,0,0,0,0,0,0,0,13,0,0
200297,2,1,0,14,0,0,0,0,0,0,0,0
200298,1,1,0,0,0,0,0,0,0,0,0,0
200298,2,1,0,0,0,0,0,0,0,0,0,0
200299,1,1,0,0,0,0,0,0,0,0,0,0
200300,1,1,0,0,0,0,0,0,0,0,0,0
200300,2,1,0,0,0,0,0,0,0,0,0,0
200301,1,1,0,0,0,0,0,0,0,0,0,0
200302,1,1,0,0,0,0,0,0,0,0,0,0
200303,0,1,0,0,0,0,0,0,0,0,0,0
200303,1,1,0,0,0,0,0,0,0,0,0,0
200304,0,1,0,0,0,0,0,0,0,0,0,0
200304,1,1,0,0,0,0,0,0,0,0,0,0
200305,0,1,0,0,0,0,0,25,0,0,0,0
200305,1,1,0,0,0,0,0,0,0,0,0,0
200305,2,1,0,0,0,0,0,0,0,0,0,0
200305,3,1,0,0,0,0,0,0,0,0,0,0
200306,1,1,0,0,0,0,0,0,0,0,0,0
200306,2,1,0,29,0,0,0,0,0,0,0,0
200306,3,1,0,0,0,0,0,0,0,0,0,0
200307,1,1,24,24,24,24,24,24,24,24,24,24
200308,1,1,0,0,0,0,0,0,0,0,0,0
200308,2,1,0,0,0,0,0,0,0,0,0,0
200309,1,1,0,0,0,0,0,0,0,0,0,0
200309,2,1,0,0,0,0,0,0,0,0,0,0
200309,3,1,0,0,0,0,0,0,0,0,0,0
200310,0,1,4,0,0,0,0,0,0,14,4,0
200310,1,1,0,0,0,0,0,0,0,0,0,0
200311,1,1,28,28,28,28,28,28,28,28,28,28
200312,1,1,0,0,15,0,0,0,0,0,0,0
200313,1,1,0,0,0,17,41,0,0,0,0,0
200314,1,1,0,0,0,0,0,0,0,0,0,0
200315,0,1,0,0,0,0,0,0,0,0,0,0
200315,1,1,0,0,0,0,0,0,33,0,0,0
200316,1,1,0,0,0,0,0,0,0,0,0,0
200316,2,1,0,12,10,0,0,0,0,0,0,0
200317,1,1,0,0,0,0,0,0,0,0,0,0
200318,1,1,0,0,0,0,0,0,0,0,0,0
200318,2,1,0,0,0,0,0,0,0,0,0,0
200319,1,1,0,0,0,0,0,0,0,0,0,0
200319,2,1,0,0,0,0,0,0,0,0,0,0
200320,1,1,16,16,16,16,16,16,16,16,16,16
200320,2,1,0,0,0,0,0,0,0,0,0,0
200321,1,1,0,0,0,0,0,0,0,0,0,0
200321,2,1,0,0,0,0,0,0,0,0,0,0
200322,1,1,0,0,0,0,0,0,0,0,0,0
200322,2,1,0,0,0,0,0,0,0,0,0,0
200322,3,1,0,0,0,0,0,0,0,0,0,0
200323,1,1,0,0,0,0,0,0,0,0,0,0
200324,1,1,0,0,0,0,0,0,0,0,0,0
200325,1,1,13,13,13,13,13,13,13,13,13,13
200325,2,1,0,0,0,0,0,0,0,0,0,0
200326,1,1,0,0,0,0,0,0,0,0,16,0
200326,2,1,0,4,0,0,0,0,0,0,0,0
200327,1,1,0,0,0,0,0,0,0,0,0,0
200327,2,1,0,0,0,0,0,0,0,0,0,0
200328,1,1,0,0,0,0,0,0,0,0,0,0
200328,2,1,12,12,12,12,12,12,12,12,12,12
200329,1,1,19,0,22,14,0,0,0,0,0,13
200330,1,1,0,0,0,0,0,16,0,15,0,0
200332,1,1,0,0,0,0,0,0,0,0,0,0
210001,1,1,12,15,6,27,20,14,20,22,4,7
210002,1,1,18,18,18,18,18,18,18,18,18,18
210003,1,1,25,25,25,25,25,25,25,25,25,25
210003,2,1,0,0,0,0,0,0,0,0,0,0
210004,1,1,0,0,0,0,0,0,0,0,0,0
210005,1,1,0,0,0,0,0,0,0,0,0,0
210005,2,1,0,0,0,0,0,0,0,0,0,0
210006,1,1,15,15,15,15,15,15,15,15,15,15
210007,2,1,0,0,0,0,0,0,0,0,0,0
210008,1,1,0,0,0,0,0,0,0,0,0,0
210008,2,1,0,0,0,0,0,0,0,0,0,0
210009,1,1,0,0,0,0,0,0,0,0,0,0
210010,1,1,0,0,0,0,0,0,0,0,0,0
210011,1,1,0,0,0,0,0,0,0,0,0,0
210012,0,1,15,15,15,15,15,15,15,15,15,15
210012,1,1,0,0,0,0,0,0,0,0,0,0
210013,1,1,0,0,0,16,0,0,0,0,0,0
210013,2,1,0,0,0,0,0,0,0,0,0,0
210014,1,1,0,0,0,0,0,0,0,0,0,0
210014,2,1,0,0,0,0,0,0,0,0,0,0
210015,1,1,0,0,0,0,0,0,0,0,18,0
210016,1,1,0,0,0,0,9,0,10,0,0,0
210016,2,1,0,0,0,0,0,0,0,0,6,0
210017,1,1,18,18,18,18,18,18,18,18,18,18
210018,1,1,0,0,0,0,0,0,0,0,0,0
210019,0,1,0,0,0,0,0,0,0,0,0,0
210019,1,1,0,0,0,24,0,0,0,0,0,0
210020,1,2,0,0,0,0,0,0,0,9,0,13
210021,1,1,0,0,0,0,0,0,0,0,0,0
210021,2,1,0,0,0,0,0,0,0,0,0,0
210022,1,1,0,0,0,0,0,0,0,0,0,0
210023,1,1,0,0,0,0,0,0,0,0,0,0
210023,2,1,0,0,0,0,0,0,0,0,0,0
210024,1,1,0,0,0,0,0,0,0,0,0,0
210025,0,1,0,0,0,0,0,0,0,0,0,0
210025,1,1,0,0,0,0,0,0,0,0,0,0
210026,1,1,0,0,0,0,0,0,0,0,0,0
210027,1,1,8,8,8,8,8,8,8,8,8,8
210027,2,1,1,1,1,1,1,1,1,1,1,1
210028,1,1,0,0,0,0,0,0,0,0,0,0
210028,2,1,0,0,0,0,0,0,0,0,0,0
210029,1,1,0,0,0,0,0,0,0,0,0,0
210029,2,1,0,0,0,0,0,0,0,0,0,0
210029,3,1,0,0,0,0,0,0,0,0,0,0
210030,0,1,0,0,0,0,0,0,0,0,0,0
210030,1,1,0,0,0,0,0,0,0,0,0,0
210030,2,1,0,0,0,0,0,0,0,0,0,0
210031,1,1,0,0,0,0,0,0,0,0,0,0
210032,0,1,29,0,0,0,0,0,0,32,0,0
210032,1,1,0,0,0,0,0,0,0,0,0,0
210033,1,1,0,0,0,0,0,0,0,0,0,0
210034,0,1,0,0,0,0,0,0,0,0,0,0
210034,1,1,0,0,0,0,0,0,0,0,0,0
210034,2,1,0,0,0,0,0,0,0,0,0,0
210035,1,1,0,0,0,0,0,0,0,0,0,0
210036,1,1,0,0,0,0,0,0,0,0,0,0
210037,1,1,7,7,7,7,7,7,7,7,7,7
210037,2,1,0,0,0,0,0,0,0,0,0,0
210038,1,1,18,18,18,18,18,18,18,18,18,18
210039,1,1,0,0,0,0,0,0,0,0,0,0
210039,2,1,0,0,0,0,0,0,0,0,0,0
210040,1,1,18,0,0,0,0,0,0,0,0,0
210041,1,1,0,0,0,0,0,0,0,0,0,0
210041,2,1,0,0,0,0,0,0,0,0,0,0
210042,1,1,14,14,14,14,14,14,14,14,14,14
210043,1,1,5,5,5,5,5,5,5,5,5,5
210044,1,1,0,0,0,17,0,24,0,0,0,0
210045,1,1,19,23,13,4,15,31,11,18,11,17
210045,2,1,0,0,0,0,0,0,0,0,0,0
210046,1,1,0,0,0,0,0,0,0,0,0,0
210046,2,1,0,0,0,0,0,0,0,0,0,0
210047,1,1,0,0,0,0,0,0,0,0,0,13
210047,2,1,0,0,0,0,0,0,0,0,0,0
210047,3,1,0,0,0,0,0,0,0,0,0,0
210048,1,1,13,14,21,12,5,14,12,47,29,11
210049,1,1,0,0,0,0,0,0,0,0,0,0
210049,3,1,0,0,0,0,0,0,0,0,0,0
210049,4,1,0,0,0,0,0,0,0,0,0,0
210050,1,1,0,0,0,0,0,0,0,0,0,0
210051,1,1,0,0,0,0,0,0,0,0,0,0
210051,2,1,0,0,0,0,0,0,0,0,0,0
210052,1,1,14,14,14,14,14,14,14,14,14,14
210053,1,2,25,5,14,24,14,13,13,16,25,21
210054,1,1,27,27,27,27,27,27,27,27,27,27
210055,1,1,0,0,0,0,0,0,0,0,0,0
210055,2,1,0,0,0,0,0,0,0,0,0,0
210056,1,1,0,0,0,0,0,0,0,0,0,0
210056,2,1,0,0,0,0,0,0,0,0,0,0
210057,1,1,0,0,0,0,0,0,0,0,0,0
210057,2,1,0,0,22,0,0,0,0,0,0,0
210058,1,1,0,0,0,0,0,0,0,0,0,0
210058,2,1,0,10,22,0,0,0,0,0,9,0
210059,1,1,0,0,0,0,0,0,0,0,0,0
210060,1,1,0,0,0,0,0,0,0,0,0,0
210060,2,1,0,0,0,0,0,0,8,0,0,0
210061,1,1,0,0,0,0,0,0,0,0,0,0
210061,2,1,0,0,0,0,0,0,0,0,0,0
210062,0,1,0,0,0,0,0,0,0,0,0,0
210062,1,1,0,0,0,0,0,0,24,0,0,0
210063,1,1,0,0,0,0,0,0,0,0,0,0
210064,1,1,0,0,0,0,0,0,0,0,0,0
210064,2,1,0,0,0,0,0,0,0,0,0,0
210065,1,1,8,8,8,8,8,8,8,8,8,8
210066,1,1,11,11,11,11,11,11,11,11,11,11
210067,1,1,18,18,18,18,18,18,18,18,18,18
210068,0,1,13,13,13,13,13,13,13,13,13,13
210068,1,1,0,22,5,0,0,0,0,0,0,13
210069,1,1,0,0,20,0,0,0,0,0,9,0
210069,2,1,0,0,0,0,0,20,0,0,17,0
210069,3,1,19,0,0,0,24,0,0,0,0,0
210069,4,1,0,0,0,21,0,21,23,0,0,0
210070,1,1,0,11,0,0,0,22,0,0,0,0
210070,2,1,0,0,0,0,0,0,0,0,0,0
210070,3,1,0,0,0,0,0,0,0,0,0,0
210070,4,1,0,0,0,0,0,0,5,0,0,0
210070,5,1,0,0,0,0,0,0,0,0,0,0
210071,0,1,0,0,0,0,0,0,0,0,0,0
210071,1,1,0,0,0,0,0,0,0,0,0,7
210072,0,1,0,0,0,31,0,0,0,0,0,0
210072,1,1,19,19,19,19,19,19,19,19,19,19
210073,1,1,0,0,0,0,0,0,0,0,0,0
210073,2,1,0,0,0,0,0,0,0,0,0,0
210074,1,1,5,5,5,5,5,5,5,5,5,5
210075,0,1,23,23,23,23,23,23,23,23,23,23
210075,1,1,0,0,12,0,0,0,0,0,11,2
210076,1,1,0,0,0,0,0,0,0,0,0,0
210076,2,1,0,0,0,0,0,0,0,0,0,0
210076,3,1,0,0,0,0,0,0,0,0,0,0
210077,1,1,0,0,0,0,0,0,0,0,0,0
210078,1,1,20,20,20,20,20,20,20,20,20,20
210078,2,1,0,12,27,0,0,22,0,18,0,14
210079,1,1,0,0,0,0,0,0,0,0,0,0
210080,1,1,17,17,17,17,17,17,17,17,17,17
210081,1,1,0,0,0,0,0,0,0,0,0,0
210081,2,1,10,10,10,10,10,10,10,10,10,10
210082,1,1,21,21,21,21,21,21,21,21,21,21
210082,2,1,0,0,0,0,0,0,0,0,0,0
210083,1,1,0,0,0,0,0,0,0,0,0,0
210083,2,1,0,0,0,0,0,0,0,0,0,0
210084,1,1,0,0,0,0,0,0,0,0,0,0
210084,2,1,0,0,0,0,0,0,0,0,0,0
210084,3,1,0,0,0,0,0,0,0,0,0,0
210085,1,1,0,0,0,0,0,0,0,0,0,0
210085,2,1,0,0,0,0,0,0,0,0,0,0
210086,1,1,0,0,0,0,0,0,0,0,0,0
210087,1,1,0,0,0,0,0,0,0,0,0,0
210087,2,1,0,0,0,0,0,0,0,0,0,0
210087,3,1,0,0,0,0,0,0,0,0,0,0
210088,0,1,30,30,30,30,30,30,30,30,30,30
210088,1,1,0,0,0,0,0,0,0,0,0,0
210089,1,1,10,10,10,10,10,10,10,10,10,10
210089,2,1,0,0,5,0,0,6,0,0,0,0
210090,1,1,0,0,0,0,0,0,0,0,0,0
210091,1,1,27,27,27,27,27,27,27,27,27,27
210092,1,1,0,0,0,0,0,0,0,0,0,0
210093,0,1,0,0,0,0,0,0,0,0,0,0
210093,1,1,0,0,9,0,0,0,0,0,0,0
210094,1,1,0,0,0,4,0,0,0,0,0,0
210095,1,1,0,0,0,0,0,0,0,0,0,17
210096,1,1,0,0,0,0,0,0,0,0,0,0
210097,0,1,0,0,0,0,0,0,0,0,0,0
210097,1,1,0,0,0,0,0,0,0,0,0,0
210098,0,1,0,0,0,0,0,0,0,0,0,0
210098,1,1,0,0,0,0,0,0,0,0,0,0
210099,0,1,0,0,0,0,0,0,0,0,0,0
210099,1,1,0,11,0,0,0,8,23,0,0,0
210100,1,1,0,0,0,0,0,0,0,0,0,0
210100,2,1,0,0,0,0,0,0,0,0,0,0
210100,3,1,0,0,0,0,0,0,0,0,0,0
210100,4,1,0,0,0,0,0,0,0,0,0,0
210101,1,1,0,0,0,0,0,0,0,0,0,0
210101,2,1,0,0,0,0,0,0,0,0,0,0
210102,1,1,0,0,0,0,0,0,0,0,0,0
210103,1,1,0,0,0,0,0,0,0,0,0,0
210104,1,1,14,0,0,0,0,0,0,3,0,0
210104,2,1,0,0,0,0,0,0,0,0,0,0
210105,1,1,0,0,0,21,0,0,0,18,0,18
210106,1,1,33,33,33,33,33,33,33,33,33,33
210106,2,1,0,0,0,0,0,0,0,0,0,0
210106,3,1,0,0,0,0,0,0,0,0,0,0
210107,1,1,0,0,0,0,0,0,0,0,0,0
210107,2,1,0,0,0,0,0,0,0,0,0,0
210107,3,1,0,0,0,0,0,0,0,0,0,0
210108,1,1,0,0,0,0,0,0,0,0,0,0
210108,2,1,0,0,0,0,0,0,0,0,0,0
210109,1,1,0,0,0,0,0,0,0,0,0,0
210110,1,1,21,21,21,21,21,21,21,21,21,21
210111,0,1,23,0,17,0,0,18,0,6,0,0
210111,1,1,0,0,0,0,0,0,0,0,0,0
210112,1,1,14,0,0,0,0,0,0,0,0,0
210112,2,1,0,0,0,0,0,0,0,0,0,0
210113,1,1,0,18,0,0,0,0,0,0,0,0
210114,1,1,19,19,19,19,19,19,19,19,19,19
210115,1,1,0,0,0,0,0,0,0,0,0,0
210115,2,1,0,0,0,0,0,0,0,0,0,0
210116,0,1,0,0,0,0,0,0,0,0,0,0
210116,0,2,0,0,0,0,0,0,0,0,0,0
210116,0,3,0,0,41,0,0,0,0,0,0,0
210116,0,4,0,0,0,0,0,0,0,0,0,0
210116,0,5,0,0,0,0,0,0,0,0,0,0
210116,1,1,0,0,0,0,0,0,0,0,0,0
210117,1,1,0,0,0,0,0,0,0,0,0,0
210118,1,1,20,4,27,23,0,0,17,7,3,21
210118,2,1,0,0,0,0,0,0,0,0,0,0
210119,0,1,26,35,20,14,14,19,36,9,7,29
210119,1,1,0,0,0,0,0,0,0,0,0,0
210120,1,1,0,0,0,0,0,0,0,0,0,0
210120,2,1,0,0,0,0,0,0,0,0,0,0
210121,1,1,0,0,0,0,0,0,0,0,0,0
210121,2,1,0,0,0,0,0,0,0,0,0,0
210121,3,1,0,0,0,0,0,0,0,0,0,0
210122,1,1,0,0,0,0,0,0,0,0,0,0
210122,2,1,0,0,0,0,0,0,0,0,0,0
210123,0,1,30,0,0,19,5,0,0,0,0,0
210123,1,1,0,0,0,0,0,0,0,0,0,0
210124,1,1,0,0,0,0,0,0,0,0,0,0
210124,2,1,0,0,0,0,0,22,0,0,0,0
210124,3,1,5,0,0,0,0,0,0,0,0,0
210124,4,1,0,0,0,0,0,0,0,0,0,0
210125,1,1,0,0,0,0,0,0,0,0,0,0
210125,2,1,0,0,0,0,0,0,0,0,0,6
210125,3,1,0,0,0,0,0,0,0,0,0,0
210125,4,1,0,0,0,0,0,0,0,0,0,0
210126,1,1,0,0,0,0,0,0,0,0,0,0
210127,1,1,0,0,0,0,0,0,0,0,0,0
210127,2,1,0,0,0,0,0,0,0,0,0,0
210128,1,1,0,0,0,0,0,0,0,0,0,0