ST_CASE,VEH_NO,PER_NO,P1,P2,P3,P4,P5,P6,P7,P8,P9,P10
210128,2,1,0,0,0,0,0,0,0,0,0,0
210129,0,1,0,0,0,0,0,0,0,0,0,0
210129,1,1,0,0,0,0,0,0,0,0,0,0
210130,1,1,0,0,0,0,0,0,0,0,0,11
210131,1,1,0,0,0,0,0,0,0,0,0,0
210131,2,1,16,0,0,0,0,0,0,0,0,0
210131,3,1,0,0,0,0,0,0,0,0,0,0
210132,1,1,14,14,14,14,14,14,14,14,14,14
210132,2,1,0,0,0,0,0,0,0,0,0,0
210133,1,1,0,0,0,0,11,0,0,0,18,0
210134,1,2,27,16,12,17,0,4,0,0,9,21
210135,1,1,29,29,29,29,29,29,29,29,29,29
210135,2,1,0,0,0,0,0,0,0,0,0,0
210136,1,1,0,0,0,0,0,0,0,0,0,0
210136,2,1,0,0,0,0,0,0,0,0,0,0
210137,1,1,0,0,0,0,0,0,0,0,0,0
210138,0,1,0,0,0,0,0,0,0,0,0,0
210138,1,1,0,0,0,0,0,0,0,0,0,0
210139,1,1,0,0,0,0,0,0,0,0,0,0
210139,2,1,0,0,0,0,0,0,0,0,0,0
210140,0,1,27,27,27,27,27,27,27,27,27,27
210140,1,1,0,0,0,0,0,0,0,0,0,9
210141,1,1,11,11,11,11,11,11,11,11,11,11
210141,2,1,0,0,0,0,0,0,0,0,0,0
210142,1,1,0,0,21,0,0,0,0,0,15,0
210143,1,1,17,17,17,17,17,17,17,17,17,17
210144,1,1,0,0,0,0,13,0,0,0,0,0
210145,1,1,0,0,0,0,0,0,0,0,0,0
210145,2,1,0,0,0,0,0,0,0,0,0,0
210146,1,1,0,0,0,0,0,0,0,0,0,0
210146,2,1,0,0,0,0,0,0,0,0,0,0
210147,1,1,0,0,0,0,0,0,0,0,0,0
210147,2,1,0,0,0,0,0,0,0,0,0,0
210148,1,1,0,0,0,0,0,0,0,0,0,0
210149,1,1,0,0,0,0,0,0,0,0,0,0
210150,1,1,0,0,0,0,0,0,0,0,0,0
210151,1,1,0,0,0,0,0,0,0,0,0,0
210151,2,1,0,0,0,0,0,0,0,0,0,0
210152,1,1,0,0,0,0,0,0,0,0,0,0
210154,1,1,0,0,0,0,0,0,0,0,0,0
210154,2,1,0,0,0,0,0,0,0,0,0,0
210155,1,1,16,28,0,0,0,0,0,0,0,0
210156,1,1,0,0,0,0,0,0,0,0,0,0
210156,2,1,0,0,0,0,0,0,0,0,0,0
210157,1,1,0,0,0,0,0,0,0,0,0,0
210157,2,1,0,0,0,0,0,0,0,0,0,0
210158,0,1,0,0,0,0,0,0,0,0,0,0
210158,1,1,0,0,0,0,0,0,0,0,0,0
210159,1,1,0,0,0,0,0,0,0,0,0,0
210159,2,1,0,0,0,0,0,0,0,0,0,0
210160,1,1,8,8,8,8,8,8,8,8,8,8
210161,1,1,16,0,0,0,0,0,0,0,0,0
210162,1,1,14,30,17,18,20,36,12,18,18,28
210163,1,1,0,0,0,0,0,0,0,0,0,0
210163,2,1,0,0,0,0,0,0,0,0,0,0
210164,1,1,0,0,0,0,0,0,0,0,0,0
210164,2,1,0,0,0,0,0,0,0,0,0,0
210165,1,1,17,17,17,17,17,17,17,17,17,17
210166,1,1,0,0,0,0,0,0,0,0,0,0
210166,2,1,0,0,0,0,0,0,0,0,0,0
210166,3,1,0,0,0,0,0,0,0,0,0,0
210167,1,1,0,0,0,20,0,0,0,0,0,0
210167,2,1,0,0,0,0,0,0,0,0,0,0
210168,1,1,16,0,0,0,18,0,0,2,32,0
210169,1,1,8,8,8,8,8,8,8,8,8,8
210170,1,1,0,0,0,0,0,0,0,0,0,0
210171,1,1,0,0,0,0,0,0,0,0,0,0
210172,0,1,0,0,0,0,0,0,20,22,0,16
210172,1,1,0,0,0,0,0,5,0,0,0,0
210172,2,1,0,0,0,0,0,0,0,0,0,0
210172,3,1,0,0,0,0,18,0,0,0,0,0
210173,1,1,0,0,0,0,0,0,0,0,0,0
210174,1,1,13,13,13,13,13,13,13,13,13,13
210174,2,1,0,0,0,0,0,0,0,0,0,0
210175,1,1,0,0,0,0,0,0,0,0,0,0
210175,2,1,0,0,0,0,0,0,0,0,0,0
210176,0,1,0,0,0,0,0,0,0,0,0,0
210176,1,1,0,0,0,0,0,0,0,0,12,0
210177,1,1,0,0,0,0,0,0,0,0,0,0
210177,2,1,0,0,0,0,0,0,0,0,0,0
210178,0,1,27,27,27,27,27,27,27,27,27,27
210178,1,1,8,8,8,8,8,8,8,8,8,8
210179,1,1,0,0,0,0,0,0,0,0,0,0
210180,1,1,0,0,11,0,18,0,0,0,15,0
210181,1,1,0,0,0,0,0,0,0,0,0,8
210182,1,1,0,0,0,0,0,0,0,0,0,0
210183,1,1,0,0,0,0,0,0,0,0,0,0
210183,2,1,0,0,0,0,0,0,0,0,0,0
210184,1,1,13,13,13,13,13,13,13,13,13,13
210184,2,1,0,0,0,0,0,0,0,0,0,0
210184,3,1,0,0,0,0,0,0,0,0,0,0
210185,1,1,0,0,0,0,0,0,0,0,0,0
210185,2,1,0,0,0,0,0,0,0,0,0,19
210185,3,1,0,0,0,0,0,18,0,0,0,0
210186,1,1,0,0,0,0,0,0,0,0,0,0
210186,2,1,0,0,0,0,0,0,0,0,0,0
210186,3,1,0,0,0,0,0,0,0,0,0,0
210187,1,1,0,0,0,0,0,0,0,0,0,0
210187,2,1,0,0,0,0,0,0,0,0,0,0
210188,1,1,0,0,0,0,0,0,0,0,0,0
210188,2,1,0,0,0,0,0,0,0,0,0,0
210189,1,1,0,0,0,0,0,0,0,0,0,0
210189,2,1,0,0,0,0,0,0,0,0,0,0
210189,3,1,0,0,11,0,0,0,0,0,0,0
210190,1,1,0,0,0,0,0,0,0,0,0,0
210190,2,1,0,0,0,0,0,0,0,0,0,0
210190,3,1,0,0,0,0,0,0,0,0,0,0
210190,4,1,0,0,0,0,0,0,0,0,0,0
210191,1,1,0,0,0,0,0,0,0,0,0,0
210192,0,1,33,33,33,33,33,33,33,33,33,33
210192,1,1,0,0,0,0,0,0,0,0,0,0
210193,1,1,7,7,7,7,7,7,7,7,7,7
210193,2,1,0,0,0,0,0,0,0,0,0,0
210194,1,1,26,26,26,26,26,26,26,26,26,26
210195,1,1,18,18,18,18,18,18,18,18,18,18
210196,1,1,10,10,10,10,10,10,10,10,10,10
210196,2,1,0,0,0,0,0,0,0,0,0,0
210197,1,1,0,0,0,0,0,0,0,0,0,30
210197,2,1,0,0,0,0,0,0,0,0,0,0
210198,1,1,0,0,0,0,0,0,0,0,0,0
210198,2,1,0,0,0,0,0,0,0,0,0,0
210199,1,1,0,0,0,0,0,0,0,0,0,0
210199,2,1,0,0,0,0,0,0,0,0,0,0
210199,3,1,0,0,0,0,0,0,0,0,0,0
210199,4,1,0,0,0,0,0,0,0,0,0,0
210199,5,1,0,0,0,0,0,0,0,0,0,0
210200,1,1,21,21,21,21,21,21,21,21,21,21
210200,2,1,0,0,0,10,0,0,0,0,0,0
210201,1,1,32,32,32,32,32,32,32,32,32,32
210201,2,1,0,0,0,14,22,0,0,0,0,0
210201,3,1,0,0,0,0,0,0,0,0,0,0
210202,1,1,0,0,0,0,0,0,0,0,0,0
210203,1,1,0,0,0,0,0,0,0,0,0,0
210204,2,1,0,0,0,0,19,0,17,0,0,0
210205,1,1,0,0,0,0,0,0,0,0,0,0
210206,1,1,0,7,0,0,0,0,0,0,0,0
210207,1,1,5,5,5,5,5,5,5,5,5,5
210207,2,1,0,0,0,0,0,0,0,0,0,0
210208,1,1,0,37,17,18,18,11,2,25,33,28
210209,1,1,14,14,14,14,14,14,14,14,14,14
210209,2,1,0,0,0,0,0,0,0,0,0,0
210210,1,1,0,0,0,0,0,0,0,0,0,0
210210,2,1,0,0,0,0,0,0,0,0,0,0
210210,3,1,0,0,0,0,0,0,0,0,0,0
210210,4,1,0,0,0,0,0,0,0,0,0,0
210210,5,1,0,0,0,0,0,0,0,0,0,0
210210,6,1,0,0,0,0,0,0,0,0,0,0
210210,7,1,0,0,0,0,0,0,0,0,0,0
210211,1,1,0,0,0,0,0,0,0,0,0,0
210211,2,1,0,0,0,0,0,0,0,0,0,0
210212,1,1,0,0,0,0,0,0,0,0,0,0
210213,1,1,6,6,6,6,6,6,6,6,6,6
210214,1,1,0,0,0,0,0,0,0,0,0,0
210215,1,1,0,0,0,0,0,7,0,0,0,0
210216,1,1,0,0,0,15,0,0,0,0,0,0
210217,1,1,0,0,0,0,0,0,0,11,0,0
210218,1,1,0,0,0,0,0,0,0,0,33,0
210219,1,1,0,0,0,0,0,0,0,0,0,0
210220,1,1,21,21,21,21,21,21,21,21,21,21
210221,1,1,13,0,0,0,0,0,0,0,0,0
210222,0,1,0,0,0,0,0,0,0,0,0,0
210222,1,1,19,19,19,19,19,19,19,19,19,19
210223,1,1,0,0,0,0,0,0,0,0,0,0
210223,2,1,0,0,0,0,0,0,0,0,0,0
210223,3,1,0,0,0,17,0,0,0,0,0,0
210224,1,1,0,0,0,0,0,0,0,0,0,0
210225,1,1,0,0,0,0,0,0,0,0,0,0
210226,1,1,0,0,0,0,0,0,0,0,0,0
210226,2,1,0,0,0,0,0,0,0,0,0,0
210227,1,1,14,14,14,14,14,14,14,14,14,14
210228,1,1,14,14,14,14,14,14,14,14,14,14
210229,1,1,5,21,10,10,12,18,0,18,10,14
210229,2,1,0,28,47,0,0,0,0,0,0,0
210230,1,1,8,8,8,8,8,8,8,8,8,8
210230,2,1,13,0,12,0,0,21,0,0,0,0
210231,1,1,0,0,0,0,0,0,0,0,0,0
210232,0,1,0,0,0,0,0,0,0,0,0,0
210232,1,1,7,24,27,10,0,5,7,0,13,16
210233,1,1,0,0,0,0,0,0,14,0,0,0
210233,2,1,0,0,0,0,0,0,0,0,0,0
210234,1,1,0,0,0,0,0,0,0,0,0,0
210235,1,1,0,0,0,0,0,0,0,0,0,0
210235,2,1,0,0,0,0,0,0,0,0,0,0
210236,1,1,0,0,0,0,0,0,0,0,0,0
210237,1,1,0,0,0,0,0,0,0,0,0,0
210237,2,1,0,0,0,0,0,0,0,0,0,0
210238,1,1,11,11,11,11,11,11,11,11,11,11
210239,1,1,0,0,0,0,0,0,0,0,0,21
210240,1,1,0,0,0,0,0,0,0,0,0,0
210241,0,1,0,0,0,0,0,0,0,0,0,0
210241,1,1,0,0,0,0,0,0,0,15,0,0
210242,1,1,0,0,0,0,0,24,26,21,0,31
210243,1,1,0,0,0,0,0,0,0,0,0,0
210244,1,1,23,23,23,23,23,23,23,23,23,23
210245,1,1,0,0,0,0,0,0,0,0,0,0
210246,0,1,15,15,15,15,15,15,15,15,15,15
210246,1,1,0,0,0,0,0,0,0,0,0,0
210247,0,1,16,16,16,16,16,16,16,16,16,16
210247,1,1,0,0,0,0,0,0,0,0,0,0
210248,1,1,0,0,0,0,0,0,0,0,0,0
210248,2,1,0,0,0,0,0,0,0,0,0,0
210249,1,1,0,0,0,0,0,0,0,0,0,0
210249,2,1,0,0,0,0,0,0,0,0,0,0
210250,1,1,0,0,0,0,0,0,0,0,0,0
210250,2,1,0,0,0,25,0,0,0,0,0,0
210251,1,1,0,0,0,0,0,0,0,0,0,0
210251,2,1,0,0,0,0,0,0,0,0,0,0
210251,3,1,0,0,0,0,0,0,0,0,0,0
210252,1,1,0,0,16,21,21,0,0,0,0,17
210252,2,1,0,0,0,0,0,0,0,0,0,0
210253,0,1,0,0,0,0,0,0,0,0,0,0
210253,0,2,22,0,16,0,22,0,0,0,0,2
210253,1,1,0,0,0,0,0,0,0,0,0,0
210254,1,1,0,0,0,0,0,0,0,0,0,0
210254,2,1,0,0,0,0,0,0,0,0,0,0
210255,1,1,0,18,0,0,0,0,0,0,0,0
210255,2,1,0,0,37,0,0,0,0,0,0,0
210256,1,1,0,0,0,0,0,0,0,0,0,0
210256,2,1,11,0,0,0,0,0,0,0,0,0
210257,1,1,11,11,11,11,11,11,11,11,11,11
210257,2,1,0,0,0,0,0,0,0,0,0,0
210258,1,1,6,6,6,6,6,6,6,6,6,6
210259,1,1,0,0,0,0,0,0,0,0,0,0
210260,1,1,6,6,6,6,6,6,6,6,6,6
210260,2,1,0,0,0,0,0,0,0,0,0,0
210261,1,1,0,0,0,0,0,0,0,0,0,0
210261,2,1,0,0,0,0,0,0,0,0,0,0
210262,1,1,0,0,0,11,13,4,0,0,0,0
210262,2,1,0,0,0,0,0,0,0,0,0,0
210263,1,1,13,13,13,13,13,13,13,13,13,13
210263,2,1,0,11,0,0,0,0,0,18,0,0
210264,1,1,0,0,34,13,0,0,0,0,0,0
210265,1,1,0,0,18,6,0,0,0,0,0,0
210266,1,1,0,0,0,0,0,0,0,0,0,0
210267,1,1,19,19,19,19,19,19,19,19,19,19
210267,2,1,0,0,0,0,0,0,0,0,0,0
210268,1,1,15,15,15,15,15,15,15,15,15,15
210269,1,1,0,0,0,0,0,0,0,0,0,0
210269,2,1,0,0,0,0,0,0,0,0,0,0
210270,1,1,0,0,0,0,0,0,0,0,0,0
210270,2,1,0,0,0,0,0,0,0,0,0,0
210271,1,1,0,0,0,0,0,0,0,0,0,0
210271,2,1,0,0,0,0,0,0,0,0,0,0
210272,1,1,0,0,0,0,0,0,0,0,0,0
210272,2,1,0,0,0,0,0,0,0,0,0,0
210273,1,1,0,0,0,0,0,0,0,0,0,0
210273,2,1,0,0,0,0,18,0,0,0,0,0
210274,1,1,9,9,9,9,9,9,9,9,9,9
210274,2,1,0,0,0,0,0,0,0,0,0,0
210275,1,1,0,0,0,0,0,0,0,0,0,0
210275,2,1,0,0,0,0,0,0,0,0,0,0
210276,0,1,0,0,0,0,0,0,0,0,0,0
210276,1,1,0,0,0,9,13,9,0,0,0,14
210277,1,1,0,0,0,0,0,0,0,0,0,0
210277,2,1,0,21,23,0,0,0,0,0,0,0
210278,1,1,0,0,35,0,0,11,0,21,0,0
210279,1,1,9,9,9,9,9,9,9,9,9,9
210280,1,1,0,0,0,0,0,0,0,0,0,0
210280,2,1,0,0,0,0,0,0,0,0,0,0
210281,1,1,0,0,0,0,0,0,0,0,0,0
210281,2,1,0,0,0,0,0,0,0,0,0,0
210282,1,1,0,0,0,0,0,0,0,0,0,0
210282,2,1,0,11,0,0,0,0,0,0,0,0
210283,1,1,23,23,23,23,23,23,23,23,23,23
210283,2,1,0,0,0,0,0,0,0,0,0,0
210284,1,1,18,18,18,18,18,18,18,18,18,18
210284,2,1,0,0,18,0,0,0,0,0,0,0
210284,3,1,0,0,0,0,0,0,0,22,0,0
210285,1,1,0,22,11,0,0,0,0,0,0,0
210286,1,1,2,2,2,2,2,2,2,2,2,2
210286,2,1,0,22,0,0,0,0,0,0,0,0
210287,1,1,17,0,0,0,0,0,0,0,0,0
210287,2,1,0,0,0,0,0,0,0,0,0,0
210288,1,1,5,5,5,5,5,5,5,5,5,5
210289,1,1,0,0,0,0,0,0,0,0,0,0
210289,2,1,8,0,0,0,0,0,0,0,0,0
210290,0,1,0,0,0,0,0,0,0,0,13,0
210290,1,1,0,0,0,0,0,0,0,0,0,0
210290,2,1,0,0,0,0,0,0,17,0,0,0
210291,0,1,33,33,33,33,33,33,33,33,33,33
210291,1,1,0,0,0,0,0,0,0,3,0,0
210292,1,1,29,29,29,29,29,29,29,29,29,29
210293,1,1,15,0,0,0,0,0,0,0,0,0
210294,1,1,0,0,0,0,0,0,0,0,0,0
210295,0,1,0,0,17,0,0,0,22,0,0,0
210295,0,2,0,0,10,0,12,0,0,0,0,0
210295,1,1,0,0,0,0,0,0,0,0,0,0
210295,2,1,0,0,0,0,0,0,0,0,0,0
210296,1,1,32,32,32,32,32,32,32,32,32,32
210297,1,1,0,0,0,0,0,0,0,0,0,0
210297,2,1,0,0,0,0,0,0,0,0,0,0
210298,1,1,27,27,27,27,27,27,27,27,27,27
210299,1,1,23,23,23,23,23,23,23,23,23,23
210300,1,1,0,0,13,0,0,18,0,0,0,0
210301,1,1,0,0,0,0,0,0,0,0,0,0
210301,2,1,0,0,0,0,0,0,0,0,0,0
210301,3,1,0,0,0,0,0,0,0,0,0,0
210302,1,1,0,0,0,0,0,0,0,0,0,0
210302,2,1,0,0,0,0,0,0,0,0,0,0
210302,3,1,0,0,0,0,0,0,0,0,0,0
210302,4,1,0,0,0,0,0,0,0,0,0,0
210302,5,1,0,0,0,0,0,0,0,0,0,0
210302,6,1,0,0,0,0,0,0,0,18,0,0
210302,7,1,0,0,0,0,0,0,0,0,0,0
210303,1,1,0,0,0,0,0,0,0,0,0,0
210303,2,1,0,0,0,0,0,0,0,0,0,0
210304,1,1,0,0,8,0,0,0,0,0,0,0
210305,1,1,0,0,0,0,0,0,0,0,0,0
210306,1,1,0,0,0,0,0,0,0,13,0,0
210307,1,1,34,34,34,34,34,34,34,34,34,34
210308,1,1,0,0,0,0,0,0,0,0,0,0
210309,1,1,0,0,0,0,26,0,0,0,0,0
210309,2,1,9,9,9,9,9,9,9,9,9,9
210310,0,1,0,0,0,0,0,0,0,0,0,0
210310,1,1,0,0,0,0,0,0,0,0,0,0
210311,1,1,15,15,15,15,15,15,15,15,15,15
210312,1,1,0,0,0,0,0,0,0,0,0,0
210313,0,1,0,0,0,0,0,0,0,0,0,0
210313,1,1,0,0,0,0,0,0,0,0,0,0
210314,1,1,14,13,10,3,7,22,11,24,9,28
210315,1,1,0,0,0,0,0,0,0,0,0,0
210316,1,1,0,0,0,0,0,0,0,0,0,0
210316,2,1,0,0,0,0,0,0,0,0,0,0
210317,1,1,0,14,0,0,0,0,0,0,0,0
210317,2,1,0,0,0,0,0,0,0,0,0,0
210318,1,1,0,0,0,0,0,0,0,0,0,0
210318,2,1,0,0,18,0,0,0,0,14,18,48
210319,1,1,6,6,6,6,6,6,6,6,6,6
210319,2,1,0,25,0,0,0,0,0,0,31,0
210320,1,1,17,17,17,17,17,17,17,17,17,17
210321,1,1,0,0,0,0,0,0,0,0,0,0
210322,1,1,0,0,4,0,0,0,0,0,0,0
210322,2,1,0,0,0,0,0,0,0,0,0,0
210323,0,1,0,0,0,0,0,0,0,0,0,0
210323,1,1,0,0,7,4,6,0,0,0,0,0
210324,1,1,18,18,18,18,18,18,18,18,18,18
210325,1,1,0,0,0,0,0,0,0,0,0,0
210325,2,1,0,0,0,0,0,0,0,0,0,0
210326,1,1,16,16,16,16,16,16,16,16,16,16
210327,1,1,24,24,24,24,24,24,24,24,24,24
210328,1,1,0,0,0,0,0,0,0,0,0,0
210328,2,1,0,0,0,0,0,0,0,0,0,0
210329,1,1,23,23,23,23,23,23,23,23,23,23
210329,2,1,0,0,0,0,0,0,0,0,0,0
210330,1,1,0,0,0,0,0,0,0,0,0,3
210330,2,1,0,0,0,0,11,0,0,0,0,0
210331,0,1,0,0,0,0,0,0,0,0,0,0
210331,1,1,0,0,0,0,0,0,0,0,0,0
210332,1,1,0,0,0,0,0,0,0,0,0,0
210332,2,1,0,0,0,0,0,0,0,0,0,0
210333,1,1,0,0,0,0,0,0,0,0,0,0
210334,1,1,0,0,0,0,0,0,0,0,0,0
210334,2,1,0,0,0,0,0,0,0,0,0,0
210335,0,1,0,0,0,0,0,0,0,0,0,0
210335,1,1,0,0,0,0,0,0,0,0,0,0
210336,1,1,0,0,0,0,0,0,0,0,0,0
210336,2,1,0,0,0,0,0,0,0,0,0,0
210337,1,1,0,30,0,0,0,0,0,0,29,0
210338,1,1,0,0,0,0,0,0,0,0,0,0
210338,2,1,0,0,0,0,0,0,0,0,0,0
210339,1,1,25,25,25,25,25,25,25,25,25,25
210340,1,1,0,0,0,0,0,0,0,0,0,0
210340,2,1,0,0,0,0,0,0,0,0,0,0
210341,0,1,0,0,0,0,0,0,0,0,0,0
210341,1,1,0,0,0,0,0,0,0,0,0,0
210342,1,1,0,0,0,0,0,0,0,0,0,0
210342,2,1,19,19,19,19,19,19,19,19,19,19
210343,1,1,13,13,13,13,13,13,13,13,13,13
210343,2,1,0,0,0,0,0,0,0,0,0,0
210344,1,1,0,0,0,0,0,0,0,0,0,0
210344,2,1,0,0,0,0,0,0,0,0,0,0
210345,1,1,0,0,0,0,0,0,0,0,0,0
210345,2,1,0,0,0,20,0,0,0,0,5,0
210346,0,1,0,0,0,0,0,0,0,0,0,0
210346,1,1,0,0,0,0,0,0,0,0,0,0
210347,1,1,17,17,17,17,17,17,17,17,17,17
210348,1,1,0,0,0,0,0,0,0,0,0,0
210348,2,1,0,0,0,0,0,0,0,0,0,0
210349,1,1,0,0,0,0,0,0,0,0,0,0
210349,2,1,0,0,0,0,0,0,0,0,0,0
210350,0,1,0,0,0,0,0,0,0,0,0,0
210350,1,1,0,0,0,0,0,0,0,0,0,0
210351,1,1,0,0,0,0,0,0,0,0,0,0
210351,2,1,0,0,0,0,0,0,0,0,0,0
210351,3,1,0,0,0,0,0,0,0,0,0,0
210352,1,1,0,0,0,0,0,0,0,0,0,0
210352,2,1,0,0,0,0,0,0,0,0,0,0
210352,3,1,0,0,0,0,0,0,0,0,0,0
210353,1,1,0,0,0,0,0,0,0,20,0,0
210353,2,1,3,3,3,3,3,3,3,3,3,3
210354,1,1,13,13,13,13,13,13,13,13,13,13
210355,1,1,0,0,0,0,0,0,0,0,0,0
210355,2,1,0,0,0,0,0,0,0,0,0,0
210356,1,1,14,14,14,14,14,14,14,14,14,14
210357,1,1,0,0,0,0,0,0,0,0,0,0
210357,2,1,24,0,0,0,0,0,0,0,0,0
210358,1,1,0,0,0,0,0,0,9,0,0,0
210358,2,1,0,0,0,0,0,0,0,0,14,0
210359,1,1,19,19,19,19,19,19,19,19,19,19
210360,1,1,37,17,30,27,26,15,13,26,42,18
210361,1,1,0,0,0,19,0,0,0,0,0,0
210362,1,1,0,0,0,0,0,0,0,0,0,0
210363,1,1,0,0,0,0,0,0,0,0,0,0
210364,1,1,23,0,12,0,0,0,0,25,15,0
210364,2,1,0,0,0,0,0,0,0,0,0,0
210365,1,1,0,0,0,0,0,0,0,0,0,0
210366,1,1,0,0,0,0,0,0,0,0,0,0
210367,1,1,19,19,19,19,19,19,19,19,19,19
210368,1,1,0,0,0,0,0,0,0,0,0,0
210368,2,1,0,0,0,0,0,0,0,0,0,0
210369,1,1,0,0,0,0,0,0,0,0,0,0
210370,1,1,0,0,0,0,0,0,0,0,0,0
210370,2,1,0,0,0,0,0,0,0,0,0,0
210371,1,1,0,0,0,0,0,0,0,0,0,0
210371,2,1,0,0,0,0,0,0,0,0,0,0
210372,1,1,0,0,0,0,0,0,0,0,0,0
210372,2,1,0,0,0,0,0,0,0,0,0,0
210372,3,1,0,0,0,0,0,0,0,0,0,0
210373,1,1,0,0,0,0,0,0,0,0,0,0
210373,2,1,0,0,0,0,0,0,0,0,0,0
210374,1,1,0,0,0,0,0,0,0,0,0,0
210374,2,1,0,0,0,0,0,0,0,0,0,0
210375,1,1,13,28,40,12,11,22,6,40,23,25
210376,1,1,0,7,0,24,15,19,0,0,0,0
210377,1,1,35,35,35,35,35,35,35,35,35,35
210378,1,1,0,0,0,0,0,0,0,0,0,0
210379,1,1,36,36,11,23,8,8,15,21,12,39
210380,1,1,0,0,0,0,0,0,0,0,0,0
210380,2,1,0,0,0,0,0,0,0,0,0,0
210381,1,1,0,0,0,0,0,0,0,0,0,0
210382,1,1,0,0,0,0,0,0,0,0,0,0
210382,2,1,0,0,0,0,0,0,0,0,0,0
210383,1,1,0,0,0,0,0,0,0,0,0,0
210384,1,1,0,0,0,0,0,0,0,0,0,0
210385,1,1,0,0,0,0,0,0,0,0,0,0
210385,2,1,0,0,0,0,0,0,0,0,0,0
210386,1,1,0,0,0,0,0,0,0,0,5,0
210387,1,1,0,0,0,0,0,0,0,0,0,0
210388,1,1,13,13,13,13,13,13,13,13,13,13
210388,2,1,0,0,9,0,0,0,0,0,0,0
210389,1,1,0,21,0,0,0,0,0,0,0,0
210389,2,1,0,0,0,0,0,0,0,0,0,0
210390,1,1,0,0,0,0,0,0,0,0,0,0
210391,1,1,0,0,0,0,0,0,0,0,0,0
210391,2,1,0,0,0,0,0,0,0,0,0,0
210392,1,1,20,20,20,20,20,20,20,20,20,20
210393,1,1,3,3,3,3,3,3,3,3,3,3
210394,1,1,0,0,0,0,0,0,0,0,0,0
210394,2,1,0,0,0,0,0,0,0,0,0,0
210394,3,1,0,0,0,0,0,0,0,0,0,0
210395,1,1,0,0,0,0,0,0,0,0,0,0
210395,2,1,0,0,0,0,0,0,0,0,0,0
210396,1,1,0,0,0,0,0,0,0,0,0,0
210397,1,1,0,0,0,0,0,0,0,0,0,0
210397,2,1,0,0,0,0,0,0,0,0,0,0
210397,3,1,0,0,0,0,0,0,0,0,0,0
210398,1,1,0,0,0,0,0,0,0,0,0,0
210398,2,1,0,0,0,0,0,0,0,0,0,0
210398,3,1,0,0,0,0,0,0,0,0,0,0
210399,1,1,0,0,0,0,0,0,0,0,0,0
210399,2,1,0,0,0,0,0,0,0,0,0,0
210400,1,1,0,0,0,0,0,0,0,0,0,0
210401,0,1,14,14,14,14,14,14,14,14,14,14
210401,1,1,0,0,0,0,0,0,0,0,0,0
210402,1,1,0,0,0,0,0,0,0,0,0,0
210403,1,1,0,0,0,0,0,0,0,0,0,0
210403,2,1,0,0,0,0,0,0,0,0,0,0
210404,1,1,20,20,20,20,20,20,20,20,20,20
210405,1,1,11,0,22,0,0,0,0,0,10,0
210406,1,1,0,0,0,0,0,0,0,0,0,0
210406,2,1,0,0,0,0,0,0,0,0,0,0
210407,1,1,17,17,17,17,17,17,17,17,17,17
210408,1,1,5,5,5,5,5,5,5,5,5,5
210408,2,1,0,0,0,0,20,0,0,0,16,0
210409,1,1,10,10,10,10,10,10,10,10,10,10
210410,1,1,0,12,17,0,0,0,0,0,0,0
210411,0,1,4,4,4,4,4,4,4,4,4,4
210411,1,1,20,20,20,20,20,20,20,20,20,20
210412,1,1,15,15,15,15,15,15,15,15,15,15
210413,1,1,26,26,26,26,26,26,26,26,26,26
210413,2,1,0,0,7,0,0,0,0,0,0,0
210414,1,1,24,24,24,24,24,24,24,24,24,24
210415,1,1,0,0,0,0,0,0,0,0,0,0
210415,2,1,0,0,0,0,0,0,0,0,0,0
210416,1,1,6,6,6,6,6,6,6,6,6,6
210417,1,1,0,0,0,0,0,0,17,0,0,0
210417,2,1,0,0,0,0,0,0,0,0,0,0
210417,3,1,0,0,0,0,0,0,0,0,0,0
210418,1,1,0,0,0,0,0,0,0,0,0,0
210419,1,1,0,0,0,0,0,0,0,0,0,0
210419,2,1,0,0,0,0,0,0,0,0,0,0
210420,1,1,0,0,0,0,0,0,0,0,0,0
210420,2,1,0,0,0,0,0,0,0,0,0,0
210421,1,1,0,0,0,0,0,0,0,0,0,0
210421,2,1,0,0,0,0,0,0,0,0,0,0
210422,1,1,10,10,10,10,10,10,10,10,10,10
210423,1,1,17,17,17,17,17,17,17,17,17,17
210424,1,1,0,0,0,0,0,0,0,0,0,0
210425,1,1,0,0,0,0,0,0,0,0,0,0
210426,1,1,12,12,12,12,12,12,12,12,12,12
210427,1,1,0,0,0,0,0,0,0,0,0,0
210428,1,1,0,15,25,30,0,0,0,0,0,0
210428,2,1,0,0,0,0,0,0,0,0,0,0
210429,1,1,0,0,0,0,0,0,0,0,0,0
210430,0,1,0,0,0,0,0,0,0,0,0,0
210430,0,2,0,0,0,0,0,0,0,0,0,0
210430,1,1,0,0,0,0,0,0,0,0,0,0
210431,1,1,7,18,27,13,22,21,18,15,18,13
210432,1,1,0,0,0,0,0,0,0,0,0,0
210432,2,1,0,0,0,0,0,0,0,0,0,0
210433,1,1,0,0,0,0,0,0,0,0,0,0
210433,2,1,0,0,0,0,0,0,0,0,0,0
210434,1,1,0,0,0,0,0,0,0,0,0,0