ST_CASE,VEH_NO,PER_NO,P1,P2,P3,P4,P5,P6,P7,P8,P9,P10
210435,1,1,0,0,0,0,0,0,0,0,0,0
210435,2,1,0,0,0,0,0,0,0,0,0,0
210436,1,1,0,0,0,20,0,0,0,20,0,0
210437,0,1,0,0,0,0,0,0,0,0,0,0
210437,0,2,39,17,27,12,0,10,0,0,0,16
210437,1,1,0,0,0,0,3,0,0,0,0,0
210438,1,1,0,0,0,0,0,0,0,0,0,0
210439,1,1,22,22,22,22,22,22,22,22,22,22
210440,1,1,0,0,0,0,0,0,0,0,0,0
210440,2,1,0,0,0,0,0,0,0,0,0,0
210440,3,1,0,0,0,0,0,0,0,0,0,0
210441,1,1,0,0,0,0,0,0,0,0,0,0
210442,1,1,21,21,21,21,21,21,21,21,21,21
210443,1,1,13,13,13,13,13,13,13,13,13,13
210444,1,1,0,0,0,0,0,0,0,0,0,0
210445,1,1,0,0,0,0,0,0,0,0,0,0
210446,1,1,12,12,12,12,12,12,12,12,12,12
210447,1,1,0,0,0,0,0,0,0,0,0,0
210447,2,1,0,0,0,0,0,0,0,0,24,0
210448,1,1,0,0,0,0,0,0,0,0,0,0
210448,2,1,0,0,0,0,0,0,0,0,0,0
210449,1,1,0,0,0,0,0,0,0,0,0,0
210450,1,1,2,2,2,2,2,2,2,2,2,2
210450,2,1,0,0,0,0,0,0,0,0,0,0
210451,1,1,0,0,0,0,0,0,0,0,0,0
210451,2,1,0,0,0,0,0,0,0,0,0,0
210452,1,1,0,0,0,0,0,0,0,0,0,0
210453,1,1,0,0,0,0,0,0,0,0,0,0
210454,1,1,0,0,0,0,0,0,0,0,0,0
210455,1,1,0,21,0,0,0,0,0,0,0,7
210456,1,1,0,0,0,0,0,0,0,0,0,0
210456,2,1,0,0,0,0,0,0,0,0,0,0
210457,1,1,0,0,0,0,0,0,0,0,0,0
210457,2,1,0,0,0,0,0,0,0,0,0,0
210458,1,1,0,0,0,0,12,0,0,0,0,0
210459,0,1,0,0,0,0,0,0,0,0,0,0
210459,1,1,0,0,0,0,0,0,0,0,0,0
210460,1,1,0,0,0,0,0,0,0,0,0,0
210460,2,1,0,0,0,0,0,0,0,0,0,0
210461,1,1,0,0,0,0,0,0,0,0,0,0
210462,1,1,0,0,0,0,0,0,0,0,0,0
210463,1,1,13,13,13,13,13,13,13,13,13,13
210464,1,1,21,21,21,21,21,21,21,21,21,21
210465,1,1,12,12,12,12,12,12,12,12,12,12
210466,1,1,0,0,0,0,0,0,0,0,0,0
210467,1,1,0,0,0,0,0,0,0,0,0,0
210467,2,1,0,0,0,0,0,0,0,0,0,0
210468,0,1,14,0,0,12,0,0,36,30,0,28
210468,1,1,0,0,0,0,0,4,0,0,0,0
210468,2,1,0,0,0,0,0,10,0,0,0,0
210469,0,1,0,0,0,0,0,0,0,0,0,0
210469,1,1,0,0,0,0,0,0,0,0,0,0
210470,1,1,8,8,8,8,8,8,8,8,8,8
210470,2,1,0,0,0,0,0,0,0,0,0,0
210471,1,1,0,0,0,0,0,0,0,0,0,0
210472,1,1,0,0,0,0,0,0,0,0,0,0
210472,2,1,0,0,0,0,0,0,0,0,0,0
210473,1,1,0,0,0,0,0,0,0,0,0,0
210474,1,1,0,0,0,0,0,0,0,0,0,0
210475,1,1,0,0,0,0,0,0,0,0,0,0
210476,1,1,2,0,0,8,0,0,0,0,0,0
210476,2,1,0,0,0,0,0,0,0,0,0,0
210477,1,1,0,0,0,0,0,0,0,0,0,0
210478,1,1,0,0,0,0,0,0,0,0,0,0
210478,2,1,0,0,0,0,0,0,0,0,0,0
210479,1,1,0,0,0,0,0,0,0,0,0,0
210479,2,1,0,0,0,0,0,0,0,0,0,0
210480,1,1,0,0,0,0,0,0,0,0,0,0
210481,1,1,18,18,18,18,18,18,18,18,18,18
210482,1,1,4,4,4,4,4,4,4,4,4,4
210483,1,1,37,37,37,37,37,37,37,37,37,37
210484,1,1,12,12,12,12,12,12,12,12,12,12
210485,1,1,0,0,0,9,0,27,0,0,19,0
210485,2,1,0,0,0,0,0,0,0,0,0,0
210486,1,1,0,0,0,0,0,0,0,0,0,0
210486,2,1,0,0,0,0,0,0,0,0,0,0
210487,1,1,0,0,0,0,0,0,0,12,0,0
210488,1,1,0,0,0,0,0,0,0,0,0,0
210489,1,1,0,0,0,0,0,0,0,0,0,0
210489,2,1,0,0,0,0,0,0,0,0,0,0
210490,1,1,0,0,0,0,0,0,0,0,0,0
210490,2,1,0,0,0,0,0,0,0,0,0,0
210491,0,1,24,24,24,24,24,24,24,24,24,24
210491,1,1,0,0,0,0,0,0,0,0,0,0
210492,1,1,0,0,0,0,0,0,0,0,0,0
210493,1,1,0,0,0,0,0,0,0,0,0,0
210493,2,1,0,0,0,0,0,0,0,0,0,0
210494,1,1,0,0,0,0,0,0,0,0,0,0
210495,1,1,7,7,7,7,7,7,7,7,7,7
210496,1,1,0,0,0,0,0,0,0,0,0,0
210497,1,1,5,5,5,5,5,5,5,5,5,5
210498,0,1,0,0,0,0,0,0,0,0,0,0
210498,1,1,0,0,0,0,0,0,0,0,0,0
210499,0,1,0,0,0,0,0,0,0,0,0,0
210499,1,1,0,0,0,0,0,0,0,0,0,0
210500,0,1,0,0,0,0,0,0,0,0,0,0
210500,1,1,0,0,0,0,0,0,0,0,0,0
210501,1,1,0,0,0,0,0,0,0,0,0,0
210501,2,1,0,0,0,0,0,0,0,0,0,0
210502,1,1,0,0,0,0,0,0,0,0,0,0
210503,1,1,0,0,0,0,0,0,0,0,0,0
210503,2,1,0,0,0,0,0,0,0,0,0,0
210504,1,1,0,0,0,0,0,0,0,0,0,0
210505,1,1,17,17,17,17,17,17,17,17,17,17
210506,1,1,0,0,0,0,0,0,0,0,0,0
210506,2,1,0,0,0,0,0,0,0,0,0,0
210507,1,1,0,0,0,0,0,0,0,0,0,0
210507,2,1,0,0,0,0,0,0,0,0,0,0
210507,3,1,0,0,0,0,0,0,0,0,0,0
210508,1,1,0,0,0,0,0,0,0,0,0,0
210508,2,1,0,0,0,0,0,0,0,0,0,0
210509,1,1,0,0,0,0,0,0,0,0,0,0
210510,0,1,0,0,0,0,0,0,0,0,0,0
210510,1,1,0,8,0,0,0,0,0,0,8,0
210511,1,1,0,0,0,0,0,0,0,0,0,0
210512,1,1,0,22,10,0,0,0,0,0,0,7
210513,1,1,13,3,10,30,11,13,12,13,22,25
210514,1,1,0,0,0,0,0,0,0,0,0,0
210514,2,1,0,0,0,0,0,0,0,0,0,21
210515,1,1,0,0,0,0,0,0,0,0,0,0
210516,1,1,0,0,0,0,0,0,0,0,0,0
210516,2,1,0,0,0,0,0,0,0,0,0,0
210517,1,1,0,0,0,0,0,0,0,0,0,0
210517,2,1,0,0,0,0,0,0,0,0,0,0
210518,1,1,30,30,30,30,30,30,30,30,30,30
210519,1,1,10,10,10,10,10,10,10,10,10,10
210520,1,1,27,27,27,27,27,27,27,27,27,27
210520,2,1,0,0,0,0,0,0,0,0,0,0
210521,1,1,32,32,32,32,32,32,32,32,32,32
210522,1,1,15,15,15,15,15,15,15,15,15,15
210523,1,1,3,3,3,3,3,3,3,3,3,3
210524,1,1,0,0,0,0,0,0,0,0,0,0
210525,1,1,16,16,16,16,16,16,16,16,16,16
210526,1,1,0,0,0,0,0,0,0,0,0,0
210526,2,1,0,0,0,0,0,0,0,0,0,0
210527,1,1,0,0,0,0,0,0,0,0,0,0
210527,2,1,0,0,0,0,0,0,0,0,0,0
210528,0,1,0,0,0,0,0,0,0,0,0,0
210528,1,1,0,0,0,0,0,11,0,0,0,7
210529,0,1,0,0,0,0,0,0,0,0,0,0
210529,1,1,0,0,5,0,0,0,0,0,0,0
210530,1,1,17,17,17,17,17,17,17,17,17,17
210531,1,1,0,0,0,0,0,0,0,0,0,0
210532,1,1,0,0,0,0,0,14,0,0,0,0
210533,1,1,0,0,0,0,0,0,0,0,0,0
210534,1,1,0,0,0,0,0,0,0,0,0,0
210534,2,1,0,0,0,0,0,0,0,0,0,0
210535,1,1,0,0,0,0,0,0,0,0,0,0
210535,2,1,0,0,0,0,0,0,0,0,0,0
210536,0,1,0,21,0,0,0,0,0,0,0,0
210536,1,1,0,0,0,0,0,0,0,0,0,0
210537,1,1,0,0,0,0,0,0,0,0,0,0
210538,1,1,1,1,1,1,1,1,1,1,1,1
210538,2,1,0,0,0,0,0,0,0,0,0,0
210539,1,1,0,0,0,0,0,0,0,0,0,0
210539,2,1,0,0,0,0,0,0,0,0,0,0
210540,1,1,0,0,19,0,0,0,0,0,0,11
210541,1,1,0,0,0,0,0,0,0,0,0,0
210542,1,1,0,0,0,0,0,0,0,0,0,0
210543,1,1,0,0,0,0,0,0,0,0,0,0
210544,1,1,0,0,0,0,0,0,0,0,0,0
210544,2,1,0,0,0,0,0,0,0,0,0,0
210545,1,1,0,0,0,0,0,0,0,0,0,0
210545,2,1,0,0,0,0,0,0,0,21,0,0
210546,1,1,10,10,10,10,10,10,10,10,10,10
210546,2,1,11,11,11,11,11,11,11,11,11,11
210547,1,1,0,0,0,0,0,0,0,0,0,0
210547,2,1,0,0,0,0,0,0,0,0,0,0
210548,1,1,0,0,0,0,0,0,0,0,0,0
210548,2,1,0,0,0,0,0,0,0,0,0,0
210549,1,1,0,0,0,0,0,0,0,0,0,0
210550,1,1,0,0,0,0,0,0,0,0,0,0
210550,2,1,0,0,0,0,0,0,0,0,0,0
210551,1,1,33,21,21,19,10,22,24,0,18,18
210552,1,1,0,0,0,0,0,0,0,0,0,0
210552,2,1,0,0,0,0,0,0,0,0,0,0
210553,1,1,0,0,0,0,0,0,0,0,0,0
210553,2,1,0,0,0,0,0,0,0,0,0,0
210554,1,1,0,0,0,0,0,0,0,0,0,0
210555,1,1,0,0,0,0,0,0,0,0,0,0
210555,2,1,0,0,0,0,0,0,0,0,0,0
210556,1,1,0,0,0,0,0,0,0,0,0,0
210556,2,1,10,0,0,0,0,0,0,0,7,0
210557,0,1,0,0,0,15,0,0,0,0,0,0
210558,1,1,0,0,0,0,0,0,0,0,0,0
210558,2,1,0,0,0,0,0,0,0,0,0,0
210559,0,1,0,0,0,0,0,0,0,10,0,0
210559,1,1,0,0,0,0,0,0,0,0,0,0
210560,1,1,0,0,0,0,0,0,0,0,0,0
210560,2,1,0,0,0,0,0,0,0,0,0,0
210561,1,1,0,0,0,0,0,0,0,0,0,0
210562,1,1,25,25,25,25,25,25,25,25,25,25
210563,1,1,0,0,0,0,0,0,0,0,0,0
210563,2,1,0,0,0,0,0,16,4,0,0,0
210564,1,1,0,0,0,0,0,0,0,0,0,0
210565,1,1,0,0,0,0,0,0,0,0,0,0
210566,0,1,0,0,0,0,0,0,0,0,0,0
210566,0,2,0,0,0,0,0,0,0,0,0,0
210566,0,3,0,0,0,0,0,0,0,29,0,0
210566,1,1,0,0,0,0,0,0,0,0,0,0
210567,1,1,0,0,0,0,0,0,0,0,0,0
210568,1,1,0,0,0,0,0,0,0,0,0,0
210568,2,1,0,0,0,0,0,0,0,0,0,0
210569,1,1,0,0,0,0,0,0,23,0,0,0
210570,1,1,0,0,0,0,0,0,0,0,0,0
210571,1,1,28,28,28,28,28,28,28,28,28,28
210572,1,1,0,0,0,0,0,0,0,0,0,0
210572,2,1,0,0,0,0,0,0,0,0,5,0
210573,1,1,18,18,18,18,18,18,18,18,18,18
210574,1,1,0,0,0,0,0,0,0,0,0,0
210574,2,1,0,0,0,0,0,0,0,0,0,0
210575,0,1,34,34,34,34,34,34,34,34,34,34
210575,1,1,0,0,0,0,0,0,0,0,0,32
210576,1,1,0,0,0,0,0,0,0,0,0,0
210576,2,1,0,0,0,0,0,0,48,0,0,0
210576,3,1,0,0,0,0,0,0,0,0,0,0
210577,1,1,0,0,0,0,0,0,0,0,0,0
210577,2,1,0,0,0,0,0,0,0,0,0,0
210578,1,1,0,0,0,0,0,33,0,0,0,0
210579,0,1,0,0,0,0,0,0,0,0,0,0
210579,1,1,0,0,0,0,0,0,0,0,0,0
210580,1,1,14,14,14,14,14,14,14,14,14,14
210580,2,1,0,0,0,0,0,0,0,0,0,0
210581,1,3,0,0,0,15,12,0,13,7,0,0
210581,2,1,0,0,0,0,0,0,0,0,0,6
210581,3,1,0,0,0,0,0,0,0,0,0,25
210582,0,1,0,10,32,0,0,0,0,0,30,0
210582,1,1,0,0,0,0,0,0,0,0,0,0
210583,1,1,0,0,0,0,0,0,0,0,0,0
210584,1,1,0,0,0,0,0,0,0,0,0,0
210585,1,1,0,0,0,0,0,0,0,0,0,0
210586,1,1,0,0,0,0,0,0,0,0,0,0
210587,1,1,0,21,0,0,0,0,0,0,0,0
210587,2,1,0,0,0,0,0,0,0,0,0,0
210587,3,1,0,0,0,0,0,0,0,0,0,0
210587,4,1,0,12,0,0,0,0,0,0,0,0
210588,1,1,0,14,0,0,0,0,0,0,0,0
210588,2,1,0,0,0,0,0,0,29,0,0,0
210588,3,1,0,0,0,0,0,0,0,0,0,0
210588,4,1,0,0,0,31,0,0,0,0,0,0
210589,1,1,0,5,0,0,0,0,0,0,7,21
210590,1,1,19,19,19,19,19,19,19,19,19,19
210591,1,1,0,0,0,0,0,0,0,0,0,0
210591,2,1,0,0,0,0,0,0,0,0,13,0
210591,3,1,0,0,0,0,0,0,0,0,0,0
210592,1,1,12,12,12,12,12,12,12,12,12,12
210593,1,1,0,0,0,0,0,0,0,0,0,0
210594,1,1,0,0,0,0,0,0,0,0,0,0
210594,2,1,0,18,0,0,17,0,0,16,13,0
210595,1,1,0,0,0,0,0,0,11,0,0,0
210595,2,1,0,0,0,0,0,0,0,0,0,0
210596,1,1,10,10,10,10,10,10,10,10,10,10
210596,2,1,0,0,0,0,0,0,0,0,0,0
210596,3,1,0,6,37,0,0,0,0,0,0,0
210596,4,1,0,0,0,0,0,0,0,0,0,0
210597,1,1,0,0,0,0,0,0,0,0,0,17
210598,1,1,30,30,30,30,30,30,30,30,30,30
210598,2,1,0,0,0,0,0,0,0,0,0,0
210599,1,1,0,0,0,0,0,0,0,0,0,0
210600,1,1,0,0,0,0,0,0,0,0,0,0
210601,1,1,0,0,0,0,0,0,0,0,0,0
210601,2,1,0,0,0,0,0,0,0,0,0,0
210602,1,1,0,0,0,0,0,0,0,0,0,0
210602,2,1,0,0,0,0,0,0,0,0,0,0
210603,1,1,12,12,12,12,12,12,12,12,12,12
210603,2,1,0,0,0,0,0,0,0,0,0,0
210604,1,1,0,0,0,0,0,0,0,0,0,0
210604,2,1,0,0,0,0,0,0,0,0,0,0
210605,1,1,20,20,20,20,20,20,20,20,20,20
210605,2,1,0,0,19,0,0,0,0,0,0,0
210605,3,1,0,0,0,0,0,0,0,0,0,0
210606,1,1,13,13,13,13,13,13,13,13,13,13
210607,1,1,16,0,0,0,0,0,0,0,0,0
210607,2,1,0,0,0,0,0,0,0,0,0,16
210607,3,1,0,0,0,0,0,0,0,0,0,0
210608,1,1,0,0,0,0,0,0,0,0,0,0
210608,2,1,0,0,0,0,0,0,0,0,0,0
210609,0,1,0,0,0,0,0,0,0,0,0,0
210609,1,1,10,10,10,10,10,10,10,10,10,10
210610,1,1,0,0,0,0,0,0,0,0,0,0
210611,1,1,0,0,0,0,0,0,0,0,0,0
210612,1,1,0,0,0,0,0,0,0,19,0,0
210612,2,1,0,0,0,0,0,0,0,0,0,0
210613,1,1,0,0,0,0,0,0,0,0,0,0
210614,1,1,0,0,0,0,0,0,0,0,0,0
210615,1,1,0,0,0,0,0,0,0,0,0,0
210616,1,1,22,22,22,22,22,22,22,22,22,22
210617,1,1,0,0,0,0,0,0,0,0,0,0
210617,2,1,0,0,0,0,0,0,0,0,0,0
210618,1,1,0,0,0,0,0,0,14,0,0,0
210619,1,1,17,13,12,0,0,19,21,17,17,0
210620,1,1,0,0,0,0,0,35,0,19,0,0
210621,1,1,15,15,15,15,15,15,15,15,15,15
210622,1,1,0,0,0,0,0,0,0,0,32,0
210623,1,1,23,23,23,23,23,23,23,23,23,23
210624,1,1,0,0,0,0,0,0,0,0,0,0
210624,2,1,0,0,0,0,0,0,0,0,0,0
210625,1,1,0,0,0,0,0,0,0,17,0,0
210625,2,1,0,0,0,0,0,0,0,0,0,0
210626,1,1,0,0,0,0,0,0,0,0,0,0
210627,1,1,0,0,0,0,0,0,0,0,0,0
210627,2,1,0,0,0,0,0,0,0,0,0,0
210628,1,1,0,0,0,0,0,0,0,0,0,0
210628,2,1,0,0,0,0,0,0,0,0,0,0
210629,1,1,30,30,30,30,30,30,30,30,30,30
210630,0,1,26,26,26,26,26,26,26,26,26,26
210630,1,1,11,11,11,11,11,11,11,11,11,11
210631,1,1,20,20,20,20,20,20,20,20,20,20
210632,1,1,0,0,0,0,0,0,0,0,0,0
210632,2,1,0,0,0,0,0,0,0,0,0,0
210633,1,1,0,0,0,0,0,0,0,0,0,0
210633,2,1,0,0,0,0,0,0,0,0,0,0
210634,1,1,13,13,13,13,13,13,13,13,13,13
210634,2,1,0,9,0,0,0,0,0,0,0,0
210635,1,1,0,15,0,0,0,0,0,0,7,0
210636,1,1,2,2,2,2,2,2,2,2,2,2
210636,2,1,0,0,0,0,0,0,0,0,0,0
210637,0,1,0,0,0,0,0,0,0,0,0,0
210637,1,1,0,0,0,0,0,0,0,0,0,0
210638,1,1,14,14,14,14,14,14,14,14,14,14
210639,1,1,0,0,0,0,0,0,0,0,0,0
210639,2,1,0,0,0,0,0,0,0,0,0,0
210640,1,1,18,18,18,18,18,18,18,18,18,18
210640,2,1,0,0,0,0,0,0,0,0,0,0
210641,1,1,17,17,17,17,17,17,17,17,17,17
210642,1,1,0,0,0,0,0,0,0,0,0,0
210642,2,1,0,0,0,0,0,0,0,0,0,0
210643,1,1,0,0,0,0,0,0,0,0,0,0
210643,2,1,0,0,0,0,0,0,0,0,0,0
210644,1,1,0,0,0,0,0,0,0,0,0,0
210644,2,1,0,0,0,0,0,0,0,0,0,0
210644,3,1,0,0,0,0,0,0,0,0,0,0
210644,4,1,0,0,0,0,0,0,0,0,0,0
210645,1,1,0,0,0,0,0,0,0,0,0,0
210645,2,1,0,0,0,0,0,0,0,0,0,0
210646,0,1,7,7,7,7,7,7,7,7,7,7
210646,1,1,0,0,0,17,0,0,0,0,0,0
210646,2,1,0,0,0,0,0,0,0,0,0,0
210647,1,1,0,0,0,0,0,0,0,0,0,0
210647,2,1,0,0,0,0,0,0,0,0,0,0
210648,1,1,26,26,26,26,26,26,26,26,26,26
210649,1,1,18,11,22,22,25,12,8,24,5,5
210649,2,1,0,0,0,0,0,0,0,0,0,0
210650,1,1,10,10,10,10,10,10,10,10,10,10
210650,2,1,0,0,0,19,0,0,0,0,15,0
210651,1,1,0,0,0,0,0,0,0,0,0,0
210652,1,1,8,8,8,8,8,8,8,8,8,8
210653,1,1,0,0,0,0,11,0,22,0,0,0
210653,2,1,0,0,0,0,0,0,0,0,0,0
210654,1,1,0,0,0,0,0,0,0,0,0,0
210654,2,1,0,0,0,0,0,0,0,0,0,0
210655,1,1,20,20,20,20,20,20,20,20,20,20
210656,1,1,11,0,8,17,26,0,15,16,18,25
210657,1,1,0,0,34,0,0,0,0,0,0,0
210657,2,1,0,0,6,0,0,0,0,5,0,0
210658,0,1,0,0,0,0,0,0,0,0,0,0
210658,1,1,0,0,0,0,0,0,0,0,0,0
210659,1,1,0,0,0,0,0,0,0,0,0,0
210659,2,1,0,0,0,0,0,0,0,0,0,0
210660,1,1,0,0,0,0,0,0,0,0,0,0
210661,1,1,0,0,0,0,0,0,0,0,0,0
210662,1,1,0,0,0,0,0,0,0,0,0,0
210662,2,1,0,0,0,0,0,0,0,0,0,0
210663,1,1,0,0,0,0,0,0,0,0,0,0
210664,1,1,16,16,16,16,16,16,16,16,16,16
210665,1,1,23,23,23,23,23,23,23,23,23,23
210666,0,1,0,0,0,0,36,23,0,0,0,0
210666,0,2,0,0,0,0,0,0,0,0,0,0
210666,1,1,0,0,0,0,0,0,0,0,0,0
210666,2,1,0,0,0,0,0,0,0,0,0,0
210666,3,1,0,0,0,0,0,0,0,0,0,0
210667,0,1,5,5,5,5,5,5,5,5,5,5
210667,1,1,0,0,0,0,0,0,0,0,0,0
210668,1,1,0,0,0,0,0,0,0,0,0,0
210668,2,1,0,0,0,0,0,0,0,0,0,0
210669,1,1,0,0,0,0,0,0,0,0,0,0
210670,1,1,0,0,0,0,0,0,0,0,0,0
210670,2,1,0,0,0,0,0,0,0,0,0,0
210670,3,1,0,0,0,0,0,0,0,0,0,0
210671,0,1,0,0,0,0,0,0,0,17,0,0
210671,1,1,0,0,0,0,0,0,0,0,0,0
210672,1,1,0,0,0,0,0,0,0,0,0,0
210673,1,1,0,0,0,0,0,0,0,0,0,0
210674,1,1,0,17,0,0,0,0,0,0,0,0
210674,2,1,0,0,0,0,0,0,0,0,0,0
210675,1,1,0,0,0,0,0,0,0,0,0,0
210675,2,1,0,0,0,0,0,0,0,0,0,0
210676,1,1,13,13,13,13,13,13,13,13,13,13
210677,1,1,24,12,24,13,25,29,25,24,21,11
210678,1,1,18,18,18,18,18,18,18,18,18,18
210679,1,1,20,20,20,20,20,20,20,20,20,20
210679,2,1,0,0,0,0,0,0,0,0,0,20
210680,1,1,0,0,0,0,0,0,0,0,0,0
210680,2,1,0,0,0,0,0,0,0,0,0,0
210681,1,1,0,0,0,0,0,0,0,0,0,0
210681,2,1,0,0,0,0,0,0,0,0,0,0
210682,1,1,0,0,0,0,0,0,0,0,0,0
210682,2,1,0,0,0,0,0,0,0,0,0,0
210683,1,1,17,17,17,17,17,17,17,17,17,17
210684,1,1,12,12,12,12,12,12,12,12,12,12
210685,1,1,0,0,0,0,0,0,5,0,0,0
210686,1,1,0,0,0,0,0,0,0,0,0,0
210686,2,1,0,0,13,0,0,0,0,0,0,0
210686,3,1,0,0,0,0,0,0,0,0,0,0
210686,4,1,0,0,0,0,0,0,0,0,0,0
210687,1,1,18,18,18,18,18,18,18,18,18,18
210688,1,1,0,0,0,0,0,0,0,0,0,0
210689,1,1,20,20,20,20,20,20,20,20,20,20
210690,1,1,0,0,0,0,0,0,0,0,0,0
210690,2,1,0,0,0,0,0,0,0,0,0,0
210691,1,1,0,0,0,0,0,0,0,0,0,0
210691,2,1,0,0,0,0,0,0,0,0,0,0
210692,1,1,0,0,0,0,0,0,0,0,0,0
210692,2,1,0,0,26,0,0,0,0,0,0,0
210693,1,1,0,0,0,5,0,0,0,0,13,0
210694,1,1,0,0,0,0,0,0,0,0,0,0
210694,2,1,0,0,0,0,0,0,0,0,0,0
210695,1,1,0,0,0,0,0,0,0,0,0,0
220001,1,1,0,0,0,0,0,0,0,0,0,0
220001,2,1,0,0,0,0,0,0,0,0,0,0
220002,1,1,22,22,22,22,22,22,22,22,22,22
220002,2,1,0,0,0,0,0,0,0,0,0,0
220003,1,1,25,25,25,25,25,25,25,25,25,25
220004,1,1,26,26,26,26,26,26,26,26,26,26
220006,0,1,17,17,17,17,17,17,17,17,17,17
220006,1,1,0,0,0,0,0,0,0,0,0,0
220007,0,1,29,29,29,29,29,29,29,29,29,29
220007,1,1,5,5,5,5,5,5,5,5,5,5
220007,2,1,0,0,0,0,0,0,0,0,0,0
220008,1,1,18,18,18,18,18,18,18,18,18,18
220008,2,1,0,0,0,0,0,0,0,0,0,0
220009,1,1,1,1,1,1,1,1,1,1,1,1
220010,1,1,0,0,0,0,0,0,0,0,0,0
220012,0,1,0,18,0,23,0,0,6,0,33,0
220012,1,1,0,0,0,0,0,0,0,0,0,0
220013,1,1,0,0,0,0,0,0,0,0,0,0
220013,2,1,0,0,0,0,0,0,0,0,0,0
220014,1,1,20,20,20,20,20,20,20,20,20,20
220015,1,1,10,10,10,10,10,10,10,10,10,10
220016,1,1,0,0,0,0,0,0,0,0,0,0
220017,1,1,26,26,26,26,26,26,26,26,26,26
220018,1,1,53,53,53,53,53,53,53,53,53,53
220018,2,1,0,0,0,0,0,0,0,0,0,0
220018,3,1,0,0,0,0,0,0,0,0,0,0
220019,1,1,9,9,9,9,9,9,9,9,9,9
220020,1,1,0,0,0,0,0,0,0,0,0,0
220020,2,1,0,0,0,0,0,0,0,0,0,0
220021,1,1,0,0,0,0,0,0,0,0,0,0
220021,2,1,0,0,0,0,0,0,0,0,0,0
220022,1,1,0,0,0,0,0,0,0,0,0,0
220022,2,1,0,0,0,0,0,0,0,0,0,0
220022,3,1,0,0,0,0,0,0,0,0,0,0
220023,1,1,0,0,0,0,0,0,0,0,0,0
220023,2,1,0,0,0,0,0,0,0,0,0,0
220024,1,1,29,29,29,29,29,29,29,29,29,29
220024,2,1,0,0,0,0,0,0,0,0,0,0
220025,1,1,13,13,13,13,13,13,13,13,13,13
220026,1,1,20,20,20,20,20,20,20,20,20,20
220027,1,1,14,14,14,14,14,14,14,14,14,14
220028,1,1,15,15,15,15,15,15,15,15,15,15
220029,1,1,20,20,20,20,20,20,20,20,20,20
220030,0,1,0,0,0,0,0,0,0,0,0,0
220030,2,1,0,0,0,0,0,0,0,0,0,0
220031,1,1,18,18,18,18,18,18,18,18,18,18
220031,2,1,0,0,0,0,0,0,0,0,0,0
220032,1,1,0,0,0,0,0,0,0,0,0,0
220032,2,1,0,0,0,0,0,0,0,0,0,0
220033,1,1,0,0,0,0,0,0,0,0,0,0
220033,2,1,0,0,0,0,0,0,0,0,0,0
220034,0,1,0,0,0,0,0,0,0,0,0,0
220034,1,1,0,0,0,0,0,0,0,0,0,0
220035,1,1,0,0,0,0,0,0,0,0,0,0
220036,0,1,6,6,6,6,6,6,6,6,6,6
220036,1,1,0,0,0,0,0,0,0,0,0,0
220037,1,1,0,0,0,0,0,0,0,0,0,0
220038,1,1,0,0,0,0,0,0,0,0,0,0
220039,1,1,7,7,7,7,7,7,7,7,7,7
220040,0,1,0,0,0,0,12,0,0,13,0,23
220040,1,1,0,0,0,0,0,0,0,0,0,0
220041,1,1,0,0,0,0,0,0,0,0,0,0
220041,2,1,0,0,0,0,0,0,0,0,0,0
220042,1,1,21,8,0,15,15,25,0,2,34,13
220042,2,1,0,0,0,0,0,0,0,0,0,0
220042,3,1,0,0,0,0,0,0,0,0,0,0
220043,1,1,8,8,8,8,8,8,8,8,8,8
220043,2,1,0,0,0,0,0,0,0,0,0,0
220044,1,1,29,29,29,29,29,29,29,29,29,29
220044,2,1,0,0,0,0,0,0,0,0,0,0
220045,0,1,0,0,0,0,0,0,0,0,0,0
220045,1,1,12,12,12,12,12,12,12,12,12,12
220046,1,1,25,25,25,25,25,25,25,25,25,25
220047,1,1,22,32,30,20,15,14,42,20,24,22
220048,1,1,15,15,15,15,15,15,15,15,15,15
220048,2,1,0,0,0,24,0,0,0,0,0,0
220049,1,1,0,0,0,0,0,0,0,0,0,0
220049,2,1,0,0,0,0,0,0,0,12,0,0
220049,3,1,7,1,3,0,16,18,0,16,0,0
220050,1,1,0,0,0,0,0,0,0,0,0,0
220050,2,1,0,0,0,0,0,0,0,0,0,0
220051,1,1,0,0,0,0,0,0,0,0,0,0
220051,2,1,0,0,0,0,0,0,0,0,0,0
220052,1,1,0,0,10,0,0,0,0,0,0,14
220053,1,1,0,0,0,0,0,0,0,0,0,0
220053,2,1,0,0,0,0,0,0,0,0,0,0
220054,1,1,0,0,0,0,0,0,0,0,0,0
220055,1,1,27,27,27,27,27,27,27,27,27,27
220056,0,1,0,0,0,0,0,0,0,0,0,0
220056,0,2,0,0,0,0,0,0,0,0,0,0
220056,2,1,0,0,0,0,0,0,0,0,0,0
220057,1,1,0,0,0,0,0,0,0,0,0,0