ST_CASE,VEH_NO,PER_NO,P1,P2,P3,P4,P5,P6,P7,P8,P9,P10
220057,2,1,0,0,0,0,0,0,0,0,0,0
220058,1,1,0,0,0,0,0,0,0,0,0,0
220058,2,1,0,0,0,0,0,0,0,0,0,0
220058,3,1,0,0,0,0,0,0,0,0,0,0
220059,1,1,20,20,20,20,20,20,20,20,20,20
220060,1,1,0,0,0,0,0,0,0,0,0,0
220060,2,1,0,0,0,0,0,0,0,0,0,0
220061,1,1,2,2,2,2,2,2,2,2,2,2
220062,0,1,22,22,22,22,22,22,22,22,22,22
220062,1,1,11,11,11,11,11,11,11,11,11,11
220063,0,1,37,37,37,37,37,37,37,37,37,37
220063,1,1,0,0,0,0,0,0,0,0,0,0
220064,1,1,0,0,0,0,0,0,0,0,0,0
220064,2,1,0,0,0,0,0,0,0,0,0,0
220066,1,1,0,0,0,0,0,0,0,0,0,0
220067,1,1,0,0,0,0,0,0,0,0,0,0
220067,2,1,0,0,0,0,0,0,0,0,0,0
220068,1,1,0,0,0,0,0,0,0,0,0,0
220069,1,1,18,18,18,18,18,18,18,18,18,18
220069,2,1,0,0,0,0,0,0,0,0,0,0
220070,1,1,0,0,0,0,0,0,0,0,0,0
220071,1,1,18,18,18,18,18,18,18,18,18,18
220072,1,1,0,0,0,0,0,0,0,0,0,0
220072,2,1,0,0,0,0,0,0,0,0,0,0
220073,1,1,12,12,12,12,12,12,12,12,12,12
220074,1,1,5,5,5,5,5,5,5,5,5,5
220075,1,1,0,0,0,0,0,0,0,0,0,0
220076,1,1,5,5,5,5,5,5,5,5,5,5
220077,1,1,12,12,12,12,12,12,12,12,12,12
220077,2,1,0,0,0,0,0,0,0,0,0,0
220078,1,1,23,23,23,23,23,23,23,23,23,23
220078,2,1,0,0,0,0,0,0,0,0,0,0
220079,1,1,0,0,0,0,0,0,0,0,0,9
220079,2,1,0,0,0,0,0,0,0,0,0,0
220080,1,1,0,0,0,0,0,0,0,0,0,0
220080,2,1,0,0,0,0,0,0,0,0,0,0
220081,0,1,0,0,12,0,31,46,0,0,33,13
220081,1,1,0,0,0,0,0,0,0,0,0,0
220081,2,1,0,0,0,0,0,0,0,0,0,0
220082,1,1,20,20,20,20,20,20,20,20,20,20
220082,2,1,0,0,0,0,0,0,0,0,0,0
220082,3,1,0,0,0,0,0,0,0,0,0,0
220083,0,1,23,23,23,23,23,23,23,23,23,23
220083,1,1,0,0,0,5,0,0,0,0,0,0
220083,2,1,0,5,0,0,5,0,0,17,0,0
220084,1,1,0,0,0,0,0,0,0,0,0,0
220084,2,1,0,0,0,0,0,0,0,0,0,0
220085,1,1,16,16,16,16,16,16,16,16,16,16
220086,1,1,0,0,0,0,0,0,0,0,0,0
220086,2,1,0,0,0,0,0,0,0,0,0,0
220087,1,1,0,0,0,0,0,0,0,0,0,0
220087,2,1,0,0,0,0,0,0,0,0,0,0
220088,1,1,5,5,5,5,5,5,5,5,5,5
220089,0,1,16,16,16,16,16,16,16,16,16,16
220089,1,1,0,0,0,0,0,0,0,0,0,0
220090,1,1,27,27,27,27,27,27,27,27,27,27
220091,1,1,14,14,14,14,14,14,14,14,14,14
220092,1,1,0,0,0,0,0,0,0,0,0,0
220092,2,1,0,0,0,0,0,0,0,0,0,0
220093,1,1,0,0,0,0,0,0,0,0,0,0
220093,2,1,0,0,0,0,0,0,0,0,0,0
220094,1,1,23,23,23,23,23,23,23,23,23,23
220095,1,1,0,0,0,0,0,0,0,0,0,0
220095,2,1,0,0,0,0,0,0,0,0,0,0
220095,3,1,0,0,0,0,0,0,0,0,0,0
220097,1,1,16,16,16,16,16,16,16,16,16,16
220098,1,1,21,21,21,21,21,21,21,21,21,21
220099,0,1,0,0,0,0,0,0,0,0,0,0
220099,1,1,0,0,0,0,0,0,0,0,0,0
220100,0,1,0,0,0,0,0,0,0,34,22,0
220100,1,1,0,0,0,0,0,0,0,0,0,0
220101,1,1,0,0,0,0,0,0,0,0,0,0
220101,2,1,0,0,0,0,0,0,0,0,0,0
220102,1,1,0,0,0,0,0,0,0,0,0,0
220102,2,1,0,0,0,0,0,0,0,0,0,0
220103,1,1,0,0,0,0,0,0,0,0,0,0
220104,0,1,0,0,24,14,0,0,0,0,0,0
220104,1,1,0,4,0,6,0,11,3,0,9,0
220105,1,1,13,13,13,13,13,13,13,13,13,13
220105,2,1,0,0,0,0,0,11,0,13,8,29
220106,1,1,15,0,0,0,0,0,0,0,0,0
220106,2,1,0,0,0,0,0,0,0,0,0,0
220107,1,1,0,0,0,0,0,0,0,0,0,0
220108,0,1,0,0,0,0,0,0,0,0,0,0
220108,1,1,8,8,8,8,8,8,8,8,8,8
220109,0,1,0,0,0,0,0,0,0,12,0,0
220109,0,2,0,0,0,0,0,0,0,0,0,0
220109,1,1,0,0,0,0,0,0,0,0,0,0
220110,1,1,20,20,20,20,20,20,20,20,20,20
220110,2,1,0,0,0,0,0,0,0,0,0,0
220111,1,1,9,9,9,9,9,9,9,9,9,9
220112,1,1,17,17,17,17,17,17,17,17,17,17
220113,1,1,0,0,0,0,0,0,0,0,0,0
220113,2,1,0,0,0,0,0,0,0,0,0,0
220114,0,1,17,0,16,46,22,0,19,0,0,7
220114,1,1,0,0,0,0,0,0,0,0,0,0
220115,0,1,0,0,0,0,0,0,0,0,0,0
220115,1,1,0,0,0,0,0,0,0,0,0,0
220116,0,1,19,19,19,19,19,19,19,19,19,19
220116,1,1,13,22,0,0,13,0,23,0,0,0
220116,2,1,10,0,0,0,0,23,0,10,0,6
220117,1,1,0,0,0,0,0,0,0,0,0,0
220118,0,1,34,34,34,34,34,34,34,34,34,34
220118,1,1,0,0,0,0,0,0,0,0,0,0
220119,1,1,0,0,0,0,11,13,14,31,0,12
220120,1,1,0,0,0,0,0,0,0,0,0,0
220120,2,1,0,0,0,0,0,0,0,0,0,0
220121,1,1,1,1,1,1,1,1,1,1,1,1
220121,2,1,0,0,0,0,0,0,0,0,0,0
220122,1,1,0,0,0,0,0,0,0,0,0,0
220122,2,1,11,11,11,11,11,11,11,11,11,11
220122,3,1,0,0,0,0,0,0,0,0,0,0
220123,0,1,0,0,0,0,0,0,0,0,0,0
220123,1,1,0,0,0,0,0,0,0,0,0,0
220125,1,1,0,0,0,0,0,0,0,0,0,0
220126,1,1,0,0,0,0,0,0,0,0,0,0
220126,2,1,0,0,0,0,0,0,0,0,0,0
220127,1,1,0,0,0,0,0,0,0,0,0,0
220127,2,1,6,6,6,6,6,6,6,6,6,6
220128,1,1,0,0,0,0,0,0,0,0,0,0
220128,2,1,0,0,0,0,0,0,0,0,0,0
220129,1,1,17,17,17,17,17,17,17,17,17,17
220130,0,1,31,31,31,31,31,31,31,31,31,31
220130,1,1,30,30,30,30,30,30,30,30,30,30
220130,2,1,0,0,0,0,0,0,0,0,0,0
220131,1,1,0,0,0,0,0,0,0,0,0,0
220131,2,1,0,0,0,0,0,0,0,0,0,0
220132,1,1,12,12,12,12,12,12,12,12,12,12
220133,1,1,26,26,26,26,26,26,26,26,26,26
220134,1,1,0,0,0,0,0,0,0,0,0,0
220135,1,1,19,19,19,19,19,19,19,19,19,19
220136,1,1,0,0,0,0,0,0,0,0,0,0
220137,1,1,0,0,0,0,0,0,0,0,0,0
220137,2,1,0,0,0,0,0,0,0,0,0,0
220137,3,1,0,0,0,0,0,0,0,0,0,0
220138,1,1,0,0,0,0,0,0,0,0,0,0
220139,1,1,22,20,15,14,24,22,25,20,7,0
220139,2,1,0,0,0,0,0,0,0,0,0,0
220140,1,1,10,10,10,10,10,10,10,10,10,10
220141,0,1,0,0,0,0,0,0,0,0,0,0
220141,1,1,0,0,0,0,0,0,0,0,0,0
220142,1,1,0,0,0,0,0,0,0,0,0,0
220142,2,1,0,0,0,0,0,0,0,0,0,0
220143,1,1,26,26,26,26,26,26,26,26,26,26
220144,1,1,18,18,18,18,18,18,18,18,18,18
220145,1,1,0,0,0,0,0,0,0,0,0,0
220145,2,1,0,0,0,0,0,0,0,0,0,0
220146,1,1,15,15,15,15,15,15,15,15,15,15
220146,2,1,0,0,0,0,0,0,0,0,0,0
220146,3,1,0,0,0,0,0,0,0,0,0,0
220147,0,1,0,0,0,0,0,0,0,0,0,0
220147,1,1,0,0,0,0,18,0,9,0,32,0
220148,1,1,5,21,15,2,8,19,19,9,25,8
220149,0,1,23,23,23,23,23,23,23,23,23,23
220149,1,1,0,7,0,0,7,22,0,0,0,7
220150,1,1,0,0,0,0,0,0,0,0,0,0
220150,2,1,0,0,0,0,0,0,0,0,0,0
220151,1,1,0,0,0,0,0,0,0,0,0,0
220152,1,1,36,36,36,36,36,36,36,36,36,36
220153,1,1,0,0,0,0,0,0,0,0,0,0
220153,2,1,0,0,0,0,0,0,0,0,0,0
220154,0,1,0,0,0,0,0,0,0,0,0,0
220154,1,1,0,0,0,0,0,0,0,0,0,0
220155,1,1,21,21,21,21,21,21,21,21,21,21
220156,1,1,21,21,21,21,21,21,21,21,21,21
220157,0,1,0,0,0,0,0,0,0,0,0,0
220157,1,1,24,24,24,24,24,24,24,24,24,24
220158,1,1,23,23,23,23,23,23,23,23,23,23
220160,0,1,0,0,0,0,0,0,0,21,22,0
220160,1,1,0,0,0,0,0,0,0,0,0,0
220161,1,1,0,0,0,0,0,0,0,0,0,0
220162,0,1,0,0,0,0,0,0,0,0,0,0
220162,1,1,0,0,0,0,0,0,0,0,0,0
220163,1,1,25,25,25,25,25,25,25,25,25,25
220165,1,1,0,0,0,0,0,0,0,0,0,0
220166,1,1,23,23,23,23,23,23,23,23,23,23
220167,1,1,0,0,0,0,0,0,0,0,0,0
220168,1,1,0,0,0,0,0,0,0,0,0,0
220169,1,1,0,0,0,0,0,0,0,0,0,0
220170,1,1,0,0,0,0,0,0,0,0,0,0
220171,1,1,22,22,22,22,22,22,22,22,22,22
220172,1,1,17,17,17,17,17,17,17,17,17,17
220173,0,1,0,0,0,0,0,0,0,0,0,0
220173,1,1,0,0,0,0,0,0,0,0,0,20
220174,0,1,0,0,0,0,0,0,0,0,0,0
220174,1,1,0,0,0,0,0,0,0,0,0,0
220175,1,1,20,20,20,20,20,20,20,20,20,20
220177,1,1,22,22,22,22,22,22,22,22,22,22
220177,2,1,0,0,0,0,0,0,0,0,0,0
220178,0,1,0,0,0,0,0,0,0,0,0,0
220178,1,1,0,0,0,0,0,0,0,0,0,0
220179,1,1,0,0,0,0,0,0,0,0,0,0
220179,2,1,0,0,0,0,0,0,0,0,0,0
220180,0,1,17,0,0,27,0,0,0,34,0,0
220180,1,1,0,0,0,0,0,0,0,0,0,0
220181,1,1,0,0,0,0,0,0,0,0,0,0
220182,1,1,0,0,0,0,0,0,0,0,0,0
220182,2,1,0,0,0,0,0,0,0,0,0,0
220183,1,1,22,22,22,22,22,22,22,22,22,22
220184,0,1,0,0,0,0,0,0,0,0,0,0
220184,1,1,0,0,0,0,0,0,0,0,0,0
220185,1,1,0,0,0,0,0,0,0,0,0,0
220185,2,1,0,0,0,0,0,0,0,0,0,0
220186,1,1,0,0,0,0,0,0,0,0,0,0
220186,2,1,0,0,0,0,0,0,0,0,0,0
220187,1,1,0,0,0,0,0,0,0,0,0,0
220188,0,1,20,20,20,20,20,20,20,20,20,20
220188,1,1,0,0,0,0,0,0,0,0,0,0
220189,1,1,0,16,0,0,0,0,0,0,0,0
220190,0,1,14,14,14,14,14,14,14,14,14,14
220190,1,1,5,5,5,5,5,5,5,5,5,5
220190,2,1,0,0,0,7,0,0,14,0,0,0
220191,0,1,26,26,26,26,26,26,26,26,26,26
220191,1,1,0,0,0,0,0,0,0,0,0,0
220192,1,1,0,0,0,0,0,0,0,0,0,0
220193,1,1,5,5,5,5,5,5,5,5,5,5
220195,1,1,28,28,28,28,28,28,28,28,28,28
220196,1,1,0,0,0,0,0,0,0,0,0,0
220196,2,1,0,0,0,0,0,0,0,0,0,0
220197,1,1,26,26,26,26,26,26,26,26,26,26
220197,2,1,0,0,0,0,0,0,0,0,0,0
220198,1,1,0,0,24,0,0,0,0,0,0,0
220199,0,1,12,12,12,12,12,12,12,12,12,12
220199,1,1,0,0,0,0,0,0,0,0,0,0
220200,0,1,17,17,17,17,17,17,17,17,17,17
220200,0,2,10,0,33,0,0,0,0,0,43,0
220200,1,1,2,2,2,2,2,2,2,2,2,2
220201,1,1,10,10,10,10,10,10,10,10,10,10
220202,1,1,17,17,17,17,17,17,17,17,17,17
220203,1,1,13,13,13,13,13,13,13,13,13,13
220204,1,1,0,0,0,0,0,0,0,0,0,0
220205,1,1,24,24,24,24,24,24,24,24,24,24
220206,0,1,0,0,0,0,0,0,0,0,0,0
220206,1,1,0,0,0,0,0,0,0,0,12,0
220207,1,1,0,0,0,0,0,0,0,0,0,0
220207,2,1,0,0,0,0,0,0,0,0,0,0
220208,1,1,0,0,0,0,0,0,0,0,0,0
220208,2,1,0,0,0,0,0,0,0,0,0,0
220209,1,1,0,0,0,0,0,0,0,0,0,0
220210,1,1,0,0,0,0,0,0,0,0,0,0
220210,2,1,0,0,0,0,0,0,0,0,0,0
220211,0,1,0,0,0,0,0,0,0,0,0,0
220211,1,1,0,0,0,0,0,0,0,0,0,0
220212,1,1,13,13,13,13,13,13,13,13,13,13
220213,0,1,11,11,11,11,11,11,11,11,11,11
220213,1,1,0,0,0,0,0,0,0,0,0,0
220213,2,1,0,0,7,0,5,0,40,0,14,5
220214,0,1,9,9,9,9,9,9,9,9,9,9
220214,1,1,0,0,0,19,11,0,0,0,0,0
220215,1,1,0,0,0,0,0,0,0,0,0,0
220216,1,1,0,0,0,0,0,0,0,0,0,0
220216,2,1,0,0,0,0,0,0,0,0,0,0
220217,1,1,32,32,32,32,32,32,32,32,32,32
220218,1,1,0,0,0,0,0,0,0,0,0,0
220218,2,1,0,0,0,0,0,0,0,0,0,0
220219,1,1,18,18,18,18,18,18,18,18,18,18
220220,1,1,0,0,0,0,0,0,0,0,0,0
220220,2,1,0,0,0,0,0,0,0,0,0,0
220220,3,1,0,0,0,0,0,0,0,0,0,0
220221,1,1,0,0,0,0,0,0,0,0,0,0
220221,2,1,0,0,0,0,0,0,0,0,0,0
220222,1,1,0,0,0,0,0,0,0,0,0,0
220223,0,1,7,7,7,7,7,7,7,7,7,7
220223,1,1,5,5,5,5,5,5,5,5,5,5
220224,1,1,0,0,0,0,0,0,0,0,0,0
220224,2,1,0,0,0,0,0,0,0,0,0,0
220224,3,1,0,0,0,0,0,0,0,0,0,0
220225,1,1,1,1,1,1,1,1,1,1,1,1
220225,2,1,0,0,0,0,0,0,0,0,0,0
220226,1,1,24,24,24,24,24,24,24,24,24,24
220226,2,1,0,0,0,0,0,0,0,0,0,0
220227,0,1,21,21,21,21,21,21,21,21,21,21
220227,1,1,4,4,4,4,4,4,4,4,4,4
220228,1,1,27,27,27,27,27,27,27,27,27,27
220228,2,1,0,0,0,0,0,0,0,0,0,0
220229,1,1,16,16,16,16,16,16,16,16,16,16
220230,1,1,0,0,0,0,0,0,0,0,0,0
220230,2,1,0,0,0,0,0,0,0,0,0,0
220231,1,1,0,0,0,0,0,0,0,0,0,0
220232,1,1,0,0,0,0,0,0,0,0,0,0
220232,2,1,0,0,0,0,0,0,0,0,0,0
220233,1,1,20,20,20,20,20,20,20,20,20,20
220233,2,1,0,0,16,0,0,0,0,0,0,0
220234,1,1,0,0,0,0,0,0,0,0,0,0
220234,2,1,0,0,0,0,0,0,0,0,0,0
220234,3,1,0,0,0,0,0,0,0,0,0,0
220236,1,1,0,0,0,0,0,0,0,0,0,0
220236,2,1,0,0,0,0,0,0,0,0,0,0
220237,1,1,0,0,0,0,0,0,0,0,0,0
220238,1,1,0,0,0,0,0,0,0,0,0,0
220239,1,1,0,0,0,0,0,0,0,0,0,0
220240,1,1,14,14,14,14,14,14,14,14,14,14
220240,2,1,0,0,0,0,0,0,0,0,0,0
220240,3,1,0,0,0,0,0,0,0,0,0,0
220241,1,1,24,24,24,24,24,24,24,24,24,24
220242,1,1,0,0,0,0,0,0,0,0,0,0
220242,2,1,0,0,0,0,0,0,0,0,0,0
220243,0,1,0,0,0,0,0,0,0,0,0,0
220243,1,1,0,0,0,0,0,0,0,0,0,0
220244,1,1,0,0,0,0,0,0,0,0,0,0
220245,0,1,15,15,15,15,15,15,15,15,15,15
220245,1,1,0,0,0,0,0,0,0,0,0,0
220246,1,1,16,16,16,16,16,16,16,16,16,16
220246,2,1,0,0,0,0,0,0,0,0,0,0
220246,3,1,0,0,0,0,0,0,0,0,0,0
220247,1,1,28,28,28,28,28,28,28,28,28,28
220248,1,1,17,17,17,17,17,17,17,17,17,17
220249,1,1,7,7,7,7,7,7,7,7,7,7
220250,1,1,0,0,0,0,0,0,0,0,0,0
220250,2,1,0,0,0,0,0,0,0,0,0,0
220251,1,1,24,24,24,24,24,24,24,24,24,24
220251,2,1,0,0,0,0,0,0,0,0,0,0
220252,1,1,0,0,0,0,0,0,0,0,0,0
220252,2,1,0,0,0,0,0,0,0,0,0,0
220253,1,1,11,11,11,11,11,11,11,11,11,11
220254,1,1,23,23,23,23,23,23,23,23,23,23
220254,2,1,0,9,0,0,0,27,0,0,0,0
220255,1,1,0,0,0,0,0,10,0,0,0,0
220257,1,1,7,7,7,7,7,7,7,7,7,7
220258,1,1,15,15,15,15,15,15,15,15,15,15
220259,1,1,0,0,0,0,0,0,0,0,0,0
220259,2,1,0,0,0,0,0,0,0,0,0,0
220261,0,1,0,0,0,0,0,0,0,0,0,0
220261,1,1,0,0,0,0,0,0,0,0,0,0
220262,1,1,0,0,7,16,0,0,0,0,0,30
220263,1,1,0,0,0,0,0,0,0,0,0,0
220264,1,1,28,0,25,0,21,0,0,4,15,8
220265,1,1,19,19,19,19,19,19,19,19,19,19
220266,1,1,0,0,0,0,0,0,0,0,0,0
220266,2,1,0,0,0,0,0,0,0,0,0,0
220267,1,1,15,15,15,15,15,15,15,15,15,15
220267,2,1,0,0,0,0,0,0,0,0,0,0
220268,1,1,17,17,17,17,17,17,17,17,17,17
220269,1,1,0,0,0,0,0,0,0,0,0,0
220269,2,1,0,0,0,0,0,0,0,0,0,0
220270,0,1,29,29,29,29,29,29,29,29,29,29
220270,1,1,0,0,0,0,0,0,0,0,0,0
220271,0,1,0,0,0,0,0,0,0,0,0,0
220271,1,1,0,0,0,0,0,0,0,0,0,0
220272,1,1,0,0,0,0,0,0,0,0,0,0
220272,2,1,0,0,0,0,0,0,0,0,0,0
220273,1,1,0,0,0,0,0,0,0,0,0,0
220274,1,1,0,0,0,0,0,0,0,0,0,0
220274,2,1,21,0,0,0,0,0,0,0,0,0
220275,1,1,0,0,0,0,0,0,0,0,0,0
220276,1,1,19,19,19,19,19,19,19,19,19,19
220277,1,1,0,0,0,0,0,0,0,0,0,0
220277,2,1,0,0,0,0,0,0,0,0,0,0
220278,1,1,0,9,0,10,14,15,0,0,0,0
220279,1,1,13,13,13,13,13,13,13,13,13,13
220279,2,1,0,0,0,0,0,0,0,0,0,0
220280,0,1,0,20,0,0,0,14,26,13,8,6
220280,1,1,0,0,0,0,0,0,0,0,0,0
220282,1,1,0,0,0,0,0,0,0,10,0,0
220282,2,1,0,0,0,0,0,0,0,0,0,0
220283,0,1,18,0,12,11,17,0,0,7,0,0
220283,1,1,0,12,0,0,0,0,0,0,4,0
220284,1,1,0,0,0,0,0,0,0,0,0,0
220284,2,1,0,0,0,0,0,0,0,0,0,0
220284,3,1,0,0,0,0,0,0,0,0,0,0
220286,1,1,0,0,0,0,0,0,0,0,0,0
220286,2,1,0,0,0,0,0,0,0,0,0,0
220287,0,1,0,0,5,0,0,0,0,0,0,0
220287,1,1,0,0,0,0,0,0,0,0,0,0
220288,1,1,6,0,7,14,2,0,0,31,0,11
220288,2,1,0,0,0,0,0,0,0,11,12,0
220289,1,1,0,0,0,0,0,0,0,0,0,0
220289,2,1,0,0,0,0,0,0,0,0,0,0
220290,1,1,23,23,23,23,23,23,23,23,23,23
220290,2,1,0,7,0,0,0,0,0,0,0,0
220291,0,1,43,43,43,43,43,43,43,43,43,43
220291,1,1,0,0,0,0,0,0,5,0,0,0
220292,1,1,0,0,0,0,0,0,0,0,0,0
220292,2,1,0,0,0,0,0,0,0,0,0,0
220293,1,1,18,0,9,14,0,0,0,0,0,18
220294,1,1,0,0,0,0,0,0,0,0,0,0
220294,2,1,0,0,0,0,0,0,0,0,0,0
220295,1,1,0,0,0,0,0,0,0,0,0,0
220296,1,1,13,13,13,13,13,13,13,13,13,13
220297,1,1,0,0,0,0,0,0,0,0,0,0
220298,1,1,17,17,17,17,17,17,17,17,17,17
220299,1,1,0,0,0,0,0,0,0,0,0,0
220300,1,1,13,0,0,0,0,10,20,0,0,0
220301,1,1,0,0,0,0,0,0,0,0,0,0
220301,2,1,0,0,0,0,0,0,0,0,0,0
220301,3,1,0,0,0,0,0,0,0,0,0,0
220301,4,1,0,0,0,0,0,0,0,0,0,0
220302,1,1,15,15,15,15,15,15,15,15,15,15
220303,0,1,29,29,29,29,29,29,29,29,29,29
220303,1,1,0,0,0,0,0,0,0,0,0,0
220304,1,1,0,0,0,0,0,0,0,0,0,0
220305,1,1,2,2,2,2,2,2,2,2,2,2
220306,0,1,0,0,0,0,0,0,0,0,0,0
220306,1,1,0,0,0,0,0,0,0,0,0,0
220306,2,1,0,0,0,0,0,0,0,0,0,0
220307,1,1,15,15,15,15,15,15,15,15,15,15
220307,2,1,0,0,0,0,0,0,0,0,0,0
220308,1,1,0,0,0,0,0,0,0,0,0,0
220308,2,1,0,0,0,0,0,0,0,0,0,0
220309,1,1,23,23,23,23,23,23,23,23,23,23
220310,0,1,20,20,20,20,20,20,20,20,20,20
220310,1,1,0,0,0,0,0,0,0,0,0,0
220311,1,1,10,10,10,10,10,10,10,10,10,10
220312,1,1,21,21,21,21,21,21,21,21,21,21
220313,1,1,0,0,0,0,0,0,0,0,0,0
220314,0,1,0,22,0,32,0,33,0,22,42,0
220314,1,1,0,0,0,0,0,0,0,0,0,0
220315,0,1,0,0,0,0,0,0,0,0,0,0
220315,1,1,0,4,0,0,0,0,11,0,0,10
220316,0,1,0,0,0,0,24,0,0,0,0,0
220316,1,1,0,0,0,0,0,0,0,0,0,0
220317,1,1,0,19,14,16,8,10,15,5,3,6
220318,0,1,11,11,11,11,11,11,11,11,11,11
220318,1,1,0,0,0,0,0,0,0,0,0,0
220319,1,1,0,0,0,0,0,0,0,0,0,0
220319,2,1,0,0,0,0,0,0,0,0,0,0
220320,1,1,13,13,13,13,13,13,13,13,13,13
220321,1,1,0,0,0,0,0,0,0,0,0,0
220322,1,1,3,3,3,3,3,3,3,3,3,3
220323,1,1,0,0,0,0,0,0,0,0,0,0
220323,2,1,0,0,0,0,0,0,0,0,0,0
220324,1,1,2,0,0,0,16,12,0,0,0,0
220324,2,1,0,0,0,0,0,0,0,0,0,0
220325,1,1,0,0,0,0,0,0,0,21,0,0
220326,1,1,15,15,15,15,15,15,15,15,15,15
220326,2,1,0,11,10,7,30,6,15,23,15,9
220327,1,1,11,11,11,11,11,11,11,11,11,11
220328,1,1,0,0,0,0,0,0,0,0,0,0
220328,2,1,0,0,0,0,0,0,0,0,0,0
220329,1,1,27,27,27,27,27,27,27,27,27,27
220330,0,1,0,0,0,19,21,0,0,0,0,0
220330,1,1,5,5,5,5,5,5,5,5,5,5
220330,2,1,0,0,0,0,0,0,0,0,0,0
220331,1,1,17,17,17,17,17,17,17,17,17,17
220332,1,1,0,0,0,0,0,0,0,0,0,0
220333,1,1,0,0,0,0,0,0,0,0,0,0
220334,1,1,0,0,0,0,0,0,0,0,0,0
220334,2,1,0,0,0,0,0,0,0,0,0,0
220335,1,1,0,0,0,0,0,0,0,0,0,0
220336,1,1,0,0,0,0,0,0,0,0,0,0
220336,2,1,0,0,0,0,0,0,0,0,0,0
220337,1,1,13,13,13,13,13,13,13,13,13,13
220338,1,1,0,11,10,0,25,0,0,0,25,0
220339,1,1,0,0,0,0,0,0,0,0,0,0
220339,2,1,0,0,0,0,0,0,0,0,0,0
220340,1,1,0,0,0,0,0,0,0,0,0,0
220341,0,1,14,14,14,14,14,14,14,14,14,14
220341,1,1,16,0,0,0,11,4,11,0,6,0
220342,1,1,0,0,0,0,0,0,0,0,0,0
220342,2,1,0,0,0,0,0,0,0,0,0,0
220343,1,1,8,8,8,8,8,8,8,8,8,8
220344,0,1,1,1,1,1,1,1,1,1,1,1
220344,0,2,10,10,10,10,10,10,10,10,10,10
220344,2,1,0,0,0,0,0,0,0,0,0,0
220344,3,1,0,0,0,0,0,0,0,0,0,0
220345,1,1,24,24,24,24,24,24,24,24,24,24
220346,1,1,0,0,0,0,0,0,0,0,0,0
220347,1,1,0,0,0,0,0,0,0,0,0,0
220348,1,1,24,24,24,24,24,24,24,24,24,24
220349,1,1,0,0,0,0,0,0,0,0,0,0
220349,2,1,0,0,0,0,0,0,0,0,0,0
220350,1,1,18,0,0,6,0,10,0,0,0,0
220350,2,1,0,0,0,0,0,0,0,0,0,0
220351,1,1,26,26,26,26,26,26,26,26,26,26
220351,2,1,0,0,0,0,0,0,0,0,0,0
220352,1,1,24,24,24,24,24,24,24,24,24,24
220354,0,1,13,13,13,13,13,13,13,13,13,13
220354,1,1,10,7,0,0,0,0,0,0,0,0
220355,1,1,15,15,15,15,15,15,15,15,15,15
220356,1,1,8,8,8,8,8,8,8,8,8,8
220356,2,1,0,0,0,0,0,0,0,0,0,0
220357,1,1,7,7,7,7,7,7,7,7,7,7
220357,2,1,0,0,0,0,0,0,0,0,0,0
220358,1,1,0,0,0,0,0,0,0,0,0,0
220358,2,1,0,0,0,0,0,0,0,0,0,0
220359,1,1,0,0,0,0,0,0,0,0,0,0
220359,2,1,0,0,0,0,0,0,0,0,0,0
220359,3,1,0,0,0,0,0,0,0,0,0,0
220360,1,1,0,0,0,0,0,0,0,0,0,0
220361,0,1,0,0,0,0,0,0,0,0,0,0
220361,1,1,0,0,0,0,0,0,0,0,0,0
220362,1,1,12,12,12,12,12,12,12,12,12,12
220363,1,1,0,0,0,0,0,0,0,0,0,0
220364,1,1,9,9,9,9,9,9,9,9,9,9
220366,1,1,0,0,0,0,0,0,0,0,0,0
220367,0,1,0,0,0,0,0,0,0,0,0,0
220367,1,1,0,0,0,0,0,0,0,0,0,0
220367,2,1,2,2,2,2,2,2,2,2,2,2
220368,1,1,0,0,0,0,0,0,0,0,0,0
220369,0,1,0,19,0,6,0,0,16,0,0,22
220369,1,1,0,0,0,0,0,0,0,0,0,0
220370,1,1,0,0,0,0,0,0,0,0,0,0
220370,2,1,0,0,0,0,0,0,0,0,0,0
220371,1,1,0,0,0,0,0,0,0,0,0,0
220372,1,1,0,0,25,0,0,24,0,0,0,0
220372,2,1,0,0,0,0,0,0,0,0,0,0
220373,1,1,0,0,0,0,0,0,0,0,0,0
220374,1,1,0,0,0,0,0,0,0,0,0,0
220375,1,1,0,0,0,31,0,0,0,0,0,0
220376,1,1,23,23,23,23,23,23,23,23,23,23