ST_CASE,VEH_NO,PER_NO,P1,P2,P3,P4,P5,P6,P7,P8,P9,P10
220377,1,1,0,0,0,0,0,0,0,0,0,0
220378,1,1,18,18,18,18,18,18,18,18,18,18
220378,2,1,0,0,0,0,0,0,0,0,0,0
220379,0,1,0,0,0,0,0,0,0,0,0,0
220379,1,1,0,0,0,0,0,0,0,0,0,0
220380,0,1,0,0,0,0,0,0,0,0,0,0
220380,1,1,0,0,0,0,0,0,0,0,0,0
220381,0,1,0,0,0,0,0,0,0,0,0,0
220381,1,1,0,0,0,0,0,0,0,0,0,0
220382,1,1,0,0,0,0,0,0,0,0,0,0
220382,2,1,0,0,0,0,0,0,0,0,0,0
220383,0,1,22,22,22,22,22,22,22,22,22,22
220383,1,1,0,0,0,33,0,16,0,31,0,13
220384,1,1,19,0,8,18,0,16,0,0,11,24
220385,1,1,0,0,0,0,0,0,0,0,0,0
220385,2,1,0,0,0,0,0,0,0,0,0,0
220386,1,1,11,11,11,11,11,11,11,11,11,11
220387,1,1,16,16,16,16,16,16,16,16,16,16
220388,1,1,0,0,0,0,0,0,0,0,0,0
220388,2,1,17,17,17,17,17,17,17,17,17,17
220389,0,1,0,0,0,0,0,0,0,0,0,0
220389,1,1,0,0,0,0,0,0,0,0,0,0
220390,1,1,0,24,7,0,0,0,10,0,7,0
220390,2,1,0,0,0,0,0,0,0,0,0,25
220390,3,1,0,0,14,12,0,0,0,0,0,0
220391,0,1,16,0,0,0,0,23,0,25,20,30
220391,1,1,28,0,0,0,0,0,0,0,0,0
220393,1,1,19,19,19,19,19,19,19,19,19,19
220394,1,1,1,1,1,1,1,1,1,1,1,1
220395,1,1,0,0,10,0,0,21,0,0,0,0
220395,2,1,0,0,0,0,0,0,0,0,0,0
220395,3,1,0,0,0,0,12,0,0,0,0,8
220395,4,1,0,0,0,0,9,17,18,0,0,0
220396,0,1,10,10,10,10,10,10,10,10,10,10
220396,1,1,14,14,14,14,14,14,14,14,14,14
220397,0,1,7,7,7,7,7,7,7,7,7,7
220397,1,1,5,5,5,5,5,5,5,5,5,5
220398,0,1,0,0,0,24,23,24,17,0,19,0
220398,1,1,0,0,0,0,0,0,0,0,0,0
220399,1,1,16,16,16,16,16,16,16,16,16,16
220401,1,1,0,0,0,0,0,0,0,0,0,0
220401,2,1,0,0,0,0,0,0,0,0,0,0
220402,1,1,8,8,8,8,8,8,8,8,8,8
220402,2,1,0,0,19,0,0,16,0,0,0,0
220403,1,1,23,23,23,23,23,23,23,23,23,23
220405,0,1,0,0,0,0,0,0,0,0,0,0
220405,1,1,0,0,0,0,0,0,0,0,0,0
220406,0,1,0,0,0,0,0,0,0,0,0,0
220406,0,2,0,0,0,0,0,0,20,25,0,0
220406,1,1,0,0,0,0,0,0,0,0,0,0
220407,1,1,8,8,8,8,8,8,8,8,8,8
220407,2,1,0,0,0,0,0,0,0,0,0,0
220408,1,1,11,11,11,11,11,11,11,11,11,11
220409,0,1,9,9,9,9,9,9,9,9,9,9
220409,0,2,9,9,9,9,9,9,9,9,9,9
220409,1,1,13,13,13,13,13,13,13,13,13,13
220411,0,1,0,0,0,0,0,0,0,0,0,0
220411,0,2,0,0,0,0,0,0,0,0,0,0
220411,1,1,0,0,0,0,0,0,0,0,0,0
220412,0,1,0,0,0,0,0,0,0,0,0,0
220412,1,1,14,14,14,14,14,14,14,14,14,14
220412,2,1,0,0,0,0,0,0,0,0,0,0
220413,1,1,0,0,0,0,0,0,0,0,0,0
220413,2,1,4,4,4,4,4,4,4,4,4,4
220414,1,1,0,0,0,0,0,0,0,0,0,0
220414,2,1,0,0,0,0,0,0,0,0,0,0
220415,1,1,11,11,11,11,11,11,11,11,11,11
220416,1,1,0,18,17,0,38,34,0,0,0,0
220417,1,1,0,0,0,0,0,0,0,0,0,0
220418,1,1,0,0,0,0,0,0,0,0,0,0
220418,2,1,0,0,0,0,0,0,0,0,0,0
220418,3,1,0,0,0,0,0,0,0,0,0,0
220418,4,1,0,0,0,0,0,0,0,0,0,0
220419,1,1,0,0,0,0,0,0,0,0,0,0
220419,2,1,0,0,0,0,0,0,0,0,0,0
220419,3,1,2,2,2,2,2,2,2,2,2,2
220420,1,1,0,0,13,0,0,8,16,18,9,0
220420,2,1,0,0,0,0,0,0,0,0,0,0
220421,1,1,18,18,18,18,18,18,18,18,18,18
220422,1,1,0,0,0,0,0,0,0,0,0,0
220422,2,1,0,0,0,0,0,0,0,0,0,0
220423,1,1,23,23,23,23,23,23,23,23,23,23
220424,1,1,12,12,12,12,12,12,12,12,12,12
220424,2,1,0,0,0,0,0,0,0,0,0,0
220425,1,1,12,12,12,12,12,12,12,12,12,12
220426,1,1,0,0,0,0,0,0,0,0,0,0
220426,2,1,0,0,0,0,0,0,0,0,0,0
220426,3,1,0,0,0,0,0,0,0,0,0,0
220427,1,1,8,8,8,8,8,8,8,8,8,8
220428,1,1,0,0,0,0,0,0,0,0,0,0
220428,2,1,0,0,0,0,0,0,0,0,0,0
220429,0,1,31,31,31,31,31,31,31,31,31,31
220429,1,1,9,9,9,9,9,9,9,9,9,9
220430,1,1,0,0,0,0,0,0,0,0,0,0
220430,2,1,0,0,0,0,0,0,0,0,0,0
220431,1,1,35,35,35,35,35,35,35,35,35,35
220432,1,1,16,16,16,16,16,16,16,16,16,16
220432,2,1,0,0,0,0,0,0,0,0,0,0
220433,0,1,22,22,22,22,22,22,22,22,22,22
220433,1,1,0,0,0,0,0,0,0,0,0,0
220434,1,1,18,18,18,18,18,18,18,18,18,18
220435,1,1,0,0,0,27,0,0,30,14,0,0
220436,1,1,27,27,27,27,27,27,27,27,27,27
220437,1,1,0,0,16,0,0,0,0,0,22,0
220438,1,1,0,0,0,0,0,0,0,0,0,0
220439,1,1,0,0,0,0,0,0,0,0,0,0
220439,2,1,0,0,0,0,0,0,0,0,0,0
220440,1,1,1,1,1,1,1,1,1,1,1,1
220440,2,1,0,0,0,0,0,0,0,0,0,0
220440,3,1,0,0,0,0,0,0,0,0,0,0
220440,4,1,0,0,0,0,0,0,0,0,0,0
220440,5,1,0,0,0,0,0,0,0,0,0,0
220441,0,1,0,0,0,0,0,0,0,0,0,0
220441,1,1,0,0,0,0,0,0,0,0,0,0
220443,1,1,9,9,9,9,9,9,9,9,9,9
220444,0,1,25,25,25,25,25,25,25,25,25,25
220444,1,1,0,0,0,0,0,0,0,0,0,0
220445,1,1,8,8,8,8,8,8,8,8,8,8
220445,2,1,0,0,0,0,0,0,0,0,0,0
220446,0,1,22,22,22,22,22,22,22,22,22,22
220446,1,1,0,0,0,0,0,20,15,0,0,0
220447,1,1,0,0,0,0,0,0,0,0,0,0
220448,1,1,18,18,18,18,18,18,18,18,18,18
220449,1,1,17,17,17,17,17,17,17,17,17,17
220449,2,1,0,0,0,0,0,0,0,0,0,0
220450,1,1,0,0,0,0,0,0,0,0,0,0
220450,2,1,0,0,0,0,0,0,0,0,0,0
220451,0,1,0,0,0,0,0,0,0,0,0,0
220451,1,1,0,0,0,3,9,0,0,0,0,7
220453,1,1,9,0,0,0,0,0,0,0,0,0
220453,2,1,0,0,0,0,0,0,0,0,0,0
220454,1,1,0,0,0,0,0,0,0,0,0,0
220454,2,1,0,0,0,0,0,0,0,0,0,0
220455,1,1,0,0,0,31,2,0,0,0,26,0
220456,1,1,0,0,0,0,0,0,0,0,0,0
220456,2,1,3,0,0,0,0,25,0,0,0,0
220457,1,1,26,26,26,26,26,26,26,26,26,26
220458,1,1,15,0,7,0,16,3,15,0,12,17
220459,1,1,13,13,13,13,13,13,13,13,13,13
220459,2,1,0,0,0,0,0,0,0,0,0,0
220460,1,1,13,13,13,13,13,13,13,13,13,13
220460,2,1,0,0,0,0,0,0,0,0,0,0
220461,1,1,0,0,0,0,0,0,0,0,0,0
220461,2,1,0,0,0,0,0,0,0,0,0,0
220462,1,1,0,0,0,0,0,0,0,0,0,0
220462,2,1,0,0,0,0,0,0,0,0,0,0
220463,1,1,0,0,0,0,0,0,0,0,0,0
220464,1,1,0,0,0,0,0,0,0,0,0,0
220465,1,1,0,0,0,0,0,0,0,0,0,0
220465,2,1,0,0,0,0,0,0,0,0,0,0
220466,1,1,0,0,0,0,0,0,0,0,0,0
220466,2,1,0,0,0,0,0,0,0,0,0,0
220467,1,1,0,0,0,0,0,0,0,0,0,0
220467,2,1,0,0,0,0,0,0,0,0,0,0
220468,1,1,0,0,0,0,0,0,0,0,0,0
220468,2,1,0,0,0,0,0,0,14,0,0,0
220469,1,1,0,16,0,0,13,24,15,10,19,0
220470,1,1,15,15,15,15,15,15,15,15,15,15
220471,1,1,0,0,0,0,0,0,0,0,0,0
220471,2,1,0,0,0,0,0,0,0,0,0,0
220472,1,1,19,19,19,19,19,19,19,19,19,19
220473,1,1,26,26,26,26,26,26,26,26,26,26
220474,1,1,0,0,0,0,0,0,0,0,0,0
220474,2,1,0,0,0,0,0,0,0,0,0,0
220475,1,1,32,32,32,32,32,32,32,32,32,32
220476,1,1,33,12,0,0,0,0,0,0,0,0
220477,1,1,18,0,15,9,32,0,5,0,25,11
220478,0,1,0,0,0,0,0,0,0,0,0,0
220478,0,2,0,0,0,0,0,0,0,0,0,0
220478,1,1,0,0,0,0,0,0,0,0,0,0
220479,1,1,0,0,0,0,0,0,0,0,0,0
220479,2,1,0,0,0,0,0,0,0,0,0,0
220480,1,1,0,0,0,0,0,0,0,0,0,0
220480,2,1,0,0,0,0,0,0,0,0,0,0
220480,3,1,0,0,0,0,0,0,0,0,0,0
220481,0,1,0,0,0,0,0,0,0,0,0,0
220481,1,1,0,0,0,0,0,0,0,0,0,0
220482,1,1,11,11,11,11,11,11,11,11,11,11
220483,1,1,0,0,0,0,0,0,0,0,0,0
220483,2,1,0,0,0,0,0,0,0,0,0,0
220484,0,1,0,0,57,0,0,31,8,23,0,16
220484,1,1,0,0,0,0,0,0,0,0,0,0
220485,1,1,0,0,0,0,0,0,0,0,0,0
220485,2,1,0,0,0,0,0,0,0,0,0,0
220486,0,1,0,0,0,0,0,0,0,0,0,0
220486,1,1,0,0,0,0,0,0,0,0,0,0
220487,1,1,0,0,0,0,0,0,0,0,0,0
220488,1,1,15,15,15,15,15,15,15,15,15,15
220488,2,1,15,15,15,15,15,15,15,15,15,15
220489,1,1,0,0,0,0,0,0,0,0,0,0
220490,1,1,12,12,12,12,12,12,12,12,12,12
220491,1,1,0,0,0,0,0,0,0,0,0,0
220492,1,1,0,0,0,0,0,0,0,0,0,0
220492,2,1,0,0,0,0,0,0,0,0,0,0
220493,0,1,0,0,0,0,0,0,0,0,0,0
220493,1,1,0,0,0,0,0,0,0,0,0,0
220494,1,1,0,0,0,0,0,0,0,0,0,0
220494,2,1,0,0,0,0,0,0,0,0,0,0
220495,1,1,0,0,0,0,0,0,0,0,0,0
220495,2,1,0,0,0,0,0,0,0,0,0,0
220495,3,1,0,0,0,0,0,0,0,0,0,0
220495,4,1,0,0,0,0,0,0,0,0,0,0
220496,1,1,0,0,0,0,0,0,0,0,0,0
220497,1,1,3,3,3,3,3,3,3,3,3,3
220497,2,1,0,0,0,0,0,0,0,0,0,0
220498,1,1,0,0,0,0,0,0,0,0,0,0
220499,1,1,10,10,10,10,10,10,10,10,10,10
220500,1,1,26,26,26,26,26,26,26,26,26,26
220500,2,1,0,0,0,0,0,0,0,0,0,0
220501,1,1,0,0,0,0,0,0,0,0,0,0
220501,2,1,0,0,0,0,0,0,0,0,0,0
220502,1,1,0,0,0,0,0,0,0,0,0,0
220502,2,1,0,0,0,0,0,0,0,0,0,0
220503,1,1,29,29,29,29,29,29,29,29,29,29
220503,2,1,0,0,0,0,0,0,0,0,0,0
220504,1,1,0,0,0,0,0,0,0,0,0,0
220504,2,1,0,0,0,0,0,0,0,0,0,0
220505,1,1,0,0,0,0,0,0,0,0,0,0
220505,2,1,0,0,0,0,0,0,0,0,0,0
220506,1,1,0,0,0,0,0,0,20,0,0,0
220506,2,1,20,0,0,12,0,15,0,0,0,22
220507,0,1,0,0,0,0,0,0,0,0,0,0
220507,1,1,0,0,0,0,0,0,0,0,0,0
220508,1,1,0,0,0,0,0,0,0,0,0,0
220509,1,1,14,14,14,14,14,14,14,14,14,14
220510,1,1,13,13,13,13,13,13,13,13,13,13
220510,2,1,0,0,0,0,0,0,0,0,0,0
220511,1,1,11,0,23,0,0,0,0,0,0,0
220511,2,1,0,0,0,0,0,0,0,0,0,0
220512,0,1,0,0,0,0,0,0,0,0,0,0
220512,1,1,0,0,0,0,0,0,0,0,0,0
220513,1,1,0,0,0,0,0,0,0,0,0,0
220514,1,1,0,0,0,0,0,0,0,0,0,0
220514,2,1,0,0,0,0,0,0,0,0,0,0
220515,1,1,0,0,0,0,0,0,0,0,0,0
220516,1,1,14,14,14,14,14,14,14,14,14,14
220517,1,1,24,24,24,24,24,24,24,24,24,24
220518,1,1,0,0,0,0,0,0,0,0,0,0
220518,2,1,0,0,0,0,0,0,0,0,0,0
220519,1,1,14,14,14,14,14,14,14,14,14,14
220520,1,1,0,0,0,0,0,0,0,0,0,0
220520,2,1,8,8,8,8,8,8,8,8,8,8
220521,1,1,0,0,0,0,0,0,0,0,0,0
220521,2,1,0,0,0,0,0,0,0,0,0,0
220522,1,1,18,18,18,18,18,18,18,18,18,18
220523,1,1,13,13,13,13,13,13,13,13,13,13
220524,1,1,9,9,9,9,9,9,9,9,9,9
220524,2,1,0,0,0,0,0,0,0,0,0,0
220525,1,1,0,0,0,0,0,0,0,0,0,0
220525,2,1,0,0,24,0,0,20,7,0,0,0
220526,1,1,0,0,0,0,0,0,0,0,0,0
220526,2,1,0,0,0,0,0,0,0,0,0,0
220527,1,1,0,0,0,0,0,0,0,0,0,0
220527,2,1,0,0,0,0,0,0,0,0,0,0
220529,0,1,19,0,0,0,0,29,0,0,0,0
220529,1,1,0,8,0,0,0,0,0,0,0,0
220530,1,1,0,0,0,0,0,0,0,0,0,0
220531,0,1,5,5,5,5,5,5,5,5,5,5
220531,1,1,0,0,0,0,0,0,0,0,0,0
220531,2,1,0,0,0,0,0,0,0,0,0,0
220532,1,1,23,23,23,23,23,23,23,23,23,23
220532,2,1,0,0,0,0,0,0,0,0,0,0
220533,1,1,0,0,0,0,0,0,0,0,0,0
220533,2,1,0,0,0,0,0,0,0,0,0,0
220534,0,1,0,0,0,20,0,0,0,0,0,5
220534,1,1,0,0,0,0,0,0,0,0,0,0
220535,1,1,0,0,0,0,0,0,0,0,0,0
220535,2,1,5,5,5,5,5,5,5,5,5,5
220536,1,1,0,0,0,0,0,0,0,0,0,0
220536,2,1,0,0,0,0,0,0,0,14,0,0
220536,3,1,0,0,0,0,0,0,0,0,0,0
220537,1,1,0,0,0,0,0,0,0,0,0,0
220537,2,1,0,0,0,0,0,0,0,0,0,0
220538,1,1,0,0,0,0,0,0,0,0,0,0
220539,1,1,0,0,0,0,0,0,0,0,0,0
220539,2,1,0,0,0,0,0,0,0,0,0,0
220541,1,1,0,0,0,0,0,0,0,0,0,0
220542,1,1,0,0,0,0,0,0,0,0,0,0
220542,2,1,0,0,0,0,0,0,0,0,0,0
220543,0,1,29,29,29,29,29,29,29,29,29,29
220543,1,1,4,4,4,4,4,4,4,4,4,4
220544,1,1,22,22,22,22,22,22,22,22,22,22
220544,2,1,0,0,0,0,0,0,0,0,0,0
220544,3,1,0,0,0,0,0,0,0,0,25,0
220544,4,1,0,0,0,0,0,0,0,0,0,0
220545,0,1,0,0,0,0,0,0,0,0,0,0
220545,1,1,0,0,0,0,0,0,0,0,0,0
220545,2,1,0,0,0,0,0,0,0,0,0,0
220546,0,1,8,0,0,27,34,0,21,0,40,0
220546,1,1,0,0,0,0,0,0,0,6,0,9
220547,0,1,0,0,0,0,0,0,0,0,0,0
220547,1,1,0,0,0,0,0,0,0,0,0,0
220548,1,1,0,0,0,0,0,0,0,0,0,0
220549,1,1,9,9,9,9,9,9,9,9,9,9
220549,2,1,0,0,37,0,0,0,0,0,0,0
220550,1,1,0,0,0,0,0,0,0,0,0,0
220550,2,1,0,0,0,0,0,0,0,0,0,0
220551,1,1,0,0,0,0,0,0,0,0,0,0
220551,2,1,0,0,0,0,0,0,0,0,0,0
220552,0,1,12,12,12,12,12,12,12,12,12,12
220552,1,1,0,0,0,0,0,0,0,0,0,0
220553,1,1,0,0,0,0,0,0,0,0,0,0
220553,2,1,0,0,0,0,0,0,0,0,0,0
220554,1,1,0,0,0,0,0,0,0,0,0,0
220554,2,1,0,0,0,0,0,0,0,0,0,0
220555,1,1,0,0,0,0,0,0,0,0,0,0
220556,1,1,15,15,15,15,15,15,15,15,15,15
220557,1,1,22,22,22,22,22,22,22,22,22,22
220558,1,1,0,0,0,0,0,0,0,0,0,0
220559,1,1,4,4,4,4,4,4,4,4,4,4
220560,0,1,15,16,0,0,27,15,0,9,0,0
220560,0,2,28,0,19,28,33,9,12,16,37,0
220560,1,1,0,0,0,0,0,0,0,0,0,0
220561,1,1,0,0,0,0,0,0,0,0,0,0
220561,2,1,0,0,0,0,30,0,24,0,0,0
220562,1,1,26,26,26,26,26,26,26,26,26,26
220562,2,1,14,14,14,14,14,14,14,14,14,14
220563,1,1,0,0,0,0,0,0,0,0,0,0
220563,2,1,0,0,0,0,0,0,0,0,0,0
220564,1,1,0,0,0,0,0,0,0,0,0,0
220564,2,1,0,0,0,0,0,0,0,0,0,0
220565,1,1,0,0,0,14,0,5,10,0,0,0
220565,2,1,0,0,0,0,0,0,0,0,0,0
220565,3,1,0,0,0,0,0,0,0,0,0,0
220566,1,1,0,0,0,0,0,0,0,0,0,0
220566,2,1,0,0,0,0,0,0,0,0,0,0
220567,1,1,0,0,0,0,0,0,0,0,0,0
220567,2,1,0,0,0,0,0,0,0,0,0,0
220567,3,1,0,0,0,0,0,0,0,0,0,0
220568,1,1,11,0,0,8,0,0,0,0,19,0
220568,2,1,0,0,0,0,0,0,0,0,0,0
220569,1,1,0,9,7,14,28,9,18,0,18,17
220570,1,1,0,0,0,0,0,0,0,0,0,0
220570,2,1,0,0,0,0,0,0,0,0,0,0
220570,3,1,0,0,0,0,7,0,0,0,0,0
220570,4,1,7,0,0,0,0,0,0,0,0,0
220571,0,1,0,0,0,0,0,0,0,0,0,0
220571,1,1,0,0,0,0,0,0,0,0,0,0
220572,0,1,0,0,0,0,0,0,0,0,0,0
220572,1,1,0,0,0,0,0,0,0,0,0,0
220573,1,1,0,0,0,0,0,0,0,0,0,0
220574,1,1,0,0,0,0,0,0,0,0,0,0
220574,2,1,0,0,0,0,0,0,0,0,0,0
220575,1,1,0,0,0,0,0,0,0,0,0,0
220576,1,1,13,13,13,13,13,13,13,13,13,13
220576,2,1,0,0,0,0,0,0,0,0,0,0
220577,0,1,0,16,0,0,0,0,15,0,0,0
220577,1,1,0,0,0,0,0,0,0,0,0,0
220578,1,1,0,0,0,0,0,0,0,0,0,0
220578,2,1,0,0,0,0,0,0,0,0,0,0
220578,3,1,0,0,0,0,0,0,0,0,0,0
220579,1,1,11,11,11,11,11,11,11,11,11,11
220580,1,1,0,0,0,0,0,0,0,0,0,0
220580,2,1,0,0,0,0,0,0,0,0,0,0
220581,1,1,0,0,0,0,0,0,0,0,0,0
220581,2,1,0,0,0,0,0,0,0,0,0,0
220582,1,1,0,0,0,0,0,0,0,0,0,0
220582,2,1,0,0,0,0,0,0,0,0,0,0
220583,1,1,0,0,0,0,0,0,0,0,0,0
220583,2,1,0,0,0,0,0,0,0,0,0,0
220584,1,1,13,0,0,0,0,0,0,0,0,0
220584,2,1,0,0,0,0,8,15,0,0,19,0
220585,1,1,13,13,13,13,13,13,13,13,13,13
220586,0,1,13,13,13,13,13,13,13,13,13,13
220586,1,1,0,0,0,0,0,0,0,0,0,0
220587,1,1,0,0,0,0,0,0,0,0,0,0
220587,2,1,9,9,9,9,9,9,9,9,9,9
220587,3,1,1,1,1,1,1,1,1,1,1,1
220588,1,1,0,0,0,0,0,0,0,0,0,0
220588,2,1,0,0,0,0,0,0,0,0,0,0
220591,0,1,35,35,35,35,35,35,35,35,35,35
220591,1,1,0,0,0,0,0,0,0,0,0,0
220592,1,1,0,0,0,0,0,0,0,0,0,0
220593,1,1,0,0,0,0,0,0,0,0,0,0
220593,2,1,0,0,4,0,0,0,0,0,0,0
220593,3,1,0,0,0,0,0,0,0,0,0,0
220593,4,1,9,0,0,8,0,7,7,0,12,0
220594,0,1,0,0,0,0,0,0,0,0,0,0
220594,1,1,0,0,0,0,0,0,0,0,0,0
220595,1,1,0,0,0,0,0,0,0,0,0,0
220596,1,1,20,20,20,20,20,20,20,20,20,20
220596,2,1,0,0,0,0,0,0,0,0,0,0
220597,1,1,0,0,0,0,0,0,0,0,0,0
220597,2,1,0,0,0,0,0,0,0,0,0,0
220598,1,1,5,5,5,5,5,5,5,5,5,5
220598,2,1,0,0,0,0,0,0,0,0,0,0
220598,3,1,29,28,11,0,8,0,16,0,0,20
220599,1,1,0,0,0,0,0,0,0,0,0,0
220599,2,1,0,0,0,0,0,0,0,0,0,0
220600,1,1,0,0,0,0,0,0,0,0,0,0
220601,1,1,4,4,4,4,4,4,4,4,4,4
220601,2,1,0,0,0,0,0,0,0,0,0,0
220602,0,1,16,16,16,16,16,16,16,16,16,16
220602,1,1,18,18,18,18,18,18,18,18,18,18
220603,1,1,0,0,0,0,0,9,0,0,0,0
220604,1,1,0,0,0,0,0,0,0,0,0,0
220604,2,1,0,0,0,0,0,0,0,0,14,0
220605,1,1,0,0,0,0,0,0,0,0,0,0
220607,1,1,0,0,0,0,0,0,0,0,0,0
220607,2,1,0,0,0,0,0,0,0,0,0,0
220608,1,1,15,15,15,15,15,15,15,15,15,15
220608,2,1,0,0,0,0,0,20,15,6,0,0
220609,1,1,6,6,6,6,6,6,6,6,6,6
220609,2,1,23,0,4,0,0,14,0,11,0,0
220610,1,1,0,0,0,0,0,0,0,0,0,0
220611,1,1,0,0,0,0,0,0,0,0,0,0
220611,2,1,0,0,0,0,0,0,0,0,0,0
220612,1,1,0,0,0,0,0,0,0,0,0,0
220612,2,1,0,0,0,0,0,0,0,0,0,0
220613,0,1,17,17,17,17,17,17,17,17,17,17
220613,1,1,17,17,17,17,17,17,17,17,17,17
220614,1,1,0,0,0,0,0,0,0,0,0,0
220615,1,1,16,16,16,16,16,16,16,16,16,16
220615,2,1,0,0,0,0,0,0,0,0,0,0
220616,1,1,0,0,0,0,0,0,0,0,0,0
220616,2,1,0,0,0,0,0,0,0,0,0,0
220617,1,1,0,0,0,0,0,0,0,0,0,0
220617,2,1,0,0,0,0,0,0,0,0,0,0
220618,0,1,8,8,8,8,8,8,8,8,8,8
220618,1,1,0,0,0,0,0,0,0,0,0,0
220619,0,1,0,0,0,0,0,0,0,0,0,0
220619,1,1,0,0,0,0,0,0,0,0,0,0
220620,1,1,28,28,28,28,28,28,28,28,28,28
220621,0,1,15,15,15,15,15,15,15,15,15,15
220621,1,1,0,4,0,0,24,7,0,0,0,20
220622,1,1,18,18,18,18,18,18,18,18,18,18
220623,1,1,2,2,2,2,2,2,2,2,2,2
220624,1,1,3,0,0,0,6,0,0,2,0,0
220625,1,1,0,0,15,0,10,0,12,0,9,10
220625,2,1,0,0,0,0,0,0,0,0,0,0
220626,1,1,18,18,18,18,18,18,18,18,18,18
220627,1,1,0,0,0,0,0,0,0,0,0,0
220628,1,1,0,0,0,0,0,0,0,0,0,0
220629,0,1,0,0,0,0,0,0,0,0,0,0
220629,1,1,0,0,0,0,0,0,0,0,0,0
220630,0,1,0,0,0,0,0,0,0,0,0,0
220630,1,1,0,0,0,0,0,0,0,0,0,0
220631,1,1,0,0,0,0,0,0,0,0,0,0
220632,1,1,14,14,14,14,14,14,14,14,14,14
220633,1,1,0,0,0,0,0,0,0,0,0,0
220633,2,1,0,0,0,0,0,0,0,0,0,0
220634,1,1,0,0,0,0,0,0,0,0,0,0
220634,2,1,0,0,0,0,0,0,0,0,0,0
220635,1,1,0,0,0,0,0,0,0,0,0,0
220636,1,1,0,0,0,0,0,0,0,0,0,0
220636,2,1,0,0,0,0,0,0,0,0,0,0
220637,1,1,31,31,31,31,31,31,31,31,31,31
220638,1,1,27,27,27,27,27,27,27,27,27,27
220639,0,1,19,19,19,19,19,19,19,19,19,19
220639,1,1,0,0,0,0,0,0,0,0,0,0
220640,1,1,0,0,0,0,0,0,0,0,0,0
220640,2,1,0,0,0,0,0,0,0,0,0,0
220641,0,1,32,32,32,32,32,32,32,32,32,32
220641,1,1,9,9,9,9,9,9,9,9,9,9
220642,1,1,15,5,13,12,22,0,5,22,25,19
220643,1,1,0,0,0,0,0,0,0,0,0,0
220644,1,1,12,19,0,0,0,0,14,0,16,0
220645,1,1,24,24,24,24,24,24,24,24,24,24
220645,2,1,0,0,0,0,0,0,0,0,0,0
220645,3,1,0,0,0,0,0,0,0,0,0,0
220646,1,1,0,0,0,0,0,0,22,0,0,3
220648,0,1,0,0,0,0,0,0,0,0,0,0
220648,1,1,0,0,0,0,0,0,0,0,0,0
220649,1,1,0,0,0,0,0,0,0,0,0,0
220650,1,1,24,24,24,24,24,24,24,24,24,24
220651,1,1,0,18,0,0,0,33,27,0,22,17
220652,1,1,14,14,14,14,14,14,14,14,14,14
220652,2,1,0,0,0,0,0,0,0,0,0,0
220653,0,1,22,34,8,46,7,18,21,46,0,0
220653,1,1,0,0,0,0,0,0,0,0,0,0
220654,1,1,19,19,19,19,19,19,19,19,19,19
220654,2,1,9,9,9,9,9,9,9,9,9,9
220655,1,1,0,0,0,0,0,0,0,0,0,0
220656,0,1,22,22,22,22,22,22,22,22,22,22
220656,1,1,0,3,0,0,0,0,5,5,0,0
220657,0,1,0,0,10,0,0,0,0,29,0,0
220657,0,2,11,11,11,11,11,11,11,11,11,11
220657,1,1,0,0,0,0,0,0,0,0,0,0
220658,1,1,0,0,0,0,0,0,0,0,17,0
220658,2,1,0,0,0,0,0,0,0,0,0,0
220659,1,1,14,14,14,14,14,14,14,14,14,14
220659,2,1,0,0,0,0,0,0,0,0,0,0
220660,1,1,0,0,0,0,0,0,0,0,0,0
220661,1,1,0,0,0,0,0,0,0,0,0,0
220662,0,1,0,0,0,28,0,0,11,0,0,0
220662,1,1,0,0,0,0,0,0,0,0,0,0
220663,0,1,0,0,0,0,0,0,0,0,0,0
220663,1,1,25,25,25,25,25,25,25,25,25,25
220664,1,1,18,18,18,18,18,18,18,18,18,18
220665,1,1,0,0,0,0,0,0,0,0,0,0
220665,2,1,0,0,0,0,0,0,0,0,0,0
220665,3,1,0,0,0,0,0,0,0,0,0,0
220666,1,1,0,10,0,0,0,0,15,0,18,0
220667,1,1,0,31,0,0,34,0,0,0,0,0
220668,1,1,0,0,0,0,0,0,0,0,0,0
220668,2,1,0,0,0,0,0,0,0,0,0,0
220669,0,1,25,0,15,11,0,9,21,0,41,35
220669,2,1,0,0,0,0,0,0,0,0,0,0
220670,1,1,23,23,23,23,23,23,23,23,23,23
220671,1,1,0,0,0,0,0,0,0,0,10,0
220672,0,1,26,43,15,20,5,12,17,19,35,29
220672,1,1,0,0,0,0,0,0,0,0,0,0
220673,0,1,0,0,0,0,0,0,0,0,0,0
220673,1,1,0,0,0,0,0,0,0,0,0,0
220674,1,1,0,0,0,0,0,0,0,0,0,0