ST_CASE,VEH_NO,PER_NO,P1,P2,P3,P4,P5,P6,P7,P8,P9,P10
220675,0,1,0,0,0,0,0,0,0,0,0,0
220675,1,1,0,0,0,0,0,0,0,0,0,23
220676,1,1,18,0,21,18,40,0,14,14,0,0
220677,0,1,0,19,0,44,14,25,0,25,0,0
220677,1,1,0,0,0,0,0,0,0,0,0,0
220678,1,1,0,16,0,0,0,0,0,0,0,0
220678,2,1,0,0,0,0,0,0,0,0,0,0
220679,1,1,0,0,0,0,0,0,0,5,0,0
220679,2,1,0,0,0,0,0,0,0,0,18,0
220679,3,1,12,0,13,0,15,0,0,0,20,0
220680,1,1,3,3,3,3,3,3,3,3,3,3
220680,2,1,0,0,0,0,0,0,0,0,0,0
220681,0,1,28,28,28,28,28,28,28,28,28,28
220681,1,1,0,0,0,0,0,0,0,0,0,0
220682,1,1,0,0,0,0,0,0,0,0,0,0
220683,1,1,0,0,0,0,0,0,0,0,0,0
220683,2,1,0,0,0,0,0,0,0,0,0,0
220683,3,1,0,0,0,0,18,9,0,0,0,0
220684,1,1,0,0,0,18,0,0,0,0,0,16
220685,0,1,24,24,24,24,24,24,24,24,24,24
220685,1,1,0,0,13,0,0,0,0,0,0,0
220686,1,1,0,0,0,0,0,9,15,2,0,0
220687,1,1,0,0,0,0,0,0,0,0,13,0
220687,2,1,0,0,0,0,0,0,0,0,0,0
220688,1,1,12,0,0,0,0,0,0,10,0,0
220688,2,1,0,0,0,0,0,0,0,0,0,0
220689,1,1,0,0,0,0,0,0,0,0,0,0
220689,2,1,0,0,0,0,0,0,0,0,0,0
220690,1,1,0,0,0,0,0,0,0,0,0,0
220691,1,1,3,0,8,0,10,0,8,0,0,0
220692,1,1,0,0,0,0,0,0,0,0,0,11
220692,2,1,0,12,0,0,16,0,0,0,0,0
220692,3,1,0,0,0,0,0,0,0,0,0,0
220693,1,1,0,10,0,37,0,10,0,22,28,0
220694,0,1,11,0,16,0,23,26,10,30,20,31
220694,1,1,0,0,0,0,0,0,0,0,0,0
220695,1,1,0,0,0,0,0,0,0,0,0,0
220695,2,1,0,0,0,0,0,0,0,0,0,0
220696,0,1,28,28,35,23,0,0,19,17,0,0
220696,1,1,0,0,0,0,0,0,0,0,0,11
220697,1,1,0,0,0,0,0,0,0,0,0,0
220697,2,1,0,0,0,0,0,0,0,16,0,0
220698,1,1,0,0,0,0,0,0,0,0,0,0
220699,1,1,0,0,0,0,0,0,0,0,0,0
220700,1,1,0,0,0,0,0,0,0,0,0,0
220700,2,1,0,0,0,0,0,0,0,0,0,0
220701,1,1,0,17,20,0,0,0,18,0,0,0
220703,1,1,16,16,16,16,16,16,16,16,16,16
220703,2,1,0,0,0,0,0,0,0,0,0,0
220703,3,1,0,0,0,0,0,0,0,0,0,0
220704,1,1,18,0,10,24,25,2,23,0,18,0
220705,1,1,0,0,0,0,0,0,0,0,0,0
220705,2,1,0,0,0,0,0,0,0,0,0,0
220706,1,1,0,17,9,0,27,0,0,0,12,0
220707,1,1,6,0,0,0,0,0,0,0,0,0
220708,0,1,12,0,28,0,15,0,18,12,0,0
220708,1,1,0,0,9,0,0,0,0,0,0,11
220709,1,1,0,0,0,0,0,0,0,0,0,0
220709,2,1,0,0,0,0,0,0,0,0,0,0
220710,0,1,12,12,12,12,12,12,12,12,12,12
220710,1,1,0,0,0,0,0,0,0,0,0,0
220711,1,1,0,0,0,0,0,0,0,0,0,0
220711,2,1,0,0,0,0,0,0,0,0,0,0
220712,0,1,0,0,0,0,0,0,0,0,0,0
220712,1,1,0,13,0,0,0,0,0,0,0,0
220713,1,1,26,26,26,26,26,26,26,26,26,26
220714,1,1,0,0,20,0,0,28,0,0,0,0
220715,1,1,0,0,0,0,0,0,0,0,0,0
220715,2,1,0,0,0,0,0,0,0,0,0,0
220716,1,1,0,0,0,0,0,0,0,0,0,0
220717,1,1,0,0,0,0,0,0,0,0,0,0
220718,0,1,0,0,0,0,13,0,0,0,0,0
220718,1,1,0,0,0,0,0,17,0,0,0,0
220719,1,1,0,0,0,0,0,0,0,0,0,0
220719,2,1,0,0,0,0,0,0,0,0,0,0
220720,1,1,0,0,0,0,0,0,0,0,0,0
220720,2,1,0,0,0,0,0,0,0,0,0,0
220720,3,1,0,0,0,0,0,0,0,0,0,0
220720,4,1,0,0,0,0,0,0,0,0,0,0
220721,1,1,0,0,0,0,0,6,9,0,0,0
220722,1,1,0,0,0,0,0,0,0,0,0,0
220723,1,1,13,21,0,10,11,29,0,24,0,10
220724,1,1,0,0,0,0,0,0,0,5,0,0
220725,1,1,0,0,0,0,0,0,0,0,0,0
220726,1,1,4,14,0,0,0,0,0,7,0,27
220727,0,1,7,23,0,8,0,10,41,0,0,0
220727,1,1,0,0,0,0,0,0,6,11,0,0
230001,1,1,15,15,15,15,15,15,15,15,15,15
230002,1,1,20,20,20,20,20,20,20,20,20,20
230003,1,1,0,0,0,0,0,0,0,0,0,0
230003,2,1,0,0,0,0,0,0,0,0,0,0
230004,1,1,0,0,0,0,0,0,0,0,0,0
230004,2,1,0,0,0,0,0,0,0,0,0,0
230005,0,1,17,17,17,17,17,17,17,17,17,17
230005,1,1,17,17,17,17,17,17,17,17,17,17
230006,1,1,22,22,22,22,22,22,22,22,22,22
230007,0,1,0,0,0,0,0,0,0,0,0,0
230007,1,1,5,5,5,5,5,5,5,5,5,5
230008,0,1,1,1,1,1,1,1,1,1,1,1
230008,1,1,0,0,0,0,0,0,0,0,0,0
230009,1,1,0,0,0,0,0,0,0,0,0,0
230009,2,1,0,0,0,0,0,0,0,0,0,0
230010,0,1,0,0,0,0,15,0,15,0,0,0
230010,1,1,0,0,0,0,0,0,0,0,0,0
230011,1,1,0,0,14,0,0,0,0,0,0,0
230011,2,1,0,0,0,0,0,49,0,0,0,0
230012,1,1,4,4,4,4,4,4,4,4,4,4
230013,1,1,0,0,0,0,0,0,0,0,0,0
230014,1,1,0,0,0,0,0,0,0,0,0,0
230014,2,1,0,0,0,0,0,0,0,0,0,0
230015,1,1,0,0,0,0,0,0,0,0,0,0
230015,2,1,0,0,0,0,0,0,0,0,0,0
230016,1,1,22,22,22,22,22,22,22,22,22,22
230016,2,1,0,0,0,0,0,0,0,0,0,0
230017,1,1,0,0,0,0,0,0,0,0,0,0
230018,1,1,0,0,0,0,0,0,0,0,0,0
230018,2,1,0,0,0,0,0,0,0,0,0,0
230019,1,1,24,24,24,24,24,24,24,24,24,24
230020,1,1,14,14,14,14,14,14,14,14,14,14
230022,1,1,0,0,0,0,0,0,0,0,0,0
230022,2,1,0,0,0,0,0,0,0,0,0,0
230023,1,1,24,24,24,24,24,24,24,24,24,24
230024,1,1,0,0,0,0,0,0,0,0,0,0
230024,2,1,0,0,0,0,0,0,0,0,0,0
230025,1,1,14,14,14,14,14,14,14,14,14,14
230025,2,1,0,0,0,0,0,0,0,0,0,0
230026,1,1,0,0,0,0,0,0,0,0,0,0
230027,1,1,30,30,30,30,30,30,30,30,30,30
230028,1,1,13,13,13,13,13,13,13,13,13,13
230029,1,1,0,0,0,0,0,0,0,0,0,0
230030,1,1,26,26,26,26,26,26,26,26,26,26
230031,1,1,20,20,20,20,20,20,20,20,20,20
230032,1,1,0,0,0,0,0,0,0,0,0,0
230033,1,1,0,0,0,0,0,0,0,0,0,0
230034,1,1,0,0,0,0,0,0,0,0,0,0
230035,1,1,12,12,12,12,12,12,12,12,12,12
230036,0,1,20,29,17,11,29,14,0,0,15,0
230036,1,1,0,0,0,0,0,0,0,0,0,0
230037,1,1,0,0,0,0,0,0,0,0,0,0
230038,1,1,13,13,13,13,13,13,13,13,13,13
230039,1,1,0,0,0,0,0,0,0,0,0,0
230039,2,1,0,0,0,0,0,0,0,0,0,0
230040,1,1,1,1,1,1,1,1,1,1,1,1
230041,1,1,0,0,0,0,0,0,0,0,0,0
230041,2,1,0,0,0,0,0,0,0,0,0,0
230042,1,1,0,0,0,0,0,0,0,0,0,0
230043,1,1,0,0,0,0,0,0,0,0,0,0
230043,2,1,0,0,0,0,0,0,0,0,0,0
230044,1,1,4,4,4,4,4,4,4,4,4,4
230045,1,1,23,23,23,23,23,23,23,23,23,23
230046,1,1,21,21,21,21,21,21,21,21,21,21
230047,1,1,0,0,0,0,0,0,0,0,0,0
230047,2,1,0,0,0,0,0,0,0,0,0,0
230048,1,1,0,0,0,0,0,0,0,0,0,0
230048,2,1,0,0,0,0,0,0,0,0,0,0
230049,1,1,0,0,0,0,0,0,0,0,0,0
230050,1,1,6,6,6,6,6,6,6,6,6,6
230051,1,1,14,14,14,14,14,14,14,14,14,14
230052,1,1,0,0,0,0,0,0,0,0,0,0
230053,0,1,18,25,0,30,22,29,30,22,22,21
230053,1,1,0,0,0,0,0,0,0,0,0,0
230054,1,1,8,8,8,8,8,8,8,8,8,8
230055,1,1,31,31,31,31,31,31,31,31,31,31
230056,1,1,19,19,19,19,19,19,19,19,19,19
230057,1,1,0,0,0,0,0,0,0,0,0,0
230057,2,1,0,0,0,0,0,0,0,0,0,0
230058,1,1,13,13,13,13,13,13,13,13,13,13
230059,1,1,17,17,17,17,17,17,17,17,17,17
230060,1,1,10,10,10,10,10,10,10,10,10,10
230061,1,1,0,0,0,0,0,0,0,0,0,0
230061,2,1,0,0,0,0,0,0,0,0,0,0
230062,1,1,1,1,1,1,1,1,1,1,1,1
230063,1,1,12,12,12,12,12,12,12,12,12,12
230064,1,1,11,11,11,11,11,11,11,11,11,11
230064,2,1,8,8,8,8,8,8,8,8,8,8
230065,1,1,0,0,0,0,0,0,0,0,0,0
230066,1,1,12,12,12,12,12,12,12,12,12,12
230066,2,1,0,0,0,0,0,0,0,0,0,0
230067,1,1,14,14,14,14,14,14,14,14,14,14
230068,1,1,0,0,0,7,12,0,0,0,0,0
230069,1,1,0,14,0,21,0,14,29,0,0,0
230070,0,1,12,0,0,25,18,0,0,11,25,42
230070,1,1,11,11,11,11,11,11,11,11,11,11
230071,0,1,0,0,0,0,0,0,0,0,0,0
230071,1,1,0,0,0,0,0,0,0,0,0,0
230072,1,1,0,0,0,0,0,0,0,0,0,0
230073,1,1,22,22,22,22,22,22,22,22,22,22
230074,1,1,3,0,0,11,3,0,0,0,9,18
230075,1,1,0,0,0,0,0,0,0,0,0,0
230076,1,1,14,14,14,14,14,14,14,14,14,14
230077,1,1,0,0,0,0,0,0,0,0,0,0
230078,1,1,0,0,0,0,0,0,0,0,0,0
230078,2,1,0,15,16,20,0,0,0,0,0,0
230079,1,1,20,20,20,20,20,20,20,20,20,20
230080,1,1,0,0,0,0,0,0,0,0,0,0
230081,1,1,13,13,13,13,13,13,13,13,13,13
230082,1,1,3,0,0,0,0,0,0,0,9,0
230082,2,1,0,0,0,0,0,0,0,0,32,0
230082,3,1,0,0,0,0,0,0,0,0,0,0
230082,4,1,0,0,22,0,0,21,0,0,13,0
230083,1,1,0,0,0,0,0,0,0,0,0,0
230084,1,1,0,0,0,0,0,0,0,0,0,0
230084,2,1,0,0,0,0,0,0,0,0,0,0
230085,1,1,6,6,6,6,6,6,6,6,6,6
230086,1,1,13,13,13,13,13,13,13,13,13,13
230087,1,1,0,0,0,0,0,0,22,0,3,0
230088,1,1,0,0,0,0,0,0,0,0,0,0
230088,2,1,0,0,0,0,0,0,0,0,0,0
230089,1,1,0,0,0,0,0,0,0,0,0,0
230090,1,1,0,0,0,0,0,0,0,0,0,0
230090,2,1,0,0,0,0,0,0,0,0,0,0
230091,0,1,0,0,0,0,0,0,0,0,0,0
230091,1,1,0,0,0,0,0,0,0,0,0,0
230092,1,1,17,17,17,17,17,17,17,17,17,17
230093,0,1,0,0,0,0,0,0,0,0,0,0
230093,2,1,11,0,0,13,0,18,0,19,0,0
230095,1,1,0,0,0,0,0,0,0,0,0,0
230095,2,1,0,0,0,0,0,0,0,0,0,0
230096,1,1,0,0,0,0,0,0,0,0,0,0
230096,2,1,0,0,0,0,0,0,0,0,0,0
230097,1,1,13,13,13,13,13,13,13,13,13,13
230098,1,1,0,0,0,0,0,0,0,0,0,0
230099,0,1,0,0,0,0,0,0,0,0,0,0
230099,1,1,0,0,0,0,0,0,0,0,0,0
230100,1,1,17,17,17,17,17,17,17,17,17,17
230101,1,1,2,2,2,2,2,2,2,2,2,2
230102,1,1,0,0,0,0,0,0,0,0,0,0
230102,2,1,0,0,0,0,0,0,0,0,0,0
230102,3,1,0,0,0,0,0,0,0,0,0,0
230103,1,1,0,0,0,0,0,0,0,0,0,0
230104,1,1,0,0,0,0,0,0,0,0,0,0
230105,1,1,0,0,0,0,0,0,0,0,0,0
230105,2,1,0,0,0,0,0,0,0,0,0,0
230106,1,1,0,28,0,0,0,0,0,0,0,0
230106,2,1,0,0,0,0,0,0,0,0,0,0
230108,1,1,0,0,0,0,0,0,0,0,0,0
230108,2,1,0,0,0,0,0,0,0,0,0,0
230109,1,1,0,11,0,0,0,0,0,0,0,13
230110,0,1,13,26,0,0,23,13,0,43,0,0
230110,1,1,0,0,0,0,0,0,0,0,0,0
230111,1,1,0,0,0,0,0,0,0,0,0,0
230111,2,1,0,0,0,0,0,0,0,0,0,0
230112,1,1,25,25,25,25,25,25,25,25,25,25
230113,1,1,0,0,0,0,0,0,0,0,0,0
230113,2,1,0,0,0,0,0,22,0,0,0,0
230114,1,1,20,0,0,0,0,0,0,17,0,0
230114,2,1,0,7,0,0,0,0,0,0,0,0
230114,3,1,0,0,0,0,0,0,0,0,0,23
230115,0,1,6,0,0,0,0,0,20,18,0,28
230115,1,1,0,0,0,0,0,0,0,0,0,0
230116,1,1,0,0,0,0,0,0,0,0,0,0
230117,1,1,0,0,0,0,0,0,0,0,0,0
230118,0,1,0,0,0,0,0,0,0,0,0,0
230118,2,1,0,0,0,0,0,0,0,0,0,0
230119,1,1,0,0,0,0,0,0,0,0,0,0
230119,2,1,2,2,2,2,2,2,2,2,2,2
230120,1,1,1,1,1,1,1,1,1,1,1,1
230121,1,1,0,0,0,0,0,0,0,0,0,0
230122,1,1,30,30,30,30,30,30,30,30,30,30
230123,1,1,0,0,0,0,0,0,0,0,0,0
230124,1,1,2,2,2,2,2,2,2,2,2,2
230125,0,1,17,17,17,17,17,17,17,17,17,17
230125,1,1,0,0,0,0,0,0,0,0,0,0
230126,1,1,10,10,10,10,10,10,10,10,10,10
230126,2,1,0,0,0,0,0,0,0,0,0,0
230127,1,1,0,0,0,0,0,0,0,0,0,0
230127,2,1,14,0,0,0,0,0,0,0,0,0
230128,1,1,21,21,21,21,21,21,21,21,21,21
230129,0,1,2,2,2,2,2,2,2,2,2,2
230129,1,1,19,0,0,0,0,0,0,0,0,0
230130,1,1,14,14,14,14,14,14,14,14,14,14
230131,1,1,16,16,16,16,16,16,16,16,16,16
230132,1,1,0,20,0,16,0,0,0,0,0,0
230132,2,1,0,0,0,0,0,0,0,0,0,0
230133,0,1,19,0,51,0,0,0,16,0,0,0
230133,1,1,0,0,0,0,0,0,0,0,0,0
230134,1,1,0,0,0,0,0,0,0,0,0,0
230134,2,1,2,2,2,2,2,2,2,2,2,2
230135,1,1,0,0,0,0,0,0,0,0,0,0
230136,1,1,14,14,14,14,14,14,14,14,14,14
230136,2,1,0,0,0,0,0,0,0,0,0,0
230137,1,1,21,20,0,0,0,0,19,0,36,0
230138,1,1,0,0,0,0,0,0,0,0,0,0
230138,2,1,0,22,0,0,0,0,20,0,0,0
230139,1,1,0,0,0,0,0,0,0,0,0,0
230139,2,1,0,0,0,0,0,0,0,0,0,0
230140,1,1,0,0,0,0,0,0,0,0,0,0
230141,1,1,6,6,6,6,6,6,6,6,6,6
230143,1,1,0,0,0,0,0,0,0,0,0,0
230144,0,1,0,0,0,0,0,0,0,0,0,0
230144,1,1,0,0,0,0,0,0,0,0,0,0
230145,1,1,0,0,0,0,0,0,0,0,0,0
230146,1,1,30,30,30,30,30,30,30,30,30,30
230147,0,1,0,0,0,0,0,0,0,0,0,0
230147,1,1,0,0,0,0,0,0,0,0,0,0
230148,1,1,0,0,0,0,0,0,0,0,0,0
240001,1,1,16,16,16,16,16,16,16,16,16,16
240002,1,1,16,16,16,16,16,16,16,16,16,16
240003,0,1,0,0,0,0,0,0,0,0,0,0
240003,1,1,0,0,0,0,0,0,0,14,0,0
240004,0,1,30,30,30,30,30,30,30,30,30,30
240004,2,1,0,0,0,0,0,0,0,0,0,0
240005,1,1,0,0,0,0,0,0,0,0,0,0
240005,2,1,0,0,0,0,0,0,0,0,0,0
240006,1,1,12,12,12,12,12,12,12,12,12,12
240007,1,1,0,0,0,0,0,0,0,0,0,0
240008,1,1,20,20,20,20,20,20,20,20,20,20
240009,1,1,0,0,0,0,0,0,0,0,0,0
240010,1,1,0,0,0,0,0,19,0,0,0,0
240010,2,1,0,0,0,0,0,0,0,0,0,0
240011,1,1,0,0,0,0,0,0,0,0,0,0
240011,2,1,0,0,0,0,0,0,0,0,0,0
240012,1,1,0,0,0,0,0,0,0,0,0,0
240013,1,1,0,0,0,0,0,0,0,0,0,0
240013,2,1,0,0,0,0,0,0,0,8,0,16
240014,1,1,0,0,0,0,0,0,0,0,0,0
240015,1,1,0,0,0,0,0,0,0,0,0,0
240015,2,1,0,0,0,0,0,0,0,0,0,0
240016,1,1,0,0,0,0,0,0,0,0,0,0
240017,0,1,0,0,0,0,0,0,0,0,0,0
240017,1,1,5,0,0,0,0,0,0,0,5,0
240018,1,1,6,6,6,6,6,6,6,6,6,6
240019,0,1,0,0,0,0,0,0,0,0,0,0
240019,1,1,0,0,11,0,34,0,5,32,17,0
240020,0,1,0,0,0,0,0,0,0,0,0,0
240020,1,1,0,0,0,0,0,0,0,0,0,0
240021,0,1,0,0,0,0,0,0,0,0,0,0
240021,1,1,0,0,0,0,0,0,0,11,0,14
240021,2,1,0,0,6,0,0,0,0,6,0,0
240021,3,1,0,4,5,0,0,0,0,0,0,8
240022,0,1,0,29,0,0,0,0,0,0,0,0
240022,1,1,0,0,0,0,0,0,0,0,20,0
240023,1,1,8,8,8,8,8,8,8,8,8,8
240024,1,1,12,12,12,12,12,12,12,12,12,12
240025,1,1,8,8,8,8,8,8,8,8,8,8
240025,2,1,0,0,0,0,0,0,0,0,0,0
240026,1,1,0,0,0,0,23,0,0,13,0,0
240027,1,1,0,0,0,0,0,0,0,0,0,0
240028,0,1,0,0,0,0,0,0,0,0,0,0
240028,1,1,0,0,0,0,21,0,0,0,0,0
240029,1,1,0,0,0,0,0,0,0,0,0,0
240029,2,1,0,0,0,0,0,0,0,0,0,0
240029,3,1,0,18,0,0,0,0,0,0,0,0
240030,1,1,0,0,0,0,0,0,0,0,0,0
240030,2,1,0,0,0,0,0,0,0,0,0,0
240031,0,1,20,20,20,20,20,20,20,20,20,20
240031,1,1,0,0,8,0,8,0,0,0,0,0
240032,1,1,5,5,5,5,5,5,5,5,5,5
240032,2,1,0,0,0,0,0,24,0,0,0,0
240032,3,1,0,0,0,0,0,0,0,0,0,0
240033,1,1,0,0,0,0,0,0,0,0,0,0
240034,1,1,0,0,0,0,0,0,0,0,0,0
240035,1,1,0,0,0,0,0,0,0,0,0,0
240035,2,1,0,0,0,0,0,0,0,0,0,0
240036,0,1,3,0,27,0,0,19,0,0,0,0
240036,1,1,17,17,17,17,17,17,17,17,17,17
240037,1,1,17,17,17,17,17,17,17,17,17,17
240037,2,1,0,0,0,0,0,0,0,0,0,0
240038,1,1,0,0,0,0,0,0,0,0,0,0
240038,2,1,0,0,0,0,0,0,0,0,0,0
240039,1,1,37,37,37,37,37,37,37,37,37,37
240040,0,1,2,2,2,2,2,2,2,2,2,2
240040,1,1,0,0,0,0,0,0,0,20,0,0
240041,0,1,0,0,0,0,0,0,0,0,0,0
240041,1,1,0,0,0,0,7,2,0,0,3,14
240042,1,1,0,0,0,0,0,0,0,0,0,0
240042,2,1,0,0,0,0,0,0,0,0,0,0
240043,1,1,21,21,21,21,21,21,21,21,21,21
240044,1,1,18,18,18,18,18,18,18,18,18,18
240044,2,1,0,0,0,0,0,0,0,0,0,0
240045,1,1,18,18,18,18,18,18,18,18,18,18
240046,1,1,0,0,0,0,0,0,0,0,0,0
240046,2,1,12,0,0,0,0,0,0,0,0,0
240046,3,1,0,0,0,0,0,0,0,0,0,0
240047,1,1,0,0,0,0,0,0,0,0,0,0
240047,2,1,0,0,0,0,0,0,19,0,0,0
240048,1,1,16,16,16,16,16,16,16,16,16,16
240049,1,1,0,0,0,0,0,0,0,0,0,0
240049,2,1,0,0,0,0,0,0,0,0,0,0
240050,0,1,40,40,40,40,40,40,40,40,40,40
240050,1,1,10,10,10,10,10,10,10,10,10,10
240051,1,1,0,0,0,0,0,0,0,0,0,0
240051,2,1,0,0,0,0,0,0,0,0,0,0
240051,3,1,0,0,0,0,0,0,0,0,0,0
240051,4,1,0,0,23,0,0,0,0,0,0,0
240052,1,1,19,19,19,19,19,19,19,19,19,19
240052,2,1,0,0,0,0,16,0,0,0,0,0
240053,1,1,0,0,0,0,0,11,0,3,0,0
240053,2,1,0,0,0,0,0,0,0,0,0,0
240054,1,1,20,20,20,20,20,20,20,20,20,20
240054,2,1,0,0,0,0,0,0,26,0,0,0
240055,1,1,16,16,16,16,16,16,16,16,16,16
240056,1,1,20,20,20,20,20,20,20,20,20,20
240056,2,1,0,0,0,0,0,0,0,0,0,0
240057,0,1,25,25,25,25,25,25,25,25,25,25
240057,1,1,0,0,0,0,0,0,0,86,0,0
240058,1,1,0,0,0,0,0,0,0,0,0,0
240059,0,1,4,4,4,4,4,4,4,4,4,4
240059,1,1,0,0,0,0,0,0,13,0,0,0
240060,0,1,0,0,0,0,0,0,0,0,0,0
240060,1,1,0,0,0,0,0,0,0,0,0,0
240061,1,1,7,7,7,7,7,7,7,7,7,7
240062,1,1,0,0,0,0,0,11,0,0,0,0
240062,2,1,0,0,0,0,0,0,0,0,0,0
240063,1,1,0,0,0,0,0,0,0,0,0,0
240063,2,1,0,0,0,0,0,0,0,0,0,0
240063,3,1,0,0,0,0,0,0,0,0,0,0
240064,1,1,4,4,4,4,4,4,4,4,4,4
240065,1,1,0,0,0,0,0,0,0,0,0,0
240065,2,1,0,0,0,0,0,0,0,0,0,0
240066,0,1,0,0,0,0,0,0,0,0,0,0
240066,1,1,0,0,0,0,0,0,0,0,0,0
240067,0,1,0,0,0,0,0,0,0,0,0,0
240067,1,1,0,0,0,14,0,0,0,0,0,0
240068,0,1,27,27,27,27,27,27,27,27,27,27
240068,1,1,0,0,0,0,0,0,0,0,0,0
240069,1,1,0,0,0,0,0,0,0,0,0,0
240069,2,1,0,0,0,0,0,0,0,0,0,0
240069,3,1,0,0,0,0,0,0,0,0,0,0
240070,1,1,16,16,16,16,16,16,16,16,16,16
240071,1,1,13,13,13,13,13,13,13,13,13,13
240072,1,1,31,31,31,31,31,31,31,31,31,31
240073,1,1,0,0,0,0,0,0,0,0,0,0
240073,2,1,0,0,0,0,0,0,0,0,0,0
240074,1,1,0,0,0,0,0,0,0,0,0,0
240074,2,1,0,0,0,0,0,0,0,0,0,0
240075,1,1,0,0,0,0,0,0,0,0,0,0
240075,2,1,0,30,0,0,0,0,0,0,0,0
240076,0,1,0,0,0,0,0,0,0,0,0,0
240076,1,1,9,0,0,0,0,0,0,0,0,24
240077,1,1,0,0,0,0,0,0,0,0,0,0
240078,1,1,8,8,8,8,8,8,8,8,8,8
240078,2,1,0,0,0,0,0,0,0,0,0,0
240078,3,1,0,0,0,0,0,0,0,0,0,0
240079,1,1,20,20,20,20,20,20,20,20,20,20
240079,2,1,0,0,0,0,0,0,0,0,0,0
240080,1,1,20,20,20,20,20,20,20,20,20,20
240081,1,1,0,0,0,0,0,0,0,0,0,0
240081,2,1,0,0,0,0,0,0,0,0,0,0
240082,1,1,22,22,22,22,22,22,22,22,22,22
240082,2,1,0,0,0,0,0,6,23,0,4,0
240083,1,1,15,15,15,15,15,15,15,15,15,15
240084,1,1,11,11,11,11,11,11,11,11,11,11
240085,1,1,0,0,0,0,0,0,0,0,0,0
240086,1,1,0,0,0,0,0,0,0,0,0,0
240087,1,1,0,0,0,0,0,0,0,0,0,0
240088,1,1,0,0,0,0,0,0,0,0,0,0
240089,1,1,0,0,0,0,0,0,0,0,0,0
240090,0,1,0,0,0,0,0,0,0,0,0,0
240090,0,2,0,0,0,0,0,0,0,0,0,0
240090,1,1,0,0,0,0,0,0,0,0,0,0
240091,1,1,0,0,0,0,0,0,0,0,0,0
240092,1,1,0,0,0,0,0,0,0,0,0,0
240093,1,1,3,3,3,3,3,3,3,3,3,3
240093,2,1,6,0,0,0,0,0,0,0,0,0
240094,0,1,0,0,0,0,0,0,0,0,0,0
240094,1,1,0,0,0,0,0,0,0,0,0,0
240095,0,1,24,24,24,24,24,24,24,24,24,24
240095,1,1,0,0,0,0,0,0,0,0,0,0
240096,1,1,0,0,0,0,0,0,0,0,0,0
240096,2,1,0,0,0,0,0,0,0,0,0,0
240097,1,1,0,0,0,0,0,0,0,0,0,0
240098,0,1,0,0,0,0,0,0,0,0,0,0
240098,1,1,0,0,0,0,0,0,0,0,0,0
240099,1,1,0,0,0,0,0,0,0,0,0,0
240099,2,1,0,0,0,0,0,0,0,0,0,0
240099,3,1,0,0,0,0,0,0,0,0,0,0
240100,1,1,0,0,0,0,0,30,0,0,0,0
240100,2,1,0,0,0,0,13,15,0,0,0,0
240100,3,1,27,0,0,0,0,0,0,0,0,0
240100,4,1,0,0,13,16,0,0,0,0,0,4
240101,1,1,0,0,0,0,0,0,0,0,0,0
240102,1,1,0,0,0,0,0,0,0,0,0,0
240102,2,1,0,0,0,0,0,0,0,0,0,9
240103,1,1,17,17,17,17,17,17,17,17,17,17
240104,1,1,11,11,11,11,11,11,11,11,11,11
240105,1,1,18,18,18,18,18,18,18,18,18,18
240106,1,1,17,17,17,17,17,17,17,17,17,17
240107,0,1,0,0,0,0,0,0,0,0,0,0
240107,1,1,0,0,0,0,0,0,0,0,0,0
240108,1,1,31,31,31,31,31,31,31,31,31,31
240108,2,1,0,0,0,0,0,0,0,0,0,0
240108,3,1,0,0,0,0,0,0,0,0,0,0
240109,1,1,0,0,0,0,0,0,0,0,0,0
240109,2,1,0,0,0,0,0,25,0,27,0,0
240110,1,1,0,0,0,0,0,0,0,0,0,0
240110,2,1,0,0,0,0,0,0,0,0,0,0
240111,1,1,0,0,0,0,0,0,0,0,0,0
240111,2,1,0,0,0,0,0,0,0,0,0,0
240112,1,1,0,0,0,0,0,0,0,0,0,0
240112,2,1,0,0,0,0,0,16,0,0,0,0
240113,1,1,0,0,30,0,0,0,0,0,0,0
240113,2,1,0,0,0,0,0,0,0,0,0,0
240114,1,1,4,4,4,4,4,4,4,4,4,4
240115,1,1,0,0,0,0,0,0,0,0,0,0
240116,1,1,2,2,2,2,2,2,2,2,2,2
240116,2,1,0,0,0,0,0,0,0,0,0,0
240117,1,1,0,0,0,0,0,0,0,0,0,0
240117,2,1,0,0,0,0,0,0,0,0,0,0
240118,0,1,0,0,0,0,0,0,0,0,0,0
240118,1,1,0,0,0,0,0,0,0,0,0,0
240120,1,1,14,14,14,14,14,14,14,14,14,14
240120,2,1,0,0,0,0,0,0,0,0,0,0
240121,0,1,15,15,15,15,15,15,15,15,15,15
240121,1,1,0,0,0,0,0,0,0,0,0,0