ST_CASE,VEH_NO,PER_NO,P1,P2,P3,P4,P5,P6,P7,P8,P9,P10
240122,0,1,0,0,39,0,0,0,25,0,0,0
240122,1,1,0,0,0,0,0,0,0,0,0,0
240123,1,1,0,0,0,0,0,0,0,0,0,0
240123,2,1,0,0,0,0,0,0,0,0,0,0
240124,1,1,15,0,0,0,0,0,0,18,0,0
240125,1,1,0,0,0,0,0,0,0,0,0,0
240125,2,1,0,0,0,0,0,0,0,0,0,0
240126,1,1,0,4,0,0,0,0,0,0,0,0
240126,2,1,0,0,0,0,0,0,0,0,0,0
240127,1,1,32,32,32,32,32,32,32,32,32,32
240128,1,1,0,0,0,0,0,10,0,0,0,0
240129,1,1,0,0,0,0,0,0,0,0,0,0
240129,2,1,0,0,0,0,0,0,0,0,0,10
240129,3,1,0,0,0,0,0,0,0,0,0,0
240129,4,1,0,0,0,0,0,0,3,0,0,0
240129,5,1,0,0,0,0,0,0,0,0,0,0
240130,1,1,24,24,24,24,24,24,24,24,24,24
240131,1,1,6,6,6,6,6,6,6,6,6,6
240132,1,1,14,14,14,14,14,14,14,14,14,14
240133,1,1,0,0,0,0,0,0,0,0,0,0
240134,1,1,0,0,0,0,0,0,0,0,0,0
240134,2,1,0,0,0,0,0,0,0,0,0,0
240135,1,1,9,9,9,9,9,9,9,9,9,9
240135,2,1,0,0,0,0,0,0,0,0,0,0
240136,0,1,8,8,8,8,8,8,8,8,8,8
240136,1,1,11,0,0,0,0,0,0,0,0,0
240137,1,1,20,20,20,20,20,20,20,20,20,20
240138,1,1,34,0,0,28,0,10,0,0,24,0
240139,1,1,0,0,0,0,0,0,0,0,0,0
240139,2,1,0,0,0,0,0,0,0,0,0,0
240140,1,1,0,0,0,0,0,0,0,0,0,0
240141,1,1,13,13,13,13,13,13,13,13,13,13
240142,1,1,0,0,0,0,0,0,0,0,0,0
240143,1,1,15,15,15,15,15,15,15,15,15,15
240144,1,1,34,34,34,34,34,34,34,34,34,34
240145,1,1,14,14,14,14,14,14,14,14,14,14
240146,1,1,0,0,0,0,0,0,0,0,0,0
240147,1,1,32,0,29,0,29,0,0,0,18,0
240148,1,1,0,0,0,0,0,0,0,11,0,0
240148,2,1,0,0,0,0,0,0,0,0,0,0
240149,1,1,11,11,11,11,11,11,11,11,11,11
240150,1,1,16,16,16,16,16,16,16,16,16,16
240151,1,1,0,0,0,0,0,0,0,0,0,0
240151,2,1,0,0,0,0,0,0,0,0,25,0
240152,1,1,14,14,14,14,14,14,14,14,14,14
240153,1,1,0,0,0,0,0,0,0,0,0,0
240154,0,1,0,0,0,0,0,0,0,0,0,0
240154,1,1,0,0,0,0,0,0,0,0,0,0
240155,1,1,0,0,0,0,0,0,0,0,0,0
240155,2,1,0,0,0,0,0,0,0,0,0,0
240156,0,1,0,0,0,0,0,0,0,0,0,0
240156,1,1,0,0,0,0,0,0,0,0,0,0
240157,1,1,8,8,8,8,8,8,8,8,8,8
240157,2,1,4,4,4,4,4,4,4,4,4,4
240158,1,1,0,0,0,5,0,0,0,0,0,0
240158,2,1,0,0,6,0,4,16,9,0,11,20
240159,1,1,48,48,48,48,48,48,48,48,48,48
240160,1,1,8,8,8,8,8,8,8,8,8,8
240161,1,1,0,0,0,0,0,0,0,0,0,0
240161,2,1,0,0,0,0,0,0,0,0,0,0
240162,0,1,0,0,0,0,0,0,0,0,0,0
240162,1,1,0,0,0,13,8,0,0,0,0,0
240162,2,1,0,0,0,0,0,0,0,0,0,0
240163,1,1,0,0,0,0,0,0,0,0,0,0
240164,1,1,0,0,0,0,0,0,0,0,0,0
240164,2,1,0,0,0,0,0,0,0,0,0,0
240164,3,1,0,0,0,0,0,0,0,0,0,0
240165,0,1,0,0,0,0,0,0,0,0,16,0
240165,0,2,0,0,0,0,0,0,0,0,0,0
240165,0,3,0,0,0,0,28,0,0,0,0,0
240165,0,4,0,0,9,0,0,0,0,0,0,0
240165,1,1,0,0,0,0,20,0,0,0,0,0
240165,2,1,0,0,0,0,0,0,0,0,2,0
240166,1,1,8,8,8,8,8,8,8,8,8,8
240166,2,1,17,17,17,17,17,17,17,17,17,17
240167,1,1,0,0,0,0,0,0,0,0,0,0
240168,1,1,13,13,13,13,13,13,13,13,13,13
240169,1,1,0,0,0,0,0,0,0,0,0,0
240170,1,1,11,11,11,11,11,11,11,11,11,11
240171,1,1,15,15,15,15,15,15,15,15,15,15
240172,0,1,0,0,0,0,0,0,0,0,0,0
240172,1,1,0,0,0,0,0,0,0,0,0,0
240173,1,1,0,0,0,0,0,0,0,0,0,0
240173,2,1,0,0,0,0,0,0,0,0,0,0
240174,0,1,0,0,0,0,0,0,12,0,0,0
240174,0,2,0,0,0,0,0,0,0,0,0,0
240174,1,1,0,0,0,0,0,24,20,0,0,26
240175,1,1,26,26,26,26,26,26,26,26,26,26
240176,1,1,0,0,0,0,0,0,0,0,0,0
240176,2,1,0,0,0,0,0,0,0,0,0,0
240177,1,1,0,0,0,0,0,0,0,0,0,16
240178,1,1,0,13,0,31,0,0,0,0,0,0
240179,1,1,0,0,0,0,0,0,0,0,0,0
240180,1,1,22,22,22,22,22,22,22,22,22,22
240181,1,1,0,0,0,0,0,0,0,0,0,0
240182,1,1,15,15,15,15,15,15,15,15,15,15
240183,1,1,0,0,0,0,0,0,0,0,0,0
240184,0,1,0,0,0,0,0,0,0,0,0,0
240184,1,1,0,0,0,0,0,0,0,0,0,0
240185,1,1,3,3,3,3,3,3,3,3,3,3
240185,2,1,0,0,0,0,0,0,10,0,0,0
240186,1,1,7,7,7,7,7,7,7,7,7,7
240187,1,1,0,0,0,0,0,0,0,0,0,0
240187,2,1,0,0,0,0,0,0,0,0,0,0
240188,1,1,0,0,0,0,0,0,0,0,0,0
240189,1,1,0,20,0,26,0,0,0,0,0,0
240189,2,1,0,14,0,0,0,0,5,0,0,0
240190,1,1,21,0,0,0,21,20,0,0,25,0
240191,0,1,15,29,16,0,0,0,0,0,0,26
240191,1,1,0,0,0,0,0,0,0,0,0,0
240192,1,1,0,0,24,0,0,0,0,0,0,0
240193,1,1,32,32,32,32,32,32,32,32,32,32
240194,1,1,0,0,0,0,0,0,0,0,0,0
240195,0,1,0,0,0,0,0,0,0,0,0,0
240195,1,1,0,0,0,0,0,0,0,0,0,0
240196,0,1,0,0,0,0,0,0,0,0,0,0
240196,1,1,14,0,7,0,17,0,21,0,15,0
240197,0,1,0,0,0,0,0,0,0,0,0,0
240197,1,1,0,0,0,0,0,0,0,22,0,0
240198,0,1,0,0,0,0,0,0,0,0,0,0
240198,1,1,0,0,0,0,0,0,0,0,0,0
240199,1,1,14,14,14,14,14,14,14,14,14,14
240200,0,1,0,0,0,0,0,0,0,0,0,0
240200,1,1,2,2,2,2,2,2,2,2,2,2
240201,0,1,30,30,30,30,30,30,30,30,30,30
240201,1,1,0,0,0,0,0,0,0,0,0,0
240202,0,1,0,0,0,0,0,0,0,0,0,0
240202,1,1,0,0,0,0,0,0,0,0,0,0
240202,4,1,0,0,0,0,0,0,0,0,0,0
240203,1,1,0,0,0,0,0,0,0,0,0,0
240203,2,1,0,0,0,0,0,0,0,0,0,0
240203,3,1,0,0,0,0,8,12,0,13,0,0
240204,1,1,3,3,3,3,3,3,3,3,3,3
240204,2,1,0,0,0,0,0,36,10,0,0,0
240205,1,1,0,0,0,0,0,0,0,0,0,0
240205,2,1,12,12,12,12,12,12,12,12,12,12
240206,1,1,17,0,12,9,14,26,0,0,0,0
240206,2,1,0,0,0,0,0,0,12,0,0,0
240207,1,1,0,0,0,0,0,0,0,0,0,0
240207,2,1,0,0,0,0,0,0,0,0,0,0
240208,1,1,0,0,0,0,0,0,0,0,0,0
240208,2,1,4,4,4,4,4,4,4,4,4,4
240209,0,1,0,0,0,0,0,0,0,0,0,0
240209,1,1,0,0,0,0,0,0,0,0,0,0
240210,1,1,20,0,0,0,0,19,0,0,0,0
240210,2,1,9,0,0,0,0,0,0,0,0,0
240210,3,1,0,0,0,0,0,0,0,0,0,0
240210,4,1,0,0,0,0,0,0,0,0,0,0
240211,1,1,26,26,26,26,26,26,26,26,26,26
240211,2,1,0,0,0,0,0,0,0,0,0,0
240212,1,1,18,18,18,18,18,18,18,18,18,18
240213,1,1,0,0,0,0,0,0,0,0,0,0
240213,2,1,0,0,0,0,0,0,0,0,0,0
240214,1,1,28,28,28,28,28,28,28,28,28,28
240215,1,1,0,0,0,0,0,0,0,0,0,0
240215,2,1,0,0,0,0,0,0,0,0,0,0
240216,1,1,9,9,9,9,9,9,9,9,9,9
240217,1,1,0,0,0,0,0,0,0,0,0,12
240217,2,1,0,0,0,0,0,0,0,13,0,0
240218,1,1,17,17,17,17,17,17,17,17,17,17
240219,1,1,0,0,0,0,0,0,0,0,0,0
240219,2,1,0,0,0,0,0,0,0,0,0,0
240220,0,1,0,0,0,0,0,0,0,0,0,0
240220,1,1,0,0,30,0,8,18,0,0,0,0
240221,1,1,0,0,0,0,0,0,0,0,0,0
240221,2,1,0,0,26,0,0,8,0,36,0,0
240222,1,1,17,17,17,17,17,17,17,17,17,17
240223,1,1,10,10,10,10,10,10,10,10,10,10
240224,1,1,0,0,0,0,0,0,0,0,0,0
240225,1,1,0,0,0,0,0,0,0,0,0,0
240226,1,1,0,0,0,0,0,0,0,0,0,0
240226,2,1,0,0,0,0,0,0,0,0,0,0
240227,1,1,0,0,0,0,0,38,0,0,0,0
240227,2,1,0,0,0,0,0,0,0,0,0,0
240227,3,1,0,0,0,0,0,0,0,0,0,0
240228,1,1,0,0,0,0,0,0,0,0,0,0
240228,2,1,0,0,0,0,0,0,0,0,0,0
240229,1,1,0,0,0,0,0,0,0,0,0,0
240229,2,1,0,0,0,0,0,0,0,0,0,0
240230,1,1,0,0,0,0,8,10,0,0,22,0
240231,1,1,0,0,0,0,0,0,0,0,18,0
240231,2,1,4,4,4,4,4,4,4,4,4,4
240231,3,1,0,0,0,0,0,6,0,0,0,0
240232,1,1,0,14,0,0,0,0,6,0,0,0
240232,2,1,0,0,0,0,0,0,0,0,0,0
240232,3,1,0,0,0,0,0,0,0,9,0,0
240232,4,1,0,0,17,0,0,0,0,0,0,0
240232,5,1,0,0,0,0,0,0,0,0,0,0
240233,1,1,18,18,18,18,18,18,18,18,18,18
240234,1,1,0,0,0,0,0,0,0,0,0,0
240235,0,1,0,0,0,0,16,0,0,0,0,0
240235,1,1,0,0,0,0,13,4,0,0,0,4
240235,2,1,0,0,2,0,0,0,0,0,0,0
240236,1,1,0,0,0,0,0,0,0,0,0,0
240237,1,1,0,0,0,0,0,0,0,0,28,0
240237,2,1,0,0,0,0,0,5,0,0,0,0
240238,1,1,25,0,0,0,0,0,0,0,0,0
240238,2,1,0,0,0,0,0,0,0,0,0,0
240239,1,1,0,0,0,0,0,0,0,0,0,0
240239,2,1,0,0,0,0,0,0,0,0,0,0
240240,1,1,14,14,14,14,14,14,14,14,14,14
240240,2,1,0,0,12,0,3,18,0,0,0,0
240241,1,1,0,0,0,0,0,0,0,0,0,0
240242,1,1,25,0,0,0,0,0,0,0,0,0
240243,0,1,4,4,4,4,4,4,4,4,4,4
240243,1,1,0,0,0,0,0,0,0,0,0,0
240244,1,1,0,0,0,0,0,0,0,0,0,0
240244,2,1,0,0,0,0,0,0,0,0,0,0
240245,1,1,15,15,15,15,15,15,15,15,15,15
240245,2,1,0,0,0,0,0,0,0,0,0,0
240246,1,1,30,30,30,30,30,30,30,30,30,30
240247,1,1,27,27,27,27,27,27,27,27,27,27
240247,2,1,0,0,0,0,0,0,0,0,0,0
240247,3,1,0,0,9,0,0,0,0,0,0,0
240248,1,1,0,0,0,0,0,0,0,0,0,0
240248,2,1,0,0,0,0,0,0,0,0,0,0
240249,1,1,0,0,0,0,0,0,0,0,0,0
240250,1,1,14,14,14,14,14,14,14,14,14,14
240250,2,1,0,0,0,0,0,0,0,0,0,0
240251,1,1,0,0,6,0,8,4,9,0,16,8
240252,1,1,0,0,0,0,0,0,0,0,0,0
240252,2,1,0,0,0,0,0,0,0,0,0,0
240252,3,1,0,0,0,0,0,0,0,0,0,0
240253,1,1,0,0,0,0,0,0,0,0,0,0
240253,2,1,0,0,0,0,0,0,0,0,0,0
240254,1,1,0,0,0,0,0,8,0,0,0,0
240254,2,1,0,0,14,26,0,0,0,0,0,0
240254,3,1,0,0,0,0,0,0,0,0,0,0
240255,1,1,0,0,0,0,0,0,0,0,0,0
240255,2,1,0,18,0,0,0,0,0,0,0,0
240255,3,1,0,0,0,0,0,0,0,0,0,0
240256,1,1,18,18,18,18,18,18,18,18,18,18
240256,2,1,15,11,15,0,0,0,19,0,0,0
240257,1,1,0,14,26,0,0,0,11,7,0,0
240257,2,1,0,0,0,0,0,9,0,0,0,8
240258,0,1,0,0,0,0,0,0,0,0,0,0
240258,0,2,23,0,0,0,29,0,34,0,0,0
240258,2,1,0,0,0,0,0,0,10,0,0,0
240259,1,1,0,0,0,0,0,0,0,0,0,0
240260,1,1,0,0,0,13,0,0,0,0,0,0
240260,2,1,0,0,0,0,0,0,0,0,0,0
240261,0,1,0,0,0,0,0,0,0,0,0,0
240261,1,1,0,0,0,0,0,0,0,0,0,0
240262,1,1,2,2,2,2,2,2,2,2,2,2
240262,2,1,26,0,0,0,0,0,0,0,0,0
240263,0,1,0,0,0,0,0,0,0,0,0,0
240263,1,1,0,7,0,0,0,0,0,0,0,0
240263,2,1,8,20,16,10,5,0,12,0,0,0
240264,1,1,0,0,0,0,0,0,0,0,0,0
240264,2,1,0,0,0,0,0,0,0,0,0,0
240265,1,1,2,2,2,2,2,2,2,2,2,2
240266,1,1,8,0,0,0,0,0,12,0,25,11
240267,0,1,0,0,0,0,0,0,0,0,0,0
240267,1,1,20,0,0,0,0,0,0,0,0,0
240267,2,1,0,0,0,0,0,0,0,0,0,0
240268,1,1,14,14,14,14,14,14,14,14,14,14
240268,2,1,0,0,13,0,0,0,0,0,0,0
240269,1,1,0,0,0,0,0,0,0,0,0,0
240269,2,1,0,0,0,0,0,0,0,0,0,0
240270,1,1,0,0,0,0,0,0,0,0,0,0
240271,0,1,0,0,0,0,0,0,0,0,0,0
240271,1,1,0,0,0,0,0,0,8,0,0,0
240272,1,1,0,0,0,0,0,13,0,0,0,0
240272,2,1,0,0,0,0,0,0,0,0,0,0
240273,1,1,22,22,22,22,22,22,22,22,22,22
240273,2,1,0,0,0,11,0,0,14,0,0,0
240274,1,1,7,0,0,0,0,0,25,32,0,0
240275,0,1,0,0,0,6,19,0,0,0,0,0
240275,0,2,0,0,0,0,0,0,0,0,0,0
240275,1,1,0,0,0,0,0,0,0,0,0,0
240276,1,1,0,0,0,0,0,0,0,0,0,0
240276,2,1,0,0,0,0,0,0,0,0,0,0
240277,0,1,0,0,0,0,0,0,0,0,0,0
240277,1,1,0,14,0,0,0,0,0,0,0,6
240278,0,1,22,22,22,22,22,22,22,22,22,22
240278,1,1,0,0,9,0,0,0,0,0,0,0
240278,2,1,0,0,18,0,0,0,0,0,0,0
240279,1,1,0,0,0,0,0,0,0,0,0,0
240280,1,1,13,13,13,13,13,13,13,13,13,13
240280,2,1,0,0,0,0,0,0,0,0,0,0
240281,1,1,0,0,0,0,0,0,0,0,0,0
240281,2,1,0,0,0,0,0,0,0,0,0,0
240282,0,1,0,0,0,0,0,0,0,0,0,0
240282,1,1,0,18,0,0,0,0,0,0,0,0
240283,1,1,0,0,0,0,0,0,0,0,0,0
240283,2,1,0,0,0,0,0,0,0,0,0,0
240284,1,1,19,19,19,19,19,19,19,19,19,19
240285,1,1,0,0,0,0,0,0,0,0,0,0
240285,2,1,0,0,0,0,0,0,0,0,0,0
240286,0,1,0,0,0,0,0,0,0,0,0,0
240286,1,1,0,0,0,0,0,0,7,18,0,0
240287,1,1,0,0,0,0,0,0,0,0,0,0
240288,1,1,0,0,0,10,0,0,0,0,0,0
240289,0,1,33,33,33,33,33,33,33,33,33,33
240289,1,1,0,0,0,0,0,0,30,0,0,0
240290,1,1,0,0,0,0,0,0,11,13,0,0
240291,1,1,20,20,20,20,20,20,20,20,20,20
240292,1,1,0,0,0,0,0,0,0,0,0,0
240292,2,1,0,0,0,0,0,0,0,0,0,0
240293,1,1,11,11,11,11,11,11,11,11,11,11
240293,2,1,0,0,0,0,0,0,0,0,0,0
240294,1,1,6,6,6,6,6,6,6,6,6,6
240295,1,1,0,0,0,0,0,0,0,0,0,0
240295,2,1,9,9,9,9,9,9,9,9,9,9
240296,1,1,0,0,0,0,0,0,0,0,0,0
240296,2,1,0,0,0,0,0,0,0,0,0,0
240297,1,1,0,0,0,0,0,0,0,0,0,0
240298,1,1,0,0,0,0,0,0,0,0,0,0
240299,1,1,0,0,0,0,0,0,0,0,0,0
240299,2,1,0,0,0,0,0,0,0,0,0,0
240300,1,1,7,7,7,7,7,7,7,7,7,7
240301,1,1,0,0,0,0,0,0,0,0,0,0
240302,1,1,3,3,3,3,3,3,3,3,3,3
240302,2,1,0,0,0,0,0,0,0,0,0,0
240303,0,1,22,0,0,0,32,0,0,0,0,20
240303,1,1,0,0,0,0,0,0,0,0,0,0
240304,1,1,0,0,0,0,0,0,0,0,0,0
240305,1,1,18,18,18,18,18,18,18,18,18,18
240305,2,1,0,16,0,0,0,0,0,0,0,0
240306,1,1,0,0,0,0,0,0,0,0,0,0
240307,1,1,0,0,0,0,0,0,0,0,0,0
240307,2,1,0,0,0,0,0,0,0,0,0,0
240308,1,1,0,0,0,0,0,0,0,0,0,0
240308,2,1,0,0,0,0,0,0,0,0,0,0
240308,3,1,0,0,12,0,0,0,0,0,0,0
240309,1,1,0,0,0,0,0,0,0,5,0,0
240309,2,1,0,0,0,0,0,0,0,0,0,0
240310,1,1,4,4,4,4,4,4,4,4,4,4
240311,1,1,0,0,0,0,0,0,0,0,0,0
240311,2,1,0,0,0,12,0,7,0,0,0,0
240312,1,1,17,28,19,15,5,19,0,0,7,0
240312,2,1,0,0,9,0,0,0,0,0,0,0
240313,1,1,0,0,0,0,0,0,0,0,0,16
240313,2,1,0,0,0,0,0,0,0,0,0,0
240314,0,1,7,11,0,0,33,10,0,32,33,0
240314,1,1,0,0,30,0,0,0,0,0,0,0
240315,1,1,5,5,5,5,5,5,5,5,5,5
240316,1,1,5,5,5,5,5,5,5,5,5,5
240316,2,1,0,0,0,0,0,0,0,0,0,0
240317,1,1,0,0,0,0,0,0,0,0,0,0
240317,2,1,0,0,0,0,0,0,0,0,0,25
240318,1,1,3,3,3,3,3,3,3,3,3,3
240319,1,1,0,0,0,0,0,0,0,0,0,0
240320,1,1,0,24,0,16,0,29,47,12,22,0
240321,1,1,13,13,13,13,13,13,13,13,13,13
240321,2,1,0,0,0,0,0,0,0,0,0,0
240322,1,1,15,15,15,15,15,15,15,15,15,15
240323,0,1,20,20,20,20,20,20,20,20,20,20
240323,1,1,0,0,0,0,0,0,0,0,0,0
240324,0,1,0,0,0,0,0,0,0,0,0,0
240324,1,1,0,0,0,0,0,0,0,0,0,0
240324,2,1,0,0,0,0,0,0,0,0,0,0
240325,1,1,0,0,0,0,0,0,0,0,0,0
240325,2,1,0,0,0,15,0,0,0,0,16,0
240326,1,1,0,0,0,0,0,0,0,0,0,0
240326,2,1,2,2,2,2,2,2,2,2,2,2
240326,3,1,0,0,0,0,0,0,0,0,0,0
240327,1,1,0,0,0,0,0,0,0,0,0,0
240327,2,1,0,0,0,0,0,0,5,0,0,0
240328,1,1,0,0,0,0,0,5,0,5,0,0
240329,1,1,0,0,0,0,0,0,0,0,0,0
240330,1,1,0,0,0,0,0,0,0,0,0,0
240331,1,1,16,16,16,16,16,16,16,16,16,16
240332,1,1,0,0,0,0,0,0,0,0,0,0
240332,2,1,0,0,0,0,0,0,0,0,0,0
240333,1,1,0,0,0,0,0,0,0,0,0,0
240333,2,1,0,0,0,0,0,0,0,0,0,0
240334,1,1,0,0,0,0,0,0,0,0,0,0
240334,2,1,0,0,0,0,0,0,0,0,0,0
240335,0,1,4,4,4,4,4,4,4,4,4,4
240335,1,1,0,0,13,0,0,0,3,0,0,14
240335,3,1,0,0,0,26,0,0,0,0,0,0
240336,1,1,0,0,0,0,0,21,0,0,0,0
240337,1,1,24,24,24,24,24,24,24,24,24,24
240338,1,1,18,18,18,18,18,18,18,18,18,18
240338,2,1,0,0,0,12,0,8,10,0,0,0
240339,1,1,0,0,0,0,0,0,0,0,0,0
240340,1,1,0,0,0,0,0,0,0,0,0,0
240340,2,1,0,0,0,0,0,0,0,0,0,0
240341,0,1,0,0,0,0,0,0,0,0,0,0
240341,0,2,0,0,0,0,0,0,0,0,19,0
240341,1,1,0,0,0,17,0,4,0,0,0,0
240342,1,1,0,0,0,0,0,0,0,0,0,0
240343,1,1,11,11,11,11,11,11,11,11,11,11
240344,1,1,0,0,0,0,0,0,0,0,0,0
240345,1,1,0,0,0,0,0,0,0,0,0,0
240345,2,1,0,0,0,0,0,0,0,0,0,0
240346,1,1,0,0,0,0,0,23,0,0,0,0
240346,2,1,0,0,0,0,0,0,0,0,0,0
240347,1,1,0,0,0,0,0,0,15,0,0,0
240347,2,1,0,0,0,0,0,0,0,0,0,0
240348,1,1,0,0,0,0,0,0,0,0,0,0
240348,2,1,10,10,10,10,10,10,10,10,10,10
240349,0,1,0,0,0,0,0,0,0,0,0,0
240349,1,1,0,0,0,0,0,0,0,0,0,0
240350,0,1,19,19,19,19,19,19,19,19,19,19
240350,1,1,0,0,0,0,0,0,0,0,0,0
240351,1,1,0,0,0,0,0,0,0,0,0,0
240351,2,1,0,0,0,0,0,0,12,0,0,0
240352,0,1,0,0,0,0,21,30,0,0,0,8
240352,0,2,32,0,0,0,0,0,0,0,44,13
240352,1,1,0,0,0,0,0,0,0,0,0,0
240353,1,1,0,0,0,0,0,0,0,0,0,0
240354,0,1,0,0,0,0,0,0,0,0,0,0
240354,1,1,0,0,0,0,0,0,0,0,0,0
240355,1,1,0,0,0,0,0,0,0,0,0,0
240355,2,1,0,0,9,0,0,0,0,0,0,0
240356,1,1,0,0,0,0,23,14,15,29,0,0
240357,1,1,0,0,0,0,0,0,0,0,0,0
240358,1,1,0,0,0,0,0,0,0,0,0,0
240359,0,1,0,0,0,0,0,0,0,0,0,0
240359,1,1,0,0,0,0,0,0,0,0,0,0
240360,1,1,0,0,0,0,0,0,0,0,0,0
240361,0,1,0,0,0,0,0,0,0,0,0,0
240361,1,1,0,0,0,0,0,0,0,0,0,0
240362,1,1,12,12,12,12,12,12,12,12,12,12
240363,1,1,0,0,0,0,0,0,0,0,0,0
240364,0,1,0,0,0,0,0,0,0,0,0,0
240364,1,1,0,0,0,0,0,0,0,0,0,0
240365,1,1,28,28,28,28,28,28,28,28,28,28
240366,1,1,0,0,0,0,0,0,0,0,0,0
240367,1,1,24,0,30,2,0,0,0,5,3,8
240367,2,1,0,0,0,0,0,0,0,0,0,0
240368,1,1,19,19,19,19,19,19,19,19,19,19
240368,2,1,0,0,0,0,0,0,0,0,0,0
240369,1,1,28,28,28,28,28,28,28,28,28,28
240370,1,1,0,0,0,0,0,0,0,0,0,0
240370,2,1,0,0,0,0,0,0,0,0,0,0
240371,0,1,0,0,0,0,0,0,0,0,0,0
240371,0,2,0,0,0,0,0,0,0,0,0,0
240371,1,1,12,12,12,12,12,12,12,12,12,12
240372,0,1,7,7,7,7,7,7,7,7,7,7
240372,1,1,0,0,0,0,0,0,0,0,0,0
240373,1,1,19,19,19,19,19,19,19,19,19,19
240373,2,1,0,0,0,0,0,0,0,0,0,0
240373,3,1,0,0,0,0,0,0,0,0,0,0
240374,0,1,18,0,0,0,0,0,0,23,0,0
240374,1,1,0,13,10,0,0,22,0,0,0,0
240375,1,1,0,0,0,0,0,0,0,0,0,0
240376,1,1,13,15,3,3,14,18,16,16,10,19
240377,1,1,0,5,0,0,0,0,0,0,0,0
240377,2,1,7,0,0,0,0,7,0,25,0,20
240378,1,1,0,28,0,6,0,0,24,0,26,8
240379,0,1,33,33,33,33,33,33,33,33,33,33
240379,1,1,19,0,0,0,0,0,0,0,0,0
240380,1,1,0,0,0,0,0,0,0,0,0,0
240380,2,1,0,0,0,0,0,0,0,0,0,0
240381,0,1,24,24,24,24,24,24,24,24,24,24
240381,1,1,0,17,0,0,0,25,0,0,11,0
240382,1,1,0,0,0,0,0,0,0,0,0,0
240383,0,1,8,8,8,8,8,8,8,8,8,8
240383,1,1,0,0,0,0,0,0,0,0,0,0
240384,1,1,0,0,0,0,0,0,0,0,0,0
240384,2,1,0,0,0,0,0,0,0,0,0,0
240385,1,1,0,0,0,0,0,0,0,0,0,0
240385,2,1,0,0,0,0,0,0,0,0,0,0
240386,0,1,0,0,0,0,0,0,0,0,0,0
240386,1,1,11,18,20,0,3,26,10,13,11,15
240386,2,1,0,0,0,0,0,17,0,0,0,0
240387,0,1,0,0,0,0,0,0,0,0,0,0
240387,0,2,0,0,0,0,0,0,0,0,0,0
240387,1,1,0,0,0,0,0,0,0,0,0,0
240388,0,1,0,0,0,0,0,0,0,0,0,0
240388,1,1,0,0,0,0,0,0,0,0,0,0
240389,1,1,0,0,0,0,0,0,0,0,0,0
240389,2,1,0,0,0,0,0,17,0,0,0,0
240390,1,1,14,14,14,14,14,14,14,14,14,14
240391,1,1,0,0,0,9,0,0,0,0,0,20
240391,2,1,0,0,0,0,0,0,0,0,0,0
240392,1,1,0,0,0,0,0,0,0,0,0,0
240392,2,1,0,0,0,0,0,0,0,0,0,0
240393,1,1,0,0,0,0,0,0,0,0,0,0
240394,1,1,21,21,21,21,21,21,21,21,21,21
240395,0,1,4,4,4,4,4,4,4,4,4,4
240395,1,1,0,0,0,0,0,0,0,0,0,0
240396,1,1,0,0,0,0,0,0,0,0,0,0
240396,2,1,0,0,0,0,0,0,0,0,0,0
240397,0,1,0,55,8,0,0,18,0,43,0,0
240397,1,1,0,0,0,0,0,0,0,0,0,0
240398,1,1,0,0,0,0,0,0,0,0,0,0
240398,2,1,0,0,0,0,0,0,0,0,0,0
240399,1,1,25,25,25,25,25,25,25,25,25,25
240400,1,1,0,0,0,0,0,0,0,0,0,0
240400,2,1,0,0,0,0,0,0,0,0,0,0
240401,1,1,0,0,0,0,0,0,0,0,0,0
240401,2,1,12,12,12,12,12,12,12,12,12,12
240402,0,1,6,0,0,0,0,0,0,0,0,0
240402,1,1,0,0,0,0,0,0,0,0,0,0
240403,1,1,0,0,0,0,0,0,0,0,3,0
240403,2,1,0,0,0,0,0,0,0,0,0,0
240404,1,1,0,0,0,0,0,0,0,0,0,0
240405,1,1,2,2,2,2,2,2,2,2,2,2
240405,2,1,0,0,0,0,0,0,0,0,0,0
240406,1,1,0,0,0,0,0,0,5,0,0,0
240406,2,1,0,0,0,0,0,0,0,0,0,0
240407,1,1,8,18,0,23,0,0,22,17,0,0
240407,2,1,0,0,0,0,0,0,0,0,0,0
240408,1,1,0,0,0,0,0,0,0,0,0,0
240408,2,1,0,0,0,0,0,0,0,0,0,0
240409,1,1,0,0,0,0,0,0,0,12,0,0
240409,2,1,0,0,0,0,0,0,0,0,0,0
240410,0,1,0,0,0,0,0,0,0,0,0,0
240410,1,1,0,0,4,0,0,0,0,0,0,0
240411,1,1,0,0,26,14,0,0,0,0,0,0
240411,2,1,3,3,3,3,3,3,3,3,3,3
240412,1,1,27,27,27,27,27,27,27,27,27,27
240412,2,1,0,0,0,0,0,4,0,0,0,0
240412,3,1,0,0,0,0,0,0,0,0,23,0
240413,1,1,4,4,4,4,4,4,4,4,4,4
240413,2,1,0,0,0,0,0,0,0,0,0,0
240413,3,1,0,0,0,0,0,0,0,0,0,0
240413,4,1,0,0,0,0,0,0,0,0,0,0