ST_CASE,VEH_NO,PER_NO,P1,P2,P3,P4,P5,P6,P7,P8,P9,P10
250230,3,1,0,0,0,0,0,0,0,0,0,0
250231,1,1,0,0,0,0,0,0,0,0,0,0
250232,1,1,0,0,0,0,0,0,0,0,0,0
250232,2,1,0,0,7,0,0,0,0,0,0,0
250233,1,1,8,26,0,0,0,22,12,0,6,0
250234,1,1,0,0,0,0,0,0,0,0,0,0
250235,1,1,26,22,0,11,22,0,5,0,0,0
250236,0,1,0,0,0,0,0,0,0,0,0,0
250236,1,1,0,0,0,14,0,0,0,0,9,0
250237,1,1,0,0,0,0,0,0,0,0,0,0
250238,1,2,15,23,0,12,0,0,0,16,0,0
250239,0,1,7,7,7,7,7,7,7,7,7,7
250239,1,1,0,0,0,0,0,0,0,0,0,0
250240,1,1,0,0,0,0,0,0,0,0,0,0
250241,1,1,16,16,16,16,16,16,16,16,16,16
250242,1,1,0,0,0,0,0,0,0,0,0,0
250243,1,1,0,0,0,0,0,0,0,0,0,0
250243,2,1,0,0,0,0,0,0,0,0,0,0
250244,0,1,0,0,0,0,0,0,0,0,0,0
250244,1,1,0,0,0,0,0,0,0,0,0,0
250245,1,1,12,12,12,12,12,12,12,12,12,12
250245,2,1,0,0,0,0,0,0,0,0,0,0
250245,3,1,0,0,0,0,0,0,0,0,0,0
250246,1,1,26,26,26,26,26,26,26,26,26,26
250247,1,1,20,0,0,0,0,0,0,27,0,0
250248,0,1,0,0,0,0,0,0,0,0,0,0
250248,1,1,0,0,0,0,0,0,0,0,0,0
250249,0,1,0,0,12,25,0,0,0,0,0,0
250249,1,1,0,0,0,0,0,0,24,0,0,7
250250,1,1,0,0,0,0,0,0,0,0,0,0
250251,1,1,0,14,0,0,0,0,0,0,20,0
250251,2,1,0,0,0,0,0,0,0,0,0,0
250252,0,1,0,0,0,0,0,0,0,0,0,0
250252,1,1,0,0,0,0,0,0,0,0,0,0
250253,1,1,0,15,0,0,0,0,0,0,0,0
250253,2,1,0,0,0,0,0,0,0,0,0,0
250254,1,1,10,10,10,10,10,10,10,10,10,10
250255,1,1,19,19,19,19,19,19,19,19,19,19
250255,2,1,18,18,18,18,18,18,18,18,18,18
250255,3,1,22,0,14,19,0,10,5,0,0,3
250256,1,1,0,0,0,0,0,0,0,0,0,0
250256,2,1,0,0,0,0,0,0,0,0,0,0
250257,0,1,0,23,22,0,0,0,0,0,0,36
250257,1,1,7,13,0,0,0,0,0,0,0,0
250258,0,1,18,14,0,0,0,7,15,8,14,0
250258,1,1,0,6,5,0,11,7,0,19,0,0
250259,1,1,0,0,0,10,0,0,0,0,0,22
250259,2,1,0,0,20,0,0,0,0,0,0,0
250259,3,1,0,0,0,0,0,0,0,0,0,0
250260,0,1,0,0,0,0,0,0,0,0,0,15
250260,1,1,0,0,0,0,0,11,0,0,8,0
250261,1,1,12,18,30,0,5,6,15,20,0,33
250262,1,1,0,0,0,0,0,0,0,0,0,0
250262,2,1,19,0,8,0,0,0,0,0,0,0
250263,1,1,20,20,20,20,20,20,20,20,20,20
250264,0,1,0,0,0,0,0,0,0,0,0,0
250264,1,1,9,17,7,14,14,8,30,23,26,0
250265,1,1,0,0,0,0,0,0,0,0,0,0
250266,1,1,0,2,39,2,28,0,10,10,20,18
250267,1,1,0,0,0,0,0,0,0,0,0,0
250268,1,1,0,0,0,0,0,0,0,0,0,0
250268,2,1,0,0,23,0,0,0,0,0,0,0
250269,1,1,17,17,17,17,17,17,17,17,17,17
250270,0,1,24,24,24,24,24,24,24,24,24,24
250270,1,1,0,0,16,0,0,0,0,25,12,0
250271,1,1,0,0,0,0,0,0,0,0,0,0
250272,0,1,0,0,0,0,0,0,0,0,0,0
250272,1,1,0,12,9,0,0,21,0,0,15,0
250273,0,1,0,0,0,0,0,0,16,0,0,0
250273,1,1,13,0,0,0,0,0,0,0,0,0
250274,1,1,0,0,0,0,0,0,0,0,0,0
250274,2,1,38,0,0,0,0,27,4,33,0,0
250275,0,1,0,0,0,0,0,0,0,0,0,0
250275,1,1,19,0,0,0,0,9,23,8,0,11
250275,2,1,0,0,0,15,0,0,0,0,15,0
250276,1,1,0,0,0,0,0,0,0,0,0,0
250277,1,1,0,0,0,0,0,0,0,0,0,0
250278,1,1,8,8,8,8,8,8,8,8,8,8
250278,2,1,16,0,0,0,0,0,0,13,18,8
250279,1,1,0,0,0,0,0,0,0,0,0,0
250279,2,1,0,0,0,0,0,0,0,0,0,0
250279,3,1,0,0,0,0,0,0,0,0,0,0
250281,0,1,0,0,0,0,0,0,0,0,0,0
250281,1,1,0,0,0,0,0,0,16,0,0,0
250282,0,1,0,0,0,0,0,0,0,0,0,0
250282,1,1,0,0,0,0,0,0,0,8,0,0
250283,0,1,0,0,0,0,0,0,0,0,0,0
250283,1,1,0,19,0,0,2,0,0,0,0,17
250284,0,1,26,7,0,9,0,0,0,0,0,0
250284,1,1,0,0,11,0,4,0,0,0,0,0
250285,1,1,0,0,0,0,0,0,0,0,0,0
250285,2,1,0,0,0,0,0,0,0,0,0,0
250286,0,1,0,0,0,0,0,0,0,0,0,0
250286,1,1,0,0,0,2,4,0,13,0,0,0
250287,0,1,24,24,24,24,24,24,24,24,24,24
250287,1,1,0,0,13,0,0,18,0,19,14,0
250288,0,1,0,0,0,0,0,0,0,0,0,0
250288,1,1,0,0,0,0,0,0,0,0,0,0
250289,0,1,0,0,0,0,0,0,0,0,0,0
250289,1,1,0,3,7,14,31,35,15,10,13,9
250290,1,1,0,0,0,0,0,0,0,0,0,0
250290,2,1,0,0,0,0,6,0,0,0,0,0
250291,1,1,19,19,19,19,19,19,19,19,19,19
250292,0,1,0,0,0,0,0,0,0,0,0,0
250292,1,1,0,26,0,0,0,0,12,15,0,0
250293,0,1,0,22,0,24,0,0,34,0,0,0
250293,1,1,0,0,0,0,0,0,0,0,0,0
250294,1,1,0,0,0,0,0,0,0,0,0,24
250294,2,1,0,3,4,0,0,0,0,21,0,8
250295,1,1,4,4,4,4,4,4,4,4,4,4
250296,0,1,0,0,0,0,0,0,0,0,0,0
250296,0,2,0,0,0,0,0,0,0,0,0,0
250296,1,1,2,2,2,2,2,2,2,2,2,2
250297,0,1,17,6,0,0,0,0,15,0,0,27
250297,1,1,29,0,8,6,19,0,11,0,18,11
250298,1,1,20,0,0,0,0,34,0,0,16,0
250298,2,1,0,0,0,0,0,0,0,0,0,0
250299,1,1,0,22,25,8,0,11,17,0,16,0
250299,2,1,1,1,1,1,1,1,1,1,1,1
250300,1,1,0,0,0,0,0,0,0,0,0,0
250301,1,1,0,0,0,0,0,0,0,0,0,0
250302,1,1,0,0,0,0,0,0,0,0,0,0
250303,1,1,0,0,0,0,0,6,0,0,0,36
250305,1,1,15,15,15,15,15,15,15,15,15,15
250307,1,1,0,0,0,0,0,0,0,0,0,0
250308,0,1,0,0,0,0,0,0,0,0,0,0
250308,1,1,0,0,0,0,14,0,0,0,0,8
250309,1,1,0,0,0,0,0,0,0,0,0,0
250311,1,1,30,0,21,0,0,0,10,10,0,2
250312,1,1,0,0,0,0,15,0,0,3,0,0
250312,2,1,0,0,0,0,0,0,0,0,0,0
250313,1,1,0,0,5,0,0,0,20,0,0,0
250313,2,1,18,0,16,18,0,0,0,0,9,0
250314,0,1,0,0,0,0,0,0,0,0,0,0
250314,1,1,9,0,17,22,0,0,0,0,0,0
250315,1,1,9,0,0,0,0,0,0,0,0,0
250315,2,1,0,0,0,0,0,0,0,0,0,0
250315,3,1,10,5,0,0,0,0,13,0,0,0
250316,1,1,0,0,0,0,0,0,0,0,0,0
250317,1,1,0,0,21,30,0,0,0,0,8,11
250318,1,1,0,0,0,0,18,13,8,0,0,0
250319,1,1,0,0,0,0,0,0,0,0,0,0
250320,1,1,3,0,0,0,0,19,0,0,0,0
250321,1,1,0,0,0,0,0,0,0,0,0,0
250321,2,1,0,0,0,0,0,0,0,0,0,0
250322,1,1,0,0,0,0,0,0,0,0,0,0
250322,2,1,0,0,0,0,16,0,0,0,0,8
250323,0,1,29,0,12,0,9,31,0,25,31,15
250323,1,1,11,26,0,0,0,0,0,9,14,0
250324,0,1,0,0,0,0,29,26,25,8,0,17
250324,1,1,0,0,0,0,0,0,0,0,0,0
250325,1,1,0,0,0,0,0,0,0,0,0,0
250326,0,1,0,0,0,0,0,0,0,0,0,0
250326,0,2,6,0,0,0,0,0,0,0,0,0
250326,1,1,0,0,0,0,0,0,0,0,0,4
250327,0,1,0,0,0,15,23,0,0,0,25,0
250327,1,1,0,32,0,15,7,18,8,19,13,13
250327,2,1,11,0,21,0,0,0,10,10,0,5
250328,1,1,21,18,20,8,21,4,31,11,14,21
250329,0,1,0,0,0,0,24,0,0,0,0,0
250329,1,1,0,0,0,20,0,0,0,0,0,0
250330,1,1,0,0,0,0,0,0,0,0,0,0
250331,0,1,0,0,0,0,0,0,0,0,0,0
250331,0,2,11,0,0,0,0,25,32,0,0,38
250331,1,1,0,0,6,6,0,7,0,7,0,0
250332,1,1,0,0,0,0,0,0,0,0,0,0
250333,0,1,0,0,0,0,0,0,0,6,0,0
250333,1,1,0,0,0,0,0,0,0,0,0,0
250334,1,1,18,9,0,0,24,25,0,32,0,32
250334,2,1,0,0,28,22,18,0,30,0,0,0
250335,1,1,0,0,0,0,0,0,0,0,0,0
250335,2,1,0,0,0,0,0,0,0,0,0,0
250336,0,1,0,0,0,0,0,0,0,0,0,0
250336,1,1,0,0,0,0,0,0,7,0,0,0
250337,1,1,2,2,2,2,2,2,2,2,2,2
260001,1,1,0,0,0,0,0,0,0,0,0,0
260001,2,1,0,0,0,0,0,0,0,0,0,0
260002,1,1,0,0,0,0,0,0,0,0,0,0
260002,2,1,0,0,0,0,0,0,0,0,0,0
260003,0,1,0,0,25,0,0,0,8,17,0,0
260003,1,1,0,0,0,0,0,18,0,0,0,5
260004,1,1,0,0,0,0,0,0,0,0,0,0
260004,2,1,0,0,0,0,0,0,0,0,0,0
260005,0,1,0,0,0,0,0,0,0,0,0,0
260005,1,1,0,0,0,0,0,0,0,0,0,0
260006,1,1,0,0,0,0,0,0,0,0,0,0
260007,1,1,0,0,0,0,0,0,0,0,0,0
260008,1,1,7,7,7,7,7,7,7,7,7,7
260009,1,1,0,0,0,0,0,0,0,0,0,0
260009,2,1,0,0,0,0,0,0,0,0,0,0
260011,1,1,0,0,0,0,0,0,0,0,0,0
260011,2,1,0,0,2,0,0,0,0,0,0,0
260012,0,1,0,0,13,0,0,0,27,0,0,0
260012,1,1,0,0,0,0,0,0,0,0,0,0
260013,1,1,0,0,0,0,0,0,0,0,0,0
260013,2,1,0,0,0,21,0,0,0,0,0,0
260014,0,1,11,0,0,0,0,0,0,0,0,0
260014,1,1,0,0,0,0,0,0,0,0,0,0
260015,0,1,17,0,0,0,33,0,0,0,0,0
260015,1,1,0,0,0,0,0,0,0,0,0,0
260016,1,1,0,0,0,0,0,0,0,0,0,0
260016,2,1,4,4,4,4,4,4,4,4,4,4
260017,1,1,0,0,0,0,0,0,0,0,0,0
260017,2,1,0,0,0,0,0,0,0,0,0,0
260018,1,1,0,0,0,0,0,0,0,0,0,0
260018,2,1,0,0,0,0,0,0,0,0,0,0
260019,1,1,20,20,20,20,20,20,20,20,20,20
260019,2,1,0,0,0,19,0,0,0,0,0,0
260020,1,1,0,0,0,0,0,0,0,0,0,0
260021,1,1,19,19,19,19,19,19,19,19,19,19
260022,1,1,0,0,0,0,0,0,0,0,0,0
260022,2,1,0,0,0,0,0,0,0,0,0,0
260023,1,1,0,0,0,0,0,0,0,0,0,0
260023,2,1,0,0,0,0,0,0,0,0,0,0
260024,1,1,0,0,0,0,0,0,0,0,0,0
260025,1,1,12,12,12,12,12,12,12,12,12,12
260026,1,1,0,0,0,0,0,0,0,0,0,0
260027,1,1,0,0,0,0,0,0,0,0,0,0
260028,0,1,0,0,0,0,0,0,0,0,0,0
260028,1,1,0,0,0,0,0,0,0,0,0,0
260029,1,1,18,18,18,18,18,18,18,18,18,18
260029,2,1,0,0,0,0,0,0,0,0,0,0
260030,1,1,0,0,0,0,0,0,0,0,0,0
260030,2,1,0,0,0,0,0,0,0,0,0,0
260031,1,1,0,0,0,0,0,0,0,0,0,0
260031,2,1,0,0,0,0,0,30,0,0,0,0
260031,3,1,0,0,0,0,0,0,0,0,0,0
260031,4,1,0,0,0,0,0,0,0,0,0,0
260032,1,1,0,0,0,0,0,0,0,0,0,0
260032,2,1,19,19,19,19,19,19,19,19,19,19
260033,1,1,25,0,0,0,0,0,0,0,0,0
260034,1,1,0,0,0,0,0,0,0,0,0,0
260034,2,1,0,0,0,0,0,0,0,0,0,0
260035,1,1,0,0,0,0,0,0,0,0,0,0
260035,2,1,0,0,0,0,0,0,0,0,0,0
260036,1,1,0,0,0,0,0,0,0,0,0,0
260037,0,1,18,0,26,18,0,0,20,0,0,0
260037,1,1,0,0,0,0,0,0,0,0,0,0
260038,0,1,0,0,0,0,0,0,0,14,0,0
260038,0,2,0,0,0,0,0,0,0,0,0,0
260038,1,1,15,15,15,15,15,15,15,15,15,15
260039,1,1,14,14,14,14,14,14,14,14,14,14
260040,1,1,0,0,0,0,0,0,0,0,0,0
260040,2,1,0,0,0,0,0,0,0,0,0,0
260041,1,1,36,0,10,6,9,7,7,17,0,22
260042,0,1,0,0,0,0,0,0,0,0,0,0
260042,1,1,0,0,0,0,0,0,0,0,0,0
260043,1,1,21,12,21,25,20,16,4,18,10,13
260043,2,1,0,0,0,0,8,0,0,3,0,0
260043,3,1,0,0,0,0,0,0,0,0,0,0
260044,1,1,12,12,12,12,12,12,12,12,12,12
260044,2,1,0,0,0,0,0,0,0,0,0,0
260045,1,1,23,0,23,0,0,0,0,0,0,0
260045,2,1,0,8,0,0,0,0,0,0,0,9
260046,0,1,0,0,0,0,0,0,0,0,0,0
260046,1,1,0,0,0,0,0,0,0,0,0,0
260047,0,1,11,0,0,34,0,0,0,0,0,29
260047,1,1,0,0,0,0,0,0,0,0,0,0
260048,0,1,0,0,0,0,0,0,0,0,0,0
260048,1,1,0,14,0,0,0,0,0,0,14,0
260049,1,1,0,0,0,0,10,0,0,0,0,0
260050,1,1,0,0,0,0,0,0,0,0,0,0
260050,2,1,0,0,0,0,0,0,0,0,0,0
260051,1,1,0,0,0,0,0,0,0,0,0,0
260051,2,1,0,0,0,0,0,3,0,0,0,0
260052,1,1,0,0,0,0,0,0,0,0,0,0
260052,2,1,0,0,0,0,0,0,0,0,0,0
260053,0,1,21,22,39,13,15,11,35,14,42,22
260053,1,1,0,0,0,0,0,0,0,0,0,0
260054,1,1,0,0,0,0,0,0,0,0,0,0
260054,2,1,0,0,0,0,0,0,0,0,0,0
260055,1,1,0,0,0,0,0,0,0,0,0,0
260055,2,1,0,0,0,0,0,0,0,0,0,0
260055,3,1,0,0,0,0,0,0,0,0,0,0
260056,1,1,13,13,13,13,13,13,13,13,13,13
260056,2,1,0,0,25,0,0,0,0,10,0,0
260056,3,1,7,7,7,7,7,7,7,7,7,7
260056,4,1,0,0,0,0,0,0,0,0,0,0
260057,1,1,0,0,0,0,0,0,0,0,0,0
260057,2,1,0,0,0,0,0,0,0,0,0,0
260058,1,1,0,0,0,0,0,0,0,0,0,0
260059,1,1,0,0,0,0,0,0,0,0,0,0
260059,2,1,0,0,0,0,0,0,0,0,0,0
260060,1,1,0,0,0,0,0,0,0,0,0,0
260061,1,1,0,0,0,0,0,0,0,0,0,0
260062,1,1,1,1,1,1,1,1,1,1,1,1
260064,1,1,0,0,19,0,0,0,0,0,0,0
260064,2,1,0,0,0,0,0,0,0,0,0,0
260065,1,1,11,11,12,24,21,11,13,21,16,20
260065,2,1,0,0,0,0,0,23,0,0,10,0
260066,0,1,0,0,0,0,0,0,0,0,0,0
260066,1,1,0,0,0,0,0,0,0,0,0,0
260067,1,1,0,0,0,0,0,0,0,0,0,0
260067,2,1,0,0,0,0,0,0,0,0,0,0
260068,0,1,0,0,0,0,0,0,0,0,0,0
260068,1,1,0,0,0,0,0,0,0,0,0,0
260069,1,1,20,20,20,20,20,20,20,20,20,20
260069,2,1,0,0,0,0,0,0,0,0,0,0
260069,3,1,0,0,0,0,0,0,0,0,0,0
260070,1,1,8,8,8,8,8,8,8,8,8,8
260070,2,1,0,0,0,0,0,0,0,0,0,0
260072,0,1,10,0,0,0,19,0,0,0,15,0
260072,1,1,0,0,0,0,0,0,0,0,0,0
260073,1,1,25,25,25,25,25,25,25,25,25,25
260074,1,1,0,0,0,0,0,0,0,0,0,0
260074,2,1,0,0,0,0,0,0,0,0,0,0
260075,1,1,0,0,0,0,0,0,0,0,0,0
260075,2,1,0,0,0,0,0,0,0,0,0,0
260076,1,1,0,0,0,0,0,0,0,0,0,0
260077,1,1,0,0,0,0,0,0,0,0,0,0
260077,2,1,0,0,0,0,0,0,0,0,0,0
260078,1,1,0,0,0,0,0,0,0,0,0,0
260078,2,1,0,0,0,0,0,0,0,0,0,0
260079,1,1,0,0,0,0,0,0,0,0,0,0
260079,2,1,0,0,0,0,0,0,0,0,0,0
260079,3,1,0,0,0,0,0,0,0,0,0,0
260080,1,1,0,0,0,0,0,0,0,0,0,0
260080,2,1,0,0,0,0,0,0,0,0,0,0
260081,1,1,0,0,0,14,0,0,0,0,0,0
260081,2,1,0,0,0,0,0,0,5,0,0,0
260082,0,1,0,0,0,0,0,0,0,0,0,0
260082,1,1,3,0,0,0,0,2,0,0,9,0
260083,1,1,0,0,0,0,0,0,0,0,0,0
260083,2,1,0,0,0,0,0,0,0,0,0,0
260084,1,1,0,0,0,0,0,0,0,0,0,0
260084,2,1,0,0,0,0,0,0,0,0,0,0
260085,0,1,0,14,0,12,0,0,0,0,0,25
260085,1,1,0,0,0,0,0,0,0,0,0,0
260086,1,1,9,9,9,9,9,9,9,9,9,9
260087,1,1,0,0,0,0,0,0,0,0,0,0
260087,2,1,0,0,0,0,0,0,0,0,0,0
260088,1,1,0,0,0,0,0,0,0,0,0,0
260088,2,1,0,0,0,0,0,0,0,0,0,0
260089,0,1,0,0,0,0,0,0,0,0,0,0
260089,1,1,0,0,0,0,0,0,0,0,0,0
260090,1,1,0,0,0,0,0,0,0,0,0,0
260091,1,1,0,0,0,0,0,0,0,0,0,0
260091,2,1,0,0,0,0,0,0,0,0,0,0
260092,0,1,0,0,0,0,0,0,0,0,0,0
260092,1,1,0,0,0,0,0,0,23,0,0,0
260093,0,1,22,0,0,0,0,0,0,0,12,0
260093,1,1,0,0,0,0,0,0,0,0,0,0
260094,1,1,5,0,0,0,0,0,0,0,0,0
260094,2,1,0,0,0,0,0,0,0,0,0,0
260095,1,1,0,0,0,0,0,0,0,0,0,0
260097,1,1,0,0,0,0,0,0,0,0,0,0
260097,2,1,0,0,0,0,10,0,0,0,0,0
260098,0,1,16,0,0,0,0,0,12,14,0,0
260098,1,1,0,0,0,0,29,8,0,12,0,0
260099,0,1,0,0,0,0,0,0,0,0,0,0
260099,1,1,0,0,0,0,0,0,0,0,0,0
260100,0,1,0,0,13,0,0,0,0,25,0,0
260100,1,1,0,0,0,0,0,0,0,0,0,0
260101,1,1,0,0,0,0,0,0,0,0,0,0
260101,2,1,0,0,0,0,0,0,0,0,0,0
260102,0,1,43,43,43,43,43,43,43,43,43,43
260102,1,1,0,9,0,0,0,0,0,0,0,0
260103,1,1,0,0,0,0,0,0,0,0,0,0
260103,2,1,17,17,17,17,17,17,17,17,17,17
260104,1,1,0,0,0,0,0,0,0,0,0,0
260105,1,1,25,25,25,25,25,25,25,25,25,25
260106,1,1,0,0,0,0,0,0,0,0,0,0
260106,2,1,0,0,0,0,0,0,0,0,0,0
260107,0,1,0,0,0,0,0,0,12,0,0,0
260107,1,1,0,0,0,0,20,0,0,0,0,0
260108,1,1,29,0,0,0,19,0,0,0,19,0
260109,1,1,0,0,0,0,0,0,0,0,0,0
260109,2,1,0,0,0,0,0,0,0,0,0,0
260110,1,1,0,0,0,0,0,0,0,0,0,0
260110,2,1,0,0,0,0,0,0,0,0,0,0
260111,1,1,0,0,0,15,0,0,0,24,0,0
260111,2,1,0,0,0,0,0,0,0,0,0,0
260112,1,1,21,21,21,21,21,21,21,21,21,21
260113,1,1,0,13,0,0,0,0,0,0,0,0
260113,2,1,0,0,0,0,0,0,0,2,0,0
260114,0,1,0,0,0,0,0,0,0,0,0,26
260114,1,1,0,0,0,0,0,0,0,0,0,0
260115,1,1,0,0,0,0,0,0,0,0,0,0
260116,1,1,4,13,19,42,27,16,16,31,22,9
260117,1,1,0,0,0,0,0,0,0,0,0,0
260117,2,1,0,0,0,0,0,0,0,0,0,0
260118,1,1,21,21,21,21,21,21,21,21,21,21
260119,1,1,0,0,0,0,0,0,0,0,0,0
260119,2,1,0,0,0,0,0,0,0,0,0,0
260120,1,1,0,0,0,0,0,0,0,0,0,0
260121,1,1,0,0,0,0,0,0,0,0,0,0
260122,1,1,0,0,0,9,0,0,0,0,0,0
260123,1,1,0,0,0,0,0,0,0,0,0,0
260124,1,1,13,13,13,13,13,13,13,13,13,13
260125,1,1,0,0,0,0,0,0,0,0,0,0
260125,2,1,0,0,0,0,0,0,0,0,0,0
260126,0,1,0,0,0,0,0,0,0,0,0,0
260126,1,1,0,0,0,0,0,0,0,0,0,0
260127,0,1,30,0,0,0,0,0,0,0,0,0
260127,1,1,0,0,0,0,0,0,0,0,0,0
260128,1,1,0,0,0,0,0,0,0,0,0,0
260128,2,1,0,0,0,0,0,0,0,0,0,0
260129,1,1,0,0,0,0,0,0,0,0,0,0
260129,2,1,0,0,0,0,0,0,0,0,0,0
260130,1,1,0,0,0,0,0,0,0,0,0,0
260130,2,1,0,0,0,0,0,0,0,18,0,0
260131,1,1,0,0,0,0,0,0,0,0,0,0
260132,1,1,0,0,0,0,0,0,0,0,0,6
260132,2,1,0,0,0,0,0,0,0,0,0,0
260132,3,1,0,0,0,0,16,27,0,0,6,0
260133,0,1,0,0,0,0,0,0,0,0,0,0
260133,1,1,0,0,0,0,0,0,0,0,0,0
260134,0,1,0,0,0,0,0,0,0,0,0,0
260134,1,1,0,0,0,0,0,23,0,0,0,0
260135,0,1,26,26,26,26,26,26,26,26,26,26
260135,1,1,0,0,0,0,0,0,0,0,0,0
260136,1,1,0,0,0,0,0,0,0,0,0,0
260137,1,1,0,0,0,0,0,0,0,0,0,0
260138,1,1,20,20,20,20,20,20,20,20,20,20
260139,1,1,14,14,14,14,14,14,14,14,14,14
260140,1,1,0,0,0,0,0,0,0,0,0,0
260141,1,1,21,21,21,21,21,21,21,21,21,21
260142,1,1,0,0,0,0,0,0,0,0,0,0
260142,2,1,0,0,0,0,0,0,0,0,0,0
260143,1,1,0,0,0,0,0,0,0,0,0,0
260143,2,1,0,0,0,0,0,0,0,14,0,25
260144,1,1,0,0,0,0,0,0,0,0,0,0
260144,2,1,0,0,0,0,0,0,0,0,0,0
260145,1,1,0,0,0,0,0,0,0,0,0,0
260146,0,1,0,0,0,0,0,0,0,0,21,0
260146,1,1,0,0,0,0,0,0,0,0,0,0
260147,0,1,12,12,12,12,12,12,12,12,12,12
260147,1,1,0,0,0,0,0,0,3,0,0,0
260148,1,1,23,23,23,23,23,23,23,23,23,23
260149,1,1,0,0,0,0,0,0,0,0,0,0
260150,1,1,10,10,10,10,10,10,10,10,10,10
260151,1,1,0,0,0,0,0,0,0,0,0,0
260151,2,1,0,0,0,0,0,0,0,0,0,0
260152,1,1,0,0,0,0,0,0,0,0,0,0
260153,1,1,0,0,0,0,0,14,0,0,0,0
260153,2,1,0,13,0,0,0,0,0,0,0,0
260154,1,1,0,0,0,0,0,0,0,0,0,0
260154,2,1,0,0,0,0,0,0,0,0,0,0
260155,1,1,0,0,0,0,0,0,0,0,0,0
260156,0,1,0,0,0,0,0,0,0,0,0,0
260156,1,1,0,0,0,0,0,0,0,0,0,0
260157,1,1,0,0,0,0,0,0,0,0,0,0
260157,2,1,0,0,0,0,0,0,0,0,0,0
260158,1,1,23,23,23,23,23,23,23,23,23,23
260158,2,1,15,0,0,0,0,0,0,0,0,0
260159,1,1,0,0,0,0,0,0,0,0,0,0
260160,0,1,0,11,0,0,0,0,28,0,0,0
260160,1,1,0,0,0,0,0,0,0,0,0,0
260161,1,1,9,9,9,9,9,9,9,9,9,9
260162,1,1,0,0,0,0,0,0,0,0,0,0
260162,2,1,0,0,0,30,0,0,0,18,0,0
260163,1,1,0,0,0,0,0,0,0,0,0,0
260163,2,1,24,0,0,0,0,0,0,0,0,0
260164,0,1,8,8,8,8,8,8,8,8,8,8
260164,1,1,0,0,0,0,0,0,0,0,0,0
260165,1,1,0,0,0,0,0,0,0,0,0,0
260165,2,1,0,0,0,0,0,0,0,0,0,0
260166,0,1,0,0,0,0,0,0,0,0,0,0
260166,1,1,0,0,0,0,0,0,0,0,0,0
260167,1,1,4,4,4,4,4,4,4,4,4,4
260168,0,1,8,40,40,0,28,11,0,33,16,25
260168,1,1,0,0,0,0,0,0,0,0,0,29
260169,1,1,14,14,14,14,14,14,14,14,14,14
260170,1,1,0,0,0,0,0,0,0,0,0,0
260171,0,1,0,0,0,0,0,0,0,0,0,0
260171,1,1,0,0,0,0,0,0,0,0,0,0
260172,1,1,16,16,16,16,16,16,16,16,16,16
260173,0,1,23,23,23,23,23,23,23,23,23,23
260173,1,1,0,0,0,0,15,0,0,0,0,0
260174,1,1,30,30,30,30,30,30,30,30,30,30
260175,1,1,22,22,22,22,22,22,22,22,22,22
260175,2,1,0,0,0,0,0,0,0,0,0,0
260175,3,1,0,0,0,0,0,0,0,0,0,0
260176,1,1,15,15,15,15,15,15,15,15,15,15
260176,2,1,0,0,0,0,0,0,0,0,0,0
260176,3,1,0,0,0,0,0,0,0,0,0,0
260177,1,1,18,18,18,18,18,18,18,18,18,18
260177,2,1,15,15,15,15,15,15,15,15,15,15
260178,1,1,0,0,0,0,0,0,0,0,0,0
260178,2,1,0,0,0,0,0,0,0,0,0,0
260179,1,1,31,31,31,31,31,31,31,31,31,31
260180,1,1,10,10,10,10,10,10,10,10,10,10
260180,2,1,0,0,0,13,20,0,0,5,0,12
260180,3,1,0,0,0,0,0,0,0,0,0,0
260181,0,1,23,23,23,23,23,23,23,23,23,23
260181,1,1,0,0,0,0,0,0,0,21,0,0
260182,1,1,16,16,16,16,16,16,16,16,16,16
260183,1,1,9,9,9,9,9,9,9,9,9,9
260184,1,1,18,18,18,18,18,18,18,18,18,18
260185,1,1,24,22,8,31,22,18,15,15,0,28
260185,2,1,0,0,0,0,0,0,0,0,0,0
260186,1,1,0,0,0,0,0,0,0,0,0,0
260186,2,1,0,0,0,0,0,0,0,0,0,0
260187,1,1,0,0,0,0,0,0,0,0,0,0
260188,1,1,32,36,28,29,10,15,16,13,27,0
260188,2,1,0,0,18,0,0,0,38,27,0,0
260188,3,1,0,0,0,0,0,0,0,0,0,0
260189,1,1,20,20,20,20,20,20,20,20,20,20
260190,1,1,0,0,0,0,0,0,0,0,0,0
260191,1,1,0,0,0,0,0,0,0,0,0,0
260192,1,1,0,0,0,0,0,0,0,0,0,0
260192,2,1,0,0,0,0,0,0,0,0,0,0
260193,0,1,0,0,0,0,0,0,0,0,0,0
260193,1,1,0,0,0,0,0,0,0,0,0,0
260194,1,1,0,0,0,0,0,0,0,0,0,0
260194,2,1,0,0,0,0,0,0,0,0,0,0
260195,1,1,0,15,0,0,0,0,0,0,0,6
260196,1,1,0,0,0,0,0,0,0,0,0,0
260197,1,1,0,0,0,0,0,0,0,0,0,0
260198,0,1,0,0,0,27,0,0,0,14,13,0
260198,1,1,0,0,0,0,0,0,0,0,0,0
260199,1,1,0,0,0,0,0,0,0,0,0,0
260199,2,1,0,0,0,0,0,0,0,0,0,0