ST_CASE,VEH_NO,PER_NO,P1,P2,P3,P4,P5,P6,P7,P8,P9,P10
260200,1,1,8,8,8,8,8,8,8,8,8,8
260201,1,1,0,0,0,0,0,0,0,0,0,0
260202,1,1,0,0,0,0,0,0,0,0,0,0
260202,2,1,0,0,0,0,0,0,0,0,0,0
260203,1,1,15,15,15,15,15,15,15,15,15,15
260203,2,1,14,14,14,14,14,14,14,14,14,14
260204,1,1,0,0,0,0,0,0,0,0,0,0
260204,2,1,0,0,0,0,0,0,0,0,10,0
260205,0,1,0,16,16,0,0,0,0,0,0,0
260205,1,1,21,0,0,0,0,0,0,0,0,0
260206,1,1,0,0,0,0,0,0,0,0,0,0
260206,2,1,0,0,0,0,0,0,0,0,0,0
260207,1,1,0,0,0,11,0,0,0,0,0,0
260207,2,1,0,0,36,0,0,0,0,0,0,0
260208,1,1,21,21,21,21,21,21,21,21,21,21
260209,1,1,13,0,12,23,0,25,27,5,16,31
260211,1,1,0,0,0,0,0,0,0,0,0,0
260212,1,1,0,0,0,0,0,0,0,0,0,0
260212,2,1,0,0,0,0,0,0,0,0,0,0
260213,0,1,0,0,0,0,0,0,0,0,0,0
260213,1,1,0,0,0,0,0,0,0,0,0,0
260214,1,1,21,21,21,21,21,21,21,21,21,21
260214,2,1,0,0,0,0,24,0,0,0,0,0
260215,1,1,2,2,2,2,2,2,2,2,2,2
260216,0,1,0,0,0,0,0,0,0,0,0,0
260216,1,1,9,9,9,9,9,9,9,9,9,9
260217,1,1,0,0,0,0,0,0,0,0,0,0
260218,1,1,0,0,0,0,0,0,0,0,0,0
260218,2,1,0,0,0,0,0,0,0,0,0,0
260218,3,1,0,0,0,0,0,0,0,0,0,0
260219,0,1,0,0,24,0,0,0,0,0,14,14
260219,1,1,0,0,24,0,13,0,0,0,0,0
260220,1,1,15,15,15,15,15,15,15,15,15,15
260221,0,1,0,0,0,0,0,0,0,0,27,0
260221,1,1,0,0,0,0,0,0,0,0,0,0
260222,1,1,10,10,10,10,10,10,10,10,10,10
260222,2,1,0,0,0,0,0,0,0,0,0,0
260223,1,1,23,23,23,23,23,23,23,23,23,23
260224,1,1,0,0,0,0,0,0,0,0,0,0
260224,2,1,0,0,0,0,0,0,0,0,0,0
260225,1,1,3,3,3,3,3,3,3,3,3,3
260226,1,1,0,0,0,0,0,0,0,0,0,0
260227,1,1,0,0,0,0,0,0,0,0,0,0
260228,1,1,0,0,0,0,0,0,0,0,0,0
260228,2,1,0,0,0,0,0,0,0,0,0,0
260229,1,1,15,15,15,15,15,15,15,15,15,15
260229,2,1,0,0,0,25,0,0,0,0,0,26
260230,1,1,0,0,0,0,0,0,0,0,0,0
260230,2,1,0,0,0,0,0,0,0,0,0,0
260231,1,1,0,0,0,0,0,0,0,0,0,0
260231,2,1,0,0,0,0,0,0,0,0,0,0
260232,1,1,0,0,0,0,0,0,0,0,0,0
260232,2,1,6,22,20,31,27,15,14,16,17,13
260233,1,1,0,0,0,0,0,0,0,0,0,0
260233,2,1,0,0,0,0,0,0,0,0,0,0
260234,1,1,0,0,0,0,0,0,0,0,0,0
260234,2,1,6,6,6,6,6,6,6,6,6,6
260235,1,1,0,0,0,0,8,0,0,0,0,0
260236,1,1,0,0,0,0,0,0,0,0,0,0
260236,2,1,0,0,0,0,0,0,0,0,0,0
260237,1,1,20,20,20,20,20,20,20,20,20,20
260238,1,1,17,17,17,17,17,17,17,17,17,17
260239,1,1,0,0,0,0,0,0,0,0,0,0
260240,1,1,0,0,0,0,0,0,0,0,0,0
260241,1,1,0,0,0,0,0,0,0,0,0,0
260241,2,1,0,0,0,0,0,0,0,0,0,0
260242,1,1,0,10,0,29,0,0,0,0,0,0
260242,2,1,0,0,0,0,0,0,0,0,0,0
260243,1,1,0,0,0,0,0,0,0,0,0,0
260244,1,1,14,14,14,14,14,14,14,14,14,14
260244,3,1,0,0,0,0,0,0,0,0,0,14
260245,1,1,11,0,0,0,0,0,0,0,0,0
260245,2,1,0,0,0,0,0,0,0,0,21,0
260246,1,1,0,5,14,7,10,33,14,17,14,3
260247,1,1,0,0,0,0,0,0,0,0,0,0
260248,0,1,0,44,0,13,37,12,0,0,0,0
260248,1,1,0,0,0,0,0,0,0,0,0,0
260249,1,1,0,0,0,0,0,0,0,0,0,0
260250,1,1,0,0,0,0,0,0,0,0,0,0
260250,2,1,0,0,0,0,0,0,0,0,0,0
260252,0,1,0,22,0,0,0,0,0,59,6,0
260252,1,1,0,0,0,0,0,0,0,0,0,0
260253,1,1,0,0,0,0,0,0,0,0,0,0
260253,2,1,24,0,0,0,0,0,0,0,0,0
260254,1,1,14,14,14,14,14,14,14,14,14,14
260255,1,1,29,29,29,29,29,29,29,29,29,29
260255,2,1,0,0,0,0,0,0,0,0,0,0
260256,1,1,0,0,0,0,0,0,0,0,0,0
260256,2,1,0,0,0,0,0,0,0,0,0,0
260257,1,1,19,19,19,19,19,19,19,19,19,19
260258,1,1,0,0,0,0,0,0,0,0,0,0
260258,2,1,0,0,0,0,0,0,0,0,0,0
260259,1,1,0,0,0,0,0,0,0,0,0,0
260260,1,1,0,0,0,0,0,0,0,0,0,0
260260,2,1,0,0,0,0,0,0,0,0,0,0
260261,1,1,0,0,19,0,0,0,0,33,0,0
260262,0,1,0,0,0,0,0,0,0,0,0,0
260262,1,1,0,0,0,0,0,0,0,0,0,0
260263,1,1,0,0,0,0,0,0,5,0,0,0
260264,1,1,19,23,14,16,7,0,0,26,26,27
260264,2,1,0,19,0,0,0,0,0,0,0,0
260265,1,1,0,0,0,0,0,0,0,0,0,0
260265,2,1,0,0,0,0,0,0,0,0,0,0
260265,3,1,0,0,0,0,0,0,0,0,0,0
260266,1,1,0,0,0,0,0,0,0,0,0,0
260266,2,1,0,0,0,0,4,0,0,0,0,0
260267,0,1,10,0,0,0,0,8,23,17,0,0
260267,1,1,0,0,0,0,0,0,0,0,0,0
260268,1,1,8,8,8,8,8,8,8,8,8,8
260268,2,1,0,0,0,0,0,0,0,0,0,0
260269,1,1,19,25,15,4,0,12,16,22,19,23
260270,1,1,0,0,0,0,0,0,0,0,0,3
260271,1,1,0,0,0,0,0,0,0,0,0,0
260271,2,1,0,0,0,0,0,0,0,0,0,0
260272,0,1,0,0,0,0,0,14,0,0,0,0
260272,0,2,0,0,0,0,0,0,0,0,0,14
260272,1,1,10,10,10,10,10,10,10,10,10,10
260273,1,1,0,0,0,0,0,0,0,0,0,0
260274,1,1,0,0,0,0,0,0,0,0,0,0
260274,2,1,0,0,0,0,0,0,0,0,0,8
260275,0,1,21,0,36,37,58,27,13,7,13,29
260275,1,1,0,0,0,0,0,0,0,0,0,0
260276,1,1,0,0,0,0,0,0,0,0,0,0
260276,2,1,0,0,0,0,0,0,0,0,0,0
260277,1,1,0,0,0,0,0,0,0,0,0,0
260278,0,1,29,27,20,29,22,23,0,35,13,0
260278,1,1,0,0,0,0,0,0,0,0,0,0
260278,2,1,0,0,0,0,0,0,0,0,0,0
260279,1,1,0,0,0,0,0,9,0,18,0,0
260280,1,1,0,0,0,0,0,0,0,0,0,0
260280,2,1,0,0,0,0,0,0,0,0,0,0
260281,1,1,0,0,0,0,20,0,0,0,0,0
260281,2,1,0,0,0,0,0,0,0,0,0,0
260282,1,1,0,0,0,0,0,0,0,0,0,0
260282,2,1,0,0,0,0,0,0,0,0,0,0
260283,1,1,0,0,0,0,0,0,0,0,0,0
260284,1,1,16,16,16,16,16,16,16,16,16,16
260285,1,1,0,0,0,0,0,0,0,0,0,0
260285,2,1,0,0,0,15,0,0,0,0,0,0
260286,1,1,0,0,0,0,0,0,0,0,0,0
260286,2,1,0,0,0,0,0,0,0,0,0,0
260287,1,1,7,7,7,7,7,7,7,7,7,7
260287,2,1,0,0,20,0,0,0,0,0,0,0
260288,1,1,0,0,0,0,0,0,0,0,0,0
260289,1,1,0,0,0,0,0,0,0,0,0,0
260289,2,1,0,0,0,0,0,0,0,0,0,0
260290,0,1,0,0,11,0,36,0,0,0,0,0
260290,1,1,0,0,0,25,0,0,0,0,0,0
260291,1,1,12,0,0,0,0,0,14,0,22,20
260292,1,1,0,0,0,0,0,0,0,0,0,0
260292,2,1,0,0,0,0,0,0,0,0,0,0
260293,1,1,0,0,0,0,0,7,0,0,0,0
260293,2,1,0,0,0,0,0,0,0,0,0,0
260293,3,1,0,0,0,0,0,0,0,0,0,0
260294,1,1,13,13,13,13,13,13,13,13,13,13
260294,2,1,0,12,0,0,0,0,0,0,0,0
260295,1,1,14,14,14,14,14,14,14,14,14,14
260295,2,1,9,9,9,9,9,9,9,9,9,9
260296,1,1,0,0,0,0,0,0,0,0,0,0
260296,2,1,0,0,0,0,0,0,0,0,0,0
260297,1,1,0,0,0,0,0,0,0,0,0,0
260297,2,1,0,0,0,0,0,0,0,0,0,0
260298,1,1,0,0,0,0,0,0,0,9,0,0
260298,2,1,0,0,0,0,0,0,0,0,0,0
260299,1,1,15,15,15,15,15,15,15,15,15,15
260300,0,1,0,0,0,0,0,0,0,0,0,0
260300,1,1,0,0,0,0,0,0,0,0,0,0
260301,1,1,15,8,11,7,15,16,0,24,22,21
260301,2,1,0,0,0,0,0,0,0,0,0,0
260302,1,1,21,21,21,21,21,21,21,21,21,21
260303,1,1,14,14,14,14,14,14,14,14,14,14
260304,1,1,25,0,11,0,12,0,0,0,0,0
260305,1,1,19,19,19,19,19,19,19,19,19,19
260306,1,1,14,14,14,14,14,14,14,14,14,14
260306,2,1,0,0,0,0,0,0,0,0,0,0
260307,1,1,23,23,23,23,23,23,23,23,23,23
260308,0,1,0,0,0,0,0,0,0,0,0,0
260308,1,1,0,0,0,0,0,0,0,0,0,0
260309,1,1,0,0,0,0,0,0,0,0,0,0
260309,2,1,0,0,0,0,0,0,0,0,0,0
260310,1,1,0,0,0,0,0,0,0,0,0,0
260310,2,1,0,0,0,0,0,0,0,0,0,0
260310,3,1,0,0,0,0,0,0,0,0,0,0
260311,0,1,0,0,0,0,0,0,0,0,0,0
260311,1,1,0,0,0,0,0,0,0,0,0,0
260312,1,1,0,0,0,0,0,0,0,0,0,0
260313,1,1,0,0,0,0,0,0,0,4,0,15
260314,1,1,0,0,0,0,0,0,0,0,0,0
260314,2,1,0,0,0,0,0,0,0,0,0,0
260315,0,1,0,0,0,0,0,0,0,0,0,0
260315,0,2,0,0,0,0,0,0,0,0,0,0
260315,0,3,0,0,0,0,0,0,0,0,0,0
260315,0,4,0,0,0,0,0,0,0,0,0,0
260315,0,5,0,0,0,0,0,0,0,0,24,15
260315,0,6,0,0,0,0,0,0,0,0,0,0
260315,1,1,0,0,0,0,0,13,0,0,0,0
260316,1,1,0,0,0,0,0,0,0,0,0,0
260317,0,1,28,0,22,26,22,0,14,6,0,0
260317,1,1,0,0,0,0,0,0,0,0,0,0
260318,1,1,18,18,18,18,18,18,18,18,18,18
260319,1,1,0,0,0,0,0,0,0,0,0,0
260320,1,1,20,20,20,20,20,20,20,20,20,20
260321,1,1,2,2,2,2,2,2,2,2,2,2
260322,1,1,0,0,0,0,0,0,0,0,0,0
260322,2,1,0,0,0,0,0,0,0,0,0,0
260323,1,1,0,0,0,0,0,0,0,0,0,0
260323,2,1,0,0,0,0,0,0,0,0,0,0
260324,1,1,0,20,0,0,0,0,17,13,0,0
260324,2,1,0,0,0,0,0,2,0,0,0,0
260325,1,1,0,0,0,0,0,0,0,0,0,0
260325,2,1,0,0,0,0,0,0,0,0,0,0
260326,1,1,14,14,14,14,14,14,14,14,14,14
260326,2,1,0,7,17,0,8,0,12,0,0,0
260327,1,1,0,15,0,0,0,0,20,0,0,0
260328,1,1,7,8,4,27,21,12,7,27,13,3
260329,1,1,0,0,0,0,0,0,0,0,20,0
260329,2,1,0,0,0,0,0,0,0,0,0,0
260330,1,1,0,0,0,0,0,0,0,0,0,0
260330,2,1,0,0,0,0,0,0,0,0,0,0
260331,1,1,2,2,2,2,2,2,2,2,2,2
260331,2,1,0,0,0,0,0,0,0,0,0,0
260332,1,1,0,0,0,0,0,0,0,0,0,0
260332,2,1,0,0,0,0,0,0,0,0,0,0
260332,3,1,0,0,0,0,0,0,0,0,0,0
260333,1,1,0,0,0,0,0,0,0,0,0,0
260334,0,1,0,0,0,17,0,0,0,0,0,0
260334,0,2,0,0,5,0,0,0,0,0,0,53
260334,0,3,0,0,0,0,0,0,0,0,0,0
260334,0,4,0,0,0,0,0,0,0,11,0,22
260334,1,1,10,10,10,10,10,10,10,10,10,10
260335,1,1,0,0,0,0,0,0,0,0,0,0
260335,2,1,0,0,0,0,0,0,0,0,0,0
260336,1,1,18,18,18,18,18,18,18,18,18,18
260336,2,1,0,0,0,0,0,0,0,0,18,0
260337,1,1,0,0,0,0,0,0,0,0,0,0
260338,1,1,0,0,0,0,0,0,0,0,0,0
260338,2,1,0,0,0,0,0,0,0,0,0,0
260339,1,1,19,19,19,19,19,19,19,19,19,19
260340,1,1,0,0,0,0,0,0,0,0,0,0
260341,1,1,0,12,0,0,0,0,0,0,9,0
260342,1,1,16,16,16,16,16,16,16,16,16,16
260343,1,1,0,0,0,0,0,0,0,0,0,0
260343,2,1,0,0,0,0,0,0,0,0,0,0
260344,1,1,0,0,0,0,0,0,0,0,0,0
260344,2,1,0,0,25,0,0,0,0,0,0,0
260344,3,1,0,0,20,0,0,0,0,0,0,0
260345,1,1,0,0,0,0,0,0,0,0,0,0
260346,1,1,0,0,0,0,0,0,0,0,0,0
260346,2,1,0,0,12,0,0,0,0,0,0,0
260348,1,1,0,17,20,30,0,32,6,45,16,17
260349,1,1,0,0,0,0,0,0,0,0,0,0
260349,2,1,0,0,0,0,0,0,0,0,0,0
260350,1,1,0,0,0,39,0,12,7,0,13,19
260351,1,1,0,0,0,0,0,0,11,0,0,4
260352,1,1,5,5,5,5,5,5,5,5,5,5
260352,2,1,0,0,0,0,0,0,0,0,0,0
260353,1,1,25,25,25,25,25,25,25,25,25,25
260354,1,1,21,14,25,18,0,16,11,5,37,2
260355,0,1,31,31,31,31,31,31,31,31,31,31
260355,1,1,0,0,0,0,0,0,0,0,0,0
260356,1,1,0,0,0,0,0,0,0,0,0,0
260356,2,1,0,0,0,0,7,0,0,0,0,0
260357,1,1,11,0,21,15,17,20,15,0,14,10
260357,2,1,19,19,19,19,19,19,19,19,19,19
260358,1,1,0,0,0,0,0,0,0,0,0,0
260358,2,1,0,0,0,0,0,0,0,0,0,0
260359,1,1,0,0,0,0,0,0,0,0,0,0
260359,2,1,0,0,0,0,0,0,0,0,0,0
260360,1,1,0,0,0,0,0,0,0,0,0,0
260360,2,1,0,0,0,0,0,0,0,0,19,0
260360,3,1,0,0,0,20,0,0,0,0,0,0
260360,4,1,28,28,28,28,28,28,28,28,28,28
260360,5,1,0,0,0,0,0,0,0,0,0,0
260361,1,1,0,0,0,0,0,0,0,0,0,0
260362,0,1,0,23,0,0,0,0,0,0,0,0
260362,1,1,0,0,0,0,0,0,0,0,0,0
260363,1,1,0,0,0,0,0,0,0,0,0,0
260364,1,1,0,0,0,0,0,0,0,0,33,0
260364,2,1,0,0,0,0,0,21,0,0,0,0
260364,3,1,0,0,0,0,0,0,0,0,0,0
260365,0,1,0,0,0,0,0,0,15,0,0,11
260365,0,2,0,0,0,0,0,0,0,0,0,0
260365,1,1,0,0,0,0,0,0,0,0,0,0
260366,1,1,0,0,0,0,0,0,0,0,0,0
260366,2,1,0,0,0,0,0,0,0,0,0,0
260366,3,1,0,0,0,0,0,0,0,0,0,0
260366,4,1,0,0,0,0,0,0,0,0,0,0
260367,1,1,0,37,0,0,0,0,20,0,0,0
260368,0,1,47,0,8,0,0,0,0,0,0,0
260368,1,1,0,0,0,0,0,0,0,0,0,0
260369,1,1,0,0,0,0,0,0,0,0,0,0
260369,2,1,0,0,0,0,0,0,0,0,0,0
260370,1,1,0,0,0,0,0,0,0,0,0,0
260371,0,1,14,0,0,0,0,0,0,0,0,0
260371,1,1,0,0,0,0,0,0,0,0,0,0
260372,1,1,21,7,15,0,12,28,0,14,17,14
260373,0,1,0,10,0,0,33,0,36,24,0,0
260373,1,1,20,20,20,20,20,20,20,20,20,20
260374,1,1,8,8,8,8,8,8,8,8,8,8
260374,2,1,0,0,0,0,0,0,0,0,0,0
260375,1,1,16,16,16,16,16,16,16,16,16,16
260376,1,1,0,0,0,0,0,0,0,0,0,0
260377,1,1,32,32,32,32,32,32,32,32,32,32
260378,1,1,11,11,11,11,11,11,11,11,11,11
260378,2,1,0,0,0,0,0,0,0,0,0,0
260379,1,1,25,25,25,25,25,25,25,25,25,25
260380,1,1,0,0,0,0,0,0,0,0,0,0
260380,2,1,0,0,0,0,0,0,0,0,0,0
260380,3,1,0,0,0,0,0,0,0,0,0,0
260381,1,1,20,0,0,0,0,0,0,0,0,0
260382,1,1,15,15,15,15,15,15,15,15,15,15
260383,1,1,0,0,0,13,0,0,28,26,0,20
260384,1,1,0,0,0,0,0,0,0,0,0,0
260384,2,1,0,0,0,0,0,0,0,0,0,0
260385,1,1,0,0,0,0,0,0,0,0,0,0
260385,2,1,0,0,0,0,0,0,0,0,0,0
260386,1,1,19,19,19,19,19,19,19,19,19,19
260386,2,1,0,0,0,0,0,0,0,0,0,0
260387,0,1,38,0,3,23,9,26,0,4,22,9
260387,1,1,0,0,0,0,0,0,0,0,20,0
260388,1,1,0,0,0,0,0,0,0,0,0,0
260388,2,1,3,3,3,3,3,3,3,3,3,3
260389,1,1,0,0,0,0,0,0,0,0,0,0
260389,2,1,0,0,0,0,0,0,0,0,0,0
260390,0,1,0,36,25,16,0,0,0,0,26,20
260390,1,1,0,0,0,0,0,0,0,0,0,0
260391,1,1,28,28,28,28,28,28,28,28,28,28
260391,2,1,0,0,0,0,0,0,0,14,0,0
260392,1,1,0,0,0,0,0,0,0,0,0,0
260393,1,1,7,7,7,7,7,7,7,7,7,7
260394,0,1,16,23,18,13,35,25,0,25,9,14
260394,1,1,0,0,0,0,0,0,0,0,0,0
260395,1,1,0,7,0,0,0,0,0,13,0,13
260397,1,1,0,0,0,0,0,0,0,0,0,0
260399,1,1,20,20,20,20,20,20,20,20,20,20
260401,1,1,0,17,0,0,0,0,0,0,0,0
260402,1,1,0,0,27,0,33,0,0,0,0,0
260403,1,1,0,0,0,0,0,0,0,0,0,0
260403,2,1,0,0,0,0,0,0,0,0,0,0
260404,1,1,0,0,0,0,0,0,0,0,0,0
260404,2,1,0,0,0,0,0,0,0,0,0,0
260404,3,1,0,0,0,0,0,0,0,0,0,0
260405,1,1,0,0,0,0,0,0,0,0,0,0
260405,2,1,0,0,0,0,0,0,0,0,0,0
260406,1,1,0,0,0,0,0,0,0,0,0,0
260407,1,1,0,0,0,0,0,0,0,0,0,0
260407,2,1,0,0,0,0,0,0,0,0,0,0
260408,0,1,21,21,21,21,21,21,21,21,21,21
260408,1,1,0,0,0,0,0,0,0,0,0,0
260409,1,1,0,0,0,0,0,0,0,0,0,0
260409,2,1,0,0,0,0,0,0,0,0,0,0
260410,1,1,0,0,0,17,0,0,0,0,0,0
260411,1,1,0,0,0,0,0,0,0,0,0,0
260411,2,1,0,0,0,0,0,0,0,0,0,0
260412,1,1,14,14,14,14,14,14,14,14,14,14
260412,2,1,0,0,8,0,0,0,0,0,5,0
260413,1,1,25,25,25,25,25,25,25,25,25,25
260414,1,1,0,0,0,0,0,0,0,0,0,0
260414,2,1,9,9,9,9,9,9,9,9,9,9
260415,1,1,0,0,0,0,0,0,0,0,0,0
260415,2,1,0,0,0,0,0,0,0,0,0,0
260416,1,1,11,11,11,11,11,11,11,11,11,11
260417,0,1,22,24,0,9,0,0,0,40,12,10
260417,1,1,0,0,0,0,0,0,0,0,0,0
260418,0,1,0,0,0,0,0,0,0,18,0,0
260418,1,1,0,0,0,0,0,0,0,0,0,0
260419,1,1,0,0,0,0,0,0,0,0,0,0
260419,2,1,0,0,0,0,0,0,0,0,0,0
260420,1,1,19,19,19,19,19,19,19,19,19,19
260420,2,1,0,0,0,0,0,0,0,8,11,0
260420,3,1,0,0,0,0,0,0,0,0,0,0
260421,1,1,18,18,18,18,18,18,18,18,18,18
260422,1,1,28,0,0,0,0,0,0,0,0,0
260422,2,1,0,0,0,0,0,0,0,0,0,0
260423,1,1,0,0,0,0,0,0,0,0,0,0
260423,2,1,0,0,0,0,0,0,0,0,0,0
260424,1,1,19,14,14,18,20,3,33,11,24,19
260425,1,1,0,0,0,0,0,0,0,0,0,0
260425,2,1,0,0,0,0,0,0,0,0,0,0
260425,3,1,0,0,0,0,0,0,0,0,0,0
260427,1,1,1,1,1,1,1,1,1,1,1,1
260427,2,1,0,0,0,0,0,0,0,0,0,0
260428,1,1,0,0,0,0,0,11,0,0,0,0
260429,1,1,20,20,20,20,20,20,20,20,20,20
260430,1,1,31,31,31,31,31,31,31,31,31,31
260431,1,1,0,0,0,8,0,0,0,0,19,0
260433,1,1,0,0,0,0,0,0,0,0,0,0
260434,0,1,0,0,0,25,0,0,0,0,0,0
260434,1,1,0,0,0,0,0,0,0,0,0,0
260435,1,1,6,6,6,6,6,6,6,6,6,6
260436,1,1,0,0,0,0,0,0,0,0,0,0
260436,2,1,0,0,0,0,0,16,0,0,0,0
260437,0,1,0,0,0,0,17,0,0,9,0,0
260437,1,1,0,0,0,0,0,0,0,0,0,0
260438,1,1,0,0,0,0,0,0,0,0,0,0
260439,1,1,0,0,0,0,0,0,0,0,0,0
260439,2,1,0,0,0,0,0,0,0,0,0,0
260440,0,1,0,0,21,0,0,0,0,0,17,0
260440,1,1,0,0,0,0,0,0,0,0,0,0
260441,0,1,15,0,0,0,0,0,0,0,0,0
260441,1,1,0,0,0,0,0,0,0,0,0,0
260442,1,1,22,22,22,22,22,22,22,22,22,22
260444,1,1,0,0,0,0,0,0,0,0,0,0
260444,2,1,0,0,0,0,0,0,0,0,0,0
260445,0,1,0,0,0,0,13,26,0,0,0,0
260445,1,1,0,0,0,0,0,0,0,0,0,0
260446,0,1,0,0,0,0,0,0,0,0,0,0
260446,1,1,0,0,0,0,0,0,0,0,0,0
260447,1,1,17,17,17,17,17,17,17,17,17,17
260448,0,1,0,0,0,0,0,21,0,0,0,0
260448,1,1,0,0,0,0,13,0,0,0,0,0
260449,1,1,0,0,0,0,0,0,0,0,0,0
260450,1,1,0,0,0,0,0,0,0,0,0,12
260450,2,1,0,0,0,0,0,0,0,0,0,0
260451,0,1,21,21,21,21,21,21,21,21,21,21
260451,1,1,0,0,0,0,0,0,0,0,0,0
260452,1,1,0,0,0,0,0,0,0,0,0,0
260452,2,1,0,0,0,0,0,0,0,0,0,0
260453,1,1,0,0,0,0,0,0,0,0,0,0
260453,2,1,0,0,0,0,0,0,0,0,0,0
260454,1,1,0,0,0,0,0,0,0,0,0,0
260454,2,1,12,0,0,0,0,0,10,0,0,0
260455,1,1,0,0,0,0,0,0,0,0,0,0
260455,2,1,0,0,0,0,0,0,0,0,0,0
260455,3,1,0,0,0,0,0,0,0,0,0,0
260456,1,1,0,0,0,0,0,0,0,0,0,0
260456,2,1,0,0,0,0,0,0,0,0,0,0
260457,0,1,2,2,2,2,2,2,2,2,2,2
260457,1,1,15,4,14,24,3,8,7,17,14,21
260458,1,1,0,0,0,0,0,0,0,0,0,0
260458,2,1,0,0,0,0,0,0,0,0,0,0
260459,1,1,0,0,0,0,0,0,0,0,0,0
260459,2,1,0,0,0,0,0,0,0,0,0,0
260460,1,1,0,0,0,0,0,0,0,0,0,0
260460,2,1,0,0,0,0,0,0,0,0,0,0
260460,3,1,0,0,0,0,0,0,0,0,0,0
260460,4,1,0,0,0,0,0,0,0,0,0,0
260461,1,1,0,0,0,0,0,0,0,0,0,0
260461,2,1,0,0,0,0,0,0,0,0,0,0
260461,3,1,0,0,0,0,0,0,0,0,0,0
260461,4,1,0,0,0,0,0,0,0,0,0,0
260461,5,1,0,0,0,0,0,0,0,0,0,0
260462,1,1,0,0,0,0,0,0,0,0,0,0
260462,2,1,0,0,0,0,0,0,0,0,0,0
260463,1,1,18,19,26,32,17,21,19,20,7,0
260463,2,1,0,0,0,0,0,0,0,0,0,0
260463,3,1,0,0,0,0,0,0,0,0,0,0
260463,4,1,0,0,0,0,0,0,0,16,0,0
260463,5,1,0,0,0,3,0,0,0,20,0,0
260463,6,1,0,0,0,0,0,0,0,0,0,0
260463,7,1,0,21,0,0,0,0,0,0,0,0
260463,8,1,0,0,0,0,0,0,0,0,0,0
260464,0,1,24,40,3,45,17,14,17,22,34,26
260464,1,1,0,0,0,0,0,0,0,0,0,0
260464,2,1,0,20,21,0,12,23,19,18,0,0
260465,1,1,22,12,17,23,5,20,23,0,19,8
260466,1,1,6,6,6,6,6,6,6,6,6,6
260467,0,1,0,0,0,0,0,0,0,0,0,0
260467,1,1,0,0,23,0,0,0,0,0,11,0
260468,1,1,0,0,0,0,0,0,0,0,0,0
260468,2,1,0,0,0,0,0,0,0,0,0,0
260469,1,1,0,36,0,0,0,0,0,0,0,0
260470,1,1,19,19,19,19,19,19,19,19,19,19
260471,0,1,0,0,0,0,0,0,0,0,0,0
260471,1,1,6,0,0,0,0,0,0,0,18,0
260472,1,1,0,0,0,0,0,0,0,0,0,0
260472,2,1,0,0,0,0,0,0,0,0,0,0
260473,1,1,0,0,0,0,0,0,0,0,0,0
260473,2,1,0,0,0,0,0,0,0,0,0,0
260473,3,1,0,0,0,0,0,0,0,0,0,0
260474,1,1,0,8,0,0,0,0,0,0,0,0
260474,2,1,0,0,0,0,0,0,0,0,0,0
260475,1,1,0,0,0,0,0,0,0,0,0,0
260475,2,1,0,10,0,0,0,0,0,20,0,0
260476,1,1,9,9,9,9,9,9,9,9,9,9
260477,1,1,0,0,0,0,0,0,0,0,0,0
260478,1,1,0,0,0,0,0,0,0,0,0,0
260478,2,1,0,0,0,0,0,0,0,0,0,0
260479,1,1,19,19,19,19,19,19,19,19,19,19
260479,2,1,0,0,0,0,0,0,0,0,0,0
260480,1,1,0,0,0,0,0,0,0,0,0,0
260480,2,1,0,0,0,0,0,0,22,0,7,0
260481,1,1,0,0,0,0,0,0,0,0,0,0
260481,2,1,0,0,0,0,0,0,0,0,0,0
260482,1,1,5,5,5,5,5,5,5,5,5,5
260483,1,1,11,11,11,11,11,11,11,11,11,11
260484,1,1,0,0,0,0,0,0,0,0,0,0
260484,2,1,0,0,0,0,0,0,0,0,0,0
260485,1,1,24,24,24,24,24,24,24,24,24,24
260486,1,1,0,0,0,0,0,0,0,0,0,0
260486,2,1,0,0,0,0,0,0,0,0,0,0
260487,0,1,0,27,0,0,0,0,0,0,0,0
260487,1,1,0,0,0,0,0,0,0,0,0,0
260488,0,1,18,0,0,0,0,0,38,0,0,13
260488,1,1,16,16,16,16,16,16,16,16,16,16
260489,0,1,0,0,0,0,0,0,0,0,0,0
260489,1,1,0,0,0,0,0,0,0,0,0,0
260490,0,1,0,0,0,0,0,0,0,11,0,29
260490,1,1,0,0,0,0,0,0,0,0,0,0
260491,1,1,0,0,0,0,0,19,0,0,0,14
260492,0,1,0,0,0,0,0,0,0,16,0,0
260492,1,1,0,0,0,0,0,0,0,0,0,0
260493,1,1,0,0,0,0,0,0,0,0,0,0
260493,2,1,0,0,0,0,0,0,0,0,0,0
260494,1,1,0,9,0,0,4,0,0,0,15,3
260495,1,1,0,0,0,0,0,0,0,0,0,0
260495,2,1,0,0,0,0,0,0,0,0,0,0
260495,3,1,0,0,0,0,0,0,0,0,0,0
260496,1,1,0,0,0,0,0,0,0,0,0,0
260496,2,1,0,0,0,0,0,0,0,0,0,0