ST_CASE,VEH_NO,PER_NO,P1,P2,P3,P4,P5,P6,P7,P8,P9,P10
260497,1,1,0,0,0,0,0,0,0,0,0,0
260497,2,1,0,0,0,0,0,0,0,0,0,0
260498,1,1,0,0,0,0,0,0,0,0,0,0
260499,1,1,0,0,0,0,0,0,0,0,0,0
260500,1,1,0,0,0,0,0,0,0,0,0,0
260500,2,1,0,0,0,0,0,0,0,0,0,0
260501,0,1,0,0,0,0,0,0,0,0,0,0
260501,1,1,0,0,0,0,0,0,0,0,0,0
260502,1,1,0,0,0,0,0,0,0,0,0,0
260502,2,1,0,0,0,0,0,18,0,0,0,0
260503,1,1,0,0,0,0,0,0,0,0,0,0
260503,2,1,0,0,0,0,0,0,0,0,0,0
260504,1,1,7,7,7,7,7,7,7,7,7,7
260505,1,1,24,24,24,24,24,24,24,24,24,24
260505,2,1,0,0,0,0,0,0,0,0,0,0
260506,1,1,10,10,10,10,10,10,10,10,10,10
260506,2,1,0,0,0,0,0,0,0,0,0,0
260506,3,1,0,0,0,0,0,0,0,0,0,0
260507,1,1,0,0,0,0,0,0,0,0,0,0
260507,2,1,0,0,0,0,0,0,20,0,0,0
260508,0,1,28,28,28,28,28,28,28,28,28,28
260508,1,1,0,0,0,0,0,0,19,0,0,14
260509,1,1,41,41,41,41,41,41,41,41,41,41
260510,1,1,0,0,0,11,0,0,0,0,0,0
260510,2,1,0,0,0,14,0,0,0,10,19,0
260510,3,1,0,0,0,5,14,0,0,0,4,0
260511,0,1,15,0,14,0,22,0,0,20,0,0
260511,1,1,0,11,0,0,0,0,0,0,0,0
260512,1,1,8,8,8,8,8,8,8,8,8,8
260512,2,1,0,0,0,0,0,0,0,0,0,0
260513,1,1,0,0,0,0,0,0,0,0,0,0
260513,2,1,0,0,0,0,0,0,0,0,0,0
260514,1,1,8,8,8,8,8,8,8,8,8,8
260515,1,1,28,11,19,31,0,19,18,4,20,12
260516,1,1,0,0,0,0,0,0,0,0,0,0
260516,2,1,0,0,0,0,0,0,0,0,0,0
260517,1,1,0,0,0,0,0,0,0,0,0,0
260518,1,1,0,0,0,0,0,0,0,0,0,0
260518,2,1,0,0,0,0,0,0,0,0,0,0
260519,1,1,15,15,15,15,15,15,15,15,15,15
260519,2,1,0,0,0,0,0,0,0,0,0,14
260520,1,1,23,23,23,23,23,23,23,23,23,23
260520,2,1,0,0,0,0,0,0,0,0,0,0
260521,1,1,13,13,13,13,13,13,13,13,13,13
260522,1,1,0,0,0,0,0,0,0,0,0,0
260523,1,1,0,0,0,0,0,0,0,0,0,0
260524,1,1,0,0,0,0,0,0,0,10,0,0
260525,0,1,0,0,13,0,23,0,0,7,0,0
260525,1,1,0,0,0,0,0,0,0,0,0,0
260526,1,1,23,23,23,23,23,23,23,23,23,23
260527,1,1,0,0,0,0,0,0,0,0,0,0
260527,2,1,0,0,0,0,39,0,0,0,0,0
260528,1,1,0,0,0,0,0,0,0,0,0,0
260528,2,1,0,0,0,0,0,0,0,0,0,0
260529,1,1,8,8,8,8,8,8,8,8,8,8
260530,1,1,0,0,0,0,0,0,0,0,0,0
260530,2,1,0,0,0,0,0,0,0,0,0,20
260531,1,1,13,13,13,13,13,13,13,13,13,13
260532,0,1,15,31,18,15,26,0,26,22,24,23
260532,1,1,0,0,0,0,0,0,0,0,0,0
260533,1,1,23,23,23,23,23,23,23,23,23,23
260533,2,1,0,0,0,0,5,0,0,33,0,0
260534,1,1,0,0,0,0,0,0,0,0,0,0
260534,2,1,0,0,0,0,0,0,0,0,0,0
260535,1,1,24,8,29,20,0,17,22,26,17,0
260536,0,1,7,23,25,17,20,0,9,0,46,14
260536,1,1,0,0,0,0,0,0,0,0,0,0
260537,1,1,18,18,18,18,18,18,18,18,18,18
260538,1,1,0,0,15,0,0,0,0,0,0,0
260539,1,1,27,27,27,27,27,27,27,27,27,27
260540,1,1,14,0,0,0,0,0,0,0,0,0
260540,2,1,0,0,0,0,0,0,0,0,0,0
260541,1,1,0,0,0,0,0,0,0,0,0,0
260541,2,1,6,6,6,6,6,6,6,6,6,6
260542,0,1,0,21,30,0,0,15,14,18,22,22
260542,1,1,13,13,13,13,13,13,13,13,13,13
260543,0,1,0,0,0,0,0,0,0,0,0,0
260543,1,1,0,0,0,0,0,0,0,0,0,0
260544,0,1,0,0,0,0,0,21,0,0,0,0
260544,1,1,0,0,0,0,0,0,0,0,0,0
260545,1,1,0,0,0,0,0,0,0,0,0,0
260545,2,1,0,0,0,0,0,0,0,0,0,0
260546,0,1,0,0,0,0,18,0,0,0,0,0
260546,1,1,4,3,0,0,0,0,0,12,0,0
260547,1,1,21,0,0,0,20,0,0,0,21,0
260548,0,1,15,20,19,14,47,17,25,29,34,25
260548,1,1,0,0,0,0,0,12,0,0,0,0
260549,1,1,0,0,0,0,0,0,0,0,0,0
260549,2,1,0,0,0,0,0,0,0,0,0,0
260550,0,1,13,0,11,0,0,0,0,0,0,15
260550,1,1,0,0,0,0,0,0,0,0,0,0
260551,1,1,0,0,0,0,0,0,0,0,0,0
260552,1,1,0,0,0,0,0,0,0,0,0,0
260552,2,1,0,0,0,0,0,0,0,0,0,0
260552,3,1,0,0,0,0,0,0,0,0,0,0
260553,1,1,0,0,0,0,0,0,0,0,0,0
260554,1,1,1,1,1,1,1,1,1,1,1,1
260555,1,1,0,0,0,0,0,0,0,18,0,0
260555,2,1,0,0,0,0,0,0,0,0,0,0
260556,0,1,0,0,0,0,0,0,0,0,0,0
260556,1,1,0,0,0,0,0,0,0,0,0,0
260557,0,1,0,0,0,0,0,0,0,0,0,0
260557,1,1,7,7,7,7,7,7,7,7,7,7
260558,0,1,25,11,0,0,0,6,0,0,0,0
260558,0,2,0,0,0,0,0,0,0,0,0,16
260558,1,1,0,0,0,0,0,0,0,0,0,0
260559,1,1,0,0,0,0,0,11,0,0,0,0
260560,0,1,0,17,0,7,24,0,27,0,0,0
260560,1,1,0,8,0,0,0,5,41,0,28,4
260561,1,1,0,0,0,0,0,0,0,0,0,0
260561,2,1,0,0,0,0,0,0,0,0,0,0
260561,3,1,0,32,0,0,0,0,0,0,0,0
260561,4,1,0,0,12,0,0,0,0,0,0,23
260561,5,1,0,0,0,21,0,0,0,0,0,0
260561,6,1,0,0,0,0,0,0,0,20,0,0
260561,7,1,0,0,0,0,0,0,0,0,0,0
260562,0,1,0,0,0,0,0,0,42,0,0,0
260562,0,2,0,0,0,0,0,0,0,0,0,0
260562,1,1,0,0,0,0,0,0,0,0,0,0
260562,2,1,0,0,0,0,0,0,0,0,0,0
260562,3,1,20,0,0,0,0,0,0,0,0,0
260562,4,1,0,0,0,0,0,0,0,0,0,0
260563,0,1,30,0,0,0,0,0,0,0,0,0
260563,1,1,0,0,0,0,0,0,0,0,0,0
260564,0,1,0,17,0,11,0,0,0,0,0,9
260564,0,2,0,0,18,0,9,0,0,0,0,0
260564,1,1,13,10,33,4,24,9,13,18,0,5
260566,1,1,0,0,0,0,0,0,0,0,0,0
260566,2,1,0,0,0,0,0,0,0,0,0,0
260567,1,1,0,0,0,0,0,0,0,0,5,0
260567,2,1,0,0,0,0,11,0,0,0,0,0
260568,0,1,35,33,19,14,0,9,12,4,11,17
260568,1,1,14,14,14,14,14,14,14,14,14,14
260569,1,1,0,0,0,15,0,19,0,20,18,0
260571,0,1,0,0,0,0,0,0,0,0,0,0
260571,1,1,0,0,0,0,0,0,0,0,0,0
260572,0,1,0,0,0,32,0,14,0,15,0,13
260572,1,1,0,0,0,0,0,0,0,0,0,0
260573,1,1,3,3,3,3,3,3,3,3,3,3
260574,0,1,18,25,0,18,0,5,0,13,0,0
260574,1,1,0,0,0,0,0,0,0,0,7,0
260575,0,1,0,0,0,0,0,23,0,0,0,0
260575,1,1,0,0,20,0,0,18,0,0,16,0
260576,1,1,0,0,6,0,0,0,0,0,31,0
260576,2,1,0,0,0,0,0,0,7,0,0,0
260577,1,1,0,0,0,28,0,0,0,18,0,6
260578,0,1,0,0,0,0,0,32,0,0,0,0
260578,1,1,0,0,0,0,0,0,0,0,0,0
260579,1,1,0,0,0,0,0,0,0,0,0,0
260579,2,1,0,0,0,0,0,0,0,0,0,0
260580,1,1,0,0,0,0,23,21,0,0,0,0
260581,0,1,15,0,0,0,0,0,0,0,41,12
260581,1,1,0,0,0,0,0,0,0,0,0,0
260582,1,1,0,0,0,0,0,0,0,0,0,0
260583,1,1,16,0,6,5,5,23,0,1,6,11
260583,2,1,0,0,0,0,0,0,0,18,0,0
260584,1,1,3,3,3,3,3,3,3,3,3,3
260584,2,1,0,0,0,0,0,0,0,13,0,39
260585,1,1,14,21,17,14,11,5,9,9,34,16
260585,2,1,0,0,0,0,0,0,0,0,0,0
260586,1,1,0,0,0,0,0,0,0,0,0,0
260587,1,1,16,16,16,16,16,16,16,16,16,16
260588,1,1,13,13,13,13,13,13,13,13,13,13
260588,2,1,0,0,0,0,0,0,0,0,0,0
260588,3,1,0,0,0,0,0,0,0,0,0,0
260589,1,1,0,0,0,0,0,0,0,0,0,0
260589,2,1,1,1,1,1,1,1,1,1,1,1
260590,1,1,0,0,0,0,0,0,0,0,0,0
260590,2,1,0,0,0,0,0,0,0,0,0,0
260591,1,1,21,28,19,2,15,10,0,22,16,15
260592,1,1,21,21,21,21,21,21,21,21,21,21
260592,2,1,0,0,0,0,0,0,0,13,0,0
260593,1,1,0,0,0,0,0,0,0,0,0,0
260594,0,1,0,0,0,0,0,0,0,19,0,0
260594,1,1,0,0,0,0,0,0,0,16,0,0
260595,0,1,0,13,0,0,0,0,8,0,0,0
260595,1,1,14,0,6,15,22,18,0,11,20,0
260596,1,1,9,9,9,9,9,9,9,9,9,9
260597,1,1,1,1,1,1,1,1,1,1,1,1
260598,1,1,29,29,29,29,29,29,29,29,29,29
260599,0,1,0,0,0,0,0,0,0,0,0,0
260599,1,1,0,0,0,0,12,0,0,0,0,0
260600,1,1,0,0,0,0,0,0,0,0,0,0
260600,2,1,0,0,0,0,0,0,0,0,0,0
260601,0,1,0,0,0,0,0,0,0,0,0,0
260601,1,1,0,0,0,0,0,0,0,0,0,0
260602,0,1,0,0,0,0,0,0,0,0,0,0
260602,0,2,0,0,0,0,0,0,0,0,0,0
260602,1,1,0,0,0,0,0,0,0,0,0,0
260603,1,1,19,0,0,0,4,13,0,2,6,0
260604,1,1,0,0,0,34,0,0,37,0,12,0
260605,1,1,0,15,0,5,0,0,0,0,11,0
260605,2,1,0,0,0,0,0,11,0,0,0,0
260606,0,1,0,0,0,0,0,0,0,0,0,0
260606,1,1,10,0,18,0,0,0,0,0,0,0
260607,1,1,23,23,23,23,23,23,23,23,23,23
260607,2,1,0,5,0,0,0,0,0,0,0,0
260608,1,1,0,0,0,0,0,0,0,0,0,0
260608,2,1,0,0,0,0,0,0,0,0,0,0
260609,1,1,14,0,0,0,0,0,0,0,0,0
260610,1,1,17,17,17,17,17,17,17,17,17,17
260611,1,1,0,20,0,0,0,0,0,0,0,0
260612,1,1,0,0,0,0,0,0,0,0,0,0
260612,2,1,0,0,0,0,0,0,0,0,0,0
260613,0,1,28,28,28,28,28,28,28,28,28,28
260613,1,1,0,4,0,0,0,10,14,0,7,0
260614,1,1,0,0,0,0,0,0,0,0,0,0
260614,2,1,22,22,22,22,22,22,22,22,22,22
260615,0,1,0,0,0,0,0,17,0,0,0,0
260615,1,1,0,0,0,0,0,0,0,0,0,0
260616,1,1,51,51,51,51,51,51,51,51,51,51
260617,1,1,0,0,0,0,0,0,0,0,0,0
260617,2,1,0,0,0,0,0,0,0,0,0,0
260618,1,1,0,0,0,0,0,0,0,0,0,0
260618,2,1,0,0,0,0,0,0,0,0,5,8
260619,1,1,9,9,0,0,0,27,0,0,17,0
260620,0,1,29,29,29,29,29,29,29,29,29,29
260620,1,1,0,0,0,0,0,0,0,0,0,0
260621,0,1,0,0,0,0,20,0,13,0,0,0
260621,1,1,0,0,0,0,0,0,0,0,0,0
260622,1,1,0,0,0,0,0,0,20,0,0,22
260623,0,1,33,33,33,33,33,33,33,33,33,33
260623,1,1,0,0,0,0,0,18,0,0,0,0
260624,1,1,0,0,0,0,0,0,0,0,0,0
260624,2,1,18,4,13,0,22,29,24,12,0,10
260625,1,1,0,0,0,0,0,0,0,0,0,0
260626,1,1,0,0,0,0,0,0,0,0,0,0
260627,0,1,28,28,28,28,28,28,28,28,28,28
260627,1,1,0,0,0,0,0,0,0,0,0,0
260628,1,1,0,0,0,0,0,0,0,0,0,0
260628,2,1,0,0,14,0,0,0,0,20,19,18
260629,1,1,18,18,18,18,18,18,18,18,18,18
260630,0,1,0,0,0,0,0,0,7,0,0,0
260630,1,1,0,0,0,0,0,0,0,0,0,0
260631,1,1,0,0,0,0,0,0,0,0,0,0
260631,2,1,0,0,0,0,0,0,0,0,0,0
260632,1,1,14,14,14,14,14,14,14,14,14,14
260633,1,1,0,0,0,0,0,0,0,0,0,0
260633,2,1,0,0,0,0,0,0,0,0,0,0
260634,1,1,0,0,0,0,0,0,0,0,0,0
260634,2,1,0,0,0,0,0,0,0,0,0,0
260635,1,1,18,18,18,18,18,18,18,18,18,18
260635,2,1,0,0,0,0,0,0,0,0,0,0
260636,1,1,0,0,0,0,0,0,0,0,0,0
260637,1,1,0,0,0,0,0,0,0,0,0,0
260637,2,1,0,0,15,0,0,18,0,0,0,13
260637,3,1,0,0,0,0,0,0,0,0,0,0
260637,4,1,0,0,0,0,0,0,0,0,0,0
260638,1,1,0,0,0,0,0,0,0,0,0,0
260639,0,1,0,0,0,0,0,0,0,0,0,0
260639,1,1,0,0,0,0,0,0,0,0,0,0
260640,1,1,34,34,34,34,34,34,34,34,34,34
260641,1,1,0,25,0,0,0,0,0,0,0,0
260642,1,1,0,0,0,0,0,0,0,0,0,0
260642,2,1,0,0,0,0,0,0,0,0,0,0
260642,3,1,0,0,0,0,0,0,0,0,0,0
260643,1,1,6,6,6,6,6,6,6,6,6,6
260643,2,1,0,0,13,0,0,0,0,0,0,0
260644,1,1,12,16,19,10,13,16,5,8,17,30
260645,1,1,0,0,0,0,0,0,0,0,0,0
260646,1,1,0,0,0,0,0,0,0,0,0,0
260646,2,1,0,0,0,0,0,0,0,0,0,0
260647,1,1,0,0,0,0,0,0,0,0,0,0
260647,2,1,0,0,0,0,0,0,0,0,0,0
260647,3,1,0,0,0,0,0,0,0,0,0,0
260648,1,1,29,21,19,27,31,29,16,17,10,11
260648,2,1,0,0,0,0,0,0,0,0,0,0
260649,1,1,0,0,0,0,0,0,0,0,0,0
260649,2,1,0,0,0,0,0,0,0,0,8,0
260649,3,1,0,0,0,0,0,0,0,0,0,0
260650,1,1,0,0,0,0,0,0,0,0,0,0
260650,2,1,0,0,0,0,0,0,0,0,0,0
260651,0,1,0,33,0,0,0,20,0,0,12,0
260651,1,1,0,0,0,0,0,0,0,0,9,4
260652,0,1,0,0,0,0,0,0,0,0,0,0
260652,1,1,0,0,0,0,0,0,0,0,0,0
260653,1,1,24,8,0,0,19,0,0,8,0,0
260654,1,1,15,0,0,10,0,0,0,0,0,0
260655,1,1,19,19,19,19,19,19,19,19,19,19
260656,0,1,0,0,0,0,0,0,0,0,0,0
260656,1,1,0,0,0,0,0,0,0,0,0,0
260657,1,1,17,17,17,17,17,17,17,17,17,17
260657,2,1,0,0,0,0,0,0,0,0,0,0
260658,1,1,0,0,0,0,0,0,0,0,0,0
260659,1,1,20,20,20,20,20,20,20,20,20,20
260659,2,1,0,0,0,0,0,0,0,0,0,0
260660,1,1,0,0,0,0,0,0,0,0,0,0
260660,2,1,0,0,0,0,0,0,0,0,0,0
260660,3,1,26,0,0,0,0,0,0,10,0,0
260661,0,1,0,0,0,0,0,0,0,0,0,0
260661,1,1,0,0,0,0,0,0,0,0,0,0
260662,1,1,19,19,19,19,19,19,19,19,19,19
260662,2,1,0,0,0,0,0,0,0,0,0,0
260662,3,1,0,18,14,0,0,0,8,0,2,17
260662,4,1,40,0,0,0,8,0,16,0,0,0
260662,5,1,0,0,0,0,0,0,0,0,0,0
260663,1,1,26,26,26,26,26,26,26,26,26,26
260664,1,1,13,13,13,13,13,13,13,13,13,13
260665,1,1,0,0,0,0,0,0,0,0,14,0
260665,2,1,0,0,2,0,0,0,0,0,0,0
260666,1,1,0,0,0,0,0,0,0,0,0,0
260666,2,1,0,0,0,0,0,39,0,0,0,0
260667,1,1,0,0,0,0,0,0,0,23,0,0
260667,2,1,19,19,19,19,19,19,19,19,19,19
260668,1,1,0,0,0,0,0,0,0,0,0,0
260668,2,1,0,0,0,0,0,0,0,0,0,0
260669,1,1,39,32,16,13,29,22,0,24,28,29
260670,0,1,14,14,14,14,14,14,14,14,14,14
260670,1,1,0,0,0,0,0,0,0,0,0,0
260671,1,1,28,28,28,28,28,28,28,28,28,28
260672,1,1,0,0,0,0,0,0,0,0,0,0
260673,1,1,17,17,17,17,17,17,17,17,17,17
260674,1,1,20,20,20,20,20,20,20,20,20,20
260675,1,1,14,14,14,14,14,14,14,14,14,14
260676,1,1,0,0,0,0,0,0,0,0,0,0
260676,2,1,0,0,0,0,0,0,0,0,0,0
260677,1,1,0,0,0,6,27,0,0,0,8,0
260678,1,1,16,16,16,16,16,16,16,16,16,16
260679,1,1,0,0,0,0,0,0,0,0,0,0
260679,2,1,0,0,0,0,0,13,0,0,0,0
260680,1,1,17,17,17,17,17,17,17,17,17,17
260681,0,1,0,0,0,0,0,0,0,0,19,0
260681,2,1,0,0,5,0,0,9,0,9,0,17
260682,1,1,0,0,0,0,0,0,0,0,0,0
260682,2,1,0,0,0,0,0,0,0,0,0,0
260682,3,1,0,0,0,0,0,0,0,0,0,0
260682,4,1,0,0,0,0,0,0,0,0,0,0
260682,5,1,0,0,0,0,0,0,0,0,0,0
260682,6,1,0,0,0,0,0,0,0,0,0,0
260683,1,1,28,28,28,28,28,28,28,28,28,28
260684,0,1,33,25,0,0,0,0,0,0,0,0
260684,1,1,24,24,24,24,24,24,24,24,24,24
260685,0,1,0,0,0,0,11,16,0,0,0,0
260685,1,1,0,0,0,0,0,0,0,0,0,0
260686,1,1,0,0,0,0,0,0,0,0,0,0
260686,2,1,0,0,0,0,0,0,0,0,0,0
260687,1,1,0,0,0,0,0,0,0,0,0,0
260688,1,1,0,0,0,0,0,0,0,0,0,0
260689,1,1,0,0,0,0,0,0,0,0,0,0
260690,1,1,0,0,0,0,0,0,0,0,0,0
260690,2,1,0,0,0,0,0,0,0,0,0,0
260691,1,1,0,0,0,0,0,0,0,0,0,0
260691,2,1,0,0,0,0,0,0,0,0,0,0
260692,1,1,0,0,0,0,0,0,0,0,0,0
260693,1,1,0,0,10,0,0,16,0,0,0,0
260694,1,1,4,4,4,4,4,4,4,4,4,4
260695,1,1,0,0,0,0,0,0,0,0,0,0
260695,2,1,0,0,0,0,0,0,0,0,8,0
260696,1,1,30,30,30,30,30,30,30,30,30,30
260697,0,1,19,0,0,0,0,0,0,0,0,0
260697,1,1,0,0,0,0,0,0,0,0,0,0
260698,1,1,0,0,20,0,0,0,0,0,0,0
260699,0,1,6,6,6,6,6,6,6,6,6,6
260699,0,2,0,0,0,0,0,0,0,0,0,0
260699,1,1,7,7,7,7,7,7,7,7,7,7
260699,2,1,0,0,0,0,0,0,0,26,0,0
260700,1,1,22,22,22,22,22,22,22,22,22,22
260701,1,1,0,0,0,11,23,0,0,0,0,0
260701,2,1,0,0,0,0,0,0,0,0,0,0
260702,1,1,0,0,0,0,0,0,0,0,0,0
260702,2,1,0,0,0,0,0,0,0,0,0,0
260702,3,1,0,0,38,0,0,0,3,0,0,0
260703,1,1,0,0,0,0,0,3,9,0,0,0
260704,1,1,0,0,0,0,0,0,0,0,0,0
260704,2,1,0,0,0,0,0,0,0,0,0,0
260705,0,1,0,0,0,0,0,0,0,0,0,0
260705,1,1,0,0,15,0,0,0,0,0,0,0
260706,1,1,0,0,0,0,0,0,0,0,0,0
260707,1,1,0,0,0,0,0,0,0,0,0,0
260707,2,1,0,0,7,0,0,0,0,0,0,0
260708,0,1,30,30,30,30,30,30,30,30,30,30
260708,1,1,0,0,0,0,0,0,0,0,0,0
260709,1,1,0,0,0,0,0,0,0,0,0,0
260709,2,1,0,0,0,0,0,0,0,0,0,0
260710,1,1,9,10,20,34,7,16,23,28,19,18
260710,2,1,24,24,24,24,24,24,24,24,24,24
260711,1,1,0,0,0,0,0,0,0,0,0,0
260711,2,1,0,0,0,0,0,0,0,0,0,0
260712,1,1,20,14,9,0,19,20,5,13,24,50
260713,1,1,0,0,0,0,0,0,0,0,0,0
260713,2,1,0,0,0,0,7,0,0,0,0,0
260714,1,1,13,13,13,13,13,13,13,13,13,13
260714,2,1,32,23,24,22,27,11,14,33,0,38
260715,0,1,31,0,0,0,0,0,0,0,0,14
260715,1,1,0,0,0,0,0,0,0,0,0,0
260716,1,1,0,0,0,0,0,0,0,0,0,0
260716,2,1,0,0,0,0,0,0,0,0,0,0
260717,0,1,0,26,30,0,0,0,0,0,16,0
260717,0,2,0,0,0,28,0,0,0,0,0,23
260717,1,1,0,0,0,0,0,0,0,0,0,0
260718,1,1,0,0,0,0,0,0,5,0,0,0
260718,2,1,0,0,0,0,0,0,0,0,0,0
260719,0,1,0,0,0,0,0,0,0,0,0,0
260719,1,1,0,0,0,0,0,0,0,0,0,0
260720,1,1,0,0,0,0,0,0,0,0,0,0
260721,0,1,0,0,0,0,0,0,0,0,0,0
260721,1,1,0,0,0,0,0,0,0,0,0,0
260722,1,1,6,0,0,9,22,15,0,14,15,21
260723,1,1,0,0,0,0,0,0,0,0,0,0
260723,2,1,0,0,0,0,0,0,0,0,0,0
260724,0,1,27,27,27,27,27,27,27,27,27,27
260724,1,1,0,0,0,0,0,0,0,0,0,0
260725,0,1,9,9,9,9,9,9,9,9,9,9
260725,1,1,0,0,0,0,0,0,0,0,0,0
260725,2,1,0,0,0,0,0,0,0,0,0,0
260726,1,1,15,15,15,15,15,15,15,15,15,15
260727,1,1,0,0,0,0,0,0,0,0,0,0
260727,2,1,0,0,0,0,0,0,0,0,11,0
260728,1,1,0,0,0,0,0,0,0,0,6,0
260729,1,1,0,0,0,0,0,0,0,0,0,0
260730,1,1,0,0,0,15,35,0,22,7,26,0
260731,1,1,14,14,14,14,14,14,14,14,14,14
260732,1,1,0,0,28,0,0,0,0,0,17,0
260733,1,1,0,0,0,0,0,20,22,0,0,0
260733,2,1,0,0,0,0,21,25,0,0,0,0
260734,0,1,0,0,0,0,0,0,0,0,0,0
260734,1,1,0,0,0,0,0,0,0,0,0,0
260735,0,1,0,27,0,0,0,0,26,0,0,0
260735,1,1,0,0,0,0,0,0,0,0,0,0
260736,0,1,0,0,0,0,0,0,0,0,0,0
260736,1,1,0,0,0,8,0,0,0,13,0,0
260737,1,1,0,0,0,0,0,0,0,0,0,0
260738,1,1,0,0,0,0,0,0,0,0,0,0
260738,2,1,0,0,0,0,0,0,0,0,0,0
260739,1,1,16,16,16,16,16,16,16,16,16,16
260740,1,1,8,13,6,17,12,12,12,15,5,7
260740,2,1,13,7,6,7,12,4,18,18,6,11
260740,3,1,0,0,0,0,0,0,0,0,0,0
260741,1,1,0,0,0,0,0,0,0,0,0,0
260741,2,1,0,0,0,0,0,0,0,0,0,0
260741,3,1,0,0,0,0,0,0,0,0,0,0
260741,4,1,0,0,0,0,0,0,0,0,0,0
260742,1,1,0,0,0,0,0,0,0,0,0,0
260743,0,1,35,31,20,13,0,22,30,17,20,0
260743,1,1,2,2,2,2,2,2,2,2,2,2
260744,0,1,0,0,0,0,0,0,0,0,0,0
260744,1,1,0,0,0,0,0,0,0,0,0,0
260745,1,1,0,0,0,0,0,0,0,0,0,0
260745,2,1,0,0,0,0,0,0,0,0,0,0
260746,0,1,0,0,0,35,0,0,0,0,0,0
260746,1,1,0,0,0,0,0,0,0,0,7,0
260747,0,1,0,0,0,0,0,0,11,0,0,0
260747,1,1,11,11,11,11,11,11,11,11,11,11
260748,1,1,0,0,0,0,0,0,0,0,0,0
260749,1,1,0,0,0,0,0,0,0,0,0,0
260749,2,1,0,0,0,0,0,0,0,0,0,0
260749,3,1,0,0,0,0,0,0,0,0,0,0
260750,1,1,0,0,0,0,0,0,0,0,0,0
260751,1,1,15,12,21,15,11,12,14,0,21,13
260752,0,1,0,0,0,0,0,0,0,0,4,0
260752,0,2,0,0,0,0,0,0,0,0,0,0
260752,1,1,0,0,0,0,0,0,0,0,0,0
260753,1,1,0,0,0,0,0,0,0,0,0,0
260754,1,1,0,0,0,0,0,0,0,0,0,0
260754,2,1,0,0,0,0,0,0,0,0,0,0
260755,1,1,0,0,0,4,0,0,0,10,0,0
260756,0,1,0,37,0,20,34,0,0,0,0,0
260756,1,1,0,0,0,0,0,0,0,0,0,0
260757,0,1,0,0,0,0,0,0,0,0,0,0
260757,1,1,0,0,0,0,0,0,0,0,0,0
260759,1,1,0,0,0,0,0,0,0,0,0,0
260759,2,1,0,0,0,0,0,0,0,0,0,0
260760,1,1,17,17,17,17,17,17,17,17,17,17
260761,1,1,11,11,11,11,11,11,11,11,11,11
260761,2,1,0,0,0,0,0,0,0,0,0,0
260762,1,1,0,18,0,0,0,0,0,0,0,0
260762,2,1,0,0,0,0,0,0,0,0,0,0
260763,1,1,0,0,0,0,0,0,0,0,10,0
260764,0,1,0,11,23,23,0,12,0,36,10,14
260764,1,1,11,18,0,8,29,0,41,25,13,16
260765,1,1,0,0,0,0,0,0,0,0,0,0
260766,1,1,0,11,0,0,0,0,0,36,20,0
260767,1,1,14,14,14,14,14,14,14,14,14,14
260768,1,1,0,0,0,0,0,0,0,13,0,13
260768,2,1,0,0,0,0,0,0,0,0,0,0
260768,3,1,0,0,0,0,0,0,0,0,0,0
260769,0,1,0,0,0,0,0,0,0,0,0,0
260769,1,1,0,0,0,0,0,0,0,0,0,0
260770,1,1,34,18,23,23,0,20,28,11,9,18
260771,1,1,19,13,25,10,0,0,12,22,8,23
260772,0,1,0,0,0,0,0,0,0,0,0,0
260772,1,1,0,0,0,0,0,0,0,0,0,0
260773,0,1,0,0,0,0,0,0,0,0,0,0
260773,1,1,8,8,8,8,8,8,8,8,8,8
260774,1,1,0,0,0,8,14,0,0,0,0,9
260774,2,1,0,0,0,0,10,0,0,0,0,0
260775,1,1,19,19,19,19,19,19,19,19,19,19
260775,2,1,0,0,0,0,17,0,0,0,0,0
260775,3,1,0,0,0,0,0,0,0,0,0,0
260776,1,1,0,0,0,0,0,0,0,19,0,0
260776,2,1,0,0,0,0,0,0,0,0,0,0
260777,1,1,0,0,0,0,0,0,0,0,0,0
260777,2,1,0,0,0,0,0,0,0,0,0,0
260777,3,1,0,0,0,0,0,0,0,13,0,0
260778,1,1,0,0,0,0,0,0,0,0,0,0
260778,2,1,0,0,0,0,0,0,0,0,0,0
260779,1,1,0,0,0,0,0,0,0,0,0,0
260779,2,1,0,0,0,0,0,0,0,0,0,0
260780,1,1,0,29,0,13,0,0,0,34,0,34
260781,1,1,0,0,0,22,0,0,0,0,0,0
260782,1,1,0,0,0,0,0,0,0,0,0,0
260782,2,1,0,8,8,0,0,0,0,0,0,0
260783,1,1,0,0,0,0,0,0,0,0,0,0
260783,2,1,0,0,0,0,0,0,0,0,0,0
260784,1,1,27,27,27,27,27,27,27,27,27,27
260784,2,1,0,0,0,0,0,0,0,0,0,0
260784,3,1,0,0,0,10,7,12,0,0,0,0
260784,4,1,4,0,0,0,0,0,0,11,0,16