ST_CASE,VEH_NO,PER_NO,P1,P2,P3,P4,P5,P6,P7,P8,P9,P10
270118,1,1,19,19,19,19,19,19,19,19,19,19
270119,1,1,4,4,4,4,4,4,4,4,4,4
270119,2,1,0,0,0,0,0,0,0,0,0,0
270119,3,1,0,0,0,0,0,0,0,0,0,0
270120,1,1,0,0,0,0,0,0,0,0,0,0
270120,2,1,0,14,0,0,0,0,0,20,0,0
270121,1,1,0,0,0,0,0,0,0,0,0,0
270121,2,1,0,0,0,0,0,0,0,0,0,0
270122,1,1,0,0,0,0,0,0,0,0,0,0
270122,2,1,19,20,0,2,12,15,0,0,0,0
270123,0,1,0,0,0,0,0,0,0,0,0,0
270123,1,1,17,0,0,0,0,0,0,0,0,14
270124,1,1,0,0,0,0,0,0,0,0,0,0
270125,1,1,3,3,3,3,3,3,3,3,3,3
270126,1,1,0,0,0,0,0,0,0,0,17,0
270126,2,1,0,0,0,0,0,0,0,0,0,0
270127,1,1,0,0,0,0,0,0,0,0,0,0
270128,1,1,0,0,0,0,0,0,0,0,0,0
270128,2,1,0,0,0,0,0,0,0,0,0,0
270129,1,1,17,17,17,17,17,17,17,17,17,17
270130,1,1,0,0,0,0,0,0,0,0,0,0
270130,2,1,0,0,25,0,0,0,0,0,12,0
270131,1,1,0,0,0,0,0,0,0,0,0,0
270132,1,1,1,1,1,1,1,1,1,1,1,1
270133,1,1,17,17,17,17,17,17,17,17,17,17
270134,1,1,25,25,25,25,25,25,25,25,25,25
270135,1,1,0,0,0,0,0,0,0,0,0,0
270135,2,1,0,0,0,0,0,0,0,0,0,0
270136,0,1,0,0,0,0,0,0,0,0,0,0
270136,1,1,0,0,0,0,0,0,0,0,0,0
270137,1,1,16,16,16,16,16,16,16,16,16,16
270138,1,1,0,0,0,0,0,0,0,0,0,0
270138,2,1,3,3,3,3,3,3,3,3,3,3
270138,3,1,8,0,0,0,0,0,0,0,4,10
270138,4,1,0,14,0,0,0,0,0,0,0,0
270139,1,1,24,24,24,24,24,24,24,24,24,24
270140,1,1,0,0,0,0,0,0,0,0,0,0
270141,0,1,34,34,34,34,34,34,34,34,34,34
270141,1,1,0,0,0,31,17,27,0,0,0,27
270142,1,1,24,24,24,24,24,24,24,24,24,24
270143,1,1,0,0,0,0,0,0,0,0,0,0
270143,2,1,0,0,0,0,0,9,0,0,0,0
270144,1,1,24,24,24,24,24,24,24,24,24,24
270145,1,1,0,0,0,0,0,0,0,0,0,0
270146,1,1,25,25,25,25,25,25,25,25,25,25
270147,1,1,17,17,17,17,17,17,17,17,17,17
270148,1,1,0,0,0,0,0,0,0,0,0,0
270149,1,1,1,1,1,1,1,1,1,1,1,1
270149,2,1,0,0,0,0,0,0,0,0,0,0
270150,1,1,0,0,15,0,0,0,0,0,0,0
270150,2,1,0,0,0,0,0,0,0,0,0,0
270151,1,1,0,0,0,0,0,0,0,0,0,0
270152,1,1,23,23,23,23,23,23,23,23,23,23
270153,1,1,1,1,1,1,1,1,1,1,1,1
270154,1,1,0,0,0,0,0,0,0,0,0,0
270154,2,1,0,0,0,0,0,0,0,0,0,0
270155,1,1,18,18,18,18,18,18,18,18,18,18
270155,2,1,0,18,0,0,0,0,0,0,0,0
270156,1,1,0,0,0,0,0,0,0,0,0,0
270157,1,1,0,0,0,0,0,0,0,0,0,0
270157,2,1,0,0,0,0,0,0,0,0,0,0
270158,1,1,1,1,1,1,1,1,1,1,1,1
270159,1,1,14,14,14,14,14,14,14,14,14,14
270160,1,1,20,20,20,20,20,20,20,20,20,20
270161,1,1,0,0,0,0,0,0,0,0,0,0
270162,0,1,0,0,0,0,0,0,0,0,0,0
270162,1,1,0,0,0,0,0,0,0,0,0,0
270163,1,1,0,6,0,0,0,0,19,5,0,0
270164,1,1,5,5,5,5,5,5,5,5,5,5
270165,1,1,34,34,34,34,34,34,34,34,34,34
270166,1,1,18,18,18,18,18,18,18,18,18,18
270167,1,1,0,0,0,0,0,0,0,0,0,0
270168,1,1,21,21,21,21,21,21,21,21,21,21
270168,2,1,0,0,0,0,0,0,0,0,0,0
270169,1,1,0,0,0,0,0,0,0,0,0,0
270170,0,1,41,41,41,41,41,41,41,41,41,41
270170,1,1,0,0,0,0,0,0,0,0,0,0
270171,1,1,0,0,20,0,0,0,0,0,0,0
270171,2,1,0,0,0,0,0,0,0,0,0,0
270172,1,1,0,0,0,0,0,0,0,0,0,0
270172,2,1,0,0,0,0,0,0,0,0,0,0
270173,1,1,0,0,0,0,0,0,0,0,0,0
270174,1,1,0,0,0,0,0,0,0,21,0,0
270174,2,1,0,0,0,0,0,0,0,0,0,0
270175,1,1,14,14,14,14,14,14,14,14,14,14
270176,0,1,0,0,0,0,0,0,0,0,0,0
270176,2,1,0,11,0,15,0,0,0,0,0,0
270177,1,1,0,0,0,0,0,0,0,0,0,0
270178,1,1,0,0,0,0,0,0,0,0,0,0
270178,2,1,0,0,0,0,0,0,0,0,0,0
270179,1,1,0,0,0,0,0,0,0,0,0,0
270179,2,1,0,0,0,0,0,0,0,0,0,0
270180,0,1,0,0,0,0,0,0,0,0,0,0
270180,1,1,0,0,0,0,0,0,0,0,0,0
270181,1,1,6,0,25,0,0,0,0,0,0,0
270182,1,1,0,0,0,0,0,0,0,0,0,0
270182,2,1,0,0,0,0,0,0,0,0,0,0
270183,1,1,0,0,0,0,0,0,0,0,0,0
270183,2,1,0,0,0,0,0,0,0,0,0,0
270184,1,1,6,6,6,6,6,6,6,6,6,6
270184,2,1,0,0,0,0,0,0,0,23,0,0
270185,1,1,13,13,13,13,13,13,13,13,13,13
270186,1,1,0,0,0,0,0,0,0,0,0,0
270186,2,1,0,0,0,20,0,0,0,0,0,0
270187,1,1,3,3,3,3,3,3,3,3,3,3
270187,2,1,0,0,0,0,0,0,18,0,0,0
270188,1,1,0,0,0,0,0,0,0,0,0,0
270188,2,1,0,0,0,0,0,0,0,0,0,0
270189,0,1,0,0,0,0,0,0,0,0,0,0
270189,1,1,0,0,0,0,0,0,0,0,0,0
270190,1,1,15,0,5,13,11,7,4,0,2,0
270190,2,1,0,0,0,0,0,0,0,0,0,0
270191,1,1,14,14,14,14,14,14,14,14,14,14
270192,1,1,0,0,0,0,0,0,0,0,0,0
270192,2,1,0,0,0,0,0,0,0,0,0,0
270193,1,1,0,0,0,0,0,0,0,0,0,0
270193,2,1,0,0,0,0,0,0,0,0,0,0
270194,1,1,0,0,0,0,0,0,0,0,0,0
270194,2,1,0,0,0,0,0,0,0,0,0,0
270195,1,1,23,23,23,23,23,23,23,23,23,23
270195,2,1,17,17,17,17,17,17,17,17,17,17
270196,1,1,0,0,0,0,0,0,0,0,0,0
270196,2,1,0,0,0,0,0,0,0,0,0,0
270197,1,1,0,0,0,0,0,0,10,0,0,0
270197,2,1,8,8,8,8,8,8,8,8,8,8
270198,0,1,0,0,0,0,0,0,0,0,0,0
270198,1,1,0,0,0,0,0,0,0,0,0,0
270199,1,1,0,0,0,0,0,0,7,0,0,0
270199,2,1,0,0,0,0,0,0,0,0,0,0
270200,1,1,30,0,19,0,0,0,0,0,0,16
270201,1,1,45,45,45,45,45,45,45,45,45,45
270201,2,1,0,0,0,0,0,0,0,0,0,16
270202,0,1,0,0,0,0,0,0,0,0,0,0
270202,1,1,0,0,0,0,0,0,0,0,0,0
270203,1,1,5,0,0,0,0,0,0,0,0,0
270203,2,1,0,0,0,0,0,0,0,0,0,0
270204,1,1,0,0,0,0,0,0,0,0,0,0
270205,1,1,0,0,0,0,0,0,0,0,0,0
270205,2,1,0,0,0,0,0,0,0,0,0,0
270206,1,1,0,0,0,0,0,0,0,0,0,0
270206,2,1,0,0,0,0,0,0,0,0,0,0
270207,1,1,21,21,21,21,21,21,21,21,21,21
270207,2,1,0,0,0,0,0,0,0,0,0,0
270208,0,1,0,0,0,0,0,0,0,0,0,0
270208,1,1,0,0,0,0,0,0,0,0,0,0
270209,1,1,0,0,0,0,0,4,0,0,0,0
270210,1,1,0,0,0,0,0,0,0,0,0,0
270210,2,1,0,0,0,0,0,0,0,0,0,0
270211,1,1,0,0,0,0,0,0,0,0,0,0
270212,1,1,0,0,0,0,0,0,0,0,0,0
270212,2,1,7,7,7,7,7,7,7,7,7,7
270213,1,1,0,0,0,0,0,0,0,0,0,0
270213,2,1,0,0,0,0,0,0,0,0,0,36
270214,1,1,0,0,0,0,0,0,0,0,0,0
270214,2,1,18,18,18,18,18,18,18,18,18,18
270215,1,1,8,8,8,8,8,8,8,8,8,8
270216,1,1,20,20,20,20,20,20,20,20,20,20
270217,1,1,0,0,0,0,0,0,0,0,0,0
270217,2,1,0,0,0,0,0,0,13,0,0,0
270218,1,1,0,0,0,31,0,0,0,0,21,0
270218,2,1,0,0,0,0,0,0,0,0,0,0
270219,1,1,0,0,21,0,13,3,20,12,0,16
270219,2,1,0,0,0,0,0,0,0,0,0,0
270220,1,1,0,0,0,0,0,0,0,0,0,0
270220,2,1,4,4,4,4,4,4,4,4,4,4
270221,1,1,0,0,0,0,0,0,0,0,0,0
270221,2,1,2,2,2,2,2,2,2,2,2,2
270221,3,1,0,0,0,0,19,0,0,0,0,0
270221,4,1,0,0,0,0,0,0,0,0,0,0
270222,1,1,0,0,0,0,0,0,0,0,0,0
270222,2,1,0,0,0,0,0,0,0,0,0,0
270223,1,1,0,0,0,0,0,0,0,0,0,0
270223,2,1,0,0,0,0,0,0,0,0,0,0
270224,1,1,9,9,9,9,9,9,9,9,9,9
270224,2,1,0,0,0,0,0,0,0,0,0,0
270225,1,1,0,0,0,0,0,0,0,0,0,0
270226,1,1,0,0,0,0,0,11,0,0,16,17
270227,1,2,16,3,0,0,0,3,0,0,14,18
270228,1,1,33,33,33,33,33,33,33,33,33,33
270229,1,1,8,8,8,8,8,8,8,8,8,8
270230,1,1,0,0,0,0,0,0,0,0,0,0
270230,2,1,0,0,0,0,0,0,0,0,0,0
270231,1,1,29,29,29,29,29,29,29,29,29,29
270232,1,1,0,0,0,0,0,0,0,0,0,0
270232,2,1,0,0,0,0,0,0,0,0,0,0
270233,1,1,20,20,20,20,20,20,20,20,20,20
270234,1,1,0,0,0,0,0,0,0,0,0,0
270235,1,1,0,0,0,0,0,0,0,0,0,0
270235,2,1,0,0,0,0,0,0,0,0,0,0
270236,1,1,0,0,0,0,0,0,0,0,0,0
270236,2,1,0,0,0,0,0,0,0,0,0,0
270237,0,1,0,0,0,0,0,0,0,0,0,0
270237,1,1,0,0,0,0,0,0,0,0,0,0
270237,2,1,6,0,0,0,0,0,10,23,0,0
270238,1,1,0,0,0,0,0,0,0,0,0,0
270238,2,1,0,0,0,0,0,0,0,0,0,0
270239,1,1,0,0,0,0,0,0,0,0,0,0
270239,2,1,0,0,0,0,0,0,0,0,0,0
270240,1,1,0,0,0,0,0,0,0,0,0,0
270240,2,1,0,0,0,0,0,0,0,0,0,3
270240,3,1,0,0,0,0,0,0,0,0,0,0
270241,1,1,0,0,0,0,0,0,0,0,0,0
270241,2,1,12,12,12,12,12,12,12,12,12,12
270242,1,1,0,0,0,0,0,0,0,0,0,0
270242,2,1,0,0,0,0,0,0,0,0,0,0
270243,1,1,18,18,18,18,18,18,18,18,18,18
270244,1,1,0,0,0,0,0,0,0,0,0,0
270244,2,1,0,0,0,0,0,0,13,0,0,0
270245,1,1,11,11,11,11,11,11,11,11,11,11
270246,1,1,26,26,26,26,26,26,26,26,26,26
270246,2,1,17,17,17,17,17,17,17,17,17,17
270247,0,1,0,0,0,0,0,0,0,0,0,0
270247,1,1,0,14,0,0,0,0,13,24,0,0
270248,0,1,0,0,0,0,0,0,0,0,0,0
270248,1,1,16,0,15,0,20,16,0,0,0,0
270249,1,1,19,19,19,19,19,19,19,19,19,19
270250,1,1,0,0,0,0,0,0,0,0,0,0
270250,2,1,0,0,0,0,0,0,0,0,0,0
270251,1,1,22,0,0,0,0,0,0,0,0,0
270251,2,1,0,0,0,0,0,0,0,0,0,0
270252,0,1,23,23,23,23,23,23,23,23,23,23
270252,1,1,0,0,0,0,0,0,0,0,0,0
270253,0,1,8,0,0,0,0,0,0,0,0,0
270253,1,1,0,0,0,0,0,0,0,0,0,0
270254,1,1,0,0,0,0,0,0,0,0,0,0
270255,0,1,0,0,0,0,0,0,0,0,0,0
270255,1,1,0,0,0,0,0,0,0,0,0,0
270256,0,1,21,21,21,21,21,21,21,21,21,21
270256,1,1,4,4,4,4,4,4,4,4,4,4
270257,1,1,0,0,4,0,0,0,0,0,0,0
270258,1,1,0,0,0,0,0,0,0,0,0,0
270259,1,1,0,0,0,0,0,0,0,0,0,0
270259,2,1,0,0,0,0,0,0,0,0,0,0
270260,1,1,21,21,21,21,21,21,21,21,21,21
270261,1,1,0,0,0,0,14,0,0,0,0,0
270261,2,1,0,0,0,0,0,0,0,0,0,0
270262,1,1,0,0,0,0,0,0,0,0,0,0
270262,2,1,14,0,0,21,0,0,15,0,0,0
270263,1,1,0,0,0,0,0,0,0,0,0,0
270263,2,1,0,0,0,0,0,0,0,0,0,0
270264,0,1,32,32,32,32,32,32,32,32,32,32
270264,1,1,0,0,0,0,0,0,0,0,0,0
270264,2,1,0,0,0,0,0,0,0,0,0,0
270266,1,2,0,9,0,0,0,0,12,0,0,0
270267,1,1,0,0,0,0,0,0,0,0,0,0
270267,2,1,0,0,0,0,0,0,0,0,0,0
270268,1,1,0,0,0,0,0,0,0,0,0,0
270268,2,1,0,0,0,0,0,0,0,0,0,0
270268,3,1,0,0,0,0,0,0,0,0,0,0
270269,1,1,18,18,18,18,18,18,18,18,18,18
270270,0,1,17,17,17,17,17,17,17,17,17,17
270270,1,1,0,0,0,0,0,0,0,0,0,0
270271,0,1,0,0,0,0,0,0,0,0,0,0
270271,1,1,0,0,17,0,0,0,0,0,0,0
270272,0,1,0,0,0,0,0,0,0,0,0,0
270272,1,1,0,0,0,0,0,0,0,0,0,0
270273,1,1,3,3,3,3,3,3,3,3,3,3
270274,1,1,0,0,0,0,0,0,0,0,0,0
270274,2,1,0,0,0,0,0,0,0,0,0,0
270275,1,1,0,0,0,0,0,0,0,0,0,0
270275,2,1,0,0,0,0,0,0,0,0,0,0
270276,0,1,0,0,0,0,0,0,0,0,0,0
270276,1,1,0,0,0,0,0,0,0,0,0,0
270277,1,1,16,0,0,0,0,25,0,0,0,0
270277,2,1,0,0,0,0,0,0,17,0,0,0
270278,1,1,15,0,0,0,0,0,0,0,8,0
270278,2,1,17,17,17,17,17,17,17,17,17,17
270279,1,1,24,24,24,24,24,24,24,24,24,24
270280,1,1,0,0,0,0,0,0,0,0,0,0
270281,1,1,0,0,0,0,0,0,0,0,0,0
270282,1,1,0,0,0,0,0,0,0,0,0,0
270282,2,1,0,0,0,0,0,0,0,0,0,0
270282,3,1,0,0,0,0,0,0,0,0,0,0
270283,1,1,0,0,0,0,0,0,0,0,0,0
270283,2,1,17,17,17,17,17,17,17,17,17,17
270284,1,1,0,0,0,0,0,0,0,0,0,0
270284,2,1,0,0,0,0,0,0,0,0,0,0
270285,1,1,0,0,0,0,0,0,0,0,0,0
270285,2,1,0,0,0,0,0,0,0,0,0,0
270286,1,1,31,31,31,31,31,31,31,31,31,31
270287,1,1,17,17,17,17,17,17,17,17,17,17
270288,0,1,0,0,0,0,0,29,23,0,32,0
270288,1,1,0,0,0,0,0,0,0,0,0,0
270289,1,1,0,0,0,0,0,0,0,0,5,0
270289,2,1,0,0,0,0,0,0,0,0,0,0
270291,1,1,11,11,11,11,11,11,11,11,11,11
270291,2,1,21,0,0,0,6,0,0,0,0,0
270292,1,1,0,28,0,0,0,0,0,0,0,0
270292,2,1,0,0,0,0,0,0,8,0,0,0
270293,1,1,0,0,0,0,0,0,0,0,0,0
270293,2,1,0,0,0,0,0,0,0,0,0,0
270294,1,1,0,0,0,0,0,0,0,0,0,0
270294,2,1,0,0,0,0,30,0,0,0,0,0
270294,3,1,0,0,0,0,0,0,0,0,0,0
270295,0,1,0,0,0,0,0,0,0,0,0,0
270295,1,1,0,11,9,0,0,11,16,0,0,0
270296,1,1,0,0,0,0,0,0,0,0,0,0
270296,2,1,0,0,0,0,0,0,0,0,0,0
270297,1,1,10,0,0,0,0,0,0,0,0,0
270297,2,1,0,0,0,0,0,0,0,0,0,0
270298,1,1,0,0,0,0,0,0,0,0,0,0
270299,0,1,0,0,0,0,0,0,0,0,0,0
270299,1,1,0,0,0,0,0,0,0,0,0,0
270300,1,1,0,0,0,0,0,0,0,0,0,0
270300,2,1,0,0,0,0,0,0,6,0,0,0
270301,1,1,0,0,0,0,0,0,0,0,0,0
270302,1,1,18,18,18,18,18,18,18,18,18,18
270303,1,1,0,0,0,0,0,0,0,0,0,0
270304,1,1,0,0,0,0,0,0,0,0,0,0
270304,2,1,0,0,0,0,0,0,0,0,0,0
270305,1,1,0,0,0,0,0,0,0,0,0,0
270305,2,1,13,0,0,0,26,0,0,0,0,0
270306,1,1,0,0,0,0,0,0,0,0,0,0
270306,2,1,0,0,0,0,0,0,0,0,0,0
270306,3,1,0,0,0,0,14,0,0,0,0,0
270307,1,1,13,13,13,13,13,13,13,13,13,13
270307,2,1,0,0,0,0,0,0,0,0,0,0
270308,0,1,15,15,15,15,15,15,15,15,15,15
270308,1,1,18,0,0,0,0,0,0,0,0,0
270309,1,1,0,0,0,0,0,0,0,0,0,0
270309,2,1,0,0,0,0,0,0,0,0,0,0
270310,1,1,0,0,0,0,0,0,0,0,0,0
270310,2,1,0,0,0,0,0,0,3,0,0,0
270311,1,1,0,0,0,0,0,0,0,0,0,0
270311,2,1,7,7,7,7,7,7,7,7,7,7
270312,0,1,12,0,24,0,0,9,7,20,13,0
270312,1,1,0,0,0,0,3,0,16,0,17,0
270313,0,1,0,0,0,0,0,0,0,0,0,0
270313,1,1,0,0,0,0,3,0,0,0,0,3
270314,0,1,0,0,0,0,0,0,0,0,0,0
270314,1,1,0,0,0,0,0,0,0,0,0,0
270315,1,1,0,0,0,0,0,0,0,0,0,0
270316,1,1,0,0,0,0,0,0,0,21,0,0
270316,2,1,9,4,15,0,6,7,21,13,19,21
270317,0,1,0,0,0,0,0,0,0,0,0,0
270317,1,1,0,0,33,0,11,11,0,18,12,10
270318,0,1,0,0,0,0,0,0,0,0,0,0
270318,1,1,0,0,0,0,0,0,0,0,0,0
270319,0,1,0,0,0,0,0,0,0,0,0,0
270319,2,1,0,0,0,0,0,0,0,0,0,0
270320,1,1,0,0,0,0,0,0,0,0,0,0
270321,1,1,0,0,0,0,0,0,0,0,0,0
270321,2,1,0,0,0,0,0,0,0,0,0,0
270321,3,1,7,0,0,0,0,0,0,0,0,0
270322,1,1,5,5,5,5,5,5,5,5,5,5
270322,2,1,0,0,0,0,0,0,0,0,0,0
270323,1,1,28,28,28,28,28,28,28,28,28,28
270324,1,1,0,0,0,0,0,0,0,0,0,0
270324,2,1,19,19,19,19,19,19,19,19,19,19
270325,1,1,0,0,0,0,0,0,0,0,0,0
270325,2,1,0,0,0,0,0,0,0,0,0,0
270325,3,1,0,22,0,0,0,0,0,0,0,0
270326,1,1,0,0,0,0,0,0,0,0,0,0
270327,1,1,0,0,0,0,0,0,0,0,0,0
270328,0,1,36,36,36,36,36,36,36,36,36,36
270328,1,1,0,0,0,0,0,0,0,0,0,0
270329,1,1,11,11,11,11,11,11,11,11,11,11
270330,1,1,0,0,0,0,0,0,0,0,0,0
270330,2,1,0,0,0,0,0,0,0,0,0,0
270331,1,1,0,0,0,0,0,0,0,0,0,0
270331,2,1,0,0,0,0,0,0,0,0,0,0
270332,1,1,0,0,0,0,0,0,0,0,0,0
270333,1,1,0,0,0,0,0,0,0,0,0,0
270333,2,1,0,0,0,0,0,0,0,0,0,0
270334,1,1,0,0,0,0,0,0,0,0,0,0
270334,2,1,0,0,0,0,0,7,0,0,0,0
270335,0,1,29,29,29,29,29,29,29,29,29,29
270335,1,1,0,0,0,0,0,0,0,0,0,0
270336,1,1,22,22,22,22,22,22,22,22,22,22
270337,1,1,0,0,0,0,0,0,0,0,0,0
270337,2,1,2,0,0,0,0,0,0,0,0,0
270338,1,1,0,0,0,0,0,0,0,0,0,0
270338,2,1,0,0,0,0,0,0,0,0,0,0
270339,1,1,0,0,0,0,0,0,0,0,0,0
270340,1,1,19,19,19,19,19,19,19,19,19,19
270341,1,1,0,0,0,0,0,0,0,0,0,0
270341,2,1,0,0,0,0,0,0,0,0,0,31
270342,1,1,0,0,0,0,0,0,0,0,0,0
270342,2,1,0,0,0,0,0,8,0,0,0,0
270343,1,1,0,0,0,0,0,0,0,0,0,0
270343,2,1,0,0,0,0,0,0,0,0,0,0
270344,0,1,0,0,0,0,0,0,0,0,0,0
270344,1,1,0,0,0,0,0,0,0,0,0,0
270345,1,1,0,0,0,0,0,0,0,0,0,0
270346,1,1,7,7,7,7,7,7,7,7,7,7
270347,1,1,0,0,0,0,0,0,0,0,0,0
270347,2,1,0,0,0,0,0,0,0,0,0,0
270348,1,1,0,0,0,0,0,0,0,0,0,0
270348,2,1,0,0,0,0,0,0,0,0,0,0
270349,1,1,0,0,0,0,0,0,0,0,0,0
270351,1,1,0,0,0,0,0,0,0,0,0,0
270352,1,1,0,0,0,0,0,0,0,0,0,0
270352,2,1,0,0,0,0,0,0,0,0,0,0
270353,1,1,0,0,0,0,0,0,0,0,0,0
270353,2,1,0,0,0,0,0,0,0,0,0,14
270354,1,1,0,0,0,0,0,0,0,0,0,0
270354,2,1,0,0,0,0,0,0,0,0,0,0
270355,1,1,15,0,0,0,22,0,0,0,0,0
270356,1,1,0,0,0,0,0,0,0,0,0,0
270357,1,1,0,0,0,0,0,0,0,0,0,0
270358,1,1,0,0,0,0,0,0,0,0,0,0
270358,2,1,0,0,0,0,0,0,18,0,0,0
270358,3,1,0,0,0,0,0,0,0,0,0,0
270359,1,1,0,0,0,0,0,0,0,0,0,0
270359,2,1,0,0,0,0,0,0,0,0,0,0
270360,0,1,0,0,0,0,0,0,0,0,0,0
270360,1,1,0,0,0,0,0,0,0,0,0,24
270361,1,1,0,0,0,0,0,0,0,0,0,0
270362,0,1,0,0,0,0,0,0,0,0,0,0
270362,1,1,0,0,0,0,0,0,0,0,0,0
270363,1,1,0,0,0,0,0,0,0,0,0,0
270364,1,1,26,26,26,26,26,26,26,26,26,26
270365,0,1,0,0,0,0,0,0,0,0,0,0
270365,1,1,0,0,0,0,0,0,0,0,0,0
270366,1,1,21,21,21,21,21,21,21,21,21,21
270367,1,1,8,8,8,8,8,8,8,8,8,8
270368,1,1,0,0,0,0,0,0,0,0,0,0
270368,2,1,0,0,0,0,0,0,0,0,0,0
270369,1,1,0,0,0,0,0,0,0,0,0,0
270370,1,1,0,0,0,21,0,0,30,0,0,23
270371,1,1,0,0,0,0,0,0,0,0,0,0
270371,2,1,0,0,0,0,0,0,0,0,0,0
270372,1,1,23,23,23,23,23,23,23,23,23,23
270373,1,1,0,0,0,0,0,0,0,0,0,0
270373,2,1,0,0,0,0,0,0,0,0,0,0
270374,1,1,15,15,15,15,15,15,15,15,15,15
270375,1,1,0,0,0,0,0,0,0,0,0,0
270375,2,1,0,0,0,0,0,0,0,0,0,0
270376,1,1,0,0,0,0,0,0,0,0,0,0
270377,1,1,0,0,0,0,0,0,0,0,0,0
270377,2,1,11,23,2,0,0,15,0,17,0,0
270378,0,1,21,21,21,21,21,21,21,21,21,21
270378,1,1,0,0,0,0,0,0,0,5,0,0
270379,1,1,7,0,0,0,0,0,5,0,0,0
270379,2,1,0,0,0,0,0,0,0,0,0,0
270380,1,1,0,0,0,0,0,0,0,0,0,0
270380,2,1,0,0,0,0,0,0,0,0,0,0
270380,3,1,0,0,15,0,0,0,0,0,0,0
270381,1,1,0,4,0,0,0,0,0,0,13,0
270382,1,1,17,21,0,0,0,0,0,0,0,0
280001,0,1,37,37,37,37,37,37,37,37,37,37
280001,1,1,0,0,0,0,0,0,0,0,0,0
280002,1,1,0,0,0,0,0,0,0,0,0,0
280002,2,1,29,17,13,19,14,19,6,5,11,17
280003,1,1,24,24,24,24,24,24,24,24,24,24
280004,1,1,9,9,9,9,9,9,9,9,9,9
280004,2,1,0,16,0,7,0,11,0,0,0,0
280005,1,1,0,22,15,0,0,22,12,15,6,12
280005,2,1,19,0,21,9,0,0,0,0,0,0
280006,1,1,0,0,7,0,0,0,0,0,0,0
280006,2,1,0,0,0,0,0,0,0,0,0,0
280007,1,1,0,0,0,0,0,0,0,0,0,0
280007,2,1,4,4,4,4,4,4,4,4,4,4
280008,1,1,0,0,0,0,0,0,0,0,0,0
280009,1,1,0,0,0,0,0,0,0,27,6,0
280010,1,1,4,0,0,22,26,35,0,32,24,15
280011,1,1,0,0,0,0,0,0,0,0,0,0
280011,2,1,0,0,0,0,0,0,0,0,0,0
280011,3,1,7,7,7,7,7,7,7,7,7,7
280012,1,1,0,0,10,0,0,0,0,0,0,28
280012,2,1,0,0,0,0,0,0,0,0,0,0
280013,1,1,0,27,0,0,8,0,36,0,0,0
280014,1,1,0,0,0,0,0,0,0,0,0,0
280015,1,1,0,0,23,0,0,0,0,0,0,0
280016,1,1,17,17,17,17,17,17,17,17,17,17
280017,1,1,0,0,18,0,0,0,0,0,0,0
280018,1,1,0,0,12,0,0,8,0,0,0,0
280019,1,1,15,9,21,25,0,0,0,30,0,0
280020,0,1,0,0,0,0,0,0,0,0,0,0
280020,1,1,0,0,0,0,0,0,0,0,0,0
280021,1,1,0,0,0,0,0,0,0,0,0,0
280021,2,1,0,0,0,0,0,0,0,0,0,0
280021,3,1,0,0,0,0,0,0,0,0,0,0
280021,4,1,0,0,0,0,0,0,0,0,0,0
280022,0,1,0,0,0,0,0,0,0,0,0,0
280022,1,1,0,0,0,0,0,0,0,0,0,0
280023,1,1,0,0,0,0,0,0,0,0,0,0
280023,2,1,0,0,0,0,0,0,0,0,0,0
280024,1,1,31,31,31,31,31,31,31,31,31,31
280025,1,1,0,0,0,0,0,0,0,0,0,0
280025,2,1,0,0,0,0,0,0,0,0,0,0
280025,3,1,0,0,0,0,0,0,0,0,0,0
280026,1,1,31,31,31,31,31,31,31,31,31,31
280027,1,1,0,0,23,29,7,22,13,18,17,14
280028,0,1,0,0,0,0,0,0,0,0,0,0
280028,1,1,0,0,0,0,0,19,10,0,0,0
280029,1,1,0,24,0,6,0,0,0,0,0,0
280029,2,1,0,0,0,0,0,0,0,0,0,0
280030,1,1,0,0,0,0,0,0,0,0,0,0
280030,2,1,0,0,0,0,0,0,0,0,0,0
280030,3,1,0,0,0,0,0,0,0,0,0,0
280031,1,1,0,0,0,0,0,0,0,0,0,0
280031,2,1,0,0,0,0,0,0,0,0,0,0
280032,1,1,0,0,0,0,0,0,0,0,0,0
280032,2,1,0,0,0,0,0,0,0,0,0,0
280033,1,1,0,0,0,0,0,0,0,0,0,0
280034,1,1,0,0,0,0,0,0,0,0,0,0
280035,1,1,0,0,0,0,0,0,0,0,0,0
280035,2,1,0,0,0,0,0,0,0,0,0,0
280036,1,1,0,10,0,0,23,11,0,0,0,0
280037,1,1,0,0,0,0,0,0,0,0,0,0
280037,2,1,4,0,0,0,24,0,0,0,13,0
280038,1,1,0,0,0,0,0,0,0,0,0,0
280038,2,1,0,0,0,0,0,0,0,0,0,0
280039,1,1,5,0,0,0,7,0,0,0,0,15
280040,1,1,0,0,0,0,0,13,11,0,6,0
280040,2,1,0,7,0,0,0,0,0,0,22,0
280041,1,1,0,0,0,0,0,0,0,0,0,0
280042,1,1,30,30,30,30,30,30,30,30,30,30
280043,1,1,0,0,2,17,0,0,14,0,0,0
280044,1,1,0,0,0,0,0,0,0,0,0,0
280045,1,1,0,0,0,0,0,0,0,0,0,0