ST_CASE,VEH_NO,PER_NO,P1,P2,P3,P4,P5,P6,P7,P8,P9,P10
280045,2,1,0,0,0,0,0,0,0,0,0,0
280046,1,1,19,19,19,19,19,19,19,19,19,19
280046,2,1,0,0,0,0,0,0,0,0,0,0
280047,1,1,0,0,0,0,0,0,0,0,0,0
280048,1,1,0,0,0,0,0,0,0,0,0,0
280048,2,1,0,0,0,0,0,0,0,0,0,0
280049,1,1,14,0,0,0,0,0,0,0,0,0
280049,2,1,0,0,0,0,0,0,0,0,0,0
280050,1,1,39,0,0,0,6,15,10,0,6,22
280051,1,1,0,0,0,0,0,0,0,0,0,0
280052,0,1,0,15,12,22,26,0,5,0,37,0
280052,1,1,0,0,0,0,0,0,0,0,7,23
280053,1,1,0,0,0,0,0,0,0,0,0,0
280054,1,1,0,0,0,0,0,0,8,14,0,20
280054,2,1,0,0,0,0,0,0,0,7,0,0
280055,1,1,0,0,0,0,21,0,0,0,0,33
280056,1,1,0,0,0,0,0,0,0,0,0,0
280057,1,1,0,0,0,0,0,0,0,0,0,20
280058,1,1,0,0,3,0,0,0,0,0,0,0
280059,1,1,0,0,0,0,22,17,15,0,0,0
280060,1,1,0,0,0,0,0,0,0,0,0,0
280061,0,1,0,24,6,0,0,0,18,0,0,0
280061,1,1,0,0,0,0,0,0,0,0,0,0
280062,1,1,0,0,0,0,0,0,0,0,0,18
280063,1,1,38,12,11,8,10,7,8,6,7,14
280064,1,1,0,0,0,0,0,0,0,0,0,0
280065,1,1,1,1,1,1,1,1,1,1,1,1
280066,1,1,0,0,0,41,0,0,0,15,0,0
280067,0,1,0,0,0,0,0,0,0,0,0,0
280067,0,2,0,0,0,0,0,0,11,0,0,0
280067,0,3,0,0,0,0,0,0,0,0,0,0
280067,1,1,0,0,0,0,0,0,0,0,0,0
280068,1,1,0,0,0,0,0,0,0,0,0,0
280068,2,1,0,0,0,0,0,0,0,0,0,0
280069,0,1,0,0,0,0,0,0,0,0,0,0
280069,1,1,0,0,0,0,0,0,0,0,0,0
280070,1,1,12,15,0,0,0,0,12,3,0,0
280071,0,1,0,0,0,0,0,41,18,18,12,0
280071,1,1,0,0,0,0,4,0,0,7,0,0
280072,1,1,0,0,0,0,0,0,0,0,0,0
280072,2,1,2,2,2,2,2,2,2,2,2,2
280073,1,1,0,0,0,0,0,0,0,0,0,0
280073,2,1,0,0,0,0,0,0,0,0,0,0
280073,3,1,0,0,0,0,0,0,0,13,0,0
280074,1,1,0,8,0,0,12,0,0,0,0,42
280075,1,1,0,0,0,0,0,23,0,0,0,0
280075,2,1,0,0,0,0,0,0,0,0,0,0
280076,1,1,0,0,0,0,0,23,12,0,0,0
280077,1,1,2,2,2,2,2,2,2,2,2,2
280078,1,1,0,0,0,0,0,0,0,0,0,0
280079,1,1,0,0,0,0,0,0,0,0,0,17
280080,1,1,0,0,0,0,8,0,0,0,0,0
280080,2,1,9,9,9,9,9,9,9,9,9,9
280081,1,1,0,0,0,0,0,0,0,0,0,0
280081,2,1,0,0,0,0,0,0,0,0,0,0
280082,1,1,0,0,0,0,0,0,0,0,0,0
280082,2,1,0,0,0,0,0,0,0,0,0,0
280083,0,1,20,0,0,0,0,0,0,0,0,0
280083,1,1,0,0,0,0,0,0,0,0,0,0
280084,1,1,0,12,13,26,0,39,0,13,0,0
280085,1,1,26,26,26,26,26,26,26,26,26,26
280086,0,1,0,15,28,0,39,0,0,41,9,0
280086,1,1,0,31,0,0,0,0,0,0,0,0
280087,1,1,0,0,0,0,0,0,0,0,0,0
280088,1,1,51,0,0,0,0,0,0,0,0,0
280089,0,1,1,1,1,1,1,1,1,1,1,1
280089,1,1,0,0,0,0,0,0,0,0,0,0
280090,0,1,0,0,0,0,0,0,0,0,0,0
280090,1,1,0,0,0,0,0,0,0,0,0,0
280090,2,1,0,0,0,0,0,0,0,0,0,0
280091,1,1,0,22,0,0,0,0,0,0,0,0
280091,2,1,0,0,0,0,0,0,0,0,0,0
280091,3,1,0,0,0,0,0,0,0,0,0,0
280092,0,1,17,0,0,33,30,0,21,16,12,0
280092,1,1,0,0,0,0,0,0,0,0,0,13
280093,1,1,0,29,0,34,17,0,0,26,27,0
280094,1,1,0,0,0,0,0,0,0,0,0,0
280094,2,1,25,0,0,0,0,0,0,0,0,0
280095,1,1,0,0,24,19,0,0,0,0,0,0
280096,1,1,14,0,0,0,0,0,0,0,0,0
280096,2,1,0,0,0,0,0,0,0,0,0,0
280097,0,1,34,11,0,0,12,31,0,22,10,0
280097,1,1,0,0,10,0,11,19,0,0,0,0
280098,1,1,0,0,0,15,0,0,0,13,0,20
280099,1,1,0,0,0,0,0,0,0,0,0,0
280099,2,1,31,0,0,28,0,0,0,0,0,0
280100,1,1,0,0,0,0,0,0,0,0,0,0
280101,1,1,0,0,0,0,0,0,0,0,0,0
280101,2,1,0,0,0,0,0,0,0,0,0,0
280102,1,1,0,5,0,0,23,0,0,0,0,0
280103,1,1,20,20,13,14,11,42,33,15,8,28
280103,2,1,0,0,0,0,0,0,0,0,0,43
280104,1,1,25,25,25,25,25,25,25,25,25,25
280105,1,1,0,0,0,0,0,0,0,0,0,0
280105,2,1,0,0,0,0,0,0,0,0,0,0
280106,1,1,0,0,0,0,0,0,0,0,0,0
280107,1,1,0,0,0,0,0,0,0,0,0,0
280108,1,1,0,0,0,0,0,0,0,0,0,0
280108,2,1,0,0,0,0,0,0,0,0,0,0
280109,1,1,3,3,3,3,3,3,3,3,3,3
280110,1,1,0,0,0,0,0,0,0,0,0,0
280111,1,1,0,33,0,0,0,3,0,0,15,0
280112,0,1,0,0,0,0,0,0,0,0,0,23
280112,1,1,0,0,0,0,0,9,0,0,11,0
280113,1,1,0,0,0,0,0,0,0,0,0,0
280113,2,1,33,0,24,21,0,7,14,0,26,5
280114,0,1,11,10,0,8,12,11,13,9,15,0
280114,1,1,0,0,0,0,0,0,0,0,0,0
280115,0,1,0,0,0,0,0,0,0,0,0,0
280115,1,1,0,0,0,17,0,0,0,0,0,0
280116,1,1,0,0,0,0,0,0,0,0,0,0
280116,2,1,0,0,0,0,0,0,0,0,0,0
280117,1,1,0,0,14,9,0,0,21,0,0,9
280118,1,1,0,0,0,0,0,0,0,0,0,0
280118,2,1,19,0,0,0,0,0,6,9,0,0
280119,1,1,0,0,0,0,0,0,0,0,0,0
280119,2,1,0,0,0,0,0,0,0,0,0,0
280120,1,1,0,21,0,0,0,0,0,0,0,0
280120,2,1,0,0,0,0,0,0,0,0,0,24
280121,1,1,0,0,0,0,0,0,0,0,0,0
280121,2,1,0,0,0,0,0,0,0,0,0,0
280122,1,1,0,0,33,0,0,0,0,0,0,0
280123,1,1,0,0,0,0,0,0,0,0,0,0
280124,1,1,0,0,0,0,0,0,0,0,0,0
280124,2,1,0,0,0,0,0,0,0,0,0,0
280125,1,1,0,0,0,0,0,0,0,0,0,0
280126,1,1,0,0,0,0,0,21,0,0,0,0
280127,1,1,0,0,0,0,0,0,0,0,0,0
280127,2,1,0,0,0,0,0,0,0,0,0,20
280128,1,1,0,0,0,0,0,0,0,0,0,0
280129,1,1,5,5,5,5,5,5,5,5,5,5
280130,1,1,0,0,0,0,0,0,0,0,0,0
280130,2,1,0,0,0,0,0,0,0,0,0,0
280131,1,1,0,0,0,0,0,0,0,0,0,0
280131,2,1,0,0,0,0,0,0,0,3,0,0
280132,1,1,0,0,0,21,0,0,0,0,0,5
280133,1,1,0,0,0,7,26,0,0,0,0,0
280133,2,1,0,0,0,0,0,0,0,0,0,0
280134,1,1,0,0,0,0,0,0,0,0,0,0
280134,2,1,0,0,0,0,0,0,0,0,0,0
280135,1,1,0,0,0,13,0,0,0,0,0,0
280136,1,1,0,0,0,0,0,0,0,0,0,0
280136,2,1,0,0,0,0,0,0,0,0,0,0
280137,0,1,0,0,0,0,0,0,3,0,0,0
280137,1,1,25,25,25,25,25,25,25,25,25,25
280137,2,1,0,0,0,0,0,0,0,0,0,0
280138,0,1,13,30,0,0,16,12,14,0,0,37
280138,1,1,0,0,0,20,0,0,0,0,22,20
280139,1,1,0,0,0,0,0,0,0,0,0,0
280139,2,1,0,0,0,4,0,0,0,7,0,0
280140,1,1,11,0,0,12,24,15,27,0,18,16
280141,1,1,0,0,0,0,0,0,0,0,0,0
280142,1,1,0,0,0,0,0,0,0,0,0,0
280143,1,1,0,0,0,0,0,0,0,0,0,0
280143,2,1,0,0,0,0,0,0,0,0,16,0
280144,1,1,0,0,0,0,0,0,0,0,0,0
280144,2,1,0,0,11,0,0,0,0,0,0,0
280145,1,1,0,0,0,0,0,0,0,0,0,0
280146,1,1,0,0,0,0,0,0,0,0,0,0
280146,2,1,0,0,0,0,0,0,0,0,0,0
280147,1,1,0,0,0,0,0,0,0,28,0,0
280147,2,1,0,0,0,0,0,0,0,0,0,0
280148,1,1,0,0,0,0,0,0,0,0,0,0
280148,2,1,0,0,0,0,0,0,0,0,0,0
280149,1,1,0,0,0,0,0,0,0,16,0,0
280149,2,1,0,0,0,0,0,0,0,0,0,0
280150,1,1,10,28,0,0,0,0,0,0,0,0
280151,1,1,0,0,0,0,0,0,14,0,0,0
280151,2,1,0,0,0,0,0,0,0,0,0,0
280151,3,1,0,0,0,0,0,0,0,0,0,0
280152,1,1,0,0,0,0,0,0,0,0,0,0
280152,2,1,0,0,0,0,0,0,0,0,0,0
280153,1,1,0,0,0,0,0,0,0,0,11,0
280154,1,1,0,0,0,0,0,0,0,0,0,0
280155,1,1,0,0,0,0,0,0,0,0,0,0
280156,1,1,0,0,0,0,0,0,0,0,0,0
280156,2,1,0,0,0,0,0,0,0,0,0,0
280157,1,1,0,0,0,0,11,0,0,0,0,0
280157,2,1,0,0,0,0,0,0,10,0,0,8
280158,1,1,0,6,0,0,0,0,0,0,0,0
280158,2,1,8,0,0,5,15,0,0,15,0,0
280159,1,1,9,0,9,0,0,0,0,0,0,7
280160,1,1,0,0,0,0,0,0,0,0,0,0
280160,2,1,0,0,0,0,0,0,0,20,0,0
280161,1,1,0,0,0,0,0,0,0,10,0,0
280162,1,1,0,0,0,0,0,0,0,0,0,0
280162,2,1,0,0,0,0,0,0,0,0,0,0
280163,1,1,0,0,0,0,0,0,0,0,0,0
280165,0,1,0,0,0,0,0,0,29,0,0,0
280165,1,1,0,0,0,0,0,0,0,0,0,0
280166,0,1,0,0,0,0,0,0,0,0,27,23
280166,1,1,0,0,0,0,4,0,0,0,0,0
280167,1,1,0,0,11,0,21,0,0,0,9,0
280167,2,1,0,0,14,0,0,0,0,0,0,0
280167,3,1,0,0,0,0,0,0,0,0,0,0
280168,0,1,0,0,0,0,0,0,0,0,0,0
280168,1,1,0,0,0,0,0,0,0,0,0,0
280169,1,1,0,0,7,15,0,0,0,0,0,0
280170,1,1,10,10,10,10,10,10,10,10,10,10
280171,1,1,0,0,0,0,0,0,0,0,0,0
280172,1,1,0,0,0,0,0,0,16,0,0,0
280173,1,1,0,0,0,0,0,0,0,0,0,0
280173,2,1,0,0,0,0,0,0,0,0,0,0
280174,0,1,0,0,0,0,0,0,0,0,0,0
280174,1,1,0,0,0,0,0,0,17,0,0,0
280175,1,1,0,0,0,0,0,0,0,0,0,0
280175,2,1,13,13,13,13,13,13,13,13,13,13
280176,1,1,7,0,0,0,8,0,0,26,7,0
280176,2,1,9,0,14,0,0,18,0,0,0,25
280177,1,1,16,16,16,16,16,16,16,16,16,16
280177,2,1,0,0,0,0,0,0,0,0,0,0
280178,1,1,0,0,25,0,34,0,13,14,0,0
280179,1,1,0,8,6,0,0,26,38,9,28,9
280180,1,1,10,10,10,10,10,10,10,10,10,10
280181,1,1,20,20,0,0,0,0,0,12,0,0
280182,0,1,0,0,0,0,0,0,0,0,0,0
280182,1,1,0,0,0,0,0,0,7,0,0,0
280183,1,1,0,0,0,0,0,0,0,0,0,0
280183,2,1,0,0,0,0,0,0,0,0,0,0
280184,1,1,0,0,0,0,0,0,0,0,0,0
280184,2,1,0,0,0,6,8,28,16,35,14,19
280185,1,1,22,0,23,16,0,0,0,14,25,0
280186,1,1,21,21,21,21,21,21,21,21,21,21
280187,1,1,0,0,0,0,0,0,10,0,15,0
280187,2,1,0,0,0,0,0,0,0,0,0,0
280188,1,1,9,0,0,29,0,12,0,0,21,20
280189,1,1,0,0,0,0,0,0,0,0,0,0
280189,2,1,0,0,15,0,0,0,0,0,0,0
280189,3,1,0,0,0,0,0,0,0,0,0,0
280190,1,1,0,15,18,0,0,0,0,9,8,0
280191,1,1,0,0,0,0,0,0,0,0,0,0
280191,2,1,0,0,0,0,35,10,0,0,0,0
280191,3,1,0,0,0,0,0,0,0,0,0,0
280192,1,1,0,11,0,16,12,0,0,0,3,28
280193,1,1,0,0,0,0,0,0,0,0,0,0
280194,1,1,9,9,9,9,9,9,9,9,9,9
280195,1,1,0,0,0,0,0,0,0,0,0,0
280196,1,1,40,0,0,0,0,0,0,0,0,0
280196,2,1,0,0,0,0,0,0,0,0,0,0
280197,1,1,0,0,0,24,0,0,0,0,0,0
280197,2,1,0,0,0,0,0,0,0,0,0,0
280198,1,1,0,0,0,0,0,0,0,0,0,0
280199,1,1,30,0,0,0,0,0,0,0,0,0
280199,2,1,0,0,0,0,0,0,0,0,0,0
280199,3,1,0,0,0,0,0,0,0,0,0,0
280200,1,1,23,23,23,23,23,23,23,23,23,23
280200,2,1,1,1,1,1,1,1,1,1,1,1
280201,1,1,0,13,0,0,0,0,0,0,11,0
280201,2,1,0,0,0,0,0,0,0,0,0,0
280202,0,1,20,20,20,20,20,20,20,20,20,20
280202,1,1,0,0,0,0,0,0,12,0,0,0
280203,0,1,0,0,0,0,0,0,0,0,0,0
280203,1,1,0,0,0,0,0,0,0,0,0,23
280204,1,1,21,21,21,21,21,21,21,21,21,21
280205,1,1,0,0,0,0,0,0,0,0,14,0
280205,2,1,13,0,0,0,0,0,11,12,0,0
280206,1,1,0,0,0,7,0,0,41,0,0,0
280207,1,1,0,0,0,0,9,0,0,0,0,0
280208,1,1,0,0,0,0,0,0,0,0,0,0
280209,1,1,0,0,28,0,0,0,0,0,0,0
280210,1,1,17,17,17,17,17,17,17,17,17,17
280211,1,1,0,0,0,0,0,0,27,0,17,0
280211,2,1,0,17,0,0,0,0,0,0,0,0
280211,3,1,0,0,7,0,0,0,0,0,22,0
280211,4,1,17,0,0,0,0,15,0,0,0,0
280211,5,1,0,0,0,0,0,0,0,0,0,20
280212,1,1,25,25,25,25,25,25,25,25,25,25
280213,1,1,0,18,28,21,17,5,0,0,0,15
280214,1,1,0,0,0,0,0,0,0,0,0,0
280215,1,1,0,0,0,0,0,0,0,0,0,0
280216,1,1,17,17,17,17,17,17,17,17,17,17
280217,1,1,0,0,0,0,0,0,0,0,0,0
280217,2,1,0,0,0,0,0,0,0,0,0,0
280218,1,1,0,0,0,0,0,0,0,0,0,0
280218,2,1,0,0,0,6,0,0,0,0,0,0
280219,1,1,25,25,25,25,25,25,25,25,25,25
280220,1,1,0,0,0,0,0,0,0,0,0,0
280221,1,1,0,0,0,0,22,0,0,0,0,0
280222,1,1,0,0,0,0,0,0,0,0,0,0
280222,2,1,0,0,0,0,0,0,0,0,0,0
280223,1,1,0,32,19,30,17,0,0,0,0,0
280224,1,1,0,0,0,0,0,0,0,0,0,0
280224,2,1,14,14,14,14,14,14,14,14,14,14
280225,1,1,0,0,0,0,11,0,0,0,0,0
280226,0,1,0,0,0,0,0,0,0,0,0,0
280226,1,1,0,0,0,0,0,0,0,0,0,0
280227,1,1,7,7,7,7,7,7,7,7,7,7
280228,1,1,0,0,0,0,0,0,0,0,0,0
280229,1,1,0,0,0,0,0,0,0,0,0,0
280230,1,1,0,34,0,0,0,0,0,0,0,0
280230,2,1,0,0,0,0,0,0,0,0,0,0
280231,0,1,0,0,0,0,0,28,0,0,0,0
280231,1,1,0,0,0,0,0,0,0,0,0,0
280232,1,1,0,0,0,0,0,0,0,0,0,0
280232,2,1,0,0,0,0,0,0,0,0,0,0
280233,1,1,0,0,0,0,0,0,0,0,0,22
280233,2,1,0,0,0,0,0,0,0,0,0,0
280234,1,1,0,0,0,0,0,0,22,0,13,0
280235,1,1,38,14,20,0,17,22,0,10,0,15
280236,0,1,0,0,0,0,0,0,0,0,0,0
280236,1,1,0,0,0,0,0,0,0,0,0,0
280237,1,1,0,0,0,0,0,0,0,0,0,0
280237,2,1,0,0,0,0,0,0,0,0,0,0
280238,1,1,0,0,0,0,0,0,0,0,0,0
280238,2,1,0,0,0,0,0,5,0,0,0,0
280239,1,1,0,0,0,0,0,0,0,0,0,0
280239,2,1,0,0,0,0,0,0,0,0,0,0
280240,0,1,16,11,40,5,0,16,19,16,14,15
280240,1,1,0,0,0,0,0,0,12,0,0,0
280241,1,1,17,17,17,17,17,17,17,17,17,17
280241,2,1,0,0,0,0,5,0,0,22,0,0
280242,1,1,5,5,5,5,5,5,5,5,5,5
280242,2,1,16,13,0,5,21,0,0,0,7,12
280243,1,1,0,0,0,0,0,0,0,0,0,0
280244,1,1,40,28,18,29,14,24,18,0,20,21
280244,2,1,0,0,0,0,0,0,0,0,10,0
280245,0,1,28,28,28,28,28,28,28,28,28,28
280245,1,1,0,0,0,20,0,0,0,0,0,4
280246,1,1,0,0,0,0,0,0,0,0,0,0
280246,2,1,21,21,21,21,21,21,21,21,21,21
280247,0,1,0,0,0,0,0,0,0,0,0,0
280247,1,1,0,0,0,0,0,0,0,0,0,0
280248,1,1,4,7,11,4,6,0,0,13,1,0
280249,1,1,0,0,0,0,0,0,5,0,0,0
280250,1,1,0,0,0,0,0,0,0,0,33,0
280250,2,1,0,0,0,0,0,0,0,0,0,0
280250,3,1,23,23,23,23,23,23,23,23,23,23
280251,1,1,0,0,0,0,0,0,0,0,0,0
280251,2,1,0,0,0,0,0,8,0,0,0,0
280252,1,1,0,0,0,0,0,0,0,0,0,0
280252,2,1,0,0,0,0,0,0,0,0,0,0
280253,1,1,0,0,0,0,0,0,0,0,0,0
280253,2,1,0,0,0,0,0,0,32,0,0,0
280253,3,1,0,0,0,0,0,0,0,0,0,0
280254,1,1,0,0,17,0,0,0,28,0,19,17
280255,0,1,4,4,4,4,4,4,4,4,4,4
280255,0,2,0,0,0,0,0,0,0,0,0,0
280255,1,1,13,0,0,20,0,0,6,0,28,16
280256,1,1,20,20,20,20,20,20,20,20,20,20
280257,1,1,7,7,7,7,7,7,7,7,7,7
280258,1,1,0,0,0,0,0,0,0,0,0,0
280259,0,1,0,0,0,25,0,0,0,0,0,0
280259,1,1,0,5,0,0,0,0,0,19,15,0
280260,1,1,0,0,0,0,0,0,0,0,0,0
280261,1,1,0,20,0,0,0,0,0,0,0,0
280261,2,1,0,0,0,0,0,0,0,0,0,0
280262,1,1,0,24,0,0,0,0,0,19,0,14
280263,1,1,16,16,16,16,16,16,16,16,16,16
280264,1,1,7,7,7,7,7,7,7,7,7,7
280265,1,1,0,13,20,0,24,0,11,20,0,0
280265,2,1,0,0,0,0,0,0,0,0,0,0
280266,1,1,0,27,7,0,0,14,0,0,12,5
280267,1,1,0,0,0,0,0,0,0,0,0,0
280268,1,1,0,0,0,0,0,0,0,0,0,0
280268,2,1,0,0,0,0,0,0,0,0,0,0
280269,1,1,0,0,0,0,0,0,0,0,0,0
280269,2,1,0,0,0,0,0,0,0,0,0,0
280270,1,1,0,10,0,0,0,0,0,0,9,0
280270,2,1,0,0,0,0,0,0,0,0,0,0
280271,1,1,0,0,0,0,0,0,0,0,0,0
280272,1,1,20,20,20,20,20,20,20,20,20,20
280272,2,1,0,0,0,0,0,0,0,0,0,0
280273,1,1,0,0,0,0,0,0,0,0,0,0
280273,2,1,0,0,0,0,0,0,0,0,0,8
280273,3,1,1,1,1,1,1,1,1,1,1,1
280274,1,1,0,0,0,0,0,0,0,0,0,0
280275,1,1,0,0,0,0,0,0,0,0,0,0
280275,2,1,0,0,0,0,0,0,0,0,0,0
280276,1,1,0,9,0,0,0,0,0,0,0,0
280276,2,1,0,0,18,0,21,0,0,0,0,0
280277,1,1,0,0,0,0,0,0,0,0,7,0
280278,1,1,0,0,0,0,0,0,0,0,0,0
280279,0,1,28,28,28,28,28,28,28,28,28,28
280279,1,1,0,2,0,3,0,0,7,12,0,0
280280,1,1,17,17,17,17,17,17,17,17,17,17
280281,1,1,0,0,0,0,0,19,0,0,41,0
280282,1,1,0,0,0,0,0,0,0,0,8,0
280282,2,1,0,0,0,0,0,0,0,0,0,0
280283,1,1,0,0,0,0,0,0,0,0,0,0
280283,2,1,9,0,0,0,0,19,0,0,0,0
280284,0,1,0,0,0,0,0,0,0,0,27,0
280284,1,1,3,3,3,3,3,3,3,3,3,3
280285,1,1,0,0,0,12,0,0,0,0,0,14
280285,2,1,0,0,0,0,0,0,0,0,0,0
280286,1,1,0,0,0,0,0,0,0,0,0,0
280286,2,1,1,1,1,1,1,1,1,1,1,1
280287,1,1,0,0,0,12,0,0,0,0,0,0
280287,2,1,0,11,0,0,0,0,0,0,0,0
280288,1,1,0,0,0,0,0,0,0,23,0,0
280288,2,1,9,0,0,0,11,7,3,0,0,4
280289,1,1,19,25,18,0,0,22,0,0,0,0
280289,2,1,0,0,0,12,0,0,0,0,0,12
280290,1,1,0,0,0,0,0,0,0,0,0,0
280290,2,1,0,0,0,0,0,0,0,0,0,0
280291,1,1,0,0,0,0,0,0,0,0,0,0
280291,2,1,0,0,0,0,0,0,0,8,0,0
280292,1,1,0,0,0,34,0,0,0,0,0,0
280292,2,1,0,0,0,0,0,0,0,0,0,0
280293,0,1,25,25,25,25,25,25,25,25,25,25
280293,1,1,0,0,0,0,0,0,14,0,0,0
280294,1,1,1,1,1,1,1,1,1,1,1,1
280295,1,1,0,0,0,0,0,0,0,0,0,0
280295,2,1,0,0,0,0,0,0,26,0,11,0
280296,1,1,0,0,0,0,0,0,0,0,3,0
280296,2,1,0,0,0,0,0,0,0,0,0,0
280297,1,1,0,0,0,9,0,15,0,13,8,0
280298,1,1,0,0,17,0,0,0,0,0,0,0
280298,2,1,0,0,0,0,0,0,0,0,0,0
280299,1,1,0,0,0,0,0,0,0,0,0,0
280299,2,1,0,0,0,0,0,0,0,0,0,0
280300,1,1,0,0,0,0,0,0,0,0,0,0
280300,2,1,0,0,0,10,0,0,0,0,0,0
280301,1,1,0,0,0,0,0,0,0,0,0,0
280301,2,1,0,0,0,0,0,0,0,0,0,0
280302,1,1,6,0,0,0,0,0,0,0,0,0
280302,2,1,9,9,9,9,9,9,9,9,9,9
280303,1,1,0,0,0,0,0,0,0,0,0,0
280304,1,1,14,14,14,14,14,14,14,14,14,14
280305,1,1,13,13,13,13,13,13,13,13,13,13
280306,1,1,14,14,14,14,14,14,14,14,14,14
280307,1,1,0,0,15,29,0,0,23,0,26,10
280308,1,1,0,0,0,0,0,0,0,0,0,0
280308,2,1,0,0,0,0,0,0,0,0,0,0
280309,1,1,0,0,0,0,0,0,0,0,0,0
280310,1,1,18,16,0,0,15,14,13,17,19,17
280311,1,1,0,0,0,0,0,0,0,0,0,0
280312,1,1,0,0,0,0,19,13,0,0,17,0
280313,1,1,20,20,20,20,20,20,20,20,20,20
280314,1,1,17,17,17,17,17,17,17,17,17,17
280315,1,1,0,0,0,0,0,0,0,0,0,0
280316,1,1,0,10,23,16,0,0,0,0,0,0
280317,1,1,0,23,17,0,18,0,0,0,0,0
280318,1,1,0,0,0,0,0,0,0,0,0,0
280319,1,1,0,0,0,0,0,14,0,0,23,0
280320,1,1,0,0,0,0,0,0,10,0,0,0
280320,2,1,0,26,28,0,16,0,35,22,12,0
280321,1,1,0,0,0,0,0,0,0,0,2,0
280321,2,1,0,0,0,0,0,0,0,16,0,0
280321,3,1,0,0,0,0,0,0,0,0,0,0
280322,1,1,0,0,0,0,0,0,0,0,0,0
280322,2,1,0,0,0,0,0,0,13,0,0,0
280323,0,1,44,15,32,22,8,14,19,14,10,35
280323,1,1,0,0,0,0,0,0,0,0,0,0
280323,2,1,0,0,0,0,25,0,0,0,0,0
280323,3,1,0,0,0,0,0,0,0,0,0,0
280323,4,1,0,0,0,0,0,0,8,0,0,0
280324,0,1,0,43,0,0,0,0,0,0,0,0
280324,1,1,0,0,0,9,0,0,0,10,0,0
280325,1,1,0,0,0,0,0,0,0,0,0,0
280326,1,1,0,0,10,0,0,0,0,0,0,0
280326,2,1,0,0,0,0,0,0,0,0,0,0
280327,1,1,0,0,0,0,0,0,0,0,0,0
280328,1,1,0,0,0,0,0,0,0,0,0,0
280328,2,1,16,16,16,16,16,16,16,16,16,16
280329,1,1,0,10,10,0,0,2,0,0,0,0
280330,0,1,0,0,5,0,0,0,0,4,20,7
280330,1,1,0,0,0,0,0,31,0,10,0,20
280331,1,1,13,13,13,13,13,13,13,13,13,13
280331,2,1,0,0,0,0,0,0,0,0,0,0
280332,1,1,0,0,0,0,0,0,0,0,0,0
280333,0,1,8,55,11,18,0,0,17,0,27,30
280333,1,1,0,0,0,0,0,0,0,0,0,0
280334,1,1,0,0,0,0,0,0,0,0,0,0
280335,1,1,0,0,0,0,0,0,0,0,0,0
280336,1,1,15,15,15,15,15,15,15,15,15,15
280337,1,1,0,0,0,0,0,0,4,0,0,0
280337,2,1,0,0,0,0,0,0,0,0,0,0
280338,1,1,8,8,8,8,8,8,8,8,8,8
280339,1,1,0,0,0,0,0,0,0,0,0,0
280339,2,1,0,0,0,0,0,0,0,0,0,0
280340,1,1,0,0,0,0,0,0,0,16,0,0
280340,2,1,0,0,0,0,0,0,0,0,0,0
280341,1,1,4,4,4,4,4,4,4,4,4,4
280341,2,1,0,0,0,0,0,0,0,0,0,0
280342,1,1,0,0,0,0,0,0,0,0,0,0
280342,2,1,0,0,0,0,0,0,0,0,0,0
280343,1,1,0,0,0,0,0,0,0,0,0,0
280343,2,1,0,0,0,0,0,0,0,0,0,0
280344,1,1,19,19,19,19,19,19,19,19,19,19
280345,1,1,0,0,0,0,0,0,0,0,0,0
280346,1,1,0,0,0,0,0,0,0,0,0,0
280346,2,1,0,0,0,0,0,0,0,0,0,0
280347,1,1,0,0,0,9,0,0,0,0,0,0
280347,2,1,17,17,17,17,17,17,17,17,17,17
280348,1,1,0,0,0,0,0,0,0,0,0,0
280348,2,1,10,10,10,10,10,10,10,10,10,10
280349,1,1,0,0,0,0,0,0,0,0,0,17
280350,1,1,0,0,0,0,0,0,0,0,0,0
280350,2,1,0,0,0,0,0,0,20,0,0,0
280351,1,1,0,0,0,13,28,0,19,18,31,0
280352,1,1,15,15,15,15,15,15,15,15,15,15
280353,1,1,0,0,0,0,0,0,0,0,0,0
280354,1,1,0,0,0,0,0,0,0,0,0,0
280355,1,1,20,20,20,20,20,20,20,20,20,20
280356,1,1,11,11,11,11,11,11,11,11,11,11
280356,2,1,0,0,0,0,0,0,0,0,0,0
280357,0,1,16,0,0,0,5,0,0,0,0,38
280357,1,1,0,16,0,0,0,0,0,0,0,0
280358,1,1,0,0,0,0,0,0,0,0,0,0
280358,2,1,0,0,0,0,0,15,0,0,0,0
280359,1,1,26,26,26,26,26,26,26,26,26,26
280360,1,1,0,0,0,0,0,0,0,0,0,0
280361,1,1,0,0,0,0,0,0,17,0,0,0
280362,1,1,18,0,14,0,0,0,9,0,0,0
280363,1,1,32,12,26,0,0,18,31,14,17,0
280364,1,1,0,0,0,0,0,0,0,0,0,0
280364,2,1,0,0,0,0,0,14,0,0,0,0
280365,1,1,15,15,15,15,15,15,15,15,15,15
280366,1,1,30,30,30,30,30,30,30,30,30,30
280367,1,1,0,0,0,0,0,0,0,0,0,0
280368,0,1,0,0,0,0,0,0,0,0,0,0
280368,1,1,0,15,0,0,18,11,0,0,0,0
280368,2,1,12,0,0,10,12,0,25,0,0,0