ST_CASE,VEH_NO,PER_NO,P1,P2,P3,P4,P5,P6,P7,P8,P9,P10
290097,1,1,10,2,0,0,3,0,11,0,4,0
290099,1,1,0,0,0,0,0,0,0,0,0,0
290100,1,1,34,34,34,34,34,34,34,34,34,34
290101,1,1,0,0,0,0,0,0,0,0,0,0
290102,1,1,0,0,0,0,0,0,0,0,0,0
290103,1,1,0,0,0,0,0,0,0,0,0,0
290103,2,1,0,0,0,0,0,0,0,0,0,0
290103,3,1,0,0,0,0,0,0,0,0,0,0
290104,1,1,0,0,0,0,0,0,0,0,0,0
290104,2,1,0,0,0,0,0,0,0,0,0,0
290105,1,1,0,0,0,0,0,0,0,0,0,0
290105,2,1,8,8,8,8,8,8,8,8,8,8
290106,0,1,0,0,0,0,0,0,0,0,0,0
290106,1,1,0,0,0,0,0,0,0,0,0,0
290107,1,1,0,0,0,0,0,0,0,0,0,0
290107,2,1,0,0,0,0,0,0,0,0,0,0
290108,1,1,12,12,12,12,12,12,12,12,12,12
290109,1,1,25,25,25,25,25,25,25,25,25,25
290110,1,1,0,0,0,0,0,0,0,8,0,0
290111,1,1,0,0,0,0,0,0,0,0,0,0
290111,2,1,0,0,0,0,0,0,0,0,0,0
290112,1,1,22,22,22,22,22,22,22,22,22,22
290113,1,1,0,0,0,0,0,0,0,0,0,0
290114,1,1,37,37,37,37,37,37,37,37,37,37
290115,1,1,0,0,0,0,0,0,0,0,0,0
290115,2,1,0,0,0,0,0,0,0,0,0,0
290116,0,1,33,33,33,33,33,33,33,33,33,33
290116,1,1,4,4,4,4,4,4,4,4,4,4
290117,0,1,0,0,0,0,0,0,0,0,0,0
290117,1,1,10,0,0,7,0,0,0,0,0,0
290118,1,1,0,25,0,17,0,0,0,13,0,0
290119,1,1,0,0,0,0,0,0,0,0,0,0
290119,2,1,8,8,8,8,8,8,8,8,8,8
290120,1,1,0,0,0,0,12,0,0,0,0,0
290120,2,1,0,0,0,0,0,0,0,0,0,0
290121,0,1,0,0,0,0,0,0,0,0,0,0
290121,1,1,0,11,0,0,7,2,7,9,16,4
290122,1,1,0,0,0,0,0,0,0,0,0,0
290123,1,1,0,0,0,0,0,0,0,0,0,0
290123,2,1,0,0,0,0,0,0,0,0,0,0
290123,3,1,0,0,0,0,0,0,0,0,0,0
290124,1,1,0,0,0,0,0,0,0,0,0,0
290124,2,1,0,0,0,0,0,0,0,0,0,0
290125,1,1,0,0,0,0,0,0,0,0,0,0
290126,1,1,0,0,0,0,0,0,0,0,0,0
290126,2,1,0,0,0,0,0,0,0,0,0,0
290127,1,1,0,0,0,0,0,0,0,0,0,0
290127,2,1,0,0,0,0,0,0,0,0,0,0
290128,1,1,0,0,0,0,0,0,0,0,0,0
290128,2,1,0,0,0,0,0,0,0,0,0,0
290128,3,1,0,24,0,0,0,0,0,0,0,0
290128,4,1,0,0,0,0,25,0,0,0,0,0
290129,1,1,0,0,0,0,0,0,0,0,0,0
290129,2,1,0,0,0,0,0,0,0,0,0,0
290129,3,1,0,0,0,0,0,0,0,0,0,0
290129,4,1,0,0,0,0,0,0,0,0,0,0
290129,5,1,0,0,0,0,0,0,0,0,0,0
290130,1,1,0,0,0,0,0,0,0,0,0,0
290131,1,1,0,0,0,0,0,0,0,0,0,0
290131,2,1,0,0,0,0,0,0,0,0,0,0
290131,3,1,0,0,10,14,0,0,10,0,0,2
290132,1,1,0,0,0,0,0,0,0,0,0,0
290133,0,1,0,0,0,0,0,0,0,0,0,0
290133,1,1,0,0,0,0,0,0,0,0,0,0
290134,1,1,10,10,10,10,10,10,10,10,10,10
290134,2,1,0,0,0,0,0,0,0,0,0,0
290135,1,1,0,0,0,0,0,0,0,0,0,0
290136,1,1,0,0,0,0,0,0,0,0,0,0
290137,1,1,0,0,0,0,0,0,12,11,16,16
290138,0,1,0,0,0,0,0,0,0,0,0,0
290138,0,2,0,0,0,0,0,0,0,0,0,0
290138,1,1,0,0,0,0,0,0,0,0,0,0
290139,1,1,16,16,16,16,16,16,16,16,16,16
290139,2,1,0,0,0,0,0,0,0,0,0,0
290140,1,1,0,0,8,0,0,0,0,0,0,0
290141,1,1,0,0,0,0,0,0,0,0,0,0
290141,2,1,0,0,0,0,0,0,0,0,0,0
290142,1,1,3,3,3,3,3,3,3,3,3,3
290142,2,1,0,0,0,0,0,0,0,0,0,0
290143,1,1,0,0,0,0,0,0,0,0,0,0
290143,2,1,0,0,0,0,0,0,0,0,0,0
290144,1,1,0,0,0,0,0,0,17,0,0,0
290145,1,1,57,57,57,57,57,57,57,57,57,57
290146,1,1,0,0,0,0,0,0,0,0,0,0
290147,1,1,25,25,25,25,25,25,25,25,25,25
290148,1,1,0,0,0,0,0,0,0,0,0,0
290149,1,1,10,9,21,3,23,22,7,7,26,23
290149,2,1,0,0,0,0,0,0,0,0,0,0
290151,0,1,0,0,0,0,0,0,0,0,0,0
290151,1,1,0,0,0,0,0,0,0,0,0,0
290152,1,1,0,0,0,0,0,0,0,0,0,0
290152,2,1,0,0,0,0,0,0,0,0,0,0
290152,3,1,0,0,0,0,0,0,0,0,0,0
290152,4,1,0,0,0,0,0,0,0,0,0,0
290152,5,1,0,0,0,0,0,0,0,0,0,0
290152,6,1,0,0,0,0,0,0,0,0,0,0
290152,7,1,0,0,0,0,0,0,0,0,0,0
290152,8,1,0,0,0,0,0,0,0,0,0,0
290152,9,1,0,0,0,0,0,0,0,0,0,0
290153,1,1,0,0,0,0,0,0,0,0,0,0
290153,2,1,0,0,0,0,0,0,0,0,0,0
290154,1,1,27,27,27,27,27,27,27,27,27,27
290155,1,1,0,0,0,0,0,0,0,0,0,0
290156,1,1,13,13,13,13,13,13,13,13,13,13
290157,1,1,0,0,0,0,0,0,0,0,0,0
290158,1,1,0,0,0,0,0,0,0,0,0,0
290159,1,1,0,0,0,0,0,0,0,0,0,0
290160,1,1,0,0,0,0,0,0,0,0,0,0
290160,2,1,16,0,0,0,0,0,0,0,0,0
290162,1,1,0,0,0,0,0,0,0,0,0,0
290163,1,1,0,0,0,0,0,0,0,0,0,0
290164,1,1,0,0,0,0,0,0,0,0,0,0
290164,2,1,0,0,0,0,0,0,0,0,0,0
290165,1,1,0,0,0,0,0,0,0,0,0,0
290165,2,1,0,0,0,0,0,0,0,0,0,0
290166,1,1,14,14,14,14,14,14,14,14,14,14
290167,1,1,0,0,0,0,0,0,0,0,0,0
290167,2,1,0,0,0,0,0,0,0,0,0,0
290168,1,1,0,0,0,0,0,0,0,0,0,0
290169,2,1,0,0,0,0,0,0,0,18,0,17
290170,1,1,23,23,23,23,23,23,23,23,23,23
290171,1,1,0,5,31,15,0,0,8,15,9,8
290171,2,1,0,0,9,21,0,0,0,0,18,0
290172,1,1,28,28,28,28,28,28,28,28,28,28
290172,2,1,0,0,0,0,0,0,0,0,0,0
290172,3,1,0,0,0,0,0,0,0,0,0,0
290173,1,1,0,0,0,0,0,0,0,0,0,0
290174,1,1,0,0,0,0,0,0,0,0,0,0
290174,2,1,7,7,7,7,7,7,7,7,7,7
290175,1,1,0,0,0,0,0,0,0,0,0,0
290176,1,1,0,0,0,8,0,0,0,0,0,0
290177,1,1,0,0,0,0,0,0,0,0,0,0
290177,2,1,0,0,0,0,0,0,0,0,0,0
290178,1,1,0,0,0,0,0,0,0,0,0,0
290178,2,1,0,0,0,0,0,0,0,0,0,0
290179,1,1,0,0,0,0,0,0,0,0,0,0
290179,2,1,0,0,0,0,0,0,0,0,0,0
290180,1,1,0,0,0,0,0,0,0,0,0,0
290180,2,1,0,0,0,0,0,0,0,0,0,0
290181,1,1,0,0,0,0,0,0,0,0,0,0
290182,1,1,0,0,0,0,0,0,0,0,0,0
290182,2,1,0,0,0,0,0,0,0,0,0,0
290183,1,1,3,3,3,3,3,3,3,3,3,3
290184,1,1,0,0,0,0,0,0,0,0,0,0
290184,2,1,0,0,0,0,0,0,0,0,0,0
290185,0,1,0,0,0,0,0,0,0,0,0,0
290185,1,1,0,0,0,0,0,0,0,0,0,0
290185,2,1,0,0,0,0,0,0,0,0,0,0
290186,1,1,0,0,0,0,0,0,0,0,0,0
290186,2,1,0,0,0,0,0,0,0,0,0,0
290187,1,1,0,0,0,0,0,0,0,0,0,0
290187,2,1,0,0,0,0,0,0,0,0,0,0
290188,1,1,0,0,0,0,0,0,0,0,0,0
290189,1,1,12,12,12,12,12,12,12,12,12,12
290190,1,1,0,0,0,0,0,0,0,0,0,0
290190,2,1,0,0,0,0,0,0,0,0,0,0
290191,1,1,0,0,0,0,0,0,0,0,0,0
290191,2,1,0,0,0,0,0,0,0,0,0,0
290192,1,1,0,0,0,14,0,0,0,0,0,0
290192,2,1,0,0,0,0,0,0,0,0,0,0
290193,1,1,12,12,12,12,12,12,12,12,12,12
290194,1,1,0,0,0,0,0,0,0,0,0,0
290194,2,1,0,0,0,0,0,0,0,0,0,0
290195,0,1,30,30,30,30,30,30,30,30,30,30
290195,1,1,0,0,0,0,0,0,0,0,0,0
290196,1,1,0,0,0,0,0,0,0,0,0,0
290196,2,1,0,0,0,0,0,0,0,0,9,0
290197,0,1,0,0,0,0,0,0,0,0,0,0
290197,1,1,0,0,0,0,0,0,0,0,3,0
290198,1,1,18,18,18,18,18,18,18,18,18,18
290199,1,1,0,0,0,0,0,0,0,0,0,0
290199,2,1,0,0,0,0,0,0,0,0,0,0
290200,1,1,14,14,14,14,14,14,14,14,14,14
290201,1,1,0,0,0,0,0,0,0,0,0,9
290202,0,1,24,22,12,9,26,22,25,40,12,1
290202,1,1,0,0,0,0,0,0,0,0,0,0
290203,0,1,8,8,8,8,8,8,8,8,8,8
290203,1,1,0,0,0,0,0,0,0,0,0,0
290204,1,1,0,0,0,0,0,0,0,0,0,0
290205,1,1,22,22,22,22,22,22,22,22,22,22
290206,1,1,0,0,0,0,0,0,0,0,0,0
290207,1,1,16,16,16,16,16,16,16,16,16,16
290208,1,1,0,0,0,0,0,5,4,0,0,0
290208,2,1,0,0,0,0,0,0,0,0,0,0
290209,1,1,18,18,18,18,18,18,18,18,18,18
290210,1,1,0,0,0,0,0,0,0,0,0,0
290210,2,1,0,0,16,0,14,0,0,0,0,0
290211,1,1,0,0,0,0,0,0,0,0,0,0
290212,1,1,20,20,20,20,20,20,20,20,20,20
290213,1,1,20,20,20,20,20,20,20,20,20,20
290214,1,1,0,0,0,0,0,0,0,0,0,0
290214,2,1,0,0,0,0,0,0,0,0,0,0
290215,1,1,18,18,18,18,18,18,18,18,18,18
290215,2,1,0,0,0,0,0,0,0,0,0,0
290216,1,1,0,0,0,0,0,0,0,0,0,0
290216,2,1,0,0,0,0,0,0,0,0,0,0
290217,0,1,51,51,51,51,51,51,51,51,51,51
290217,1,1,0,0,0,0,0,0,0,0,0,0
290218,1,1,0,0,8,0,0,0,0,0,0,0
290218,2,1,1,1,1,1,1,1,1,1,1,1
290219,1,1,0,0,0,0,0,0,0,0,0,0
290220,1,1,0,0,0,0,0,0,0,0,0,0
290221,1,1,0,0,0,0,0,0,0,0,0,0
290221,2,1,0,0,0,0,0,0,0,0,0,0
290221,3,1,0,0,0,0,0,0,0,0,0,0
290222,1,1,0,0,0,0,0,0,0,0,0,0
290223,1,1,0,0,0,0,0,0,0,0,0,0
290224,1,1,0,0,0,0,0,0,0,0,0,0
290224,2,1,0,0,0,0,0,0,0,0,0,0
290225,1,1,0,0,0,0,0,0,0,0,0,0
290225,2,1,0,0,0,0,0,0,0,0,0,0
290226,1,1,0,16,0,0,0,0,27,0,0,0
290227,1,1,0,0,0,0,0,0,0,0,0,0
290228,1,1,0,0,0,0,0,0,0,0,0,0
290228,2,1,0,0,0,0,0,0,12,0,0,0
290229,1,1,0,0,0,0,0,0,0,0,0,0
290230,1,1,0,0,0,0,0,0,0,0,0,0
290230,2,1,0,0,0,0,0,0,0,0,0,0
290231,1,1,0,0,0,0,0,0,0,0,0,0
290231,2,1,0,0,0,0,0,0,0,0,0,0
290232,0,1,21,21,21,21,21,21,21,21,21,21
290232,1,1,0,0,0,0,0,0,0,0,0,0
290233,1,1,0,0,0,0,0,0,0,0,0,0
290233,2,1,0,0,0,0,0,0,0,0,0,0
290234,1,1,0,0,0,0,0,0,0,0,0,0
290234,2,1,0,0,0,0,0,0,0,0,0,0
290235,1,1,0,6,0,6,0,16,0,0,0,7
290235,2,1,0,0,0,0,0,0,0,0,0,0
290236,1,1,0,0,0,0,0,0,0,0,0,0
290237,0,1,34,34,34,34,34,34,34,34,34,34
290237,1,1,0,0,0,0,0,0,0,0,0,0
290238,1,1,0,0,0,0,0,0,0,0,0,0
290239,1,1,0,0,0,0,0,0,0,0,0,0
290240,1,1,19,19,19,19,19,19,19,19,19,19
290241,1,1,0,0,0,0,0,0,0,0,0,0
290241,2,1,0,0,0,0,0,0,0,0,0,0
290242,1,1,0,0,0,0,0,0,0,0,0,0
290242,2,1,0,0,0,0,0,0,0,0,0,0
290243,1,1,25,25,25,25,25,25,25,25,25,25
290244,1,1,23,23,23,23,23,23,23,23,23,23
290245,1,1,0,0,0,12,0,0,0,0,10,0
290245,2,1,0,0,0,0,0,0,0,0,0,0
290246,1,1,19,19,19,19,19,19,19,19,19,19
290247,0,1,12,12,12,12,12,12,12,12,12,12
290247,1,1,0,0,0,0,0,0,0,0,0,0
290248,1,1,0,9,0,0,0,0,0,0,0,0
290249,1,1,27,27,27,27,27,27,27,27,27,27
290250,1,1,0,0,0,0,0,0,0,0,0,0
290251,1,1,21,20,5,7,12,11,19,20,17,24
290252,1,1,0,0,0,0,0,0,0,0,0,0
290253,1,1,0,0,0,0,0,0,0,0,0,0
290254,1,1,0,0,0,0,0,0,0,0,0,0
290254,2,1,0,0,0,0,0,0,0,0,0,0
290255,1,1,0,0,0,0,0,0,0,0,0,0
290256,1,1,16,16,16,16,16,16,16,16,16,16
290257,1,1,0,0,32,0,0,8,0,0,0,0
290257,2,1,0,0,0,0,0,0,10,0,0,0
290258,1,1,17,17,17,17,17,17,17,17,17,17
290259,1,1,0,0,0,0,0,0,0,0,0,0
290260,1,1,0,0,0,0,0,0,0,0,0,0
290261,1,1,0,0,0,0,0,0,0,0,0,0
290261,2,1,22,0,0,0,0,0,0,0,0,0
290262,1,1,35,35,35,35,35,35,35,35,35,35
290263,1,1,0,0,0,0,0,0,0,0,0,0
290263,2,1,0,0,0,0,0,0,0,0,0,0
290264,1,1,0,0,0,0,0,0,0,0,0,0
290265,1,1,0,0,0,0,0,0,0,0,0,0
290265,2,1,0,0,0,0,0,0,6,0,0,0
290266,1,1,9,9,9,9,9,9,9,9,9,9
290267,1,1,25,25,25,25,25,25,25,25,25,25
290267,2,1,0,0,0,0,0,0,0,0,0,0
290268,1,1,0,0,0,0,0,0,0,0,0,0
290268,2,1,0,0,0,0,0,0,0,0,0,0
290269,1,1,0,0,0,0,0,0,0,0,0,0
290269,2,1,0,0,0,0,0,0,0,0,0,27
290270,1,1,0,0,0,0,0,0,0,0,0,0
290271,1,1,26,26,26,26,26,26,26,26,26,26
290272,1,1,30,30,30,30,30,30,30,30,30,30
290273,1,1,0,0,0,0,0,0,0,0,0,0
290274,1,1,0,0,0,0,0,0,0,0,0,0
290274,2,1,17,12,0,16,0,30,22,6,12,18
290275,1,1,6,6,6,6,6,6,6,6,6,6
290275,2,1,0,0,0,0,0,0,0,0,0,0
290275,3,1,0,0,0,0,0,0,0,0,0,0
290276,1,1,1,1,1,1,1,1,1,1,1,1
290276,2,1,8,10,10,0,0,0,0,0,0,0
290277,1,1,0,0,0,0,0,0,0,0,0,0
290278,1,1,15,0,4,0,0,0,0,0,0,0
290278,2,1,0,0,6,0,0,0,0,0,0,0
290279,1,1,0,0,0,0,0,0,0,0,0,0
290279,2,1,0,0,0,0,0,0,0,0,0,0
290280,1,1,15,15,15,15,15,15,15,15,15,15
290281,1,1,0,0,0,0,0,0,0,0,0,0
290282,1,1,0,0,0,0,0,0,0,0,0,0
290282,2,1,0,0,0,0,0,0,0,0,0,0
290283,1,1,0,0,0,0,0,0,0,0,0,0
290283,2,1,0,0,0,0,0,0,0,0,0,0
290283,3,1,0,0,0,0,0,0,0,0,0,0
290284,1,1,0,0,0,0,0,0,0,0,0,0
290284,2,1,6,0,0,0,0,0,0,0,0,0
290285,0,1,24,24,24,24,24,24,24,24,24,24
290285,1,1,0,0,0,0,0,0,0,0,0,0
290286,0,1,23,0,11,8,0,4,37,22,14,20
290286,1,1,0,7,0,0,0,0,0,0,0,0
290286,2,1,27,0,0,15,0,15,0,0,0,0
290287,1,1,0,0,0,0,0,0,0,0,0,0
290287,2,1,0,0,0,0,0,0,0,0,0,0
290288,1,1,0,0,0,0,0,0,0,0,0,0
290289,1,1,27,27,27,27,27,27,27,27,27,27
290290,1,1,23,23,23,23,23,23,23,23,23,23
290291,1,1,0,0,0,0,0,0,0,0,0,0
290291,3,1,0,0,0,0,0,0,0,0,0,0
290292,1,1,0,23,9,0,0,0,0,0,26,18
290293,1,1,16,16,16,16,16,16,16,16,16,16
290294,1,1,0,0,0,0,0,0,0,0,0,0
290294,2,1,0,0,0,0,0,0,0,0,0,0
290295,1,1,0,0,0,0,0,0,0,0,0,0
290295,2,1,0,0,0,0,0,0,0,0,0,0
290296,1,1,0,0,0,0,0,0,0,0,0,0
290297,1,1,11,0,16,0,0,0,0,0,28,12
290298,1,1,0,0,0,0,0,0,0,0,0,0
290299,1,1,19,19,19,19,19,19,19,19,19,19
290300,1,1,17,17,17,17,17,17,17,17,17,17
290300,2,1,0,0,0,0,13,0,0,0,0,0
290301,1,1,0,0,0,0,0,0,0,0,0,0
290301,2,1,11,0,14,0,11,15,0,14,0,0
290302,0,1,19,19,19,19,19,19,19,19,19,19
290302,1,1,0,0,0,0,0,0,0,0,0,0
290304,0,1,0,0,0,0,0,0,0,0,0,0
290304,1,1,14,14,14,14,14,14,14,14,14,14
290305,1,1,0,0,0,0,0,0,0,0,0,0
290305,2,1,0,0,0,0,0,0,0,0,0,0
290306,1,1,0,0,0,0,0,0,0,0,0,0
290307,1,1,0,0,0,0,0,0,0,0,0,0
290307,2,1,0,0,0,0,0,0,0,0,0,0
290308,1,1,0,0,0,0,0,0,0,0,0,0
290308,2,1,0,0,0,0,0,0,0,0,0,0
290308,3,1,0,0,0,0,0,0,0,0,0,0
290309,1,1,15,15,15,15,15,15,15,15,15,15
290309,2,1,0,0,0,0,0,0,0,0,0,0
290311,0,1,0,0,0,0,0,0,0,0,0,0
290311,1,1,0,0,0,0,0,0,0,0,0,0
290311,2,1,0,0,0,0,0,0,0,0,0,0
290312,1,1,0,0,0,0,0,0,0,0,0,0
290313,1,1,0,0,0,0,0,0,0,0,0,0
290314,1,1,15,15,15,15,15,15,15,15,15,15
290315,1,1,0,0,0,0,0,0,0,0,0,0
290315,2,1,0,0,0,0,0,0,0,0,0,0
290317,1,1,0,0,0,0,0,0,0,0,0,0
290317,2,1,0,0,0,0,0,0,0,0,0,0
290318,1,1,21,21,21,21,21,21,21,21,21,21
290320,1,1,0,0,0,0,0,0,0,0,0,0
290321,1,1,0,0,0,0,0,0,0,0,0,0
290321,2,1,0,0,0,0,0,0,0,0,0,0
290322,1,1,0,0,12,0,0,0,28,0,12,0
290323,1,1,0,0,0,0,0,0,0,0,0,0
290323,2,1,0,0,0,0,0,0,0,0,0,0
290324,1,1,0,0,0,0,0,0,0,0,0,0
290325,1,1,0,0,0,0,0,0,0,0,0,0
290325,2,1,0,0,0,0,0,0,0,0,0,0
290326,1,1,0,0,0,0,0,0,0,0,0,0
290326,2,1,0,0,0,0,0,0,0,0,0,0
290327,1,1,0,7,0,28,0,0,0,0,0,0
290328,0,1,0,0,0,0,0,0,0,0,0,0
290328,1,1,0,0,0,0,0,0,0,11,0,0
290329,1,1,4,4,4,4,4,4,4,4,4,4
290330,1,1,0,0,0,0,0,0,0,0,0,0
290332,0,1,11,11,11,11,11,11,11,11,11,11
290332,1,1,0,0,0,0,0,0,0,0,0,0
290333,1,1,0,0,0,0,0,0,0,0,0,0
290333,2,1,0,0,0,0,0,0,0,0,0,0
290334,1,1,0,0,0,0,0,0,0,0,0,0
290334,2,1,0,0,0,0,0,0,0,0,0,0
290335,1,1,0,0,0,0,0,0,0,0,0,0
290335,2,1,0,0,0,0,0,0,0,0,0,0
290336,1,1,0,0,0,0,0,0,0,0,0,0
290336,2,1,0,0,0,0,0,0,0,0,0,0
290337,1,1,0,0,0,0,0,0,0,0,0,0
290338,1,1,26,26,26,26,26,26,26,26,26,26
290339,1,1,4,4,4,4,4,4,4,4,4,4
290339,2,1,0,0,0,0,0,0,0,0,0,0
290341,1,1,28,28,28,28,28,28,28,28,28,28
290342,1,1,0,0,0,0,0,0,0,0,0,0
290343,1,1,15,15,15,15,15,15,15,15,15,15
290344,1,1,0,0,0,0,7,0,0,0,0,0
290345,1,1,0,0,0,0,0,0,0,0,0,0
290346,1,1,0,0,0,0,0,0,0,0,0,0
290346,2,1,0,0,0,0,0,0,0,0,0,0
290346,3,1,0,0,0,0,0,0,0,0,0,0
290346,4,1,0,0,0,0,0,0,0,0,0,0
290347,1,1,12,0,27,18,0,0,0,0,0,0
290348,1,1,6,6,6,6,6,6,6,6,6,6
290348,2,1,0,0,0,0,0,0,0,0,0,0
290349,1,1,0,0,0,0,0,0,0,0,0,0
290349,2,1,0,0,0,0,0,0,0,0,0,0
290350,1,1,15,15,15,15,15,15,15,15,15,15
290351,1,1,1,1,1,1,1,1,1,1,1,1
290352,1,1,0,0,0,0,0,0,0,0,0,0
290352,2,1,0,0,0,0,0,0,0,0,0,0
290353,1,1,0,0,0,0,0,0,0,0,0,0
290353,2,1,0,0,0,0,0,0,0,0,6,0
290354,1,1,0,0,0,0,0,0,0,0,0,0
290354,2,1,0,0,0,0,0,0,0,0,0,0
290355,1,1,0,0,0,0,0,0,0,0,0,0
290356,0,1,28,28,28,28,28,28,28,28,28,28
290356,1,1,0,9,0,23,0,0,13,0,5,9
290357,1,1,0,0,0,0,0,0,0,0,0,0
290358,1,1,15,15,15,15,15,15,15,15,15,15
290359,1,1,0,0,0,0,0,0,0,0,0,0
290359,2,1,0,0,0,0,0,0,0,0,0,0
290359,3,1,0,0,0,0,0,0,0,0,0,0
290360,1,1,0,0,0,0,0,0,0,0,0,0
290360,2,1,0,0,0,0,0,0,0,0,0,0
290361,1,1,0,0,0,0,0,0,0,0,0,0
290361,2,1,0,0,0,0,0,0,0,0,0,0
290362,1,1,0,0,0,0,0,0,0,0,0,0
290363,1,1,15,15,15,15,15,15,15,15,15,15
290363,2,1,0,0,0,0,0,0,0,0,0,0
290364,0,1,0,21,11,0,0,17,27,0,0,32
290364,1,1,0,0,0,7,0,0,10,23,0,0
290364,2,1,0,12,18,0,3,6,18,0,0,0
290365,1,1,0,0,0,0,0,0,0,0,0,0
290365,2,1,0,0,0,0,0,0,0,0,0,0
290366,1,1,0,16,0,0,10,17,0,24,0,0
290366,2,1,15,0,12,0,22,19,0,16,6,16
290367,1,1,0,0,0,0,0,0,0,0,0,0
290367,2,1,0,0,0,0,0,0,0,0,0,0
290368,1,1,0,0,0,0,0,0,0,0,0,0
290368,2,1,0,0,0,0,0,47,0,0,0,0
290368,3,1,0,0,0,0,0,0,0,0,0,8
290369,1,1,1,1,1,1,1,1,1,1,1,1
290369,2,1,0,0,0,0,0,0,0,0,0,0
290370,1,1,0,0,0,0,0,0,0,0,0,0
290370,2,1,0,0,0,0,0,0,0,0,0,0
290371,1,1,8,0,0,0,0,0,0,0,0,6
290371,2,1,0,0,0,0,0,0,0,0,0,0
290371,3,1,0,0,0,0,0,0,0,5,12,0
290372,1,1,0,0,0,0,0,0,0,0,0,0
290372,2,1,0,0,0,0,0,0,0,0,0,0
290373,1,1,0,0,0,0,0,0,26,0,0,0
290373,2,1,0,0,0,0,0,0,0,0,0,0
290374,1,1,12,8,24,12,8,21,23,19,27,0
290374,2,1,0,0,0,0,0,0,0,0,0,0
290375,1,1,0,0,0,0,0,0,0,0,0,0
290375,2,1,0,0,0,0,0,0,0,0,0,0
290376,1,1,6,17,8,17,12,21,21,13,29,34
290377,1,1,10,16,13,26,17,28,13,13,24,0
290377,2,1,0,0,31,0,30,0,17,0,0,0
290378,1,1,0,0,0,0,0,0,0,0,0,0
290378,2,1,0,0,0,0,0,0,0,0,0,0
290378,3,1,0,0,0,0,0,0,0,0,0,0
290379,1,1,0,0,0,0,0,0,0,0,0,0
290379,2,1,0,0,0,0,0,0,0,0,0,0
290380,1,1,0,0,0,0,0,0,0,0,0,0
290381,1,1,15,15,15,15,15,15,15,15,15,15
290382,1,1,0,0,0,0,0,0,0,0,0,0
290382,2,1,0,0,0,0,0,0,0,0,0,0
290383,1,1,0,0,0,0,0,0,0,0,0,0
290383,2,1,0,0,0,0,0,0,0,0,0,0
290384,1,1,0,0,0,0,25,0,0,5,20,0
290385,1,1,16,0,0,0,0,0,0,0,0,0
290386,1,1,1,1,1,1,1,1,1,1,1,1
290386,2,1,0,0,15,0,0,14,0,0,0,2
290387,2,1,0,0,0,0,0,0,0,0,0,0
290388,1,1,0,0,0,0,0,0,0,0,0,0
290388,2,1,0,0,0,0,0,0,0,0,0,0
290388,3,1,0,0,0,0,0,0,0,0,0,0
290388,4,1,0,0,0,0,0,0,0,0,0,0
290389,1,1,5,5,5,5,5,5,5,5,5,5
290390,1,1,9,9,9,9,9,9,9,9,9,9
290391,1,1,1,1,1,1,1,1,1,1,1,1
290392,1,1,0,0,0,0,0,0,0,0,0,0
290393,1,1,0,0,0,0,0,0,0,0,0,0
290393,2,1,0,0,0,0,0,0,0,0,0,0
290393,3,1,0,0,0,0,0,0,0,0,0,0
290393,4,1,0,0,0,0,0,0,0,0,0,19
290394,1,1,5,5,5,5,5,5,5,5,5,5
290394,2,1,0,0,0,0,0,0,0,0,0,0
290395,1,1,0,0,23,0,0,0,0,0,0,0
290396,1,1,0,0,0,0,0,0,0,0,0,0
290397,1,1,16,16,16,16,16,16,16,16,16,16
290398,1,1,0,0,0,0,0,0,0,0,0,0
290398,2,1,0,0,0,0,0,0,0,0,0,0
290399,0,1,0,0,0,0,0,0,0,0,0,0
290399,1,1,0,0,0,0,0,0,0,0,0,0
290399,2,1,5,0,0,0,0,0,0,0,0,0
290400,1,1,24,24,24,24,24,24,24,24,24,24
290401,1,1,0,0,0,0,0,0,0,0,0,0
290402,1,1,0,0,0,0,0,0,0,0,0,0
290402,2,1,0,0,0,0,0,0,0,0,0,0
290403,1,1,23,23,23,23,23,23,23,23,23,23
290404,1,1,0,0,0,0,0,0,0,0,0,0
290405,1,1,16,16,16,16,16,16,16,16,16,16
290406,1,1,0,0,0,0,0,0,0,0,0,0
290406,2,1,0,0,0,0,0,9,0,0,0,0
290407,1,1,0,0,0,0,0,0,0,0,0,0
290407,2,1,0,0,0,0,0,0,0,0,0,0
290408,1,1,0,0,0,0,0,0,0,0,0,0
290409,1,1,0,18,0,0,0,0,0,0,0,0
290410,1,1,0,0,0,0,0,0,0,0,0,0
290411,1,1,0,0,0,0,0,0,0,0,0,0
290412,1,1,19,19,19,19,19,19,19,19,19,19
290413,1,1,17,17,17,17,17,17,17,17,17,17
290414,1,1,0,0,0,0,0,0,0,0,0,0
290414,2,1,0,0,0,0,0,0,0,0,0,0
290415,1,1,0,0,0,0,0,0,0,0,0,0
290415,2,1,41,41,41,41,41,41,41,41,41,41
290416,1,1,0,0,0,0,0,0,0,0,0,0
290416,2,1,0,0,0,0,0,0,0,0,0,0
290417,1,1,0,0,0,0,0,0,0,0,0,0
290418,0,1,13,13,13,13,13,13,13,13,13,13
290418,1,1,4,3,0,0,0,0,5,0,15,0