ST_CASE,VEH_NO,PER_NO,P1,P2,P3,P4,P5,P6,P7,P8,P9,P10
290419,1,1,5,0,0,0,0,0,15,0,0,0
290419,2,1,0,17,0,0,0,0,0,0,0,0
290419,3,1,0,0,0,0,0,0,0,25,0,0
290420,1,1,0,0,0,0,0,0,0,0,0,0
290420,2,1,0,0,0,0,0,0,0,0,0,0
290420,3,1,0,0,0,0,0,0,0,0,0,0
290420,4,1,0,0,0,0,0,0,0,0,0,0
290420,5,1,0,7,0,0,0,0,0,0,0,0
290420,6,1,0,0,0,0,0,0,0,0,0,0
290421,1,1,25,25,25,25,25,25,25,25,25,25
290421,2,1,0,0,0,0,0,9,2,0,0,0
290422,0,1,21,21,21,21,21,21,21,21,21,21
290422,1,1,0,0,0,0,0,0,0,0,0,0
290423,1,1,0,0,0,0,0,0,0,0,0,0
290423,2,1,0,0,0,0,0,0,0,0,0,0
290424,1,1,0,16,14,18,10,28,26,15,0,0
290424,2,1,0,0,0,0,0,0,0,0,0,0
290424,3,1,0,0,0,0,0,0,0,0,0,0
290425,1,1,0,0,0,0,0,0,0,0,0,0
290425,2,1,0,0,0,0,0,0,0,0,0,0
290426,1,1,0,0,0,0,0,0,0,14,11,0
290426,2,1,0,0,0,0,0,0,0,0,0,0
290427,1,1,0,0,0,0,0,0,0,0,0,0
290427,2,1,0,0,0,0,0,0,0,0,0,0
290428,1,1,0,0,0,0,0,0,0,0,0,0
290429,1,1,18,18,18,18,18,18,18,18,18,18
290430,1,1,0,0,0,0,0,0,0,0,0,0
290430,2,1,0,0,0,0,0,0,0,0,0,0
290431,1,1,14,14,14,14,14,14,14,14,14,14
290432,0,1,0,0,0,0,0,0,0,0,0,0
290432,1,1,0,0,0,0,0,0,0,0,0,0
290433,1,1,0,0,0,0,0,0,0,0,0,0
290433,2,1,0,0,0,0,0,0,0,0,0,0
290434,1,1,0,0,0,0,0,0,0,0,0,0
290434,2,1,0,9,0,0,0,0,0,0,0,0
290434,3,1,0,0,0,0,0,0,0,0,0,0
290435,1,1,0,0,0,0,0,0,0,0,0,0
290436,1,1,0,0,0,0,0,0,0,0,0,0
290436,2,1,0,0,0,0,0,0,0,0,0,0
290437,1,1,0,0,0,0,0,0,0,0,0,0
290437,2,1,0,0,0,0,0,0,0,0,0,0
290437,3,1,0,0,0,0,0,0,0,0,0,0
290438,1,1,21,21,21,21,21,21,21,21,21,21
290439,1,1,0,0,0,0,0,0,0,0,0,0
290440,1,1,18,18,18,18,18,18,18,18,18,18
290441,0,1,0,0,0,0,0,0,0,0,0,0
290441,1,1,0,0,0,0,0,18,0,0,0,0
290442,1,1,0,0,0,0,0,17,0,0,0,0
290442,2,1,0,0,0,0,0,0,0,0,0,0
290443,1,1,0,0,0,0,0,0,0,0,0,0
290444,1,1,0,0,0,0,0,0,0,0,0,0
290444,2,1,0,0,0,0,0,0,0,0,0,0
290444,3,1,12,0,0,0,0,0,0,0,0,0
290445,0,1,0,0,0,0,0,0,0,0,0,0
290446,1,1,0,0,0,0,0,0,0,0,0,0
290446,2,1,0,0,0,0,0,0,0,16,0,0
290447,0,1,0,0,0,0,0,0,0,0,0,0
290447,1,1,0,0,0,0,0,0,0,0,0,0
290448,1,1,0,0,0,0,0,0,0,0,0,0
290448,2,1,0,0,0,0,22,11,16,0,0,12
290449,0,1,6,0,0,17,16,21,0,0,0,0
290449,1,1,0,0,0,0,0,0,0,0,0,0
290450,1,1,27,27,27,27,27,27,27,27,27,27
290451,1,1,0,0,0,0,0,0,0,0,0,0
290451,2,1,0,0,14,0,0,0,0,0,0,0
290452,0,1,15,15,15,15,15,15,15,15,15,15
290452,1,1,0,0,0,0,0,0,5,0,0,15
290453,1,1,0,0,0,36,0,23,0,0,0,0
290454,1,1,0,0,0,0,0,0,0,0,0,0
290455,1,1,33,33,33,33,33,33,33,33,33,33
290456,1,1,0,0,0,0,0,0,0,0,0,0
290456,2,1,0,0,0,0,0,0,0,0,0,0
290457,1,1,1,1,1,1,1,1,1,1,1,1
290457,2,1,0,0,0,0,0,0,0,0,0,0
290457,3,1,0,0,0,0,0,0,0,0,0,0
290458,1,1,16,16,16,16,16,16,16,16,16,16
290459,1,1,0,0,0,0,0,0,0,0,0,0
290460,1,1,0,0,0,0,0,0,0,0,0,0
290460,2,1,0,0,0,0,0,0,0,0,0,0
290460,3,1,0,0,0,0,0,0,0,0,0,0
290460,4,1,0,0,0,0,0,0,0,0,0,0
290461,1,1,0,0,0,0,0,0,0,0,0,0
290462,1,1,15,15,15,15,15,15,15,15,15,15
290463,0,1,0,25,14,0,0,0,29,50,10,0
290463,1,1,0,0,0,0,0,0,0,0,0,0
290464,0,1,0,0,0,17,0,0,0,0,0,0
290464,1,1,0,0,0,0,0,0,0,0,0,0
290465,0,1,17,17,17,17,17,17,17,17,17,17
290465,1,1,0,0,0,0,0,0,0,0,0,0
290466,0,1,0,0,0,0,0,0,0,0,0,0
290466,1,1,0,0,0,0,0,0,0,0,0,0
290467,0,1,0,0,0,0,0,0,0,0,0,0
290467,1,1,0,0,0,0,0,0,0,0,0,0
290468,1,1,1,1,1,1,1,1,1,1,1,1
290469,1,1,7,7,7,7,7,7,7,7,7,7
290470,1,1,0,0,0,0,0,0,0,0,0,0
290470,2,1,0,0,0,0,0,0,0,0,0,0
290471,0,1,0,0,0,0,0,0,0,0,0,0
290471,1,1,0,0,0,0,0,0,0,0,0,0
290471,2,1,0,0,0,0,27,0,0,0,0,0
290472,1,1,0,0,0,0,0,0,0,0,0,0
290472,2,1,0,0,0,0,0,0,0,0,0,0
290473,0,1,0,0,0,0,0,0,0,0,0,0
290473,1,1,0,0,0,0,0,15,0,0,0,0
290474,1,1,18,18,18,18,18,18,18,18,18,18
290475,1,1,0,25,0,0,14,0,0,0,0,0
290475,2,1,0,0,0,0,0,0,0,0,0,0
290476,0,1,0,0,0,0,0,0,0,0,0,0
290476,1,1,15,0,4,9,0,5,0,0,17,27
290477,1,1,0,0,0,0,0,0,0,0,0,0
290477,2,1,0,17,0,0,0,0,0,0,0,0
290478,1,1,0,0,0,0,0,0,0,0,0,0
290479,1,1,14,0,0,12,0,0,29,0,0,0
290480,2,1,18,20,15,11,15,28,6,16,0,0
290481,1,1,0,0,0,0,0,0,0,0,0,0
290482,1,1,0,0,0,0,0,0,0,0,0,0
290482,2,1,0,0,0,0,0,0,0,0,0,0
290483,1,1,14,14,14,14,14,14,14,14,14,14
290484,1,1,0,0,0,0,0,0,0,0,0,31
290485,1,1,14,14,14,14,14,14,14,14,14,14
290486,1,1,26,26,26,26,26,26,26,26,26,26
290487,1,1,0,0,0,0,0,0,0,0,0,0
290488,1,1,14,0,28,0,34,0,0,0,0,0
290488,2,1,0,0,0,0,0,0,0,0,0,0
290489,1,1,12,12,12,12,12,12,12,12,12,12
290491,1,1,0,0,0,0,0,0,0,0,0,0
290491,2,1,0,0,0,0,0,0,0,0,0,0
290492,1,1,0,0,0,0,0,0,0,0,0,0
290493,0,1,0,0,0,0,0,0,0,0,0,0
290493,1,1,0,0,0,14,12,0,0,0,0,0
290494,1,1,0,0,0,0,0,0,0,0,0,0
290494,2,1,0,0,0,0,0,0,0,0,0,0
290494,3,1,0,0,0,0,0,0,0,0,0,0
290494,4,1,13,0,0,0,0,0,0,0,0,0
290495,1,1,0,0,0,0,0,0,0,0,0,0
290496,1,1,0,0,0,0,0,0,0,0,0,0
290496,2,1,0,0,0,0,0,0,0,0,0,0
290496,3,1,0,13,0,0,0,0,0,0,21,0
290497,1,1,0,0,0,0,0,0,0,0,0,0
290498,1,1,0,0,0,0,0,0,0,0,0,0
290498,2,1,0,0,0,0,0,0,0,0,0,0
290498,3,1,0,0,0,0,0,0,0,0,0,0
290498,4,1,0,0,0,0,0,0,0,0,0,0
290498,5,1,0,0,0,0,0,0,0,0,0,0
290499,1,1,22,22,22,22,22,22,22,22,22,22
290500,1,1,12,12,12,12,12,12,12,12,12,12
290502,1,1,0,30,9,7,0,0,0,11,29,10
290503,1,1,0,0,0,0,0,0,0,0,0,0
290504,1,1,0,0,0,0,0,0,0,0,0,0
290505,1,1,0,0,0,0,0,0,0,0,0,0
290505,2,1,0,0,0,0,0,0,0,0,0,12
290505,3,1,0,0,0,0,0,0,0,0,0,0
290506,1,1,0,0,0,0,0,0,0,0,0,0
290507,1,1,0,0,0,0,0,0,0,0,0,0
290508,1,1,0,0,0,0,0,0,0,0,0,0
290509,1,1,0,0,0,0,0,0,0,0,0,0
290509,2,1,0,0,0,0,0,0,0,0,0,0
290510,0,1,19,19,19,19,19,19,19,19,19,19
290510,1,1,0,0,0,0,0,0,0,0,0,0
290511,1,1,0,0,0,0,0,0,0,0,0,0
290512,1,1,9,9,9,9,9,9,9,9,9,9
290513,1,1,0,0,0,0,0,0,0,0,0,0
290514,1,1,0,0,0,0,0,0,0,0,0,0
290514,2,1,0,0,0,0,0,0,0,0,0,0
290515,0,1,0,0,0,0,0,0,0,0,0,0
290515,1,1,0,0,0,0,0,0,0,0,0,0
290516,0,1,5,5,5,5,5,5,5,5,5,5
290516,1,1,0,0,0,0,0,0,0,0,0,0
290517,0,1,31,21,33,22,14,35,19,38,14,13
290517,1,1,0,0,0,0,0,0,0,0,0,0
290518,1,1,0,0,0,0,0,0,0,0,0,0
290519,1,1,0,0,0,0,0,0,0,0,0,0
290520,1,1,0,0,0,0,0,0,0,0,0,0
290520,2,1,0,0,0,0,0,0,0,0,0,0
290521,1,1,0,0,0,0,0,0,0,0,0,0
290521,2,1,0,0,0,0,0,0,0,0,0,0
290522,1,1,0,0,0,0,0,0,0,0,0,0
290523,1,1,18,18,18,18,18,18,18,18,18,18
290524,1,1,0,0,0,0,0,0,0,0,0,0
290524,2,1,0,0,0,0,0,0,0,0,0,0
290525,1,1,0,0,0,0,0,0,0,0,0,0
290525,2,1,0,0,4,0,0,0,0,0,0,0
290526,1,1,0,0,0,0,0,0,0,0,0,0
290527,0,1,0,0,0,0,0,0,0,0,0,0
290527,1,1,0,0,0,0,0,0,0,0,0,0
290528,1,1,9,9,9,9,9,9,9,9,9,9
290529,1,1,14,14,14,14,14,14,14,14,14,14
290530,1,1,0,0,0,0,0,0,0,0,0,0
290531,1,1,0,0,0,0,0,0,0,0,0,0
290532,1,1,24,24,24,24,24,24,24,24,24,24
290533,1,1,0,0,0,0,0,0,0,0,0,0
290533,2,1,0,0,0,0,0,0,0,0,0,0
290534,1,1,24,24,24,24,24,24,24,24,24,24
290535,1,1,0,0,0,0,0,32,0,19,0,0
290535,2,1,30,0,0,0,0,0,8,0,0,0
290536,1,1,21,21,21,21,21,21,21,21,21,21
290537,1,1,0,0,0,0,0,0,0,0,0,0
290537,2,1,0,0,0,0,0,0,0,0,0,0
290538,1,1,0,0,0,0,0,0,0,0,0,0
290538,2,1,0,0,0,0,0,0,0,0,0,0
290539,1,1,14,14,14,14,14,14,14,14,14,14
290540,1,1,0,0,0,0,0,0,0,0,0,0
290541,1,1,0,0,0,0,0,0,0,0,0,0
290541,2,1,0,0,0,0,0,0,0,0,0,0
290542,1,1,0,0,0,0,0,0,0,0,0,0
290542,2,1,3,3,3,3,3,3,3,3,3,3
290543,1,1,0,0,0,0,0,0,0,0,0,0
290543,2,1,0,0,0,0,0,0,0,0,0,0
290545,1,1,20,20,20,20,20,20,20,20,20,20
290546,1,1,0,0,0,0,0,0,0,0,0,0
290547,0,1,0,0,0,0,0,0,0,0,0,0
290547,1,1,0,0,0,0,0,0,0,0,0,0
290548,1,1,21,21,21,21,21,21,21,21,21,21
290549,1,1,0,4,0,0,0,0,0,8,0,0
290550,1,1,0,0,0,0,0,0,0,0,0,0
290550,2,1,0,0,0,0,0,0,0,11,0,0
290551,1,1,0,0,0,0,0,0,0,0,0,0
290551,2,1,0,0,0,0,0,0,0,0,0,0
290552,0,1,19,19,19,19,19,19,19,19,19,19
290552,1,1,0,13,0,16,6,3,0,0,0,7
290553,1,1,0,0,0,0,0,0,0,0,0,0
290553,2,1,0,0,0,0,0,0,0,0,0,0
290554,1,1,24,24,24,24,24,24,24,24,24,24
290555,1,1,0,0,0,0,0,0,0,0,0,0
290556,1,1,0,0,0,0,0,0,0,0,0,0
290557,1,1,9,9,9,9,9,9,9,9,9,9
290557,2,1,0,0,0,0,0,0,0,0,0,0
290557,3,1,0,0,0,0,0,0,0,0,0,0
290558,1,1,40,40,40,40,40,40,40,40,40,40
290558,2,1,0,0,0,0,0,0,0,0,0,0
290558,3,1,0,0,0,0,0,0,0,0,0,0
290558,4,1,0,0,0,0,0,0,0,0,0,0
290559,0,1,0,0,0,0,0,0,0,0,0,0
290559,1,1,0,0,0,0,0,0,0,0,0,0
290560,1,1,0,0,0,0,0,0,0,0,0,0
290561,1,1,0,0,0,0,0,0,0,0,0,0
290561,2,1,0,0,0,0,0,0,0,0,0,0
290562,1,1,0,0,0,0,0,0,0,0,0,0
290562,2,1,0,0,0,0,0,0,0,0,0,0
290563,1,1,18,18,18,18,18,18,18,18,18,18
290563,2,1,4,4,4,4,4,4,4,4,4,4
290564,1,1,0,0,0,0,0,0,0,0,0,0
290565,0,1,14,28,21,24,0,25,23,8,32,13
290565,1,1,0,26,0,0,0,0,6,0,15,0
290566,1,1,0,0,0,0,0,17,0,0,0,0
290566,2,1,0,0,0,0,0,0,0,0,0,0
290566,3,1,0,0,0,0,0,0,0,0,0,0
290567,1,1,1,1,1,1,1,1,1,1,1,1
290567,2,1,0,0,0,0,0,0,0,0,0,0
290568,1,1,0,0,0,0,0,0,0,0,0,0
290569,1,1,0,0,0,0,0,0,0,0,0,0
290569,2,1,10,10,10,10,10,10,10,10,10,10
290570,0,1,0,0,0,0,0,0,0,0,0,0
290570,1,1,0,0,0,0,0,0,0,0,0,0
290572,1,1,0,0,0,0,0,0,0,0,0,0
290572,2,1,0,0,0,0,0,0,0,0,0,0
290573,1,1,0,0,0,0,0,0,0,0,0,0
290574,0,1,22,22,22,22,22,22,22,22,22,22
290574,1,1,0,0,0,0,0,0,0,0,0,0
290575,1,1,9,9,9,9,9,9,9,9,9,9
290576,1,1,0,0,0,0,0,0,0,0,0,0
290576,2,1,0,0,0,0,0,0,0,0,0,0
290577,1,1,0,0,0,0,0,0,0,0,0,0
290577,2,1,10,10,10,10,10,10,10,10,10,10
290578,1,1,42,42,42,42,42,42,42,42,42,42
290579,1,1,9,9,9,9,9,9,9,9,9,9
290581,1,1,0,0,0,0,0,0,0,0,0,0
290581,2,1,0,0,0,0,0,0,0,0,0,0
290582,1,1,0,0,0,0,0,0,0,0,0,0
290582,2,1,0,0,0,0,0,7,7,23,0,0
290583,1,1,0,0,0,0,0,0,0,0,0,0
290584,1,1,0,0,0,0,0,0,0,0,0,0
290586,1,1,0,0,0,0,0,0,0,0,0,0
290587,1,1,22,22,22,22,22,22,22,22,22,22
290588,0,1,0,0,0,0,0,0,0,0,0,0
290588,1,1,0,0,0,0,0,0,0,0,0,0
290589,1,1,0,0,0,0,0,0,0,0,0,0
290590,1,1,1,1,1,1,1,1,1,1,1,1
290590,2,1,0,0,0,0,0,0,0,0,0,0
290591,1,1,0,0,0,0,0,0,0,0,0,0
290591,2,1,0,0,18,0,0,0,0,0,0,0
290592,0,1,0,0,0,0,0,0,0,0,0,0
290592,1,1,28,0,0,0,15,0,0,22,0,27
290593,1,1,30,30,30,30,30,30,30,30,30,30
290594,0,1,0,0,0,0,0,0,0,0,0,0
290594,1,1,0,0,0,0,0,0,0,0,0,0
290595,1,1,0,0,0,0,0,0,0,0,0,0
290595,2,1,0,0,0,0,0,0,0,0,0,0
290596,1,1,0,0,0,0,0,0,0,0,0,0
290597,0,1,15,15,15,15,15,15,15,15,15,15
290597,1,1,0,0,0,7,0,0,0,0,0,0
290598,1,1,0,0,0,0,0,0,0,0,0,0
290598,2,1,0,0,0,0,0,0,0,0,0,0
290598,3,1,0,0,0,0,0,0,0,0,0,0
290598,4,1,0,0,0,0,0,0,0,0,0,0
290599,1,1,0,0,0,0,0,0,0,0,0,0
290599,2,1,4,19,15,0,0,0,0,9,8,29
290600,1,1,0,0,0,0,0,0,0,0,0,0
290601,1,1,0,0,0,0,0,0,0,0,0,0
290601,2,1,0,0,0,0,0,0,0,0,0,0
290602,1,1,0,0,0,0,0,0,0,0,0,0
290603,1,1,0,0,0,0,0,0,0,0,0,0
290603,2,1,0,0,0,0,0,0,0,0,0,0
290604,1,1,26,26,26,26,26,26,26,26,26,26
290605,1,1,0,0,0,0,0,0,0,0,0,0
290606,1,1,28,28,28,28,28,28,28,28,28,28
290607,1,1,0,0,0,0,0,0,0,0,0,0
290608,0,1,0,0,0,0,0,0,0,0,0,0
290608,1,1,0,0,0,0,0,0,0,0,0,0
290609,0,1,0,0,0,0,0,0,0,0,0,0
290609,1,1,0,0,0,0,0,0,0,0,0,0
290610,1,1,0,13,27,0,0,20,17,0,36,0
290611,1,1,0,0,0,0,0,0,0,0,0,0
290611,2,1,0,0,0,6,0,0,0,0,0,0
290612,0,1,0,0,0,0,0,0,0,0,0,0
290612,1,1,0,0,0,0,0,0,0,0,0,0
290613,1,1,0,0,0,0,0,0,0,0,0,0
290613,2,1,7,7,7,7,7,7,7,7,7,7
290613,3,1,0,0,0,0,0,0,0,0,0,0
290614,1,1,0,30,22,17,0,0,0,0,0,0
290614,2,1,0,0,0,0,0,0,0,0,0,0
290615,1,1,0,0,0,0,0,0,0,0,0,0
290615,2,1,18,8,12,9,10,19,19,18,7,4
290616,1,1,0,0,0,0,0,0,0,0,0,0
290616,2,1,0,27,0,0,11,0,7,0,0,0
290617,1,1,19,19,19,19,19,19,19,19,19,19
290618,1,1,0,0,0,0,0,0,0,0,0,0
290619,1,1,6,0,22,0,0,0,0,0,0,0
290619,2,1,0,0,0,0,0,0,0,0,0,0
290620,0,1,0,0,0,0,0,0,0,0,0,0
290620,1,1,0,0,0,0,0,0,0,0,0,0
290621,0,1,0,0,0,0,0,0,0,0,0,0
290621,1,1,0,0,0,0,0,0,0,0,0,0
290622,1,1,0,0,0,0,0,0,10,0,12,0
290623,0,1,0,0,0,0,0,0,0,0,0,0
290623,1,1,0,0,0,0,0,0,0,0,0,0
290624,1,1,0,0,0,0,0,0,0,0,0,0
290624,2,1,0,0,0,0,0,0,0,0,0,0
290624,3,1,0,0,0,0,0,0,0,0,0,0
290625,1,1,0,0,0,0,0,0,0,0,0,0
290626,1,1,0,0,0,0,0,0,0,0,0,0
290627,1,1,0,0,0,0,0,0,0,0,0,0
290627,2,1,0,0,0,0,0,0,0,0,0,0
290627,3,1,15,0,0,0,0,7,0,0,0,0
290627,4,1,0,0,0,0,0,0,0,0,0,0
290628,0,1,0,0,0,0,0,0,0,0,30,0
290628,1,1,0,0,0,0,0,0,0,0,0,0
290629,1,1,7,7,7,7,7,7,7,7,7,7
290630,0,1,0,0,0,0,0,18,26,23,21,0
290630,1,1,0,0,0,0,0,0,0,0,0,0
290630,2,1,0,37,0,0,12,16,33,0,13,19
290630,3,1,0,0,0,0,0,0,0,0,0,0
290631,1,1,0,0,0,0,0,0,0,0,0,0
290631,2,1,0,0,0,0,0,0,0,0,0,0
290633,0,1,0,0,0,0,0,0,0,0,0,0
290633,1,1,0,0,0,0,0,0,0,0,0,0
290633,2,1,0,0,0,0,11,0,0,0,0,0
290634,1,1,0,0,0,0,0,0,0,0,0,0
290635,1,1,0,0,0,0,0,0,0,0,0,0
290636,1,1,22,22,22,22,22,22,22,22,22,22
290636,2,1,0,0,0,0,0,0,0,13,15,0
290637,1,1,0,0,0,0,0,0,0,0,0,0
290637,2,1,0,0,19,0,0,0,0,0,0,0
290638,1,1,0,0,0,0,0,0,0,0,0,0
290639,1,1,0,3,0,0,0,0,0,0,0,0
290639,2,1,0,0,0,0,0,0,0,0,0,0
290640,1,1,0,0,0,0,0,0,0,0,0,0
290640,2,1,0,0,0,0,0,0,0,0,0,0
290641,0,1,30,30,30,30,30,30,30,30,30,30
290641,1,1,9,0,0,0,0,0,0,0,0,0
290642,1,1,0,0,0,0,0,0,0,0,0,0
290643,1,1,0,0,0,0,0,0,0,0,0,0
290643,2,1,0,0,0,0,0,0,0,0,0,0
290643,3,1,0,0,0,0,0,0,0,0,0,0
290643,4,1,0,0,0,0,0,0,0,0,0,0
290643,5,1,0,0,0,0,0,0,0,0,0,0
290643,6,1,0,0,0,0,0,0,0,0,0,0
290643,7,1,0,0,0,0,0,0,0,0,0,0
290644,1,1,0,0,0,0,0,0,0,0,0,0
290644,2,1,0,0,0,0,0,0,0,0,0,0
290645,1,1,0,0,0,0,0,0,0,0,0,0
290645,2,1,0,0,0,0,0,0,0,0,0,0
290646,1,1,0,0,0,0,0,0,0,0,0,0
290647,1,1,0,0,0,0,0,0,0,0,0,0
290648,1,1,0,0,0,0,0,0,0,0,0,0
290648,2,1,0,0,0,0,0,0,0,0,0,0
290648,3,1,0,0,0,0,0,0,0,0,0,0
290649,1,1,18,18,18,18,18,18,18,18,18,18
290649,2,1,0,0,0,0,0,0,0,0,0,0
290650,1,1,18,18,18,18,18,18,18,18,18,18
290651,1,1,0,0,15,0,0,25,0,12,0,18
290651,2,1,0,0,0,0,0,0,0,0,0,0
290652,1,1,0,0,0,0,0,0,0,0,0,0
290653,1,1,0,0,0,0,0,0,0,0,0,0
290654,1,1,0,0,0,24,0,0,0,0,0,0
290655,1,1,13,21,18,31,0,0,12,27,14,10
290656,1,1,0,0,0,0,0,0,0,0,0,0
290657,0,1,0,0,0,0,0,0,0,0,0,0
290657,2,1,0,0,0,0,0,0,0,0,0,0
290658,1,1,9,9,9,9,9,9,9,9,9,9
290659,1,1,0,0,0,0,0,0,0,0,15,0
290660,1,1,15,15,15,15,15,15,15,15,15,15
290661,1,1,0,0,0,0,0,0,0,0,0,0
290661,2,1,0,0,0,0,0,0,0,0,0,0
290662,1,1,0,0,0,0,0,0,0,0,0,0
290662,2,1,0,0,0,0,0,0,0,0,0,0
290663,1,1,0,0,0,0,0,0,0,0,0,0
290664,1,1,0,0,0,0,0,0,0,0,0,0
290665,1,1,18,0,0,0,14,23,0,0,17,0
290666,0,1,0,0,0,0,0,0,0,0,0,0
290666,1,1,0,0,0,0,0,0,0,0,0,0
290667,1,1,26,26,26,26,26,26,26,26,26,26
290668,1,1,0,0,0,0,0,0,0,0,0,0
290669,1,1,0,0,0,0,0,0,0,0,0,0
290669,2,1,0,0,0,0,0,0,0,0,0,0
290670,1,1,0,0,0,0,0,0,0,0,0,0
290672,1,1,0,0,0,0,0,0,0,0,0,0
290672,2,1,0,0,0,0,0,0,0,0,0,0
290673,1,1,0,0,0,0,0,0,0,0,0,0
290674,0,1,0,0,0,0,0,0,0,0,0,0
290674,1,1,0,0,0,0,0,0,0,0,0,0
290674,2,1,0,0,0,0,0,0,0,0,0,0
290674,3,1,0,0,0,0,0,0,0,0,0,0
290674,4,1,0,0,0,0,0,0,0,0,0,0
290675,1,1,0,0,0,0,0,0,0,0,0,0
290676,1,1,0,0,0,0,0,0,0,0,0,0
290677,0,1,16,32,36,43,9,13,25,22,10,20
290677,1,1,10,0,0,0,0,0,0,17,0,2
290678,1,1,0,0,0,0,0,0,0,0,0,0
290678,2,1,0,0,0,0,0,0,0,0,0,0
290679,1,1,0,0,0,0,0,0,0,0,0,0
290679,2,1,0,0,0,0,0,0,0,0,0,0
290680,1,1,32,32,32,32,32,32,32,32,32,32
290681,1,1,0,0,0,0,0,0,0,0,0,0
290682,1,1,0,0,0,0,0,0,0,0,0,0
290683,1,1,0,0,0,0,0,0,0,0,0,0
290683,2,1,0,0,0,0,0,0,20,0,0,0
290684,1,1,0,0,0,0,0,0,0,0,0,0
290685,1,1,0,0,0,0,0,0,0,0,0,0
290686,1,1,0,4,4,0,17,20,0,13,0,5
290686,2,1,0,0,0,0,0,0,0,0,0,0
290687,0,1,14,5,0,0,0,0,0,17,0,0
290687,1,1,0,0,0,0,0,0,0,0,0,0
290688,0,1,0,0,0,0,0,0,0,0,0,0
290688,1,1,0,0,0,0,0,13,0,0,0,0
290689,1,1,0,0,0,0,0,0,0,0,0,0
290689,2,1,0,0,0,0,0,0,0,0,0,0
290690,1,1,0,0,12,0,0,0,9,0,0,0
290690,2,1,0,0,0,0,0,0,0,0,0,0
290691,1,1,0,0,0,0,0,0,0,0,0,0
290691,2,1,0,0,0,0,0,0,0,0,0,0
290692,1,1,0,0,0,0,0,0,0,0,0,0
290692,2,1,0,0,0,0,0,0,0,0,0,0
290694,0,1,0,0,0,0,0,0,0,0,0,0
290694,1,1,0,0,0,0,0,0,0,0,0,0
290695,1,1,0,0,0,0,0,0,0,0,0,0
290695,2,1,0,0,0,0,0,0,0,0,0,0
290696,1,1,13,13,13,13,13,13,13,13,13,13
290696,2,1,0,0,0,0,0,0,0,0,0,0
290697,0,1,0,0,0,0,0,0,0,0,0,0
290697,1,1,0,0,0,0,0,0,0,5,0,0
290698,1,1,0,0,0,0,0,0,0,0,0,0
290699,1,1,19,0,9,0,0,3,0,0,0,0
290700,2,1,0,0,0,0,0,6,0,0,0,0
290700,3,1,0,0,0,0,0,0,0,0,0,0
290701,1,1,0,0,0,0,0,0,0,0,0,0
290701,2,1,0,0,0,0,0,0,0,0,0,0
290702,1,1,0,0,0,0,0,0,0,0,0,0
290702,2,1,0,0,0,0,0,0,0,0,0,0
290703,0,1,17,17,17,17,17,17,17,17,17,17
290703,1,1,0,0,0,0,0,0,0,0,0,0
290704,1,1,20,20,20,20,20,20,20,20,20,20
290705,1,1,0,0,0,6,0,0,0,0,5,0
290706,1,1,0,7,5,22,18,0,19,20,17,25
290707,1,1,0,0,0,0,0,0,0,0,0,0
290707,2,1,0,0,0,0,0,0,0,0,0,0
290709,1,1,0,0,0,0,0,0,0,0,0,0
290709,2,1,0,0,0,0,0,0,0,0,0,10
290710,1,1,0,0,0,0,0,0,0,0,0,0
290710,2,1,0,0,0,0,0,0,0,0,0,0
290711,1,1,0,0,0,0,0,0,0,0,0,0
290711,2,1,0,0,0,0,0,0,0,0,0,0
290712,1,1,0,0,0,0,0,0,0,0,0,0
290712,2,1,0,0,0,0,0,0,0,6,0,0
290713,1,1,0,0,0,0,0,0,0,0,0,0
290713,2,1,0,0,0,0,0,0,0,0,0,0
290714,1,1,17,17,17,17,17,17,17,17,17,17
290715,1,1,0,0,0,0,0,0,0,0,0,0
290716,1,1,0,0,0,0,0,11,0,0,0,0
290716,2,1,0,0,0,0,0,0,0,0,0,0
290717,1,1,0,0,0,0,0,0,0,0,0,0
290718,1,1,0,0,0,0,0,0,0,0,0,0
290718,2,1,0,0,0,0,0,0,0,0,0,0
290719,1,1,0,0,0,0,0,0,0,0,0,0
290720,1,1,0,0,0,0,0,0,0,0,0,0
290721,1,1,0,0,0,0,0,0,0,0,0,0
290721,2,1,0,0,0,0,0,0,0,0,0,0
290722,1,1,0,0,0,0,0,0,26,0,0,0
290723,1,1,0,0,0,0,0,0,0,17,0,0
290723,2,1,0,7,0,0,0,0,0,0,0,0
290724,1,1,0,0,0,0,0,0,0,0,0,0
290724,2,1,0,0,0,0,0,0,0,0,0,0
290725,1,1,0,0,0,0,0,0,0,0,0,0
290725,2,1,0,0,0,0,0,0,0,0,0,0
290726,0,1,0,0,0,0,0,0,0,0,0,0
290726,1,1,0,0,0,0,0,0,0,0,0,0
290727,1,1,18,0,25,14,0,0,28,0,0,9
290729,1,1,0,0,0,0,0,0,0,0,0,0
290730,1,1,0,0,0,0,0,0,0,0,0,0
290731,1,1,25,25,25,25,25,25,25,25,25,25
290731,2,1,0,0,0,0,0,0,0,0,0,0
290732,1,1,0,0,0,0,0,0,0,0,0,0
290734,1,1,0,0,0,0,0,0,0,0,0,0
290735,1,1,0,0,0,0,0,0,0,0,0,0
290736,1,1,25,25,10,7,22,10,19,17,19,20
290737,1,1,0,0,0,0,0,0,0,0,0,0