ST_CASE,VEH_NO,PER_NO,P1,P2,P3,P4,P5,P6,P7,P8,P9,P10
290738,0,1,0,0,0,0,0,0,0,0,0,0
290738,1,1,0,0,0,0,0,0,0,0,0,0
290739,1,1,46,0,0,0,0,0,0,0,0,0
290740,1,1,0,0,0,0,0,0,0,0,0,0
290741,0,1,0,0,0,0,0,0,0,0,19,0
290741,1,1,0,0,0,0,0,0,0,0,0,0
290742,0,1,10,24,27,24,20,54,37,11,41,26
290742,0,2,8,8,8,8,8,8,8,8,8,8
290742,1,1,0,0,0,0,0,0,0,0,0,0
290743,1,1,0,0,0,0,0,0,0,0,0,0
290744,1,1,0,0,0,0,0,0,0,0,0,0
290744,2,1,0,0,0,0,0,0,0,0,0,0
290745,1,1,17,17,17,17,17,17,17,17,17,17
290746,0,1,25,25,25,25,25,25,25,25,25,25
290746,1,1,8,0,0,0,0,0,10,15,0,12
290747,0,1,0,0,0,0,0,0,0,0,0,0
290747,1,1,0,13,0,0,0,9,0,6,7,0
290747,2,1,0,0,0,0,0,0,0,0,9,0
290748,1,1,26,26,26,26,26,26,26,26,26,26
290748,2,1,0,0,0,0,0,0,0,0,0,0
290748,3,1,0,0,0,29,13,0,0,0,0,0
290749,1,1,0,0,0,0,0,0,0,0,0,0
290749,2,1,0,0,0,0,28,0,0,0,0,0
290750,1,1,20,20,20,20,20,20,20,20,20,20
290751,1,1,0,0,0,0,0,0,0,0,0,0
290751,2,1,0,0,0,0,0,0,0,0,0,0
290752,1,1,23,23,23,23,23,23,23,23,23,23
290753,0,1,0,0,0,0,0,0,0,0,0,0
290753,1,1,0,0,0,0,0,0,0,0,0,0
290754,1,1,0,0,0,0,0,0,0,0,0,13
290754,2,1,4,4,4,4,4,4,4,4,4,4
290755,1,1,0,0,0,0,0,0,0,0,0,0
290756,0,1,0,0,0,0,28,14,0,23,0,0
290756,1,1,0,0,0,0,0,0,0,0,0,0
290757,1,1,0,0,0,0,0,0,0,0,0,0
290758,1,1,0,0,0,0,0,0,0,0,0,0
290758,2,1,27,27,27,27,27,27,27,27,27,27
290759,1,1,0,0,0,0,0,0,0,0,0,0
290760,0,1,0,0,0,0,0,0,0,0,0,0
290760,1,1,0,0,0,0,0,0,0,0,0,0
290761,1,1,0,0,0,0,0,0,0,0,0,0
290761,2,1,0,0,0,0,0,0,0,0,0,0
290762,1,1,0,0,0,0,0,0,0,0,0,0
290763,1,1,0,0,0,0,0,0,0,0,0,0
290763,2,1,0,0,0,0,0,0,0,0,0,0
290764,1,1,0,0,0,0,0,0,0,0,0,0
290764,2,1,0,0,0,0,0,0,0,0,0,0
290765,1,1,0,0,0,0,0,0,0,0,0,0
290765,2,1,0,0,0,0,0,0,0,0,0,0
290766,1,1,0,0,0,0,0,0,0,0,0,0
290766,2,1,0,0,0,0,0,0,0,0,0,0
290767,1,1,0,0,0,0,0,0,0,0,0,0
290767,2,1,0,0,0,0,0,0,0,0,0,0
290768,1,1,17,17,17,17,17,17,17,17,17,17
290768,2,1,3,3,3,3,3,3,3,3,3,3
290769,1,1,14,14,14,14,14,14,14,14,14,14
290770,0,1,25,25,25,25,25,25,25,25,25,25
290770,1,1,0,0,0,0,0,0,0,0,0,0
290771,1,1,0,0,0,0,0,0,0,0,0,0
290772,1,1,0,0,0,0,0,0,0,0,0,0
290772,2,1,0,0,0,0,0,0,0,0,0,0
290773,1,1,25,25,25,25,25,25,25,25,25,25
290773,2,1,0,0,0,0,0,0,0,0,0,0
290774,1,1,0,0,0,0,0,0,0,0,0,0
290775,1,1,0,0,0,0,0,0,0,0,0,0
290776,1,1,0,0,0,0,0,0,0,0,0,0
290776,2,1,0,0,0,0,0,0,0,0,0,0
290777,1,1,15,15,15,15,15,15,15,15,15,15
290777,2,1,0,0,0,0,0,0,0,0,0,0
290777,3,1,0,0,0,0,0,0,0,0,0,0
290778,1,1,0,0,0,0,0,0,0,0,0,0
290779,1,1,0,0,0,0,0,0,0,0,0,0
290779,2,1,0,0,0,0,0,0,0,0,0,0
290780,1,1,0,0,0,0,0,0,0,0,0,0
290780,2,1,0,0,0,0,0,0,0,0,0,0
290781,1,1,0,0,0,0,0,0,0,0,0,0
290781,2,1,0,19,0,0,0,0,0,17,14,0
290782,1,1,0,10,16,0,9,14,0,0,7,17
290783,1,1,10,0,0,0,0,0,15,17,29,0
290783,2,1,0,0,0,0,0,0,0,0,0,0
290784,1,1,17,17,17,17,17,17,17,17,17,17
290785,1,1,29,29,29,29,29,29,29,29,29,29
290786,0,1,0,0,0,0,0,0,0,0,0,0
290786,0,2,0,20,0,0,0,13,0,12,19,7
290786,1,1,0,0,0,0,0,15,0,0,0,0
290787,1,1,0,0,18,0,0,0,0,0,3,0
290788,1,1,0,0,0,0,0,0,0,0,0,0
290788,2,1,0,0,0,0,0,0,0,0,0,0
290789,0,1,0,0,0,0,0,0,0,0,0,0
290789,1,1,0,0,0,0,0,0,0,0,0,0
290790,1,1,0,0,13,10,0,0,0,0,0,0
290790,2,1,0,0,0,0,0,0,0,0,0,0
290791,1,1,27,27,27,27,27,27,27,27,27,27
290791,2,1,0,0,0,0,0,0,0,0,0,0
290792,1,1,15,15,15,15,15,15,15,15,15,15
290792,2,1,18,20,18,30,8,2,16,4,2,7
290793,1,1,0,0,0,0,0,0,0,0,0,0
290793,2,1,0,0,0,0,0,0,0,0,0,0
290795,1,1,20,20,20,20,20,20,20,20,20,20
290796,1,1,0,0,0,0,0,0,0,0,0,0
290796,2,1,0,0,0,0,0,0,0,0,0,0
290797,1,1,0,0,0,0,0,0,0,0,0,0
290797,2,1,0,0,0,0,0,0,0,0,0,0
290798,1,1,0,0,0,0,0,0,13,0,0,0
290799,1,1,20,20,20,20,20,20,20,20,20,20
290800,1,1,0,0,0,0,0,0,0,0,0,0
290800,2,1,0,0,0,0,0,0,0,0,0,0
290801,1,1,0,0,0,0,0,0,0,0,0,0
290801,2,1,0,0,0,0,0,0,0,0,0,0
290801,3,1,0,6,0,0,8,0,19,0,5,0
290802,1,1,15,15,15,15,15,15,15,15,15,15
290803,1,1,0,0,0,0,0,0,0,0,0,0
290804,1,1,0,0,0,0,7,0,5,0,4,0
290804,2,1,0,0,0,0,0,0,0,0,0,0
290805,1,1,0,0,0,0,0,0,0,0,0,0
290805,2,1,0,18,0,0,0,0,0,0,0,0
290805,3,1,0,0,0,0,0,0,0,0,0,0
290805,4,1,0,0,0,0,0,0,0,0,0,0
290805,5,1,0,0,0,0,0,0,0,0,0,0
290805,6,1,0,0,0,0,0,0,0,0,0,0
290806,1,1,12,12,12,12,12,12,12,12,12,12
290807,1,1,22,22,22,22,22,22,22,22,22,22
290808,1,1,0,0,0,0,0,0,0,0,0,0
290809,0,1,0,0,0,0,0,0,0,0,0,0
290809,1,1,0,0,0,0,3,0,0,0,0,0
290810,0,1,0,0,0,0,0,0,0,0,0,0
290810,0,2,0,0,0,14,0,14,35,10,0,0
290810,0,3,0,0,0,0,0,0,0,0,0,0
290810,1,1,0,0,0,0,10,9,27,9,13,0
290811,0,1,11,11,11,11,11,11,11,11,11,11
290811,1,1,7,7,7,7,7,7,7,7,7,7
290812,1,1,0,0,0,0,0,0,0,14,0,0
290812,2,1,0,0,0,0,0,0,0,10,0,0
290813,1,1,0,0,0,0,0,0,0,0,0,0
290814,0,1,26,26,26,26,26,26,26,26,26,26
290814,1,1,0,0,0,0,0,0,0,0,0,0
290814,2,1,0,0,0,23,0,0,0,0,33,0
290814,3,1,11,0,0,0,22,0,0,0,3,0
290815,1,1,0,15,0,0,0,0,0,0,0,0
290816,1,1,25,25,25,25,25,25,25,25,25,25
290817,0,1,0,0,0,0,0,0,0,0,0,0
290817,1,1,0,10,0,0,0,0,3,0,0,0
290818,1,1,0,0,0,0,0,0,0,0,0,0
290818,2,1,0,0,0,0,0,0,0,0,0,0
290819,0,1,21,21,21,21,21,21,21,21,21,21
290819,1,1,0,0,0,0,0,0,0,0,0,0
290819,2,1,5,0,0,0,0,0,0,0,0,0
290819,3,1,21,0,0,0,12,0,0,23,0,0
290819,4,1,0,0,0,5,0,0,0,4,0,0
290820,1,1,25,25,25,25,25,25,25,25,25,25
290821,0,1,0,0,0,0,0,0,0,0,0,0
290821,1,1,0,0,0,0,0,0,0,0,0,0
290822,1,1,0,0,0,0,0,0,0,0,0,0
290823,1,1,0,0,10,0,0,4,14,0,14,12
290824,1,1,0,0,0,0,0,0,0,0,0,0
290825,1,1,0,0,0,0,0,0,0,0,0,0
290825,2,1,0,0,0,0,0,0,0,0,0,0
290826,1,1,0,0,0,0,0,0,0,0,0,0
290827,1,1,0,6,0,0,0,0,8,6,14,23
290827,2,1,0,0,0,0,12,29,0,0,0,11
290828,1,1,0,25,10,0,0,2,7,23,9,0
300001,1,1,0,0,0,0,0,0,0,0,0,0
300001,2,1,0,0,0,0,0,0,0,0,0,0
300002,1,1,9,9,9,9,9,9,9,9,9,9
300003,1,1,0,0,0,0,0,0,0,0,0,0
300003,2,1,0,0,0,0,0,0,0,0,0,0
300004,1,1,0,0,0,0,0,0,0,0,0,0
300005,1,1,0,0,0,0,0,0,0,0,0,0
300005,2,1,0,0,0,0,0,0,0,0,0,0
300006,1,1,19,19,19,19,19,19,19,19,19,19
300007,1,1,26,26,26,26,26,26,26,26,26,26
300008,1,1,52,52,52,52,52,52,52,52,52,52
300009,1,1,0,0,0,0,0,0,0,0,0,0
300009,2,1,0,0,0,0,0,0,0,0,0,0
300010,1,1,26,26,26,26,26,26,26,26,26,26
300011,1,1,0,0,0,0,0,0,0,0,0,0
300011,2,1,0,0,0,0,0,0,0,0,0,0
300012,1,1,0,0,0,0,0,0,0,0,0,0
300012,2,1,0,0,0,0,0,0,0,0,0,0
300013,1,1,29,29,29,29,29,29,29,29,29,29
300014,0,1,17,17,17,17,17,17,17,17,17,17
300014,1,1,0,0,0,0,0,0,0,0,0,0
300015,0,1,33,33,33,33,33,33,33,33,33,33
300015,1,1,0,0,0,0,0,0,0,0,0,20
300016,1,1,0,0,0,0,0,0,0,0,0,0
300016,2,1,0,0,0,0,0,0,0,0,0,0
300017,0,1,15,15,15,15,15,15,15,15,15,15
300017,1,1,0,0,0,0,0,0,0,0,0,0
300018,1,1,21,21,21,21,21,21,21,21,21,21
300019,1,1,0,0,0,0,0,0,0,9,0,0
300019,2,1,0,0,0,0,0,0,0,0,0,0
300019,3,1,0,0,0,0,0,0,0,0,0,0
300019,4,1,0,0,0,0,0,0,0,0,0,0
300019,5,1,0,0,0,0,0,0,0,0,0,0
300020,1,1,17,17,17,17,17,17,17,17,17,17
300021,1,1,0,0,0,0,0,0,0,0,0,0
300022,1,1,15,15,15,15,15,15,15,15,15,15
300023,1,1,19,19,19,19,19,19,19,19,19,19
300024,1,1,6,6,6,6,6,6,6,6,6,6
300024,2,1,0,0,0,0,0,0,0,0,0,0
300025,1,1,0,0,0,0,0,0,0,0,0,0
300026,1,1,11,11,11,11,11,11,11,11,11,11
300027,1,1,9,9,9,9,9,9,9,9,9,9
300028,1,1,0,0,0,0,0,0,0,0,0,0
300028,2,1,0,0,0,0,0,0,0,0,0,0
300029,1,1,23,23,23,23,23,23,23,23,23,23
300030,1,1,30,30,30,30,30,30,30,30,30,30
300030,2,1,2,2,2,2,2,2,2,2,2,2
300031,1,1,0,0,0,0,0,0,0,0,0,0
300032,0,1,0,0,0,0,0,0,0,0,0,0
300032,1,1,4,4,4,4,4,4,4,4,4,4
300033,1,1,0,0,0,0,0,0,0,0,0,0
300034,1,1,0,0,0,0,0,0,0,0,0,0
300035,1,1,25,25,25,25,25,25,25,25,25,25
300036,1,1,16,16,16,16,16,16,16,16,16,16
300037,1,1,0,0,0,0,0,0,0,0,0,0
300038,1,1,12,12,12,12,12,12,12,12,12,12
300039,1,1,0,0,0,0,0,0,0,0,0,0
300040,1,1,10,10,10,10,10,10,10,10,10,10
300041,1,1,21,21,21,21,21,21,21,21,21,21
300042,1,1,13,13,13,13,13,13,13,13,13,13
300043,1,1,0,0,0,0,0,0,0,0,0,0
300044,1,1,0,0,0,0,0,0,0,0,0,0
300044,2,1,0,0,0,0,0,0,0,0,0,0
300045,0,1,0,0,0,0,0,0,0,0,0,0
300045,1,1,0,0,0,0,0,0,0,0,0,0
300046,1,1,25,25,25,25,25,25,25,25,25,25
300047,1,1,3,3,3,3,3,3,3,3,3,3
300048,0,1,25,0,0,0,0,0,0,0,0,0
300049,1,1,23,23,23,23,23,23,23,23,23,23
300050,1,1,0,0,0,0,0,0,0,0,0,0
300050,2,1,0,0,0,0,0,0,0,0,0,0
300051,1,1,14,14,14,14,14,14,14,14,14,14
300051,2,1,0,0,0,0,0,0,0,0,0,0
300052,1,1,0,0,0,0,0,0,0,0,0,0
300053,1,1,0,0,0,0,0,0,0,0,0,0
300053,2,1,0,0,0,0,0,0,0,0,0,0
300054,0,1,0,0,0,23,0,0,0,0,36,15
300054,1,1,3,3,3,3,3,3,3,3,3,3
300055,1,1,27,27,27,27,27,27,27,27,27,27
300056,1,1,0,0,0,0,0,0,0,0,0,0
300057,1,1,25,25,25,25,25,25,25,25,25,25
300058,1,1,0,0,0,0,0,0,0,0,0,0
300058,2,1,0,0,0,0,0,0,0,0,0,0
300059,1,1,0,0,0,0,0,0,0,0,0,0
300060,1,1,0,13,16,35,17,0,19,19,23,12
300061,1,1,0,0,0,0,0,0,0,0,0,0
300062,1,1,0,0,0,0,0,0,0,0,0,0
300063,1,1,0,0,0,0,0,0,0,0,0,0
300064,1,1,19,19,19,19,19,19,19,19,19,19
300065,1,1,0,0,0,0,0,0,0,0,0,0
300066,1,1,0,0,0,0,0,0,0,0,0,0
300066,2,1,0,0,0,0,0,0,0,0,0,0
300067,1,1,0,0,0,0,0,0,0,0,0,0
300068,1,1,0,0,0,0,0,0,0,0,0,0
300069,1,1,24,24,24,24,24,24,24,24,24,24
300070,1,1,0,0,0,0,0,0,0,0,0,0
300070,2,1,0,0,0,0,0,0,0,0,0,0
300071,1,1,0,0,0,0,0,0,0,0,0,0
300071,2,1,0,0,0,0,0,0,0,0,0,0
300072,1,1,0,0,0,0,0,0,0,0,0,0
300073,1,1,0,0,0,0,0,0,0,0,0,0
300074,1,1,29,50,25,33,0,31,12,27,21,16
300075,1,1,12,12,12,12,12,12,12,12,12,12
300076,1,1,0,17,0,0,0,0,0,0,0,0
300077,1,1,17,17,17,17,17,17,17,17,17,17
300078,1,1,0,0,0,0,0,0,0,0,0,0
300079,1,1,2,2,2,2,2,2,2,2,2,2
300080,1,1,20,20,20,20,20,20,20,20,20,20
300081,1,1,32,32,32,32,32,32,32,32,32,32
300082,1,1,0,0,0,0,0,0,0,0,0,0
300083,1,1,0,0,0,0,0,0,0,0,0,0
300083,2,1,0,0,0,0,0,0,0,0,0,0
300084,1,1,0,0,0,0,0,0,0,0,0,0
300085,1,1,17,17,17,17,17,17,17,17,17,17
300086,1,1,0,0,0,0,0,0,0,0,0,0
300087,1,1,0,0,0,0,0,0,0,0,0,0
300088,1,1,23,23,23,23,23,23,23,23,23,23
300089,1,1,22,22,22,22,22,22,22,22,22,22
300090,1,1,0,0,0,0,0,0,0,0,0,0
300091,1,1,0,0,0,0,0,0,0,0,0,0
300092,1,1,0,0,0,0,0,0,0,0,0,0
300092,2,1,0,0,0,0,0,0,0,0,0,0
300093,1,1,31,31,31,31,31,31,31,31,31,31
300094,1,1,0,0,0,0,0,0,0,0,0,0
300095,1,1,20,20,20,20,20,20,20,20,20,20
300096,1,1,0,0,0,10,0,0,0,0,0,0
300096,2,1,0,0,0,0,0,0,0,0,0,0
300097,1,1,0,0,0,0,0,0,0,0,0,0
300097,2,1,0,0,0,0,0,0,0,0,0,0
300098,1,1,0,0,0,0,0,0,0,0,0,0
300099,1,1,18,18,18,18,18,18,18,18,18,18
300100,1,1,18,18,18,18,18,18,18,18,18,18
300101,1,1,7,7,7,7,7,7,7,7,7,7
300102,1,1,13,13,13,13,13,13,13,13,13,13
300103,1,1,0,0,0,0,0,0,0,0,0,0
300103,2,1,0,0,0,0,0,0,0,0,0,0
300104,1,1,6,6,6,6,6,6,6,6,6,6
300105,1,1,18,18,18,18,18,18,18,18,18,18
300106,1,1,0,0,0,0,0,0,0,0,0,0
300107,1,1,0,0,0,0,0,0,0,0,0,0
300107,2,1,0,0,0,0,0,0,0,0,0,0
300108,1,1,13,13,13,13,13,13,13,13,13,13
300109,1,1,14,14,14,14,14,14,14,14,14,14
300110,1,1,0,0,0,0,0,0,0,0,0,0
300111,1,1,0,0,0,0,0,0,0,0,0,0
300111,2,1,0,0,0,0,0,0,0,0,0,0
300111,3,1,0,0,0,0,0,0,0,0,0,0
300112,1,1,0,0,0,0,0,0,0,0,0,0
300112,2,1,0,0,0,0,0,0,0,0,0,0
300113,1,1,26,26,26,26,26,26,26,26,26,26
300114,1,1,18,24,10,10,27,17,26,9,9,26
300115,1,1,3,3,3,3,3,3,3,3,3,3
300115,2,1,0,14,0,0,0,0,0,0,0,0
300116,1,1,2,2,2,2,2,2,2,2,2,2
300117,1,1,0,0,0,0,0,0,0,0,0,0
300118,1,1,0,0,0,0,0,0,0,0,0,0
300119,1,1,0,0,0,0,0,0,0,0,0,0
300120,1,1,26,26,26,26,26,26,26,26,26,26
300121,1,1,0,0,0,0,0,0,0,0,0,0
300122,1,1,22,31,17,25,15,14,29,31,7,27
300123,1,1,0,0,0,0,0,0,0,0,0,0
300124,1,1,0,0,0,0,0,0,0,0,0,0
300125,1,1,20,20,20,20,20,20,20,20,20,20
300126,1,1,0,0,0,0,0,0,0,0,0,0
300126,2,1,0,0,0,0,0,0,0,0,0,14
300127,2,1,0,0,0,0,0,0,0,0,0,0
300128,0,1,10,16,18,17,12,26,20,0,27,3
300128,1,1,0,0,10,0,0,0,0,0,0,0
300129,1,1,0,0,0,0,0,0,0,0,0,0
300129,2,1,0,0,0,0,0,0,0,0,0,0
300130,1,1,4,4,4,4,4,4,4,4,4,4
300131,1,1,0,0,0,0,0,0,0,0,0,0
300132,1,1,0,0,0,0,0,0,0,0,0,0
300133,1,1,0,0,0,0,0,0,0,0,0,0
300133,2,1,0,0,0,0,0,0,0,0,0,0
300134,1,1,17,17,17,17,17,17,17,17,17,17
300135,1,1,24,24,24,24,24,24,24,24,24,24
300136,0,1,11,11,11,11,11,11,11,11,11,11
300136,1,1,0,0,0,0,0,0,0,0,0,0
300137,1,1,0,0,0,0,0,0,0,0,0,0
300137,2,1,0,0,0,0,0,0,0,0,0,0
300138,1,1,0,0,0,0,0,0,0,0,0,0
300138,2,1,0,0,0,0,0,0,0,0,0,0
300139,1,1,0,0,0,0,0,0,0,0,25,0
300140,1,1,0,0,0,0,0,0,0,0,0,0
300140,2,1,0,0,0,0,0,0,0,0,0,0
300141,1,1,7,7,7,7,7,7,7,7,7,7
300141,2,1,0,0,0,0,0,0,0,0,0,0
300142,1,1,20,20,20,20,20,20,20,20,20,20
300142,2,1,0,0,5,0,0,0,0,0,0,0
300143,0,1,34,34,34,34,34,34,34,34,34,34
300143,1,1,0,0,0,0,0,0,0,0,0,0
300144,1,1,24,24,24,24,24,24,24,24,24,24
300145,1,1,0,14,7,0,0,0,0,0,0,0
300145,2,1,0,0,0,0,0,0,0,0,0,0
300146,1,1,12,12,12,12,12,12,12,12,12,12
300147,1,1,12,12,12,12,12,12,12,12,12,12
300148,1,1,0,0,0,0,0,0,0,0,0,0
300149,1,1,0,0,0,0,0,0,0,0,0,0
300150,1,1,0,0,0,0,0,0,0,0,0,0
300151,1,1,0,0,0,0,0,0,0,0,0,0
300151,2,1,0,0,0,0,0,0,0,0,0,0
300152,1,1,0,0,0,0,0,0,0,0,0,0
300153,1,1,0,0,0,0,0,0,0,0,0,0
300153,2,1,0,0,0,0,0,0,0,0,0,0
300154,1,1,31,31,31,31,31,31,31,31,31,31
300154,2,1,9,9,9,9,9,9,9,9,9,9
300155,1,1,0,0,0,0,0,0,0,0,0,0
300155,2,1,0,0,0,0,0,0,0,0,0,0
300156,1,1,0,12,0,0,0,0,0,0,0,0
300156,2,1,6,0,0,0,0,0,0,0,0,23
300157,1,1,25,25,25,25,25,25,25,25,25,25
300158,0,1,18,18,18,18,18,18,18,18,18,18
300158,1,1,0,0,0,0,0,0,0,0,0,0
300159,1,1,24,24,24,24,24,24,24,24,24,24
300159,2,1,0,0,0,0,0,0,0,0,0,0
300160,1,1,4,4,4,4,4,4,4,4,4,4
300161,1,1,0,0,0,0,0,0,0,0,0,0
300161,2,1,6,6,6,6,6,6,6,6,6,6
300162,1,1,9,9,9,9,9,9,9,9,9,9
300163,1,1,0,0,0,0,0,0,0,0,0,0
300163,2,1,0,0,0,0,0,0,0,0,0,0
300163,3,1,0,0,0,0,0,0,0,0,0,0
300164,1,1,9,9,9,9,9,9,9,9,9,9
300165,1,1,0,0,0,0,0,0,0,0,0,0
300166,1,1,0,0,0,0,0,0,0,0,0,0
300167,0,1,0,0,0,0,0,0,0,0,0,0
300167,1,1,16,0,0,52,18,16,11,0,8,29
300168,0,1,19,19,19,19,19,19,19,19,19,19
300168,1,1,0,0,0,0,0,0,0,0,0,0
300169,1,1,41,41,41,41,41,41,41,41,41,41
300170,1,1,0,0,0,0,0,0,0,0,0,0
300171,1,1,0,0,0,0,0,0,0,0,0,0
300172,1,1,0,0,0,0,0,0,0,0,0,0
300172,2,1,0,0,0,0,0,0,0,0,0,0
300173,1,1,15,15,15,15,15,15,15,15,15,15
300174,0,1,0,0,0,0,0,0,0,0,0,0
300174,1,1,0,0,0,0,0,0,0,0,0,0
300175,1,1,0,0,0,0,0,0,0,0,0,0
300175,2,1,0,0,0,0,0,0,0,0,0,0
300176,1,1,0,0,0,0,0,0,0,0,0,0
300176,2,1,0,0,0,0,0,0,0,0,0,0
300177,1,1,0,0,0,0,0,0,0,0,0,0
300178,1,1,17,17,17,17,17,17,17,17,17,17
300179,1,1,0,0,0,0,0,0,0,0,0,0
300179,2,1,0,0,0,0,0,0,0,0,0,0
300180,1,1,0,0,0,0,0,0,0,0,0,0
300180,2,1,0,0,0,0,0,0,0,0,0,0
300181,1,1,0,0,0,0,0,0,0,0,0,0
300182,1,1,0,0,0,0,0,0,0,0,0,0
300182,2,1,0,0,0,0,0,0,0,0,0,0
300183,1,1,0,0,0,0,0,0,0,0,0,0
300183,2,1,0,0,0,0,0,0,0,0,0,0
300184,1,1,0,0,0,0,0,0,0,0,0,0
300185,1,1,0,0,0,0,0,0,0,0,0,0
300186,1,1,22,22,22,22,22,22,22,22,22,22
300187,1,1,19,19,19,19,19,19,19,19,19,19
300188,0,1,0,0,0,0,0,4,0,0,0,0
300188,1,1,0,0,0,0,0,0,0,0,0,0
300189,1,1,0,0,0,0,0,0,0,0,0,0
300189,2,1,0,0,0,0,0,0,0,0,0,0
300190,1,1,14,14,14,14,14,14,14,14,14,14
300191,1,1,0,0,0,0,0,0,0,0,0,0
300192,1,1,0,0,0,0,0,0,0,0,0,0
300192,2,1,0,0,0,0,0,0,0,0,0,0
300192,3,1,0,0,0,0,0,0,0,0,0,0
300192,4,1,0,0,0,0,0,0,0,0,0,0
300193,1,1,4,0,18,23,16,0,13,8,14,15
300194,0,1,36,36,36,36,36,36,36,36,36,36
300194,1,1,0,0,0,0,0,0,0,0,0,0
300195,1,1,19,19,19,19,19,19,19,19,19,19
300196,1,1,19,19,19,19,19,19,19,19,19,19
300197,1,1,0,0,0,0,0,0,0,0,0,0
300198,1,1,0,0,0,0,0,0,0,0,0,0
300199,1,1,0,0,0,0,0,0,0,0,0,0
300199,2,1,0,0,0,0,0,0,0,0,0,0
300200,1,1,0,0,0,0,0,0,0,0,0,0
300200,2,1,0,0,0,0,0,0,0,0,0,0
300201,1,1,0,0,25,0,0,0,0,0,0,0
300202,1,1,0,0,0,0,0,0,0,0,0,0
300202,2,1,0,0,0,0,0,0,0,0,0,0
300203,1,1,0,0,0,0,0,0,0,0,0,0
300204,1,1,5,5,5,5,5,5,5,5,5,5
310001,1,1,0,0,0,0,0,0,0,0,0,0
310001,2,1,0,0,0,0,0,0,0,0,0,0
310002,1,1,0,0,0,0,0,0,0,0,0,0
310002,2,1,0,0,0,0,0,0,0,0,0,0
310003,1,1,21,21,21,21,21,21,21,21,21,21
310004,1,1,5,5,5,5,5,5,5,5,5,5
310005,1,1,0,0,0,14,0,0,0,0,0,17
310006,1,1,0,0,0,0,0,0,0,0,0,0
310006,2,1,0,0,0,0,0,0,0,0,0,0
310007,0,1,0,0,0,0,0,0,0,0,0,0
310007,1,1,0,0,0,0,0,0,0,0,0,0
310008,0,1,0,0,0,0,0,0,0,0,0,0
310008,1,1,0,0,0,0,0,0,0,0,0,0
310009,1,1,0,0,0,0,0,0,0,0,0,0
310010,1,1,0,0,0,0,0,0,0,0,0,0
310010,2,1,0,0,0,0,0,0,0,0,0,0
310011,1,1,17,17,17,17,17,17,17,17,17,17
310012,1,1,8,8,8,8,8,8,8,8,8,8
310013,1,1,0,0,0,0,0,0,0,0,0,0
310013,2,1,0,0,0,0,0,0,0,0,0,0
310014,1,1,0,0,0,0,0,0,0,0,0,0
310015,1,1,0,0,0,0,0,0,0,0,0,0
310016,1,1,0,0,0,0,0,0,0,0,0,0
310016,2,1,0,0,0,0,0,0,0,0,0,0
310017,1,1,0,0,0,0,0,0,0,0,0,0
310018,0,1,0,0,0,0,0,0,0,0,0,0
310018,1,1,0,0,0,0,0,0,0,0,0,0
310019,1,1,0,0,0,0,0,0,0,0,0,0
310020,1,1,0,0,0,0,0,0,0,0,0,0
310021,1,1,0,0,0,0,0,0,0,0,0,0
310021,2,1,0,0,0,0,0,0,0,0,0,0
310022,1,1,0,0,0,0,0,0,0,0,0,0
310022,2,1,0,0,0,0,0,0,0,0,0,0
310023,1,1,0,0,0,0,0,0,0,0,0,0
310023,2,1,0,0,0,0,0,0,0,0,0,0
310024,1,1,0,0,0,0,0,0,0,0,0,0
310024,2,1,0,0,0,0,0,0,0,0,0,0
310024,3,1,0,0,0,0,0,0,0,0,0,0
310025,0,1,0,0,0,0,0,0,0,0,0,0
310025,1,1,0,0,0,0,0,0,0,0,0,0
310026,1,1,0,0,0,0,0,0,0,0,0,0
310026,2,1,0,0,0,0,0,0,0,0,0,0
310027,1,1,0,0,0,0,0,0,0,0,0,0
310027,2,1,0,0,0,11,0,16,0,32,0,0
310028,1,1,17,17,17,17,17,17,17,17,17,17
310029,1,1,0,0,0,0,0,0,0,21,0,0
310030,1,1,0,0,0,0,0,0,0,0,0,0
310031,1,1,0,0,0,0,0,0,0,0,0,0
310031,2,1,0,0,0,0,0,0,0,0,0,0
310032,1,1,25,25,25,25,25,25,25,25,25,25
310033,1,1,21,0,14,0,0,0,0,0,0,0
310034,1,1,0,0,0,0,0,0,0,0,0,0
310034,2,1,0,0,0,0,0,0,0,0,0,0
310035,1,1,30,30,30,30,30,30,30,30,30,30
310036,1,1,0,0,0,0,0,0,0,0,0,0
310036,2,1,0,0,0,0,0,0,0,0,0,0
310037,0,1,0,0,0,0,0,0,0,0,0,0
310038,1,1,0,0,0,0,0,0,0,0,0,0
310038,2,1,0,0,0,0,0,0,0,0,0,0
310039,1,1,0,0,0,0,0,0,0,0,0,0