ST_CASE,VEH_NO,PER_NO,P1,P2,P3,P4,P5,P6,P7,P8,P9,P10
310039,2,1,0,0,0,0,0,0,0,0,0,0
310040,1,1,0,0,0,0,0,0,0,0,0,0
310040,2,1,0,0,0,0,0,0,0,0,0,0
310041,1,1,0,0,0,0,0,0,0,0,0,0
310042,1,1,27,27,27,27,27,27,27,27,27,27
310043,1,1,4,0,0,11,0,0,12,0,0,0
310043,2,1,0,0,0,0,0,0,0,0,0,0
310044,1,1,0,0,0,0,0,0,0,0,0,0
310044,2,1,0,0,0,0,0,0,0,0,0,0
310045,1,1,2,2,2,2,2,2,2,2,2,2
310046,1,1,30,30,30,30,30,30,30,30,30,30
310047,1,1,18,18,18,18,18,18,18,18,18,18
310047,2,1,0,0,0,0,0,0,0,0,0,0
310048,1,1,0,0,0,0,0,0,0,0,0,0
310049,1,1,0,0,0,0,0,0,0,0,0,0
310049,2,1,0,0,0,0,0,0,0,0,0,0
310050,1,1,0,0,0,0,0,0,0,0,21,0
310050,2,1,0,0,0,0,0,0,0,0,0,0
310051,1,1,31,31,31,31,31,31,31,31,31,31
310053,1,1,0,0,0,0,0,0,0,0,0,0
310054,0,1,10,10,10,10,10,10,10,10,10,10
310054,1,1,1,1,1,1,1,1,1,1,1,1
310055,1,1,0,0,0,0,0,0,0,0,0,0
310055,2,1,0,0,0,0,0,0,0,0,0,0
310055,3,1,0,0,0,0,0,0,0,0,0,0
310056,1,1,0,0,0,0,0,0,0,0,0,0
310056,2,1,0,0,0,0,0,0,0,0,0,0
310057,1,1,0,0,0,0,0,0,0,0,0,0
310058,1,1,16,16,16,16,16,16,16,16,16,16
310059,1,1,0,0,0,0,0,0,0,9,0,0
310059,2,1,0,0,0,0,0,0,0,0,0,0
310060,1,1,21,21,21,21,21,21,21,21,21,21
310061,1,1,10,10,10,10,10,10,10,10,10,10
310062,1,2,8,0,0,0,0,0,0,0,28,0
310063,1,1,0,0,0,0,0,0,0,0,0,0
310063,2,1,0,0,0,0,0,0,0,0,0,0
310064,1,1,14,14,14,14,14,14,14,14,14,14
310064,2,1,0,0,0,0,0,0,0,0,0,0
310065,1,1,0,0,0,0,0,0,0,0,0,0
310066,1,1,0,8,16,14,32,8,14,19,6,0
310067,0,1,0,0,0,0,0,0,0,20,0,0
310067,1,1,0,0,0,0,0,0,0,0,0,0
310068,1,1,0,0,0,0,0,0,0,0,0,0
310068,2,1,0,0,0,0,0,0,0,0,0,0
310069,0,1,18,18,18,18,18,18,18,18,18,18
310069,1,1,0,0,0,0,0,0,0,0,0,0
310070,0,1,8,8,8,8,8,8,8,8,8,8
310070,1,1,0,0,0,11,0,0,11,0,7,14
310071,1,1,0,0,0,0,8,0,0,0,12,0
310071,2,1,0,0,0,0,0,0,0,0,0,0
310071,3,1,0,0,0,0,0,0,0,0,0,0
310072,1,1,0,0,0,0,0,0,0,0,0,0
310072,2,1,0,0,0,0,0,0,0,9,14,0
310073,1,1,0,0,0,0,0,0,0,0,0,0
310074,1,1,22,22,22,22,22,22,22,22,22,22
310074,2,1,0,0,0,0,0,0,0,0,0,0
310075,1,1,3,3,3,3,3,3,3,3,3,3
310075,2,1,0,0,0,0,0,0,0,0,0,0
310076,0,1,0,31,0,0,0,28,0,24,0,0
310076,1,1,0,0,0,0,0,0,0,0,0,0
310077,1,1,0,0,0,10,0,0,0,0,21,14
310078,1,1,0,0,0,0,0,0,0,0,0,0
310078,2,1,0,0,0,0,0,0,0,0,0,0
310079,1,1,0,0,0,0,0,0,0,0,0,0
310079,2,1,0,0,0,0,0,0,0,0,0,0
310080,1,1,17,17,17,17,17,17,17,17,17,17
310081,1,1,0,0,0,0,0,0,0,0,0,0
310082,1,1,15,15,15,15,15,15,15,15,15,15
310083,1,1,18,18,18,18,18,18,18,18,18,18
310084,1,1,0,0,0,0,0,0,0,0,0,0
310084,2,1,0,0,0,0,0,0,0,0,0,0
310085,0,1,0,0,0,0,0,0,0,0,0,0
310085,1,1,0,0,0,0,0,0,0,0,0,0
310086,1,1,0,0,0,0,0,0,0,0,0,0
310086,2,1,0,0,0,0,0,0,0,0,0,0
310087,1,1,0,0,0,0,0,0,0,0,0,0
310087,2,1,0,0,0,0,0,0,0,0,0,0
310088,1,1,0,0,0,0,0,0,0,0,0,0
310088,2,1,0,0,0,0,0,0,0,0,0,0
310089,1,1,15,15,15,15,15,15,15,15,15,15
310089,2,1,0,0,0,0,0,0,0,0,0,0
310089,3,1,0,0,0,0,0,0,0,0,0,0
310090,1,1,0,0,0,0,0,0,0,0,0,12
310090,2,1,0,0,0,0,0,0,0,0,0,0
310090,3,1,0,0,0,0,0,0,0,0,0,0
310091,1,1,0,0,0,0,0,0,0,0,0,0
310091,2,1,0,0,0,0,20,0,0,0,0,0
310092,1,1,0,0,0,0,0,0,0,0,13,0
310092,2,1,0,0,0,0,0,0,0,0,0,0
310093,1,1,0,0,0,0,0,0,0,0,0,0
310093,2,1,0,0,0,0,0,0,0,0,0,0
310094,1,1,1,1,1,1,1,1,1,1,1,1
310095,1,1,5,5,5,5,5,5,5,5,5,5
310096,1,1,0,0,0,0,0,0,0,0,0,0
310097,1,1,14,14,14,14,14,14,14,14,14,14
310097,2,1,3,3,3,3,3,3,3,3,3,3
310098,0,1,4,4,4,4,4,4,4,4,4,4
310099,1,1,0,0,0,0,0,0,0,0,0,0
310100,0,1,0,0,0,0,0,0,0,0,0,0
310100,1,1,0,0,0,0,0,0,0,0,0,0
310101,1,1,0,0,0,0,0,0,0,0,0,0
310101,2,1,0,0,0,0,0,0,0,0,0,0
310101,3,1,0,0,0,0,0,0,0,0,0,0
310101,4,1,0,0,0,0,0,0,0,35,0,0
310102,1,1,16,16,16,16,16,16,16,16,16,16
310102,2,1,0,23,0,0,0,0,15,0,0,0
310103,1,1,0,0,0,0,0,0,0,0,0,0
310104,1,1,0,0,0,0,0,0,0,0,0,0
310104,2,1,19,19,19,19,19,19,19,19,19,19
310105,1,1,0,0,0,0,0,0,0,0,0,0
310106,1,1,20,20,20,20,20,20,20,20,20,20
310107,1,1,10,10,10,10,10,10,10,10,10,10
310108,1,1,0,0,0,0,0,0,0,0,0,0
310109,1,1,0,0,15,0,0,0,0,0,0,0
310110,1,1,10,10,10,10,10,10,10,10,10,10
310111,1,1,0,0,0,0,0,0,0,0,0,0
310111,2,1,0,0,0,0,0,0,0,0,0,0
310112,1,1,0,0,0,0,0,0,0,0,0,0
310112,2,1,0,0,0,0,0,0,0,0,0,0
310113,1,1,0,0,0,0,0,0,0,0,0,0
310113,2,1,0,0,0,0,0,0,0,0,0,0
310114,1,1,20,4,11,23,22,22,7,6,17,23
310114,2,1,26,20,27,13,30,18,9,15,8,0
310115,1,1,22,22,22,22,22,22,22,22,22,22
310115,2,1,0,0,0,0,0,0,0,0,0,0
310116,1,1,17,17,17,17,17,17,17,17,17,17
310116,2,1,0,0,0,0,0,0,0,0,0,0
310117,1,1,0,0,0,0,0,0,0,0,0,0
310117,2,1,0,0,0,0,0,0,0,0,0,0
310118,1,1,0,0,0,0,0,0,0,0,0,0
310119,1,1,11,11,11,11,11,11,11,11,11,11
310119,2,1,0,0,0,0,0,0,0,0,0,0
310120,0,1,0,0,0,0,0,0,0,0,0,0
310120,1,1,0,0,0,0,0,0,0,0,0,0
310121,1,1,0,0,0,0,0,0,0,0,0,0
310121,2,1,16,16,16,16,16,16,16,16,16,16
310122,1,1,6,6,6,6,6,6,6,6,6,6
310123,1,1,10,10,10,10,10,10,10,10,10,10
310123,2,1,0,0,0,0,0,0,0,0,0,0
310124,1,1,0,0,0,0,0,0,0,0,0,0
310124,2,1,0,0,0,0,0,0,0,0,0,0
310125,1,1,16,16,16,16,16,16,16,16,16,16
310125,2,1,0,0,0,0,0,0,0,0,0,0
310126,1,1,0,0,0,0,0,0,0,0,0,0
310127,1,1,22,22,22,22,22,22,22,22,22,22
310128,1,1,0,0,0,0,0,0,0,0,0,0
310129,1,1,0,0,0,0,0,0,0,0,0,0
310129,2,1,0,0,0,0,0,0,0,0,0,0
310130,1,1,0,0,0,0,0,0,0,0,0,0
310130,2,1,0,0,0,0,0,0,0,0,0,0
310131,1,1,0,0,0,0,0,0,0,0,0,0
310131,2,1,0,0,0,0,0,0,0,0,0,0
310131,3,1,0,0,0,0,0,0,0,0,0,0
310132,1,1,0,0,0,0,0,0,0,0,0,0
310132,2,1,0,0,0,0,0,0,0,0,0,0
310133,0,1,6,6,6,6,6,6,6,6,6,6
310133,1,1,0,0,0,0,0,0,0,0,0,0
310134,1,1,0,0,0,0,3,0,0,0,0,5
310135,1,1,0,0,0,0,0,0,0,0,0,0
310135,2,1,0,0,0,0,0,0,0,0,0,0
310136,1,1,0,0,0,0,0,0,0,0,0,0
310137,1,1,0,0,0,0,0,0,0,0,0,0
310137,2,1,0,0,0,0,0,0,0,0,0,0
310138,0,1,0,0,0,0,0,0,0,0,0,0
310138,0,2,0,15,10,25,0,9,0,0,0,29
310138,1,1,0,0,0,0,0,0,0,0,0,0
310139,1,1,20,20,20,20,20,20,20,20,20,20
310140,1,1,0,0,0,0,0,0,0,0,0,0
310141,1,1,0,0,0,0,0,0,0,0,0,0
310141,2,1,0,13,7,19,0,4,3,10,0,9
310142,1,1,17,17,17,17,17,17,17,17,17,17
310143,0,1,31,31,31,31,31,31,31,31,31,31
310143,1,1,0,0,40,30,0,0,0,0,0,0
310144,1,1,0,0,0,0,0,0,0,0,0,0
310144,2,1,0,0,0,0,0,0,0,0,0,0
310145,1,1,0,0,0,0,0,0,0,0,0,0
310146,1,1,0,0,0,0,0,0,0,0,0,0
310146,2,1,0,0,0,0,0,0,0,0,0,0
310147,1,1,0,0,0,0,0,0,0,0,0,0
310147,2,1,0,0,0,0,0,0,0,0,23,0
310148,1,1,9,0,19,0,0,0,0,0,7,0
310148,2,1,0,0,0,0,0,0,0,0,0,0
310149,1,1,0,0,0,0,0,0,0,0,0,0
310149,2,1,0,0,0,0,0,0,0,0,0,0
310150,1,1,1,1,1,1,1,1,1,1,1,1
310150,2,1,0,0,0,0,0,0,0,0,0,0
310151,1,1,0,0,0,0,0,0,0,0,0,0
310152,1,1,0,0,0,0,0,0,0,0,0,0
310152,2,1,0,0,0,0,0,0,0,0,0,0
310153,1,1,17,17,17,17,17,17,17,17,17,17
310154,1,1,16,16,16,16,16,16,16,16,16,16
310155,1,1,29,29,29,29,29,29,29,29,29,29
310156,0,1,0,0,0,43,11,0,0,0,0,0
310156,1,1,0,0,0,11,0,0,0,0,0,0
310157,1,1,0,0,0,0,0,0,0,0,0,0
310157,2,1,0,0,0,0,0,0,0,0,0,0
310158,1,1,0,0,0,0,0,0,0,0,0,0
310159,1,1,0,0,0,0,0,0,0,0,0,0
310159,2,1,0,0,0,0,0,0,0,0,0,0
310160,1,1,0,0,0,0,0,0,0,0,0,0
310160,2,1,15,11,5,0,0,0,0,0,0,11
310161,1,1,0,0,0,0,0,0,0,0,0,0
310161,2,1,0,0,0,0,0,0,0,0,0,0
310162,1,1,25,25,25,25,25,25,25,25,25,25
310163,1,1,0,0,0,0,0,0,0,0,0,0
310163,2,1,0,0,0,24,0,0,0,21,0,22
310164,0,1,0,0,0,7,0,0,0,0,0,0
310164,1,1,0,0,0,0,0,0,0,0,0,0
310165,1,1,0,0,0,0,0,0,0,0,0,0
310166,1,1,15,15,15,15,15,15,15,15,15,15
310167,1,1,0,0,0,0,0,0,0,0,0,0
310168,1,1,0,0,0,0,0,0,0,0,0,0
310169,1,1,1,1,1,1,1,1,1,1,1,1
310170,1,1,0,0,0,0,0,0,0,0,0,0
310170,2,1,0,0,0,0,0,0,0,0,0,0
310171,0,1,27,27,27,27,27,27,27,27,27,27
310171,1,1,0,0,0,0,0,0,0,0,0,0
310172,1,1,24,24,24,24,24,24,24,24,24,24
310173,1,1,23,23,23,23,23,23,23,23,23,23
310174,1,1,0,0,0,0,0,0,0,0,0,0
310174,2,1,6,6,6,6,6,6,6,6,6,6
310175,1,1,19,19,19,19,19,19,19,19,19,19
310176,1,1,18,18,18,18,18,18,18,18,18,18
310176,2,1,0,0,0,0,0,0,0,0,0,0
310176,3,1,0,0,0,0,0,0,0,0,0,0
310177,1,1,0,0,0,0,0,0,0,0,0,0
310177,2,1,0,0,0,0,0,0,0,0,0,0
310178,1,1,16,16,16,16,16,16,16,16,16,16
310179,1,1,0,0,0,0,0,0,0,0,0,0
310179,2,1,0,0,0,0,0,0,0,0,0,0
310180,0,1,35,21,0,18,0,0,0,24,0,0
310180,1,1,19,19,19,19,19,19,19,19,19,19
310181,1,1,0,0,0,0,0,0,0,0,0,0
310181,2,1,0,0,0,0,0,0,0,0,0,0
310182,1,1,0,0,0,0,0,0,0,0,0,0
310182,2,1,5,0,0,0,0,0,0,4,0,2
310183,1,1,6,6,6,6,6,6,6,6,6,6
310183,2,1,0,0,0,0,0,0,0,0,0,0
310184,1,1,0,0,0,0,0,0,0,0,0,0
310184,2,1,0,0,0,0,0,0,0,0,0,0
310185,1,1,0,0,0,0,0,0,0,0,0,0
310186,1,1,0,0,0,0,0,0,0,0,0,0
310187,2,1,0,0,0,0,0,0,0,0,0,0
310188,1,1,0,0,0,0,0,0,0,0,0,0
310189,1,1,0,0,0,0,0,0,0,0,0,0
310190,1,1,0,0,0,0,0,0,0,0,0,0
310190,2,1,0,0,0,0,0,0,0,0,0,0
310191,1,1,11,11,11,11,11,11,11,11,11,11
310191,2,1,0,0,0,0,0,0,0,0,0,0
310192,1,1,0,0,0,0,0,0,0,0,0,0
310192,2,1,0,0,0,0,0,0,0,0,0,0
310193,1,1,0,0,0,0,0,0,0,0,0,0
310193,2,1,19,19,19,19,19,19,19,19,19,19
310194,1,1,0,0,0,0,0,0,0,0,0,0
310194,2,1,0,0,0,0,0,0,0,0,0,0
310195,1,1,0,0,0,0,0,0,0,0,0,0
310196,1,1,0,0,0,0,0,0,0,0,0,0
310196,2,1,0,0,0,0,0,0,0,0,0,0
310197,1,1,0,22,0,0,0,12,0,0,0,0
310198,1,1,0,0,0,0,0,0,0,0,0,0
310198,2,1,0,0,0,0,0,0,0,0,0,0
310199,0,1,0,0,0,0,0,0,0,0,0,0
310199,1,1,0,5,5,0,0,0,5,0,0,0
310200,1,1,0,0,0,0,0,0,0,0,0,0
310200,2,1,23,10,10,32,3,13,19,7,0,15
310201,1,1,0,0,0,0,0,0,0,0,0,0
310201,2,1,0,0,0,0,0,0,0,0,0,0
310202,0,1,0,0,0,0,0,0,0,0,0,0
310202,2,1,0,8,10,0,0,0,0,0,0,0
310203,0,1,0,0,0,0,0,0,0,0,0,0
310203,1,1,0,0,0,0,0,0,0,0,0,0
310204,1,1,27,27,27,27,27,27,27,27,27,27
310205,1,1,0,0,0,0,0,0,0,0,0,0
310205,2,1,0,0,0,0,0,0,0,0,0,0
310206,0,1,0,0,0,0,0,0,0,0,0,0
310206,1,1,0,0,0,0,0,0,0,0,0,0
310207,1,1,0,0,0,0,0,0,0,0,0,0
310207,2,1,0,0,0,0,0,0,0,0,0,0
310208,1,1,0,0,0,0,0,0,0,0,0,0
310208,2,1,0,0,0,0,0,0,0,0,0,0
310209,1,1,0,0,0,0,0,0,0,23,0,0
310210,1,1,22,9,14,21,13,10,21,18,0,5
310211,1,1,0,0,0,0,0,0,0,0,0,0
310212,1,1,0,0,0,0,0,0,0,0,0,0
310213,1,1,20,20,20,20,20,20,20,20,20,20
310214,1,1,0,0,0,0,0,0,0,0,0,0
310215,1,1,10,10,10,10,10,10,10,10,10,10
310216,1,1,11,26,16,0,11,18,16,23,20,25
310217,1,1,0,0,0,0,0,0,0,0,0,0
310217,2,1,0,0,0,0,0,0,0,0,0,0
310218,1,1,0,0,0,0,0,0,0,0,0,0
310218,2,1,0,0,0,0,0,0,0,0,0,0
310219,1,1,0,0,0,0,0,0,0,0,0,0
310219,2,1,12,0,0,0,0,0,0,0,0,0
310219,3,1,0,0,0,0,0,0,0,0,0,0
320001,1,1,11,0,0,0,0,2,0,10,0,0
320001,2,1,0,0,0,0,0,0,0,0,0,0
320002,1,1,12,12,12,12,12,12,12,12,12,12
320002,2,1,0,0,0,0,0,7,0,0,0,0
320002,3,1,0,0,0,0,0,0,0,0,23,0
320003,1,1,0,0,0,0,0,0,0,0,0,0
320004,1,1,0,0,0,0,0,0,0,0,0,0
320005,1,1,22,22,22,22,22,22,22,22,22,22
320006,1,1,24,24,24,24,24,24,24,24,24,24
320007,1,1,0,0,0,0,0,0,0,0,0,0
320008,0,1,31,31,31,31,31,31,31,31,31,31
320008,1,1,0,0,0,0,0,0,0,0,0,0
320008,2,1,0,0,0,0,0,0,0,0,0,0
320009,1,1,0,0,0,0,0,0,0,0,0,0
320009,2,1,0,0,0,0,0,0,0,0,0,0
320010,1,1,33,33,33,33,33,33,33,33,33,33
320011,1,1,17,17,17,17,17,17,17,17,17,17
320012,1,1,0,0,0,0,0,0,0,0,0,0
320013,1,1,0,0,0,0,0,0,0,0,0,0
320014,1,1,21,21,21,21,21,21,21,21,21,21
320015,1,1,0,0,0,0,0,0,0,0,0,0
320015,2,1,0,0,0,0,0,0,0,0,0,0
320016,1,1,8,0,0,0,0,0,0,0,0,8
320017,1,1,0,0,0,0,0,0,0,0,0,0
320018,1,1,12,12,12,12,12,12,12,12,12,12
320019,0,1,19,19,19,19,19,19,19,19,19,19
320019,1,1,21,0,4,0,16,6,7,11,2,14
320020,1,1,0,0,0,0,0,0,0,0,0,0
320020,2,1,0,0,0,0,0,0,0,0,0,0
320021,1,1,1,1,1,1,1,1,1,1,1,1
320022,0,1,0,0,0,0,0,0,0,0,0,0
320022,1,1,0,0,0,0,16,0,0,0,0,0
320023,1,1,0,0,0,21,0,0,0,0,0,0
320023,2,1,0,0,0,0,0,0,0,0,0,0
320024,1,1,2,2,2,2,2,2,2,2,2,2
320024,2,1,8,8,8,8,8,8,8,8,8,8
320025,0,1,0,0,0,0,0,0,0,0,0,0
320025,1,1,0,30,13,0,0,0,5,0,4,6
320026,0,1,0,0,0,0,0,0,0,0,0,0
320026,1,1,0,0,0,0,0,0,0,0,0,0
320027,0,1,0,0,0,0,0,0,0,0,0,0
320027,1,1,0,0,0,0,0,0,0,0,0,0
320028,0,1,0,0,0,0,0,0,0,0,0,0
320028,1,1,0,0,10,0,0,0,14,0,0,0
320029,1,1,0,0,0,0,0,0,0,0,0,0
320030,0,1,0,0,0,0,0,0,0,0,0,0
320031,1,1,0,0,0,0,0,0,0,0,0,0
320032,1,1,0,0,0,0,0,0,0,0,3,0
320032,2,1,0,0,0,0,0,0,0,0,0,0
320033,1,1,16,16,16,16,16,16,16,16,16,16
320033,2,1,0,0,0,0,0,0,0,0,0,0
320034,1,1,40,40,40,40,40,40,40,40,40,40
320034,2,1,0,0,0,0,0,0,0,0,0,0
320035,1,1,0,0,0,0,0,0,0,0,0,0
320036,1,1,0,0,0,0,0,0,0,0,0,0
320037,1,1,0,0,0,0,0,0,0,0,0,0
320037,2,1,21,0,0,0,0,0,0,23,0,0
320037,3,1,0,0,0,15,0,0,0,0,0,0
320038,1,1,0,0,0,0,0,0,0,0,0,0
320038,2,1,0,0,0,0,0,0,0,0,0,0
320039,1,1,0,0,0,0,0,0,0,0,0,0
320039,2,1,0,0,0,0,0,0,0,0,0,0
320040,1,1,0,0,0,0,0,0,0,0,0,0
320040,2,1,0,0,0,0,0,0,0,0,0,0
320041,1,1,0,0,0,0,0,0,0,0,0,0
320041,2,1,0,0,0,0,0,0,0,0,0,0
320042,0,1,0,0,0,0,0,0,0,0,0,0
320042,1,1,18,0,0,17,14,15,4,0,0,0
320043,0,1,0,0,0,0,0,0,0,0,0,0
320043,1,1,0,0,0,0,0,0,0,0,0,0
320044,0,1,0,0,0,0,0,0,0,0,0,0
320044,0,2,0,0,0,0,0,0,0,0,0,0
320044,0,3,0,0,0,0,0,0,0,0,0,0
320044,1,1,0,0,0,0,0,0,0,0,0,0
320045,0,1,0,0,0,0,0,0,0,0,0,0
320045,1,1,0,15,34,0,0,0,0,0,23,0
320046,0,1,28,28,28,28,28,28,28,28,28,28
320046,1,1,0,0,0,0,0,0,0,0,0,0
320047,0,1,32,32,32,32,32,32,32,32,32,32
320047,1,1,0,0,0,0,0,0,0,0,4,0
320048,1,1,0,0,0,0,0,0,0,0,0,0
320048,2,1,0,0,0,0,0,0,0,0,0,0
320049,1,1,0,0,0,0,0,0,0,0,0,0
320049,2,1,0,0,0,7,0,0,0,0,0,0
320050,1,1,0,0,0,0,0,0,0,0,0,0
320050,2,1,0,0,0,0,0,0,0,0,0,0
320051,1,1,25,25,25,25,25,25,25,25,25,25
320052,1,1,0,0,0,0,0,0,0,0,0,0
320052,2,1,0,0,0,0,0,0,0,0,0,0
320052,3,1,0,0,0,11,0,0,0,0,0,0
320053,1,1,50,50,50,50,50,50,50,50,50,50
320053,2,1,0,0,0,0,0,0,0,0,0,0
320053,3,1,0,0,0,0,0,0,0,0,0,0
320053,4,1,0,0,0,0,0,0,0,0,0,0
320054,1,1,18,18,18,18,18,18,18,18,18,18
320055,0,1,0,0,0,0,0,0,0,0,0,0
320055,1,1,0,0,0,0,0,0,0,0,0,0
320056,0,1,22,22,22,22,22,22,22,22,22,22
320056,1,1,12,12,12,12,12,12,12,12,12,12
320057,1,1,0,0,0,0,0,0,0,0,0,0
320057,2,1,0,0,0,0,0,0,0,0,0,0
320058,0,1,0,0,0,0,0,0,0,0,0,0
320058,1,1,0,9,0,8,0,0,0,0,0,0
320059,0,1,0,0,0,0,0,0,0,0,0,0
320059,1,1,0,0,0,0,0,0,0,0,0,0
320060,0,1,0,0,0,0,0,0,0,0,0,0
320060,1,1,0,0,0,0,0,0,0,0,0,0
320060,2,1,0,23,0,0,0,0,0,0,0,0
320061,0,1,35,35,35,35,35,35,35,35,35,35
320061,1,1,0,0,0,0,0,0,0,7,0,0
320062,0,1,0,0,0,0,0,0,0,0,0,0
320062,1,1,17,36,15,16,12,10,9,8,16,14
320063,1,1,19,19,19,19,19,19,19,19,19,19
320064,0,1,2,2,2,2,2,2,2,2,2,2
320064,1,1,0,0,0,0,0,0,0,0,0,0
320065,1,1,0,0,0,0,0,0,0,0,0,0
320065,2,1,0,0,0,0,0,0,0,0,0,0
320066,1,1,0,3,0,0,0,0,0,0,18,0
320066,2,1,0,0,0,0,0,0,0,0,0,0
320067,1,1,22,22,22,22,22,22,22,22,22,22
320067,2,1,0,0,0,0,0,0,0,0,0,0
320068,1,1,0,0,0,0,0,0,0,0,0,0
320069,1,1,0,0,0,0,0,0,0,0,0,0
320070,1,1,30,30,30,30,30,30,30,30,30,30
320070,2,1,5,5,5,5,5,5,5,5,5,5
320071,0,1,0,0,0,0,0,0,0,0,0,0
320071,1,1,0,0,0,0,0,0,0,0,0,0
320072,1,1,14,14,14,14,14,14,14,14,14,14
320073,1,1,10,10,10,10,10,10,10,10,10,10
320074,1,1,0,0,0,0,0,0,0,0,0,0
320075,1,1,0,0,0,0,0,0,0,0,0,0
320076,1,1,0,0,0,0,0,0,0,0,0,0
320077,1,1,0,0,0,0,0,0,0,0,0,0
320078,1,1,0,0,0,0,0,0,0,0,0,0
320079,1,1,0,0,10,7,35,16,0,0,0,0
320080,1,1,0,0,0,0,0,0,0,0,0,0
320080,2,1,0,0,0,0,0,0,0,0,0,0
320080,3,1,0,0,0,0,0,0,0,0,0,0
320081,1,1,0,0,0,0,0,0,0,0,0,0
320082,1,1,0,0,0,0,0,0,0,0,0,0
320083,0,1,0,0,0,0,0,0,0,0,0,0
320083,1,1,0,0,0,0,0,0,0,0,0,0
320084,1,1,4,4,4,4,4,4,4,4,4,4
320084,2,1,0,0,0,0,0,0,0,0,0,0
320085,1,1,0,0,0,0,0,0,0,0,0,0
320085,2,1,0,0,0,0,0,0,0,0,0,0
320086,1,1,0,0,0,0,0,0,0,0,0,0
320086,2,1,0,0,0,0,0,0,0,0,0,0
320087,1,1,8,8,8,8,8,8,8,8,8,8
320088,1,1,0,0,0,0,0,0,0,0,0,0
320089,1,1,21,21,21,21,21,21,21,21,21,21
320089,2,1,0,0,0,0,0,0,0,0,0,0
320089,3,1,0,0,0,0,0,0,0,0,0,0
320090,1,1,0,0,0,0,0,0,0,0,0,0
320090,2,1,0,0,0,0,0,0,0,0,0,0
320091,1,1,0,0,0,0,0,0,0,0,0,0
320091,2,1,0,0,0,0,0,0,0,0,46,0
320092,0,1,22,22,22,22,22,22,22,22,22,22
320092,0,2,23,38,15,36,13,2,28,16,42,21
320092,1,1,3,3,3,3,3,3,3,3,3,3
320093,1,1,0,0,0,0,0,0,0,0,0,0
320093,2,1,0,0,0,0,0,0,0,0,0,0
320093,3,1,0,0,0,0,0,0,0,0,0,0
320094,1,1,0,0,0,0,0,0,0,0,0,0
320095,1,1,0,0,0,0,0,0,10,0,0,0
320095,2,1,0,0,0,0,0,0,0,0,0,0
320095,3,1,0,0,0,0,0,0,0,0,0,0
320096,1,1,0,0,0,0,0,0,0,0,0,0
320097,0,1,0,0,0,0,0,0,0,0,0,0
320097,1,1,11,11,11,11,11,11,11,11,11,11
320098,1,1,4,4,4,4,4,4,4,4,4,4
320099,1,1,22,22,22,22,22,22,22,22,22,22
320099,2,1,10,10,10,10,10,10,10,10,10,10
320100,1,1,14,14,14,14,14,14,14,14,14,14
320100,2,1,0,0,0,0,0,0,0,0,0,0
320100,3,1,0,0,0,0,6,14,0,0,0,0
320100,4,1,15,15,15,15,15,15,15,15,15,15
320100,5,1,0,0,0,0,0,0,14,0,0,0
320101,1,1,0,0,6,32,0,10,0,0,0,0
320102,1,1,24,24,24,24,24,24,24,24,24,24
320102,2,1,0,0,0,0,0,26,0,0,0,0
320103,1,1,0,0,0,0,0,0,0,0,0,0
320103,2,1,0,0,0,0,0,0,0,0,0,0
320104,1,1,10,10,10,10,10,10,10,10,10,10
320105,0,1,0,0,0,0,0,0,0,0,0,0
320105,1,1,0,0,0,0,0,0,0,0,0,0
320106,1,1,0,0,0,0,0,0,0,0,0,0
320107,1,1,6,6,6,6,6,6,6,6,6,6
320108,1,1,15,15,15,15,15,15,15,15,15,15
320108,2,1,0,0,0,0,0,0,0,0,0,0
320108,3,1,0,0,0,0,0,0,0,0,0,0
320108,4,1,0,0,0,0,0,0,0,0,0,0
320108,5,1,0,0,0,0,0,0,0,0,0,0
320109,0,1,0,0,0,0,0,0,0,0,0,0
320109,1,1,0,0,0,0,0,0,0,0,0,0
320110,1,1,0,0,0,0,0,0,0,0,0,0
320110,2,1,0,0,0,0,0,0,0,0,0,0
320111,1,1,0,0,0,0,0,0,0,0,0,0
320112,1,1,0,0,0,0,0,0,0,0,0,0
320112,2,1,0,0,7,0,0,0,0,0,0,0
320112,3,1,0,0,0,0,0,0,0,0,0,0
320113,1,1,7,0,19,37,19,0,0,9,19,16
320114,1,1,0,0,0,0,0,0,0,0,0,0
320114,2,1,0,0,0,0,0,0,0,0,0,0
320115,1,1,29,29,29,29,29,29,29,29,29,29
320116,1,1,22,22,22,22,22,22,22,22,22,22
320117,1,1,15,15,15,15,15,15,15,15,15,15
320118,1,1,0,0,0,0,0,0,0,0,0,0
320118,2,1,0,0,0,0,0,0,0,0,0,0
320119,1,1,0,0,0,0,0,0,0,0,0,0
320119,2,1,0,0,0,0,37,0,0,0,0,0
320119,3,1,0,0,0,0,0,0,0,0,0,0
320119,4,1,0,19,0,0,0,0,0,0,0,0