ST_CASE,VEH_NO,PER_NO,P1,P2,P3,P4,P5,P6,P7,P8,P9,P10
320119,5,1,0,0,0,0,0,0,4,0,0,0
320119,6,1,0,0,0,0,0,0,0,0,0,0
320119,7,1,0,0,0,0,0,0,0,0,0,0
320119,8,1,0,0,0,0,0,0,10,0,0,0
320119,9,1,0,0,0,0,0,0,0,0,0,0
320120,1,1,0,0,0,0,0,0,0,0,0,0
320120,2,1,0,0,0,0,0,0,0,0,0,0
320120,3,1,6,0,10,0,9,0,0,0,0,15
320121,1,1,0,0,0,0,0,0,0,0,0,0
320122,1,1,21,21,21,21,21,21,21,21,21,21
320123,1,1,0,0,0,0,0,0,0,0,0,0
320124,1,1,0,24,0,0,0,0,0,0,0,0
320125,1,1,17,17,17,17,17,17,17,17,17,17
320126,1,1,0,0,0,0,0,0,0,0,0,0
320127,1,1,14,14,14,14,14,14,14,14,14,14
320128,1,1,0,0,0,0,0,0,0,0,0,0
320128,2,1,0,12,0,0,9,11,0,0,0,0
320129,1,1,40,40,40,40,40,40,40,40,40,40
320130,0,1,14,14,14,14,14,14,14,14,14,14
320130,1,1,17,0,0,0,0,0,0,0,0,0
320131,1,1,0,0,0,0,0,0,0,0,0,0
320132,0,1,12,12,12,12,12,12,12,12,12,12
320132,1,1,0,0,0,0,0,0,0,0,0,0
320133,0,1,0,0,0,0,0,0,0,0,0,0
320133,1,1,0,0,0,0,0,0,0,0,0,0
320134,1,1,0,0,0,0,0,0,0,0,0,0
320134,2,1,11,19,0,0,0,0,14,0,8,0
320134,3,1,0,15,0,9,0,13,5,0,4,0
320135,1,1,0,0,0,0,0,0,0,0,0,0
320135,2,1,0,0,0,5,7,22,0,0,21,0
320136,1,1,23,23,23,23,23,23,23,23,23,23
320136,2,1,2,2,2,2,2,2,2,2,2,2
320136,3,1,0,0,0,0,0,8,0,0,0,0
320136,4,1,0,0,0,11,0,0,0,0,20,0
320137,1,1,20,20,20,20,20,20,20,20,20,20
320138,0,1,11,11,11,11,11,11,11,11,11,11
320138,1,1,0,0,0,0,0,0,0,0,0,0
320139,1,1,8,8,8,8,8,8,8,8,8,8
320140,1,1,0,0,0,0,0,0,0,0,0,0
320140,2,1,0,0,0,0,0,0,0,0,0,0
320141,1,1,0,0,0,0,0,0,0,0,0,0
320141,2,1,0,0,0,0,0,0,0,0,0,0
320142,1,1,0,0,0,0,0,0,0,0,0,0
320142,2,1,0,0,0,0,0,0,0,0,0,0
320143,1,1,0,0,0,0,0,0,0,0,0,0
320143,2,1,0,0,0,0,0,0,0,0,0,0
320144,1,1,19,19,19,19,19,19,19,19,19,19
320144,2,1,20,0,0,0,0,0,0,0,0,0
320145,0,1,0,0,0,0,0,0,0,0,0,0
320145,1,1,0,0,0,0,0,0,0,0,0,0
320146,0,1,35,35,35,35,35,35,35,35,35,35
320146,1,1,0,0,0,0,0,0,0,0,0,0
320147,1,1,0,0,0,0,0,0,0,0,0,0
320147,2,1,0,0,0,0,0,0,0,0,0,0
320148,0,1,0,0,0,0,0,0,0,0,0,0
320148,1,1,0,0,0,0,0,0,0,0,0,0
320149,0,1,0,0,0,0,0,0,0,0,0,0
320149,0,2,0,0,0,0,0,0,0,0,0,0
320149,1,1,0,0,0,0,0,0,0,0,0,0
320150,1,1,0,7,0,0,0,0,0,0,0,0
320150,2,1,0,0,0,0,0,0,0,0,0,0
320151,0,1,0,0,0,0,0,0,0,0,0,0
320151,1,1,0,0,0,0,0,0,0,0,0,0
320152,1,1,0,0,0,0,0,0,0,0,17,0
320153,1,1,22,22,22,22,22,22,22,22,22,22
320153,2,1,0,0,0,0,0,0,0,0,0,0
320153,3,1,0,0,0,0,0,0,0,0,0,0
320154,1,1,0,0,0,0,0,0,0,0,0,0
320154,2,1,0,0,0,0,16,0,0,0,4,0
320155,0,1,0,0,0,0,0,0,0,0,0,0
320155,1,1,0,0,0,6,0,0,4,13,0,3
320156,0,1,0,0,0,0,0,0,0,0,0,0
320156,1,1,0,0,0,0,0,0,0,0,0,0
320157,1,1,0,0,0,0,0,0,0,0,0,0
320157,2,1,0,0,0,0,0,0,0,0,0,0
320158,1,1,0,0,0,0,0,0,0,0,0,0
320158,2,1,0,0,0,0,0,0,0,0,0,0
320159,1,1,20,20,20,20,20,20,20,20,20,20
320160,1,1,11,11,11,11,11,11,11,11,11,11
320161,1,1,0,0,0,0,0,0,0,0,0,0
320162,1,1,0,0,0,0,0,0,0,0,0,0
320162,2,1,0,0,0,0,0,0,0,0,0,0
320163,0,1,14,14,14,14,14,14,14,14,14,14
320163,1,1,4,4,4,4,4,4,4,4,4,4
320164,0,1,0,0,0,0,0,0,0,0,0,0
320164,1,1,0,0,0,0,0,0,0,21,10,0
320165,0,1,0,0,0,0,0,0,0,0,0,0
320165,1,1,0,0,0,0,0,0,0,0,0,0
320166,1,1,0,0,0,0,0,0,0,0,0,0
320166,2,1,1,1,1,1,1,1,1,1,1,1
320167,1,1,0,0,0,0,0,0,0,0,0,0
320168,1,1,0,0,0,0,0,0,0,0,0,0
320168,2,1,0,0,0,0,0,0,0,0,0,0
320169,1,1,13,13,13,13,13,13,13,13,13,13
320170,1,1,0,0,0,0,0,0,0,0,0,0
320170,2,1,0,0,0,0,0,0,0,0,0,0
320171,0,1,83,83,83,83,83,83,83,83,83,83
320171,1,1,0,0,0,0,0,0,0,0,0,0
320172,1,1,0,0,0,0,0,0,0,0,0,0
320173,1,1,24,24,24,24,24,24,24,24,24,24
320174,1,1,25,25,25,25,25,25,25,25,25,25
320175,1,1,16,16,16,16,16,16,16,16,16,16
320176,1,1,26,26,26,26,26,26,26,26,26,26
320176,2,1,0,0,0,0,0,0,0,0,0,0
320177,1,1,17,17,17,17,17,17,17,17,17,17
320177,2,1,0,0,0,0,0,0,0,0,0,0
320178,1,1,0,0,0,0,0,0,0,0,0,0
320178,2,1,0,0,0,0,0,0,0,0,0,0
320179,1,1,0,0,0,0,0,0,0,0,0,0
320180,0,1,0,0,0,0,0,0,0,0,0,0
320180,1,1,0,0,0,0,0,0,0,0,0,0
320181,1,1,0,6,18,0,0,0,6,0,0,0
320182,0,1,23,20,4,37,34,31,17,33,17,0
320182,1,1,0,0,0,0,0,0,0,0,0,0
320183,1,1,0,0,0,0,0,0,0,0,0,0
320184,1,1,2,24,0,0,0,0,20,0,25,0
320184,2,1,0,0,0,0,0,0,0,0,0,0
320185,1,1,9,26,0,17,27,12,10,0,39,11
320186,1,1,19,19,19,19,19,19,19,19,19,19
320186,2,1,0,0,0,0,0,0,0,0,0,0
320187,1,1,0,0,0,0,0,0,0,0,0,0
320187,2,1,0,0,0,0,0,0,0,0,0,0
320188,1,1,0,0,0,0,0,0,0,0,0,0
320189,1,1,29,29,29,29,29,29,29,29,29,29
320190,1,1,7,7,7,7,7,7,7,7,7,7
320191,1,1,0,0,0,0,0,0,0,0,0,0
320191,2,1,0,0,0,0,0,0,0,0,0,0
320192,0,1,0,0,0,0,0,0,0,0,0,0
320192,1,1,0,0,0,0,0,0,0,0,0,0
320193,1,1,9,9,9,9,9,9,9,9,9,9
320194,1,1,0,0,0,0,0,0,3,0,0,0
320195,1,1,0,0,0,0,0,0,0,0,0,0
320195,2,1,0,0,0,0,0,0,0,0,0,0
320196,1,1,0,0,0,0,0,0,0,0,0,0
320197,1,1,23,23,23,23,23,23,23,23,23,23
320198,1,1,0,0,0,0,0,0,0,0,0,0
320198,2,1,0,0,0,0,0,0,0,0,0,0
320199,1,1,0,0,0,0,0,0,0,0,0,0
320200,0,1,28,28,28,28,28,28,28,28,28,28
320200,1,1,0,0,0,0,0,0,0,0,0,0
320201,0,1,30,0,0,0,15,0,0,0,36,3
320201,1,1,0,0,0,0,0,0,0,0,0,0
320202,0,1,0,0,0,0,0,0,0,0,0,0
320202,1,1,0,0,0,0,0,0,0,0,0,0
320203,0,1,1,1,1,1,1,1,1,1,1,1
320203,1,1,0,0,0,0,0,11,0,0,0,0
320204,1,1,22,22,22,22,22,22,22,22,22,22
320205,0,1,0,0,0,0,0,0,0,0,0,0
320205,1,1,0,9,3,0,0,0,2,0,0,0
320206,1,1,0,0,0,0,0,0,0,0,0,0
320206,2,1,0,0,0,0,0,0,0,0,0,0
320207,1,1,16,0,0,19,0,0,0,0,0,0
320207,2,1,0,0,0,0,0,0,0,0,0,0
320208,1,1,0,0,0,0,0,0,0,0,0,0
320208,2,1,0,0,0,0,0,0,0,0,0,0
320209,1,1,0,0,0,0,0,0,0,0,0,0
320209,2,1,0,0,0,0,0,0,0,0,0,0
320210,1,1,16,16,16,16,16,16,16,16,16,16
320210,2,1,0,0,0,0,0,0,0,0,0,0
320211,0,1,0,0,0,0,0,0,0,0,0,0
320211,0,2,0,0,0,0,0,0,0,0,0,0
320211,1,1,26,26,26,26,26,26,26,26,26,26
320212,1,1,0,0,0,0,0,0,0,0,0,0
320212,2,1,0,0,0,0,0,0,0,0,0,0
320213,0,1,0,0,0,0,0,0,0,0,0,0
320213,1,1,0,0,8,12,0,0,0,0,7,0
320214,1,1,0,0,0,0,0,0,0,0,0,0
320214,2,1,0,0,0,0,0,0,0,0,0,0
320215,1,1,0,0,0,13,29,0,0,0,0,0
320215,2,1,0,0,0,0,0,0,0,0,0,0
320216,1,1,20,20,20,20,20,20,20,20,20,20
320217,0,1,0,0,0,0,0,0,0,0,0,0
320217,1,1,0,0,0,0,0,0,0,0,10,0
320217,2,1,0,0,0,0,0,0,0,0,0,0
320218,1,1,20,20,20,20,20,20,20,20,20,20
320219,0,1,0,0,0,0,0,0,0,0,0,0
320219,1,1,0,0,0,0,0,0,0,0,0,0
320220,1,1,14,14,14,14,14,14,14,14,14,14
320221,0,1,0,0,0,0,0,0,0,0,0,0
320221,1,1,0,0,0,0,0,0,0,0,0,0
320222,1,1,0,0,0,0,12,0,0,0,0,0
320222,2,1,0,0,0,0,0,0,0,0,0,0
320223,0,1,0,0,0,0,0,0,0,0,0,0
320223,1,1,28,28,28,28,28,28,28,28,28,28
320224,1,1,0,0,0,0,0,0,0,0,0,0
320224,2,1,0,0,0,0,0,0,0,0,0,0
320224,3,1,0,0,0,0,0,0,0,0,0,0
320225,0,1,25,25,25,25,25,25,25,25,25,25
320225,1,1,30,30,30,30,30,30,30,30,30,30
320226,1,1,0,0,0,0,0,0,0,0,0,0
320226,2,1,0,0,0,0,0,0,0,0,0,0
320226,3,1,0,0,0,0,0,0,0,0,0,0
320226,4,1,0,0,0,0,0,0,0,0,0,0
320226,5,1,0,0,0,0,0,0,0,0,0,0
320227,1,1,20,20,20,20,20,20,20,20,20,20
320227,2,1,10,10,10,10,10,10,10,10,10,10
320227,3,1,0,0,9,0,0,0,6,0,0,0
320228,1,1,0,0,0,0,0,0,0,0,0,0
320228,2,1,0,0,0,0,0,0,0,0,0,0
320229,1,1,16,16,16,16,16,16,16,16,16,16
320230,0,1,0,0,0,0,0,0,0,0,0,0
320230,1,1,0,0,0,0,0,0,0,0,0,0
320231,0,1,19,19,19,19,19,19,19,19,19,19
320231,1,1,7,0,0,0,3,6,23,13,7,0
320232,0,1,15,15,15,15,15,15,15,15,15,15
320232,1,1,0,0,0,0,0,26,0,0,0,0
320233,1,1,0,0,0,0,0,0,0,0,0,0
320233,2,1,0,0,0,0,0,0,0,0,0,0
320233,3,1,0,0,0,0,0,0,0,19,0,0
320234,1,1,3,3,3,3,3,3,3,3,3,3
320234,2,1,0,0,0,0,0,0,0,0,0,0
320234,3,1,0,0,0,0,0,0,0,0,0,0
320234,4,1,0,0,0,0,0,0,0,0,0,0
320235,1,1,4,4,4,4,4,4,4,4,4,4
320236,1,1,22,22,22,22,22,22,22,22,22,22
320236,2,1,0,0,0,0,0,0,0,0,0,0
320237,1,1,23,23,23,23,23,23,23,23,23,23
320238,1,1,0,0,0,0,0,0,0,0,0,0
320239,0,1,0,0,0,0,0,0,0,0,0,0
320239,1,1,0,0,0,0,0,0,0,0,0,0
320239,2,1,20,20,20,20,20,20,20,20,20,20
320240,1,1,0,0,0,0,0,0,0,0,0,0
320241,1,1,22,22,22,22,22,22,22,22,22,22
320241,2,1,0,0,0,0,0,0,0,0,0,0
320242,0,1,27,27,27,27,27,27,27,27,27,27
320242,1,1,12,0,0,0,0,0,0,0,0,0
320243,0,1,2,2,2,2,2,2,2,2,2,2
320243,1,1,4,0,0,0,0,0,0,0,0,0
320244,1,1,22,22,22,22,22,22,22,22,22,22
320245,1,1,36,36,36,36,36,36,36,36,36,36
320245,2,1,0,0,0,0,0,0,0,0,0,0
320246,0,1,0,0,0,0,0,0,0,0,0,0
320246,1,1,0,0,0,0,0,0,0,0,0,0
320247,1,1,0,0,0,0,0,0,0,0,0,0
320247,2,1,0,0,0,0,0,0,0,0,0,0
320248,1,1,0,0,0,0,0,0,0,0,0,0
320248,2,1,26,0,0,0,0,0,12,20,0,0
320249,1,1,0,0,0,0,0,0,0,0,0,0
320249,2,1,0,0,0,0,0,0,0,0,0,0
320250,1,1,26,26,26,26,26,26,26,26,26,26
320250,2,1,0,0,0,0,0,0,0,23,0,0
320251,1,1,14,14,14,14,14,14,14,14,14,14
320251,2,1,0,0,0,0,18,8,11,0,28,16
320251,3,1,0,0,0,0,0,0,0,0,0,0
320252,1,1,0,0,0,0,0,0,0,0,0,0
320253,1,1,0,0,0,0,0,0,0,0,0,0
320254,1,1,0,0,0,0,0,0,0,0,0,0
320255,1,1,39,16,0,0,0,0,0,0,0,0
320256,1,1,17,17,17,17,17,17,17,17,17,17
320257,1,1,7,0,0,0,4,20,6,0,3,0
320257,2,1,0,0,0,0,0,0,0,0,0,0
320258,0,1,0,0,0,0,0,0,0,0,0,0
320258,0,2,0,0,6,0,0,0,36,0,0,0
320258,1,1,0,0,0,0,0,0,0,26,0,0
320259,1,1,0,0,26,0,0,11,0,0,0,0
320259,2,1,0,0,0,15,0,0,0,0,0,16
320259,3,1,0,0,0,0,0,0,0,0,0,0
320260,1,1,14,14,14,14,14,14,14,14,14,14
320261,1,1,0,0,0,0,0,0,0,0,0,0
320262,0,1,0,0,0,0,0,0,0,0,0,0
320262,1,1,0,0,0,0,0,0,0,0,0,0
320263,1,1,0,0,0,0,0,0,0,0,0,0
320264,1,1,0,0,0,0,0,0,0,0,0,0
320264,2,1,0,0,0,0,0,0,0,0,0,0
320264,3,1,0,0,0,6,0,0,0,0,0,0
320265,1,1,0,0,0,0,0,0,0,0,0,0
320265,2,1,0,0,0,0,0,0,0,0,0,0
320266,1,1,0,0,0,0,0,0,0,0,0,0
320266,2,1,0,0,0,0,0,0,0,0,0,0
320267,0,1,0,0,0,0,0,0,0,0,0,0
320267,1,1,0,0,0,15,0,0,0,0,0,0
320268,0,1,0,0,0,0,0,0,0,0,0,0
320268,1,1,0,0,0,0,0,0,0,0,0,0
320269,1,1,0,1,0,9,0,0,0,0,0,4
320269,2,1,0,0,0,0,0,0,0,0,0,0
320270,1,1,0,0,0,0,0,0,0,0,0,0
320270,2,1,0,0,0,0,0,0,0,0,0,0
320271,1,1,24,24,24,24,24,24,24,24,24,24
320272,1,1,0,0,0,0,0,0,0,0,0,0
320272,2,1,0,0,0,0,0,0,0,0,0,0
320273,0,1,0,0,0,0,0,0,0,0,0,0
320273,1,1,0,0,0,0,16,0,0,0,0,0
320274,0,1,28,28,28,28,28,28,28,28,28,28
320274,1,1,0,0,0,0,0,0,0,0,0,0
320275,0,1,18,18,18,18,18,18,18,18,18,18
320275,1,1,0,0,0,0,0,0,0,0,0,0
320276,0,1,0,0,0,0,0,0,0,0,0,0
320276,1,1,0,0,0,0,0,0,0,0,0,0
320277,1,1,1,1,1,1,1,1,1,1,1,1
320277,2,1,0,0,0,3,0,0,7,0,0,0
320277,3,1,0,0,0,0,35,16,0,0,0,0
320278,1,1,17,20,6,26,13,20,10,33,20,28
320278,2,1,0,0,0,0,0,0,0,0,0,0
320279,1,1,0,22,0,18,0,11,0,0,41,0
320279,2,1,0,0,0,0,0,0,0,0,0,0
320280,0,1,0,0,0,0,0,0,0,0,0,0
320280,1,1,0,0,0,0,0,0,0,0,0,0
320281,1,1,0,0,0,0,0,0,0,0,0,0
320281,2,1,0,0,0,0,0,0,0,0,0,0
320282,1,1,0,0,0,0,0,0,0,0,0,0
320282,2,1,3,3,3,3,3,3,3,3,3,3
320283,0,1,0,0,0,0,0,0,0,0,0,0
320283,1,1,0,0,15,0,0,0,0,0,0,0
320284,0,1,0,0,0,0,0,0,0,0,0,0
320284,1,1,0,0,0,0,0,0,0,0,0,0
320285,0,1,0,0,0,0,0,0,0,0,0,0
320285,1,1,0,0,0,0,0,0,2,0,0,0
320286,0,1,0,0,0,0,0,0,0,0,0,0
320286,1,1,0,0,0,0,0,0,0,0,0,0
320287,0,1,0,0,0,0,0,0,0,0,0,0
320287,0,2,0,0,0,40,0,32,0,0,0,0
320287,1,1,0,0,0,0,0,0,0,0,3,0
320288,1,1,13,0,7,0,0,0,0,0,0,0
320288,2,1,18,0,0,0,13,0,0,18,0,0
320289,1,1,26,26,26,26,26,26,26,26,26,26
320289,2,1,0,0,0,0,0,0,0,0,0,0
320290,0,1,0,0,0,0,0,0,0,0,0,0
320290,1,1,8,8,8,8,8,8,8,8,8,8
320291,0,1,0,0,0,0,0,0,0,0,0,0
320291,1,1,20,0,0,0,0,0,0,0,0,0
320292,0,1,0,0,0,0,0,0,0,0,0,0
320292,1,1,0,0,0,13,0,0,0,0,0,0
320293,1,1,21,21,21,21,21,21,21,21,21,21
320294,1,1,0,0,0,0,0,0,0,0,0,0
320294,2,1,0,0,0,0,0,0,0,0,0,0
320294,3,1,0,0,0,0,0,0,0,0,0,0
320295,1,1,0,0,0,0,0,0,0,0,0,0
320295,2,1,0,0,0,0,0,0,0,0,0,0
320296,1,1,0,26,0,0,19,13,3,0,0,0
320297,1,1,20,20,20,20,20,20,20,20,20,20
320297,2,1,0,0,0,0,0,0,0,0,0,0
330001,1,1,6,6,6,6,6,6,6,6,6,6
330002,1,1,0,0,0,0,0,0,0,0,0,0
330002,2,1,19,0,13,1,0,0,0,10,11,0
330002,3,1,11,0,0,0,7,8,0,0,0,0
330003,0,1,0,0,0,0,0,0,0,0,0,0
330003,1,1,0,37,0,0,0,0,7,0,0,0
330003,2,1,0,0,0,0,0,0,0,0,0,0
330004,1,1,0,0,0,0,0,0,0,0,0,0
330005,1,1,0,0,0,0,0,0,0,0,0,0
330005,2,1,0,0,0,0,0,0,0,0,0,0
330006,1,1,0,0,0,0,0,0,0,0,0,0
330006,2,1,0,0,0,0,0,0,0,0,0,0
330006,3,1,0,0,0,0,0,0,0,0,0,0
330007,1,1,0,0,0,0,0,0,0,0,0,0
330007,2,1,0,0,0,0,0,0,0,0,0,0
330008,1,1,0,0,0,0,0,0,0,0,0,0
330008,2,1,0,7,0,13,2,18,19,9,1,0
330009,1,1,0,0,0,0,0,0,0,0,0,0
330009,2,1,0,0,0,0,0,0,0,0,0,0
330010,1,1,0,0,0,0,0,0,0,0,0,0
330011,1,1,0,0,0,0,0,0,0,0,0,0
330012,1,1,0,0,0,0,0,0,0,0,0,0
330013,1,1,0,0,0,0,0,0,0,0,0,0
330013,2,1,29,33,16,0,17,0,0,0,0,0
330014,1,1,29,29,29,29,29,29,29,29,29,29
330015,1,1,0,0,0,0,0,0,0,0,0,0
330016,1,1,0,0,0,0,0,0,0,0,0,0
330017,1,1,12,0,0,8,0,22,0,0,16,0
330018,1,1,9,9,9,9,9,9,9,9,9,9
330019,1,1,6,6,6,6,6,6,6,6,6,6
330019,2,1,0,0,0,0,10,0,8,0,6,17
330020,1,1,0,0,0,0,0,0,0,0,0,0
330021,1,1,0,0,0,0,0,0,0,0,0,0
330022,1,1,19,19,19,19,19,19,19,19,19,19
330022,2,1,0,0,0,0,0,0,0,0,0,0
330023,1,1,24,24,24,24,24,24,24,24,24,24
330024,0,1,21,21,21,21,21,21,21,21,21,21
330024,1,1,15,6,0,0,8,17,11,0,6,16
330025,1,1,21,21,21,21,21,21,21,21,21,21
330026,1,1,10,10,10,10,10,10,10,10,10,10
330027,1,1,0,0,0,0,0,0,0,0,0,0
330027,2,1,0,0,0,0,0,0,0,0,0,0
330028,1,1,24,24,24,24,24,24,24,24,24,24
330029,1,1,15,15,15,15,15,15,15,15,15,15
330030,1,1,13,13,13,13,13,13,13,13,13,13
330031,1,1,0,0,0,0,0,0,0,0,0,0
330032,1,1,0,0,0,0,0,0,0,0,0,0
330032,2,1,0,0,0,0,0,0,0,0,0,0
330033,1,1,14,14,14,14,14,14,14,14,14,14
330033,2,1,0,0,0,0,0,0,0,0,0,0
330034,0,1,0,0,0,0,0,0,0,0,0,0
330034,1,1,0,0,0,0,0,0,0,0,0,0
330035,1,1,12,12,12,12,12,12,12,12,12,12
330036,1,1,0,0,0,0,0,0,0,17,0,0
330037,1,1,0,0,0,0,0,0,0,0,0,0
330037,2,1,0,0,0,7,0,13,0,0,0,0
330038,0,1,0,0,0,0,0,0,0,0,0,0
330038,1,1,0,0,0,0,0,0,0,0,0,0
330039,1,1,0,0,0,0,0,0,0,0,0,0
330040,0,1,0,0,0,0,0,0,0,0,0,0
330040,1,1,0,0,0,0,0,0,5,0,0,0
330041,0,1,0,0,0,0,0,0,0,0,0,0
330041,1,1,0,0,0,0,0,0,0,0,0,0
330042,1,1,10,10,10,10,10,10,10,10,10,10
330043,1,1,0,0,0,0,0,0,0,0,0,0
330043,2,1,0,0,9,0,0,0,0,29,0,0
330044,1,1,0,0,0,0,0,0,0,0,0,0
330044,2,1,0,0,0,0,0,0,0,0,0,0
330044,3,1,0,0,0,0,0,0,0,0,0,0
330045,1,1,0,0,0,0,0,0,0,0,0,0
330045,2,1,0,0,0,0,0,0,0,0,0,0
330046,1,1,5,5,5,5,5,5,5,5,5,5
330047,0,1,0,0,0,0,0,0,0,0,0,0
330047,1,1,0,0,0,0,0,0,0,0,0,0
330048,1,1,20,20,20,20,20,20,20,20,20,20
330049,1,1,0,0,0,0,0,0,0,0,0,0
330049,2,1,0,0,0,0,0,0,0,0,0,0
330050,1,1,0,0,0,0,0,0,0,0,0,0
330051,1,1,0,0,0,0,0,0,0,0,0,0
330052,1,1,0,0,0,0,0,0,0,0,0,0
330052,2,1,0,0,0,14,0,0,24,0,0,0
330053,0,1,0,0,0,0,21,0,0,0,0,0
330053,1,1,0,0,0,0,0,0,0,0,0,0
330054,1,1,16,16,16,16,16,16,16,16,16,16
330054,2,1,0,0,0,0,0,0,8,0,0,0
330054,3,1,0,22,33,21,0,0,0,0,14,0
330055,1,1,3,3,3,3,3,3,3,3,3,3
330055,2,1,0,0,0,0,0,0,0,0,0,0
330056,1,1,0,0,0,0,0,0,0,0,0,0
330056,2,1,7,3,6,0,0,9,0,0,5,0
330057,1,1,0,21,0,0,0,0,0,29,0,0
330058,1,1,9,9,9,9,9,9,9,9,9,9
330059,1,1,0,0,0,0,0,0,0,0,0,0
330060,1,1,22,22,22,22,22,22,22,22,22,22
330061,1,1,3,3,3,3,3,3,3,3,3,3
330062,1,1,0,0,0,0,0,0,0,0,0,0
330063,0,1,18,18,18,18,18,18,18,18,18,18
330063,0,2,0,0,0,25,0,41,48,0,13,28
330063,1,1,0,0,0,0,0,0,0,0,0,0
330064,1,1,13,13,13,13,13,13,13,13,13,13
330065,1,1,2,2,2,2,2,2,2,2,2,2
330065,2,1,0,0,0,0,0,0,0,0,0,0
330066,1,1,0,0,0,0,0,0,0,0,0,0
330067,1,1,21,21,21,21,21,21,21,21,21,21
330068,1,1,0,0,0,0,0,0,0,0,0,0
330068,2,1,0,0,0,0,0,0,0,0,0,0
330069,1,1,0,0,0,0,0,0,0,0,0,0
330069,2,1,0,0,0,0,0,0,0,0,0,0
330070,1,1,21,21,21,21,21,21,21,21,21,21
330071,1,1,0,0,0,0,0,0,0,0,0,0
330072,1,1,0,0,0,0,0,0,0,0,0,0
330073,1,1,0,0,0,0,0,0,0,0,0,0
330073,2,1,0,0,0,0,0,0,0,0,0,0
330074,1,1,0,0,0,0,0,0,0,0,0,0
330075,1,1,7,7,7,7,7,7,7,7,7,7
330076,1,1,0,0,0,0,0,0,0,0,0,0
330076,2,1,14,0,0,5,0,11,0,0,0,0
330077,1,1,0,0,0,0,0,0,0,0,0,0
330077,2,1,0,25,0,0,0,0,0,0,0,0
330078,1,1,0,0,0,0,0,0,0,0,0,0
330079,1,1,12,12,12,12,12,12,12,12,12,12
330080,1,1,5,0,0,0,0,0,43,0,0,7
330081,1,1,19,19,19,19,19,19,19,19,19,19
330082,1,1,0,0,0,0,0,0,0,0,0,0
330082,2,1,0,0,0,0,0,0,0,0,0,0
330083,1,1,30,30,30,30,30,30,30,30,30,30
330084,1,1,15,15,15,15,15,15,15,15,15,15
330085,1,1,0,0,0,0,0,0,0,0,0,0
330085,2,1,0,0,0,0,0,0,0,0,0,0
330086,1,1,24,24,24,24,24,24,24,24,24,24
330087,1,1,16,16,16,16,16,16,16,16,16,16
330087,2,1,0,0,0,28,0,0,0,10,0,28
330088,1,1,13,13,13,13,13,13,13,13,13,13
330089,1,1,0,0,0,0,0,0,0,0,0,0
330090,1,1,0,0,0,0,0,0,0,0,0,0
330091,0,1,0,0,0,0,0,0,0,0,0,0
330091,1,1,0,0,0,0,0,0,0,0,0,0
330092,1,1,0,0,0,0,0,0,0,0,0,0
330092,2,1,0,0,0,0,0,0,0,36,0,0
330093,1,1,0,0,0,0,0,0,0,0,0,0
330094,0,1,17,17,17,17,17,17,17,17,17,17
330094,1,1,0,0,0,0,0,0,0,0,0,0
330095,0,1,0,0,0,0,0,0,0,0,0,0
330096,1,1,0,0,0,0,0,0,0,0,0,0
330096,2,1,0,0,0,0,0,0,0,0,0,0
330097,1,1,0,0,0,0,0,0,0,0,0,0
330098,1,1,0,0,12,0,0,0,14,0,0,0
330099,1,1,0,0,0,0,0,0,0,0,0,0
330099,2,1,0,0,0,0,0,0,0,0,0,0
330100,0,1,35,35,35,35,35,35,35,35,35,35
330100,1,1,0,0,0,0,0,0,0,0,0,0
330101,1,1,0,0,0,0,0,0,0,0,0,0
330101,2,1,0,34,0,0,31,0,0,16,10,9
330102,1,1,0,0,0,0,0,0,0,0,0,0
330103,1,1,0,0,0,0,0,0,0,0,0,0
330103,2,1,6,0,0,0,0,0,0,0,0,0
340001,1,1,0,0,0,0,0,0,0,0,0,0
340001,2,1,0,0,0,0,0,0,0,0,0,0
340002,1,1,1,1,1,1,1,1,1,1,1,1
340003,1,1,13,13,13,13,13,13,13,13,13,13
340003,2,1,0,0,0,0,6,29,0,0,0,0
340004,1,1,0,0,0,0,0,0,0,0,0,0
340004,2,1,0,0,0,0,0,0,0,0,0,0
340005,1,1,15,15,15,15,15,15,15,15,15,15
340006,1,1,0,0,0,0,0,0,0,0,0,0
340006,2,1,0,0,0,0,0,0,0,0,0,0
340007,1,1,0,0,0,0,0,0,0,0,0,0
340007,2,1,27,0,0,6,10,0,0,14,0,26
340008,0,1,20,15,0,0,16,0,25,0,20,36
340008,1,1,0,0,0,0,0,0,0,0,0,0
340009,1,1,0,0,0,0,0,0,0,0,0,0
340009,2,1,0,0,0,0,9,0,0,0,0,0
340010,1,1,0,0,0,0,8,0,0,0,0,0
340010,2,1,0,0,0,0,17,0,0,0,0,0
340011,1,1,0,0,0,0,0,0,0,14,0,0