ST_CASE,VEH_NO,PER_NO,P1,P2,P3,P4,P5,P6,P7,P8,P9,P10
340011,2,1,0,0,0,0,0,0,0,0,7,0
340012,0,1,20,20,20,20,20,20,20,20,20,20
340012,1,1,0,0,0,0,0,0,0,0,0,0
340013,1,1,0,13,0,0,15,0,0,0,6,0
340014,1,1,0,0,0,0,0,0,0,0,0,0
340015,0,1,0,0,0,0,0,0,0,0,0,0
340015,1,1,0,0,0,0,0,0,0,0,0,0
340016,0,1,0,0,0,0,0,0,0,0,0,0
340016,1,1,0,0,0,0,0,0,0,0,0,0
340017,0,1,0,0,0,0,0,0,0,0,16,0
340017,1,1,0,0,0,0,0,0,0,0,0,0
340018,1,1,0,0,0,0,0,0,0,0,0,0
340018,2,1,0,19,0,0,0,0,0,25,0,0
340019,0,1,0,0,0,0,0,0,0,0,0,0
340019,1,1,0,0,0,0,0,0,0,0,0,0
340020,1,1,18,0,0,0,12,39,0,0,8,0
340021,1,1,7,7,7,7,7,7,7,7,7,7
340022,1,1,0,0,0,0,0,0,0,0,0,0
340023,0,1,0,0,0,0,0,0,0,0,0,0
340023,1,1,16,0,0,0,0,0,0,0,0,0
340023,2,1,0,0,0,0,0,0,0,0,0,0
340024,0,1,3,3,3,3,3,3,3,3,3,3
340024,1,1,0,0,0,0,0,0,0,0,0,0
340025,1,1,0,3,0,0,0,0,10,0,0,0
340025,2,1,0,0,0,0,0,0,0,0,0,0
340025,3,1,0,0,0,0,0,0,0,0,0,0
340025,4,1,0,0,0,0,0,0,0,0,0,0
340025,5,1,0,0,0,0,0,0,0,0,0,0
340027,0,1,0,0,17,0,0,0,0,0,0,0
340027,1,1,0,18,0,0,0,0,0,0,0,0
340028,0,1,0,0,0,0,0,0,26,0,0,0
340028,1,1,0,0,0,0,0,0,0,0,0,0
340029,1,1,0,18,0,0,0,27,0,0,0,0
340030,1,1,0,0,0,0,0,0,0,0,0,0
340031,1,1,0,0,0,0,0,0,0,0,0,0
340032,1,1,8,0,0,0,0,0,0,10,0,0
340032,2,1,0,0,0,9,0,0,0,0,0,0
340033,1,1,29,0,38,0,0,18,16,0,0,15
340034,1,1,0,0,0,0,0,0,0,0,0,0
340034,2,1,0,0,0,0,0,0,0,0,0,0
340035,1,1,0,0,0,0,0,0,0,0,0,0
340035,2,1,0,0,0,0,0,0,0,0,0,0
340036,0,1,0,0,0,0,0,0,0,0,0,0
340036,1,1,24,24,24,24,24,24,24,24,24,24
340037,0,1,0,0,0,0,0,0,0,0,0,0
340037,1,1,3,3,3,3,3,3,3,3,3,3
340038,1,1,0,0,0,0,0,0,0,0,0,0
340039,1,1,0,0,0,0,0,0,0,0,0,0
340040,1,1,0,0,0,0,0,0,0,0,0,0
340040,2,1,0,11,0,0,13,0,0,0,22,15
340041,1,1,0,0,0,0,0,0,0,0,0,0
340042,1,1,0,0,0,0,0,0,0,0,0,0
340043,1,1,0,0,0,0,0,16,0,0,13,0
340044,2,1,0,0,0,0,0,0,0,0,0,0
340045,1,1,0,13,0,15,2,0,11,0,12,0
340046,1,1,0,0,0,0,0,0,0,0,0,0
340046,2,1,0,0,0,0,0,0,0,0,0,0
340046,3,1,0,0,0,0,0,0,0,0,0,0
340047,1,1,0,0,0,0,0,0,0,0,0,0
340048,0,1,0,0,0,0,0,0,0,0,0,0
340048,1,1,0,0,0,0,0,0,0,0,0,0
340049,1,1,0,0,0,0,0,0,0,0,0,0
340050,0,1,0,0,0,0,0,0,0,0,0,0
340050,1,1,0,0,0,0,0,0,0,0,0,0
340051,1,1,0,0,0,0,20,0,0,18,0,0
340051,2,1,0,0,0,0,0,0,0,0,0,0
340052,1,1,18,18,18,18,18,18,18,18,18,18
340053,0,1,24,24,24,24,24,24,24,24,24,24
340053,1,1,0,3,0,0,0,0,0,0,15,7
340054,1,1,0,0,0,0,0,0,0,0,0,0
340054,2,1,0,0,0,0,0,0,0,0,0,0
340055,1,1,0,0,0,0,0,0,0,0,0,0
340056,0,1,32,32,32,32,32,32,32,32,32,32
340056,1,1,0,0,0,0,0,0,0,0,0,0
340057,0,1,0,0,0,0,0,0,0,0,0,0
340057,1,1,0,0,0,0,0,0,0,0,26,0
340058,1,1,27,27,27,27,27,27,27,27,27,27
340059,0,1,19,19,19,19,19,19,19,19,19,19
340059,1,1,0,0,0,0,0,0,0,0,0,0
340060,1,1,0,0,0,0,0,0,0,0,0,0
340060,2,1,0,0,8,0,0,0,0,0,0,0
340061,0,1,0,0,0,24,0,0,12,0,0,0
340061,1,1,0,0,0,0,0,0,0,0,0,0
340062,1,1,25,25,25,25,25,25,25,25,25,25
340063,0,1,18,18,18,18,18,18,18,18,18,18
340063,1,1,0,0,0,0,10,0,0,0,0,0
340064,1,1,0,0,0,0,0,0,0,0,0,0
340065,0,1,0,0,0,0,0,0,0,0,0,0
340065,1,1,0,0,0,0,6,0,0,0,0,0
340066,1,1,0,27,0,0,0,0,0,0,0,0
340066,2,1,0,0,0,0,0,0,0,0,0,0
340067,0,1,0,0,0,0,0,0,0,0,0,0
340067,1,1,0,0,0,0,0,0,0,8,0,0
340068,0,1,0,0,0,0,0,0,0,0,0,0
340068,1,1,29,0,0,0,20,0,0,0,0,0
340069,0,1,0,0,0,0,0,0,0,0,0,0
340069,1,1,0,0,0,0,0,0,0,0,0,0
340070,0,1,39,0,0,0,0,0,0,0,0,0
340070,1,1,0,0,0,0,0,0,0,0,0,0
340071,0,1,0,0,0,0,0,0,0,0,0,0
340071,1,1,0,0,0,0,0,0,0,0,0,0
340072,1,1,0,0,0,0,0,0,0,0,0,0
340073,0,1,16,16,16,16,16,16,16,16,16,16
340073,1,1,0,0,0,0,0,0,0,15,0,0
340074,1,1,0,0,0,0,0,0,0,0,0,0
340075,0,1,15,15,15,15,15,15,15,15,15,15
340075,1,1,0,0,0,0,0,0,3,0,0,0
340076,1,1,0,0,0,0,0,0,0,0,0,0
340077,0,1,0,0,0,0,0,0,0,0,0,0
340077,1,1,0,0,0,0,11,0,0,0,0,0
340078,1,1,0,0,0,0,0,0,0,0,0,0
340078,2,1,0,25,0,0,0,0,0,0,0,0
340079,0,1,0,0,0,0,0,0,0,0,0,0
340079,1,1,0,0,0,0,0,0,0,0,0,0
340080,0,1,0,0,0,0,0,0,0,0,0,0
340080,1,1,0,0,0,0,0,0,0,0,0,0
340081,1,1,0,0,0,0,0,0,0,0,0,0
340081,2,1,0,0,0,0,0,0,0,0,0,0
340082,1,1,0,0,0,0,13,0,0,0,0,0
340083,1,1,0,0,0,0,0,0,0,0,0,0
340084,1,1,0,0,0,0,0,0,0,0,0,0
340084,2,1,0,0,0,0,0,0,0,0,0,0
340085,1,1,1,1,1,1,1,1,1,1,1,1
340086,1,1,0,0,0,0,0,0,0,0,0,0
340087,0,1,2,2,2,2,2,2,2,2,2,2
340087,1,1,0,0,21,0,0,0,0,0,0,11
340088,0,1,11,11,11,11,11,11,11,11,11,11
340088,1,1,19,0,0,0,24,0,0,0,0,0
340089,0,1,7,7,7,7,7,7,7,7,7,7
340089,1,1,0,13,0,12,0,0,0,11,0,0
340090,1,1,30,30,30,30,30,30,30,30,30,30
340091,1,1,0,0,0,0,0,0,0,0,0,0
340091,2,1,0,0,0,0,0,0,0,0,0,0
340092,1,1,0,0,0,0,0,0,0,0,0,0
340093,1,1,12,0,0,0,0,0,0,0,0,0
340093,2,1,0,0,0,0,0,0,0,0,0,0
340094,1,1,0,0,0,0,0,0,0,0,0,0
340094,2,1,0,0,0,0,0,0,0,0,0,0
340095,1,1,37,37,37,37,37,37,37,37,37,37
340096,1,1,0,0,0,0,0,0,0,0,0,0
340097,1,1,31,31,31,31,31,31,31,31,31,31
340098,1,1,0,0,0,0,0,0,0,0,0,0
340098,2,1,0,0,0,0,0,0,0,0,0,0
340099,1,1,0,0,0,20,0,0,0,0,0,0
340099,2,1,0,0,0,0,0,0,0,0,0,0
340101,1,1,0,0,0,28,0,0,0,0,0,0
340102,0,1,0,0,31,0,9,0,0,0,0,0
340102,1,1,0,10,0,0,0,0,0,0,0,0
340103,1,1,2,2,2,2,2,2,2,2,2,2
340104,1,1,0,0,0,0,0,0,0,0,0,0
340104,2,1,0,0,0,0,0,0,0,0,0,0
340105,0,1,0,0,0,0,0,0,0,0,0,0
340105,1,1,0,0,13,0,0,0,3,0,0,0
340106,0,1,0,0,0,0,0,0,0,0,0,0
340106,1,1,0,0,0,0,0,15,0,0,0,0
340107,1,1,0,16,0,0,0,0,0,0,0,19
340108,1,1,0,0,0,0,0,0,0,0,0,0
340108,2,1,0,0,0,0,0,0,0,0,0,0
340109,0,1,0,0,0,0,0,0,0,0,0,0
340109,1,1,0,0,0,0,0,0,0,0,0,0
340110,0,1,15,15,15,15,15,15,15,15,15,15
340110,1,1,0,32,28,0,0,39,5,0,20,20
340111,0,1,0,0,0,0,0,0,0,0,0,0
340111,1,1,0,0,0,0,0,0,0,0,0,0
340112,0,1,0,0,0,0,0,0,0,0,0,0
340112,2,1,0,0,0,0,0,0,0,0,0,0
340113,1,1,0,0,0,0,0,0,0,0,0,0
340114,0,1,0,0,0,0,0,16,0,0,0,0
340114,1,1,0,0,0,0,0,15,0,0,0,0
340114,2,1,0,0,0,0,0,0,0,0,0,0
340114,3,1,0,0,10,0,0,0,0,0,0,0
340115,1,1,0,0,14,0,0,0,0,0,12,0
340117,1,1,0,0,0,0,0,0,0,0,0,0
340117,2,1,0,0,0,0,0,0,0,0,0,0
340118,1,1,15,15,15,15,15,15,15,15,15,15
340119,1,1,19,19,19,19,19,19,19,19,19,19
340120,0,1,0,0,0,0,0,0,0,0,0,0
340120,1,1,0,0,0,0,0,0,0,0,0,0
340121,0,1,32,32,32,32,32,32,32,32,32,32
340121,1,1,0,0,0,0,0,0,14,0,0,0
340122,1,1,0,0,0,0,0,0,0,0,0,0
340122,2,1,0,0,0,0,0,0,0,0,0,0
340123,1,1,0,0,0,0,0,0,0,0,0,0
340124,1,1,24,24,24,24,24,24,24,24,24,24
340125,0,1,21,21,21,21,21,21,21,21,21,21
340125,1,1,0,0,0,0,0,25,26,0,0,0
340126,1,1,0,0,0,0,14,22,0,26,0,0
340126,2,1,0,0,0,0,0,0,0,0,0,0
340127,1,1,0,0,0,0,0,0,0,0,0,0
340127,2,1,0,0,0,0,0,0,0,0,0,0
340128,1,1,0,0,0,0,0,0,0,0,0,0
340129,1,1,0,0,0,0,0,0,0,0,0,0
340129,2,1,0,0,0,0,0,0,0,0,0,0
340130,0,1,11,11,11,11,11,11,11,11,11,11
340130,0,2,4,4,4,4,4,4,4,4,4,4
340130,1,1,0,0,0,0,0,0,9,5,0,18
340131,1,1,0,0,0,0,0,0,0,0,0,0
340131,2,1,0,0,0,0,0,0,0,0,0,0
340132,0,1,0,0,0,0,0,0,0,0,0,0
340132,1,1,0,0,0,0,0,0,0,0,0,0
340133,1,1,0,0,0,0,0,0,0,0,0,0
340133,2,1,0,0,0,0,0,0,0,0,0,0
340134,1,1,0,0,0,0,0,0,0,0,0,0
340134,2,1,0,0,0,0,0,0,0,0,0,0
340135,1,1,7,0,25,6,28,12,14,0,0,0
340135,2,1,0,0,0,0,0,0,0,0,0,0
340135,3,1,0,0,0,0,0,0,0,0,0,0
340136,1,1,0,0,0,0,0,0,0,0,0,0
340136,2,1,21,0,0,0,6,0,0,0,0,0
340137,1,1,0,0,0,0,0,0,0,0,0,0
340138,1,1,7,7,7,7,7,7,7,7,7,7
340138,3,1,0,0,0,20,0,0,0,0,0,0
340138,4,1,0,0,0,0,0,0,0,0,0,0
340139,1,1,16,16,16,16,16,16,16,16,16,16
340140,1,1,0,0,0,0,0,0,0,0,0,0
340141,0,1,0,0,0,0,0,0,0,0,0,0
340141,1,1,0,0,0,0,0,0,0,0,0,0
340142,1,1,17,17,17,17,17,17,17,17,17,17
340142,2,1,0,0,0,0,0,0,20,0,0,0
340143,1,1,18,18,18,18,18,18,18,18,18,18
340143,2,1,0,30,0,0,0,0,0,0,0,0
340144,1,1,0,0,0,0,0,0,0,0,0,0
340145,0,1,19,19,19,19,19,19,19,19,19,19
340145,1,1,0,0,0,0,0,4,0,0,13,0
340146,1,1,0,0,0,0,0,0,0,0,0,0
340147,1,1,0,0,0,0,0,0,0,0,0,0
340147,2,1,0,0,0,0,0,0,0,0,0,0
340147,3,1,0,0,0,0,0,0,0,0,0,0
340148,1,1,0,0,0,0,0,0,0,0,0,0
340149,1,1,0,0,0,0,0,0,0,0,0,0
340150,1,1,0,0,0,0,0,0,0,0,0,0
340151,1,1,0,0,0,0,0,0,0,0,0,0
340151,2,1,2,0,0,0,0,0,0,0,0,0
340152,1,1,19,19,19,19,19,19,19,19,19,19
340153,1,1,0,0,0,0,0,0,0,0,0,0
340153,2,1,0,0,0,0,0,0,0,0,0,0
340154,1,1,1,1,1,1,1,1,1,1,1,1
340154,2,1,0,0,0,0,0,0,0,0,0,0
340155,1,1,0,0,0,0,0,0,0,0,0,0
340155,2,1,0,0,0,0,0,0,0,0,0,0
340156,1,1,2,2,2,2,2,2,2,2,2,2
340157,1,1,0,0,0,0,0,0,0,0,0,0
340158,1,1,18,18,18,18,18,18,18,18,18,18
340159,1,1,0,0,0,0,0,0,0,0,0,0
340160,1,1,18,18,18,18,18,18,18,18,18,18
340161,0,1,0,0,0,0,0,0,0,0,0,0
340161,1,1,0,0,0,0,0,0,0,0,0,0
340162,1,1,0,0,0,0,0,0,0,0,0,0
340162,2,1,0,0,0,0,0,0,0,0,0,0
340163,1,1,0,0,0,0,0,0,0,0,0,0
340163,2,1,0,0,0,0,0,0,0,0,0,0
340164,1,1,7,7,7,7,7,7,7,7,7,7
340165,1,1,0,0,0,0,0,0,0,0,0,0
340166,1,1,10,10,10,10,10,10,10,10,10,10
340166,2,1,35,0,0,0,0,0,0,0,0,0
340167,1,1,23,0,0,12,0,0,0,0,0,0
340168,0,1,17,17,17,17,17,17,17,17,17,17
340168,1,1,0,24,0,0,0,6,0,0,0,0
340169,1,1,0,0,0,0,0,0,0,0,0,0
340170,1,1,0,0,0,0,0,0,0,0,0,0
340170,2,1,0,0,0,0,0,0,0,0,0,0
340171,0,1,0,0,0,0,0,0,0,0,0,0
340171,1,1,0,0,0,0,0,0,0,0,0,0
340172,1,1,0,0,0,0,0,0,0,0,0,0
340172,2,1,3,0,0,0,0,0,0,0,0,0
340173,1,1,16,16,16,16,16,16,16,16,16,16
340173,2,1,0,0,0,0,0,0,0,0,0,0
340174,1,1,0,0,0,0,0,0,0,0,0,0
340174,2,1,0,0,0,0,0,0,0,0,0,0
340174,3,1,0,0,0,0,0,0,0,0,0,0
340174,4,1,0,0,0,0,0,0,0,0,0,0
340174,5,1,0,0,0,0,0,0,0,0,0,0
340174,6,1,0,0,0,0,0,0,0,0,0,0
340175,0,1,0,0,0,0,0,0,0,0,0,0
340175,1,1,0,0,0,0,0,0,0,0,0,14
340176,0,1,0,0,0,0,0,0,0,0,0,0
340176,1,1,0,0,18,0,0,0,0,0,0,0
340177,1,1,0,0,0,0,0,0,0,0,0,0
340178,1,1,18,18,18,18,18,18,18,18,18,18
340179,1,1,0,0,0,0,0,0,0,0,0,0
340179,2,1,0,0,0,0,0,0,0,0,0,0
340179,3,1,0,0,0,0,3,0,0,0,0,0
340180,0,1,0,0,0,0,0,0,0,0,0,0
340180,1,1,0,0,0,0,0,0,0,0,0,0
340181,1,1,0,0,0,0,0,0,0,0,0,0
340182,1,1,0,0,0,0,0,0,0,0,0,0
340183,0,1,5,5,5,5,5,5,5,5,5,5
340183,1,1,19,0,0,0,0,0,0,0,0,0
340184,1,1,0,0,0,0,0,0,0,0,0,0
340184,2,1,0,0,0,0,0,0,0,0,0,0
340185,1,1,0,0,0,0,0,0,0,0,0,0
340185,2,1,0,0,0,0,0,0,0,0,0,0
340186,1,1,0,0,0,0,0,0,0,0,0,0
340186,2,1,0,0,0,0,0,0,0,0,0,0
340187,0,1,0,0,0,0,0,0,0,0,0,0
340187,0,2,19,0,0,0,0,0,0,0,0,0
340187,1,1,0,0,0,0,0,0,0,0,0,0
340188,1,1,0,0,0,0,0,0,0,0,0,0
340188,2,1,0,0,0,0,0,0,0,0,0,0
340189,1,1,0,0,0,0,0,0,0,0,0,0
340189,2,1,0,14,16,0,13,0,0,0,0,0
340189,3,1,0,0,0,0,0,0,0,0,0,0
340189,4,1,0,0,0,24,0,0,0,0,0,0
340189,5,1,0,0,0,0,0,0,0,0,0,0
340190,1,1,0,0,0,25,0,0,0,0,0,0
340190,2,1,0,0,0,0,0,0,0,0,0,0
340191,0,1,10,0,0,12,23,5,0,21,0,14
340191,1,1,26,0,0,0,0,0,0,0,10,0
340192,1,1,0,0,0,0,0,0,0,0,0,0
340193,0,1,29,3,0,0,28,21,34,27,0,25
340193,1,1,0,0,0,0,0,0,0,0,0,0
340194,1,1,0,0,0,0,0,0,0,0,0,0
340195,1,1,0,0,0,0,0,0,0,0,0,0
340196,1,1,19,19,19,19,19,19,19,19,19,19
340197,1,1,0,0,0,0,0,0,0,0,0,0
340197,2,1,0,0,0,0,0,0,0,0,0,0
340197,3,1,0,0,0,0,0,0,0,0,0,0
340198,0,1,16,16,16,16,16,16,16,16,16,16
340198,1,1,0,0,0,0,0,0,0,0,0,0
340199,1,1,0,0,0,0,0,0,0,0,0,0
340199,2,1,0,0,0,0,0,0,0,0,0,0
340200,1,1,0,0,0,0,0,0,0,0,0,0
340201,1,1,0,0,0,0,0,0,0,0,0,0
340201,2,1,0,0,0,0,0,0,0,0,0,0
340202,1,1,0,0,0,0,0,0,0,0,0,0
340203,1,1,0,0,0,13,0,0,0,0,0,0
340204,0,1,0,0,0,0,0,0,0,0,0,0
340204,1,1,0,0,0,0,0,0,0,0,0,0
340205,0,1,13,13,13,13,13,13,13,13,13,13
340205,1,1,0,0,0,13,0,0,0,0,0,0
340206,0,1,0,0,0,0,0,0,0,0,0,0
340206,1,1,0,0,0,0,0,0,0,0,0,0
340207,1,1,0,0,0,0,0,0,0,0,0,0
340207,2,1,0,0,0,0,0,0,0,0,0,0
340208,1,1,0,0,0,0,0,12,0,7,19,0
340208,2,1,0,0,14,0,0,0,0,15,0,0
340209,0,1,0,0,12,23,0,0,0,0,33,16
340209,1,1,0,10,12,8,13,0,0,21,0,8
340210,1,1,0,0,0,0,0,0,0,0,0,0
340211,0,1,24,24,24,24,24,24,24,24,24,24
340211,1,1,0,0,0,0,0,0,0,0,0,0
340212,1,1,0,0,0,0,0,0,0,0,0,0
340212,2,1,0,0,0,0,0,0,0,0,0,0
340213,1,1,27,27,27,27,27,27,27,27,27,27
340214,0,1,0,0,0,0,0,0,0,0,0,0
340214,1,1,0,0,0,0,16,0,0,0,0,0
340215,0,1,19,19,19,19,19,19,19,19,19,19
340215,1,1,0,0,0,13,0,0,20,16,0,0
340217,1,1,0,0,0,0,0,0,0,0,0,0
340218,0,1,0,0,0,0,0,0,0,0,0,0
340218,1,1,10,0,0,0,0,0,0,0,0,2
340219,0,1,0,0,0,0,0,0,0,0,0,0
340219,1,1,0,0,0,0,0,0,0,0,0,0
340220,0,1,0,0,0,0,0,0,0,0,0,0
340220,1,1,0,0,0,0,0,0,0,0,0,0
340221,0,1,0,0,0,0,0,0,0,0,0,0
340221,3,1,0,6,0,0,0,0,0,5,31,0
340222,0,1,0,0,0,0,0,0,0,0,0,0
340222,0,2,20,18,0,10,20,0,0,0,0,0
340222,1,1,0,0,0,0,0,0,0,0,0,7
340223,0,1,0,0,0,0,0,0,0,0,0,0
340223,1,1,0,0,0,0,0,0,0,0,0,0
340224,1,1,0,0,0,0,0,0,0,0,0,0
340224,2,1,0,0,0,0,0,0,0,0,0,0
340224,3,1,0,0,0,0,0,0,0,0,0,0
340224,4,1,0,0,0,0,0,0,0,0,0,0
340225,0,1,0,0,0,0,0,0,0,0,0,0
340225,1,1,0,0,6,0,0,0,0,0,0,0
340226,1,1,0,0,0,0,0,0,0,0,0,0
340227,1,1,0,0,0,0,0,0,0,0,0,0
340227,2,1,0,0,0,0,0,0,0,0,0,0
340228,1,1,6,6,6,6,6,6,6,6,6,6
340229,1,1,29,29,29,29,29,29,29,29,29,29
340230,0,1,0,0,0,0,0,0,0,0,0,0
340230,1,1,0,0,0,0,0,0,0,0,0,0
340231,1,1,28,28,28,28,28,28,28,28,28,28
340232,1,1,0,0,0,0,0,0,0,0,0,0
340232,2,1,0,0,0,0,0,0,0,0,0,0
340233,1,1,0,0,0,0,6,0,14,0,0,0
340233,2,1,0,0,0,0,0,0,0,0,0,0
340233,3,1,0,0,0,0,0,0,0,0,0,0
340234,1,1,0,0,0,0,0,0,0,0,0,0
340234,2,1,0,0,0,0,0,0,0,0,0,0
340235,1,1,0,0,0,0,0,0,0,0,0,0
340236,1,1,0,0,0,0,0,0,0,0,0,0
340236,2,1,0,0,0,0,0,0,0,0,0,0
340238,1,1,9,0,0,0,0,0,0,0,0,0
340238,2,1,0,0,0,0,0,0,0,0,0,0
340239,0,1,0,0,0,0,0,0,0,0,0,0
340239,1,1,0,7,0,12,0,10,0,0,13,14
340240,0,1,0,0,0,0,0,0,0,0,0,0
340240,1,1,0,0,0,0,0,0,0,0,0,0
340241,1,1,0,0,0,0,0,0,0,0,0,0
340242,1,1,1,1,1,1,1,1,1,1,1,1
340242,2,1,0,0,0,0,0,0,0,0,0,0
340243,1,1,0,0,0,23,1,24,0,14,0,0
340244,1,1,0,0,0,0,0,0,0,0,0,0
340244,2,1,0,0,0,0,0,0,0,0,0,0
340244,3,1,0,0,0,0,0,0,0,0,0,0
340244,4,1,0,0,0,0,0,0,0,0,0,0
340244,5,1,0,0,0,0,0,0,0,0,0,0
340244,6,1,19,24,15,0,0,14,0,0,0,0
340244,7,1,0,0,0,0,0,24,0,0,0,3
340244,8,1,0,0,0,0,0,0,27,0,0,0
340244,9,1,0,0,0,0,0,0,0,0,0,2
340244,10,1,0,0,0,0,0,0,0,0,0,0
340244,11,1,0,0,0,0,0,19,0,0,0,0
340244,12,1,0,0,0,0,30,0,0,0,8,0
340244,13,1,0,0,3,0,0,0,0,0,0,0
340244,14,1,0,0,0,0,0,0,0,0,0,0
340244,15,1,0,0,0,0,0,0,0,0,0,0
340244,16,1,0,0,0,0,0,0,0,0,0,29
340244,17,1,0,0,0,0,0,0,0,0,0,0
340244,18,1,0,0,0,0,0,0,0,0,17,0
340244,19,1,0,0,0,0,0,0,0,0,0,0
340245,0,1,0,0,0,0,0,0,0,0,0,0
340245,1,1,0,0,0,0,0,0,0,0,0,7
340246,1,1,0,0,0,0,19,0,0,0,0,0
340246,2,1,0,0,0,0,0,0,0,0,0,0
340247,1,1,9,0,0,0,0,0,0,0,0,0
340247,2,1,7,7,7,7,7,7,7,7,7,7
340248,1,1,0,4,0,0,0,0,0,0,0,17
340248,2,1,0,0,0,0,0,24,0,0,0,0
340249,1,1,0,0,0,0,0,0,0,0,0,0
340250,0,1,0,0,0,0,0,0,0,0,0,0
340250,1,1,0,0,0,0,0,0,0,0,0,0
340251,1,1,8,8,8,8,8,8,8,8,8,8
340252,1,1,11,11,11,11,11,11,11,11,11,11
340252,2,1,0,0,0,9,0,12,0,0,0,0
340253,1,1,0,0,0,0,0,0,0,0,0,0
340253,2,1,0,0,0,0,0,0,17,0,0,0
340254,1,1,0,0,0,0,0,0,0,2,0,0
340255,1,1,0,0,0,0,0,0,0,0,19,0
340256,1,1,4,4,4,4,4,4,4,4,4,4
340257,1,1,0,0,0,0,0,0,0,0,0,0
340257,2,1,0,0,0,21,0,0,0,0,0,0
340258,1,1,20,20,20,20,20,20,20,20,20,20
340259,0,1,0,0,0,0,0,0,0,0,0,0
340259,1,1,0,0,0,0,0,0,0,0,0,0
340260,1,1,0,0,0,0,0,9,0,0,6,22
340261,0,1,0,0,0,0,0,0,0,0,0,0
340261,1,1,0,0,0,0,0,0,0,0,0,0
340262,1,1,0,0,0,0,0,0,0,0,0,0
340263,0,1,0,0,0,0,0,0,0,0,0,0
340263,1,1,16,0,0,0,0,0,16,0,0,0
340263,2,1,0,0,14,0,0,14,0,0,0,10
340264,1,1,0,0,0,6,11,7,29,0,11,33
340265,1,1,0,0,0,0,0,0,0,0,0,0
340266,1,1,0,0,0,0,0,0,0,0,0,0
340267,1,1,0,0,0,0,0,0,0,0,0,0
340267,2,1,0,0,0,0,0,0,0,0,0,0
340268,0,1,11,11,11,11,11,11,11,11,11,11
340268,1,1,0,0,0,0,0,0,0,0,0,0
340269,1,1,0,0,0,0,0,0,0,0,0,0
340270,0,1,0,0,0,0,0,0,0,0,0,0
340270,1,1,0,0,0,0,0,0,0,0,0,0
340271,1,1,0,0,0,0,0,0,0,0,0,0
340271,2,1,0,0,0,0,0,0,0,0,0,0
340272,0,1,0,0,0,0,0,0,0,0,0,0
340272,1,1,0,0,0,0,0,0,0,0,0,0
340273,1,1,15,15,15,15,15,15,15,15,15,15
340274,0,1,15,27,0,0,13,0,11,19,0,0
340274,1,1,0,0,0,0,0,0,0,0,0,16
340275,0,1,0,0,0,0,0,0,0,0,0,0
340275,1,1,10,10,10,10,10,10,10,10,10,10
340276,0,1,0,0,0,0,0,0,0,0,0,0
340276,1,1,0,0,0,0,0,0,0,0,0,0
340277,0,1,20,20,20,20,20,20,20,20,20,20
340277,1,1,0,0,0,0,0,0,0,0,0,0
340279,1,1,0,0,0,0,0,0,0,0,0,0
340279,2,1,0,0,0,0,0,0,0,0,0,0
340280,1,1,18,18,18,18,18,18,18,18,18,18
340281,1,1,0,0,0,0,27,0,0,0,0,0
340283,0,1,0,0,0,0,0,0,0,0,0,0
340283,1,1,0,0,0,0,0,0,0,0,0,0
340284,1,1,14,32,24,48,0,0,19,0,0,0
340285,0,1,17,17,17,17,17,17,17,17,17,17
340285,1,1,0,0,0,0,0,0,0,0,0,0
340286,1,1,0,0,0,0,0,0,0,0,0,0
340287,0,1,30,30,30,30,30,30,30,30,30,30
340287,1,1,0,0,0,0,0,0,0,0,0,0
340288,0,1,0,0,0,0,0,41,0,0,0,0
340288,1,1,0,0,0,0,0,0,0,0,0,0
340289,0,1,0,0,0,0,0,0,0,0,0,0
340289,1,1,0,0,0,0,0,0,0,0,0,0
340289,2,1,0,0,0,0,0,0,0,0,0,0
340290,0,1,0,0,0,0,0,0,0,0,0,0
340290,1,1,0,0,0,0,0,0,0,0,0,0
340291,0,1,0,0,0,0,0,0,0,0,0,0
340291,1,1,8,0,0,0,0,0,0,0,0,0
340292,1,1,0,0,0,0,0,0,0,0,0,0
340292,2,1,0,0,0,0,0,0,0,0,0,0
340292,3,1,0,0,0,0,0,0,0,0,0,0
340293,0,1,0,0,0,0,0,0,0,0,0,0
340293,1,1,0,0,0,0,0,0,0,0,0,0
340294,0,1,15,15,15,15,15,15,15,15,15,15
340294,1,1,0,0,0,0,0,0,0,0,0,0
340295,0,1,0,0,0,0,0,0,0,0,0,0
340295,1,1,0,0,0,0,0,0,0,0,0,0
340296,0,1,9,9,9,9,9,9,9,9,9,9
340296,1,1,0,17,7,0,33,0,0,0,10,0
340297,0,1,0,0,0,0,0,0,0,0,0,0
340297,1,1,0,0,0,0,0,0,19,14,0,0
340298,1,1,0,0,0,0,0,0,0,0,0,0
340299,0,1,22,22,22,22,22,22,22,22,22,22
340299,1,1,12,0,0,41,0,0,0,0,5,16
340300,0,1,26,19,32,4,17,25,29,18,19,28
340300,1,1,0,0,0,0,0,0,0,0,0,0
340301,1,1,0,0,0,0,0,0,0,0,0,0
340302,0,1,0,0,0,0,0,0,0,0,0,0
340302,1,1,0,0,0,0,0,0,0,0,0,0
340303,0,1,0,0,0,0,0,0,0,0,0,0
340303,1,1,0,0,0,0,0,0,0,0,0,0
340304,1,1,9,9,9,9,9,9,9,9,9,9
340305,1,1,18,18,18,18,18,18,18,18,18,18
340306,0,1,5,5,5,5,5,5,5,5,5,5
340306,1,1,0,0,0,0,0,0,0,0,0,0