ST_CASE,VEH_NO,PER_NO,P1,P2,P3,P4,P5,P6,P7,P8,P9,P10
340306,2,1,0,13,11,12,0,0,0,0,0,0
340306,3,1,0,0,0,0,15,0,0,0,0,0
340307,1,1,0,0,0,0,0,0,0,0,0,0
340307,3,1,0,0,0,0,11,0,0,0,0,0
340307,4,1,0,0,0,0,0,0,0,0,0,0
340308,1,1,0,0,0,0,0,0,0,0,0,0
340308,2,1,0,0,0,0,0,0,0,0,0,0
340308,3,1,0,0,0,0,0,0,0,0,0,0
340309,1,1,0,0,0,0,0,0,0,0,0,0
340309,2,1,4,4,4,4,4,4,4,4,4,4
340310,1,1,23,0,4,15,3,17,14,17,9,7
340310,2,1,0,0,0,0,0,0,0,0,0,0
340311,1,1,0,0,0,0,0,0,0,0,0,0
340311,2,1,0,0,0,0,0,0,0,0,0,0
340312,1,1,10,10,10,10,10,10,10,10,10,10
340313,1,1,0,0,0,0,0,0,0,0,0,0
340314,0,1,0,0,0,0,0,0,0,0,0,0
340314,1,1,1,1,1,1,1,1,1,1,1,1
340315,1,1,0,0,0,0,0,0,0,0,0,0
340316,0,1,0,0,0,0,0,0,0,0,0,0
340316,1,1,0,0,0,0,0,0,0,0,0,0
340317,1,1,0,0,0,0,0,0,0,0,0,0
340317,2,1,0,0,0,0,0,0,0,0,0,0
340318,0,1,0,0,0,0,0,0,0,0,0,0
340318,1,1,0,0,0,0,0,0,21,0,0,0
340319,1,1,0,0,0,0,0,0,0,0,0,0
340319,2,1,0,0,0,0,0,0,0,0,0,0
340320,1,1,0,0,0,0,0,0,0,0,0,0
340320,2,1,0,0,0,0,0,0,0,0,0,0
340320,3,1,0,0,0,0,0,0,0,0,12,0
340321,1,1,0,0,0,0,0,0,0,0,0,0
340321,2,1,0,0,0,0,0,0,0,0,0,0
340322,1,1,0,0,0,0,0,0,0,0,0,0
340322,2,1,0,0,0,0,0,0,0,0,0,0
340323,1,1,0,35,0,0,0,0,0,9,27,17
340324,0,1,12,12,12,12,12,12,12,12,12,12
340324,1,1,0,0,0,0,0,0,0,0,0,0
340325,1,1,0,0,0,0,0,0,0,0,0,0
340325,2,1,0,0,0,0,0,0,0,0,0,0
340326,1,1,0,0,0,0,0,0,0,0,0,0
340327,1,1,0,0,0,0,0,0,0,0,0,0
340327,2,1,0,0,0,0,0,0,0,0,0,0
340328,0,1,0,0,0,0,0,0,0,0,0,0
340328,1,1,0,0,0,0,0,0,0,0,0,0
340329,1,1,0,0,0,0,0,0,0,0,0,0
340329,2,1,0,0,0,0,0,0,9,0,0,0
340330,1,1,0,0,0,0,0,0,0,0,0,0
340330,2,1,0,0,0,0,0,0,26,0,0,0
340331,1,1,22,22,22,22,22,22,22,22,22,22
340331,2,1,0,21,6,0,0,0,0,0,0,0
340331,3,1,0,0,0,0,5,0,0,0,0,6
340332,1,1,0,0,0,0,0,0,0,0,0,0
340333,0,1,0,0,0,0,0,0,0,0,0,0
340333,1,1,0,0,0,0,0,0,0,0,0,0
340334,0,1,0,0,0,0,0,0,0,0,0,0
340334,1,1,0,0,0,0,0,0,0,0,0,0
340335,1,1,0,20,0,0,0,0,0,0,0,0
340336,0,1,24,24,24,24,24,24,24,24,24,24
340336,1,1,0,0,0,0,4,2,7,0,0,0
340337,0,1,0,0,0,0,0,0,0,0,0,0
340337,1,1,0,8,0,0,12,5,18,11,5,0
340337,2,1,0,0,0,0,0,0,0,0,0,0
340338,1,1,0,0,0,0,0,0,0,0,0,0
340338,2,1,0,0,0,0,4,0,0,0,0,0
340339,1,1,0,0,0,0,0,0,0,0,0,0
340339,2,1,14,0,0,0,16,0,0,6,0,0
340340,1,1,0,0,0,0,0,0,0,0,0,0
340340,2,1,0,0,0,0,0,0,0,0,14,0
340341,1,1,0,0,0,0,0,0,0,0,0,0
340341,2,1,0,0,0,0,0,0,0,0,0,0
340342,1,1,24,24,24,24,24,24,24,24,24,24
340343,0,1,0,0,0,0,0,0,31,0,0,18
340343,1,1,0,0,0,0,0,0,0,0,0,0
340344,1,1,16,16,16,16,16,16,16,16,16,16
340345,1,1,0,24,0,0,0,0,0,0,0,0
340345,2,1,11,11,11,11,11,11,11,11,11,11
340346,0,1,0,0,0,0,0,0,0,0,0,0
340346,1,1,0,0,0,0,0,0,0,0,0,0
340347,0,1,5,5,5,5,5,5,5,5,5,5
340347,1,1,0,0,0,0,0,0,0,0,0,0
340348,1,1,0,0,0,0,0,0,0,0,0,0
340348,2,1,0,0,0,0,0,0,0,0,0,0
340349,1,1,0,0,0,0,0,0,0,0,0,0
340349,2,1,0,0,0,0,0,0,0,0,0,0
340350,1,1,0,0,0,0,0,0,0,0,0,0
340350,2,1,0,0,0,0,0,0,0,0,0,0
340351,0,1,0,0,0,0,0,0,0,0,0,0
340351,1,1,15,0,0,0,0,0,0,0,16,2
340352,0,1,32,32,32,32,32,32,32,32,32,32
340352,1,1,0,0,0,0,0,0,0,0,0,0
340353,1,1,0,0,0,0,0,0,0,0,0,0
340353,2,1,0,0,0,0,0,0,0,0,0,0
340354,1,1,0,0,0,0,0,0,0,0,0,0
340354,2,1,0,0,0,0,0,0,0,0,0,0
340355,1,1,0,0,0,0,0,0,0,0,0,0
340355,2,1,0,0,0,0,0,0,0,0,0,0
340356,1,1,0,0,0,0,0,0,0,0,0,0
340356,2,1,0,0,0,0,0,0,0,0,0,0
340357,0,1,0,0,0,0,0,0,0,0,0,0
340357,1,1,0,0,0,0,0,0,0,0,0,0
340358,1,1,0,0,0,0,0,0,0,0,0,0
340359,0,1,0,0,24,7,0,0,0,5,0,0
340359,1,1,0,0,0,0,0,0,4,0,0,0
340360,0,1,33,0,27,10,0,0,26,0,0,0
340360,0,2,16,0,0,17,0,13,30,8,27,0
340360,1,1,0,0,0,0,0,0,0,0,0,0
340361,0,1,0,22,15,0,7,16,6,27,23,0
340361,1,1,24,24,24,24,24,24,24,24,24,24
340361,2,1,0,0,0,0,0,0,0,0,0,0
340362,1,1,11,24,36,34,28,25,0,0,11,34
340363,1,1,15,15,15,15,15,15,15,15,15,15
340364,1,1,0,0,0,0,0,0,0,0,0,0
340364,2,1,0,0,0,0,0,0,0,0,0,0
340364,3,1,0,0,0,0,0,0,0,18,0,0
340364,4,1,0,0,0,0,0,0,0,0,0,0
340365,0,1,5,5,5,5,5,5,5,5,5,5
340365,1,1,13,0,0,0,0,4,11,0,0,0
340365,2,1,0,0,0,0,0,0,0,0,0,0
340366,1,1,0,0,0,0,0,0,0,0,0,0
340367,1,1,19,19,19,19,19,19,19,19,19,19
340367,2,1,0,0,20,0,0,0,11,0,0,0
340367,3,1,0,0,0,0,0,0,0,0,0,0
340368,1,1,0,0,0,0,0,0,0,0,0,0
340369,0,1,0,0,0,0,0,0,0,0,0,0
340369,1,1,0,0,0,0,0,0,0,0,0,0
340370,1,1,17,17,17,17,17,17,17,17,17,17
340371,1,1,0,5,0,0,0,0,0,0,0,0
340371,2,1,0,0,0,0,0,0,0,0,0,0
340371,3,1,0,0,0,0,0,0,0,0,0,0
340372,1,1,0,0,0,0,0,0,0,0,0,0
340372,2,1,0,0,0,0,0,0,0,0,0,0
340373,1,1,0,0,0,0,0,0,0,0,0,0
340373,2,1,0,0,0,0,0,0,0,0,0,0
340374,0,1,0,0,0,0,0,0,0,0,0,0
340374,1,1,1,1,1,1,1,1,1,1,1,1
340375,1,1,12,12,12,12,12,12,12,12,12,12
340376,1,1,0,0,0,0,0,0,0,0,0,0
340376,2,1,0,0,0,0,0,0,0,0,0,0
340377,0,1,12,12,12,12,12,12,12,12,12,12
340377,1,1,11,0,0,0,0,0,13,16,7,0
340378,0,1,21,21,21,21,21,21,21,21,21,21
340378,1,1,0,0,0,0,0,0,0,0,0,0
340379,1,1,8,8,8,8,8,8,8,8,8,8
340380,1,1,9,9,9,9,9,9,9,9,9,9
340380,2,1,0,0,0,0,0,0,0,0,0,0
340381,1,1,27,27,27,27,27,27,27,27,27,27
340382,1,1,0,0,0,0,0,0,0,0,0,0
340383,0,1,0,0,0,0,0,0,0,0,0,0
340383,1,1,0,0,0,0,0,0,0,0,0,0
340384,1,1,0,0,0,0,0,0,0,0,0,0
340384,2,1,0,0,0,0,0,0,0,0,0,0
340385,1,1,0,0,0,0,0,0,0,0,0,0
340386,0,1,0,0,0,0,0,0,0,0,0,0
340386,1,1,0,0,0,13,0,16,0,0,0,0
340387,1,1,14,14,14,14,14,14,14,14,14,14
340388,1,1,13,13,13,13,13,13,13,13,13,13
340389,0,1,0,0,0,0,0,0,0,0,0,0
340389,1,1,0,0,0,0,0,0,0,24,0,0
340390,1,1,0,20,0,2,6,8,0,0,0,0
340391,1,1,0,0,0,0,0,0,0,0,8,0
340391,2,1,6,0,0,0,0,0,0,0,0,0
340392,1,1,9,9,9,9,9,9,9,9,9,9
340392,2,1,0,0,0,0,0,0,0,0,0,0
340393,1,1,0,0,0,15,0,0,0,0,0,3
340393,2,1,0,0,0,0,0,0,0,0,0,0
340394,0,1,0,0,0,0,0,0,0,0,0,0
340394,2,1,0,0,0,0,0,0,0,0,0,0
340395,0,1,0,0,0,0,0,0,0,0,0,0
340395,1,1,0,6,0,0,0,0,0,0,0,0
340396,1,1,0,0,0,0,0,0,0,0,0,0
340398,0,1,0,0,0,0,0,0,0,0,0,0
340398,1,1,0,0,0,0,0,0,0,0,0,0
340399,0,1,0,0,0,0,0,0,0,0,0,0
340399,1,1,0,0,0,0,0,0,0,0,0,0
340400,1,1,11,11,11,11,11,11,11,11,11,11
340401,1,1,0,0,0,0,0,0,0,0,0,0
340401,2,1,0,0,0,0,0,0,0,0,0,0
340402,0,1,7,0,16,13,0,10,0,22,8,0
340402,0,2,0,0,0,0,0,0,0,0,0,0
340402,1,1,0,0,0,0,0,0,0,0,0,0
340403,1,1,0,0,0,0,0,0,0,0,0,0
340403,2,1,0,0,0,0,0,0,0,0,0,0
340405,1,1,0,0,0,0,0,0,0,0,0,0
340405,2,1,0,0,0,0,0,0,0,0,0,0
340406,1,1,9,9,9,9,9,9,9,9,9,9
340407,0,1,0,0,0,0,0,0,0,0,0,0
340407,0,2,0,22,0,0,0,19,0,12,0,0
340407,1,1,0,0,0,0,0,0,0,0,0,0
340408,1,1,0,0,0,0,0,0,0,0,0,0
340409,1,1,0,0,0,0,0,0,0,0,0,0
340409,2,1,0,0,0,0,0,0,0,0,0,0
340410,1,1,0,0,0,0,0,0,0,0,0,0
340411,1,1,0,0,0,0,0,0,0,0,0,0
340411,2,1,0,0,0,0,0,0,0,0,0,0
340412,1,1,0,0,0,0,0,0,0,0,0,0
340413,1,1,1,1,1,1,1,1,1,1,1,1
340413,2,1,0,0,0,0,0,0,0,0,0,13
340413,3,1,0,0,0,0,0,0,0,22,0,0
340414,1,1,34,0,0,0,0,0,0,0,0,0
340414,2,1,0,0,0,0,0,0,0,0,0,0
340415,1,1,0,0,0,0,0,0,0,0,0,0
340416,1,1,0,0,0,0,0,0,0,0,0,0
340417,1,1,0,0,0,0,0,0,0,0,0,0
340417,2,1,0,0,0,0,0,12,0,0,18,0
340417,3,1,0,0,0,0,0,0,0,0,0,0
340417,4,1,0,0,0,0,0,0,0,0,0,0
340418,0,1,0,0,0,0,0,0,0,0,0,0
340418,1,1,0,0,34,0,0,0,0,0,0,0
340419,0,1,0,0,0,0,0,0,0,0,0,0
340419,1,1,0,0,0,0,0,0,0,0,0,0
340420,1,1,0,0,0,0,0,0,0,0,0,0
340420,2,1,0,0,0,0,0,0,0,0,0,0
340421,1,1,0,0,0,0,0,0,0,0,0,0
340422,1,1,12,12,12,12,12,12,12,12,12,12
340422,2,1,0,0,0,0,0,0,0,0,0,0
340423,1,1,16,16,16,16,16,16,16,16,16,16
340424,0,1,0,0,0,0,0,0,0,0,0,0
340424,1,1,0,0,0,0,0,0,0,0,0,0
340425,1,1,0,0,0,0,0,0,0,0,0,23
340425,2,1,0,0,0,0,0,0,0,0,0,0
340426,0,1,0,0,0,0,0,0,0,0,0,0
340426,1,1,0,0,0,0,0,0,0,0,0,0
340427,1,1,0,0,0,0,0,0,0,0,0,0
340427,2,1,0,0,0,0,0,0,0,0,0,0
340428,1,1,0,0,0,0,0,20,0,0,0,0
340428,2,1,0,0,0,0,0,0,0,0,0,0
340428,3,1,11,11,11,11,11,11,11,11,11,11
340429,1,1,10,10,10,10,10,10,10,10,10,10
340429,2,1,0,0,0,0,0,0,0,0,0,0
340430,1,1,0,0,0,0,0,0,0,16,17,0
340430,2,1,11,5,5,15,0,12,10,0,5,11
340431,0,1,0,0,0,0,0,0,0,0,0,0
340431,1,1,0,0,0,0,0,0,0,0,0,0
340432,0,1,21,21,21,21,21,21,21,21,21,21
340432,1,1,0,0,0,0,0,0,0,0,0,0
340433,1,1,0,0,0,0,0,0,0,0,0,0
340434,0,1,7,7,7,7,7,7,7,7,7,7
340434,1,1,0,0,0,0,0,0,0,0,0,0
340435,0,1,11,11,11,11,11,11,11,11,11,11
340435,1,1,0,0,0,0,0,0,0,0,0,0
340436,1,1,0,0,0,0,0,0,0,0,0,0
340436,2,1,0,0,0,0,0,0,0,0,0,0
340436,3,1,0,0,0,0,0,0,0,8,0,0
340437,1,1,0,0,0,0,0,0,0,0,0,0
340437,2,1,0,0,0,0,0,0,0,0,0,0
340438,1,1,0,0,0,0,0,0,0,0,0,0
340438,2,1,0,0,0,0,0,0,0,0,0,0
340439,0,1,0,0,0,0,0,0,0,0,0,0
340439,1,1,0,0,0,0,0,0,0,0,4,0
340440,0,1,0,0,0,0,0,0,0,0,0,0
340440,0,2,0,0,0,0,0,0,0,0,0,0
340440,0,3,0,0,0,0,0,0,0,0,0,0
340440,0,4,0,0,0,0,0,0,0,0,0,0
340440,1,1,0,0,0,0,0,0,0,0,0,0
340441,1,1,0,0,0,11,0,0,0,0,0,0
340441,2,1,0,0,0,0,0,0,0,0,0,0
340442,1,1,8,8,8,8,8,8,8,8,8,8
340442,2,1,16,16,16,16,16,16,16,16,16,16
340443,1,1,0,0,0,0,0,0,0,0,0,0
340444,0,1,0,0,0,0,0,0,0,0,0,0
340444,1,1,0,0,0,0,0,0,0,0,0,0
340445,1,1,0,0,0,0,0,0,0,0,0,0
340446,0,1,24,24,24,24,24,24,24,24,24,24
340446,1,1,0,5,0,0,0,0,0,2,4,0
340447,0,1,18,18,18,18,18,18,18,18,18,18
340447,0,2,28,0,0,0,0,23,26,0,19,0
340447,0,3,13,7,0,9,5,19,0,20,0,0
340447,1,1,0,0,0,0,0,0,0,0,0,0
340448,0,1,0,0,0,0,0,0,0,0,0,0
340448,1,1,0,0,0,0,0,0,0,0,0,0
340449,1,1,0,0,0,0,0,0,0,0,0,0
340450,1,1,0,0,0,0,0,0,0,0,0,0
340450,2,1,14,14,14,14,14,14,14,14,14,14
340451,1,1,0,0,0,0,0,0,0,0,0,0
340452,1,1,0,0,0,0,19,0,0,0,0,0
340452,2,1,0,0,0,0,0,0,37,0,0,0
340453,1,1,0,0,0,0,0,0,0,0,0,0
340454,1,1,17,10,16,23,15,19,13,18,22,3
340455,1,1,0,0,0,0,0,0,0,0,0,0
340456,1,1,0,0,0,0,0,0,0,0,0,0
340456,2,1,0,0,0,0,0,0,0,0,0,0
340457,0,1,0,0,0,0,0,0,0,0,0,0
340457,1,1,0,0,0,0,0,0,0,0,0,0
340458,1,1,0,0,0,0,0,0,13,0,0,0
340458,2,1,0,0,0,0,0,0,0,0,0,0
340459,1,1,0,0,0,0,0,0,0,0,0,0
340459,2,1,1,1,1,1,1,1,1,1,1,1
340461,0,1,0,0,11,17,26,0,0,0,0,0
340461,1,1,0,0,0,0,0,0,0,0,0,0
340462,0,1,0,0,0,0,0,0,0,0,0,0
340462,1,1,0,0,0,0,0,0,0,0,0,0
340462,2,1,13,0,0,0,0,0,0,0,0,0
340463,0,1,26,26,26,26,26,26,26,26,26,26
340463,1,1,0,0,0,0,0,0,0,0,0,0
340464,0,1,0,0,0,0,0,0,0,0,0,0
340464,1,1,0,4,0,0,0,0,0,0,0,0
340465,1,1,0,0,0,0,0,9,0,0,19,0
340466,0,1,0,0,0,0,0,0,0,0,0,0
340466,1,1,0,0,0,0,0,0,0,0,0,0
340467,0,1,0,0,0,0,0,0,0,0,0,20
340467,1,1,0,0,0,0,0,0,0,0,0,0
340468,0,1,28,28,28,28,28,28,28,28,28,28
340468,1,1,0,0,0,0,0,0,0,0,0,0
340469,0,1,8,8,8,8,8,8,8,8,8,8
340469,1,1,25,25,25,25,25,25,25,25,25,25
340470,1,1,0,0,0,0,0,0,0,0,0,0
340471,0,1,0,0,0,0,0,0,0,0,0,0
340471,0,2,21,21,21,21,21,21,21,21,21,21
340471,1,1,0,0,0,0,16,0,0,6,0,0
340472,1,1,0,0,0,0,0,0,0,0,0,0
340472,2,1,0,0,0,0,0,0,0,0,0,0
340473,0,1,0,0,0,0,0,0,0,0,0,0
340473,1,1,0,0,0,0,0,0,0,0,0,0
340474,0,1,0,0,0,0,0,0,0,0,0,0
340474,1,1,0,0,0,0,0,0,0,0,0,0
340475,1,1,0,0,0,0,0,0,0,0,0,0
340475,2,1,22,22,22,22,22,22,22,22,22,22
340476,0,1,0,0,0,0,0,20,0,0,8,0
340476,0,2,0,0,0,0,8,0,0,0,0,0
340476,1,1,0,0,0,13,0,8,0,0,0,23
340477,1,1,0,0,0,0,0,0,0,0,0,0
340478,0,1,19,19,19,19,19,19,19,19,19,19
340478,1,1,0,0,0,0,0,0,0,0,0,0
340479,1,1,18,18,18,18,18,18,18,18,18,18
340479,2,1,10,10,10,10,10,10,10,10,10,10
340480,1,1,15,15,15,15,15,15,15,15,15,15
340481,0,1,0,0,0,0,0,0,0,0,0,0
340481,1,1,18,18,18,18,18,18,18,18,18,18
340482,0,1,0,0,0,0,0,0,0,0,0,0
340482,0,2,0,0,0,0,0,0,0,0,0,0
340482,0,3,0,0,0,0,0,0,0,0,46,0
340482,1,1,0,0,0,0,0,0,0,0,0,0
340483,0,1,2,2,2,2,2,2,2,2,2,2
340483,1,1,0,0,0,0,0,0,18,0,0,0
340484,0,1,0,0,0,0,0,0,0,0,0,0
340484,1,1,0,0,0,0,0,0,0,0,0,0
340485,1,1,19,19,19,19,19,19,19,19,19,19
340485,2,1,0,0,0,0,0,0,0,0,0,0
340486,1,1,0,0,0,0,0,0,0,0,0,0
340486,2,1,0,0,0,0,0,0,0,21,0,0
340487,1,1,0,0,0,0,0,0,0,0,0,0
340487,2,1,0,0,12,0,0,0,0,0,0,0
340488,0,1,0,0,0,0,0,0,0,0,0,0
340488,1,1,0,0,8,0,0,0,0,0,0,0
340489,0,1,19,19,19,19,19,19,19,19,19,19
340489,1,1,0,0,0,12,0,0,0,0,0,0
340490,1,1,0,0,0,0,0,0,0,0,0,0
340490,2,1,0,11,0,0,0,0,0,15,26,0
340492,0,1,0,0,0,0,0,0,0,0,0,0
340492,1,1,0,0,0,0,0,0,0,6,0,0
340493,1,1,6,6,6,6,6,6,6,6,6,6
340493,2,1,0,0,0,13,12,0,0,0,0,0
340494,1,1,8,0,19,13,15,19,31,13,12,12
340495,0,1,10,10,10,10,10,10,10,10,10,10
340495,1,1,0,0,0,0,0,0,0,0,0,27
340496,1,1,0,0,18,0,0,0,0,0,0,0
340497,0,1,29,29,29,29,29,29,29,29,29,29
340497,1,1,0,0,0,0,0,0,0,0,0,0
340498,0,1,0,0,0,0,0,0,0,0,0,0
340498,1,1,0,0,0,0,0,0,0,0,0,0
340499,1,1,0,0,0,0,0,0,0,0,0,0
340499,2,1,0,0,0,0,0,0,0,0,0,0
340500,1,1,44,44,44,44,44,44,44,44,44,44
340501,1,1,0,0,0,0,0,0,0,0,0,0
340501,2,1,0,0,0,0,0,0,0,0,0,0
340502,1,1,0,0,0,8,0,0,0,0,0,20
340502,2,1,0,0,0,0,0,0,0,0,0,0
340503,1,1,0,0,0,0,0,0,0,0,0,0
340504,0,1,0,0,0,0,0,0,0,0,0,0
340504,1,1,0,0,0,11,0,0,0,0,0,0
340505,0,1,0,0,0,0,0,0,0,0,0,0
340505,1,1,0,0,0,0,10,0,0,0,0,0
340505,2,1,0,0,0,0,0,0,0,0,0,0
340506,0,1,18,18,18,18,18,18,18,18,18,18
340506,1,1,0,6,0,0,0,12,0,0,17,0
340506,2,1,0,0,0,0,0,0,0,0,0,0
340507,1,1,0,0,0,0,0,0,0,0,0,0
340508,0,1,57,26,0,0,17,11,14,0,33,20
340508,1,1,0,0,0,0,0,0,17,0,0,0
340509,1,1,0,0,0,0,0,0,0,0,0,0
340510,0,1,0,0,0,0,0,0,0,0,0,0
340510,0,2,0,0,0,0,14,0,0,0,0,0
340510,1,1,0,0,0,0,0,0,0,0,0,0
340511,0,1,0,0,0,0,0,0,0,7,0,0
340511,1,1,0,0,3,0,0,0,0,0,16,0
340512,1,1,0,0,0,0,0,0,0,0,0,0
340512,2,1,18,18,18,18,18,18,18,18,18,18
340513,0,1,25,25,25,25,25,25,25,25,25,25
340513,1,1,0,0,0,0,0,0,0,0,13,0
340514,1,1,0,0,0,0,0,0,0,0,0,0
340514,2,1,0,0,0,0,0,0,0,0,0,0
340515,1,1,14,14,14,14,14,14,14,14,14,14
340516,1,1,24,24,24,24,24,24,24,24,24,24
340517,0,1,23,23,23,23,23,23,23,23,23,23
340517,1,1,0,0,0,0,0,0,0,0,0,17
340518,0,1,0,0,0,0,0,14,0,0,0,0
340518,1,1,0,0,0,0,0,0,0,0,0,0
340519,0,1,0,0,0,0,0,0,0,0,0,0
340519,1,1,0,0,0,0,0,0,0,0,0,0
340520,0,1,0,0,0,0,0,0,0,0,0,0
340520,1,1,0,0,0,0,0,0,0,0,0,0
340521,0,1,0,0,0,0,0,0,0,0,0,0
340521,1,1,0,0,0,0,0,0,0,0,0,0
340522,1,1,0,0,0,0,0,0,0,0,0,0
340522,2,1,0,0,0,0,0,0,33,0,0,0
340523,1,1,0,0,0,0,0,0,0,0,0,0
340524,1,1,0,0,0,0,0,0,0,0,0,0
340525,1,1,1,1,1,1,1,1,1,1,1,1
340526,1,1,0,0,0,0,0,0,0,9,0,18
340527,1,1,0,0,0,22,0,0,0,0,0,0
340527,2,1,0,0,0,0,0,0,0,0,16,0
340527,3,1,0,0,0,0,0,0,12,0,0,0
340528,1,1,0,0,0,0,0,0,0,0,0,0
340528,2,1,0,0,0,0,0,0,0,0,0,0
340529,0,1,0,0,0,0,0,0,25,0,0,0
340529,1,1,0,0,0,0,0,0,0,0,0,0
340530,0,1,14,14,14,14,14,14,14,14,14,14
340530,1,1,0,0,0,0,0,0,0,0,0,0
340531,0,1,0,0,0,0,0,0,0,0,0,0
340531,1,1,0,0,0,0,0,0,0,0,0,0
340532,1,1,20,20,20,20,20,20,20,20,20,20
350001,1,1,17,17,17,17,17,17,17,17,17,17
350002,1,1,16,16,16,16,16,16,16,16,16,16
350003,1,1,30,30,30,30,30,30,30,30,30,30
350004,1,1,0,0,0,0,0,0,0,0,0,0
350005,0,1,21,21,21,21,21,21,21,21,21,21
350005,1,1,0,0,0,0,0,0,0,0,0,0
350006,0,1,28,28,28,28,28,28,28,28,28,28
350006,1,1,13,13,13,13,13,13,13,13,13,13
350007,1,1,21,21,21,21,21,21,21,21,21,21
350007,2,1,0,0,0,0,0,0,0,0,0,0
350008,0,1,32,32,32,32,32,32,32,32,32,32
350008,1,1,0,0,0,0,0,0,0,0,0,0
350009,1,1,21,21,21,21,21,21,21,21,21,21
350010,1,1,0,0,0,0,0,0,0,0,0,0
350010,2,1,0,0,0,0,0,7,0,0,0,0
350011,1,1,16,16,16,16,16,16,16,16,16,16
350012,1,1,11,11,11,11,11,11,11,11,11,11
350013,0,1,0,0,0,0,0,0,0,17,0,0
350013,1,1,0,0,0,0,0,0,0,0,0,0
350014,1,1,0,10,25,0,20,0,0,0,0,0
350014,2,1,0,0,0,0,0,0,0,0,0,0
350015,1,1,16,16,16,16,16,16,16,16,16,16
350015,2,1,0,0,0,0,0,0,0,0,0,0
350016,1,1,0,0,0,23,0,0,0,0,0,0
350016,2,1,18,18,18,18,18,18,18,18,18,18
350017,1,1,1,1,1,1,1,1,1,1,1,1
350017,2,1,0,0,0,0,0,0,0,0,0,0
350019,0,1,27,0,0,5,0,41,23,0,0,33
350019,1,1,0,0,0,0,23,0,0,0,0,0
350020,1,1,0,0,0,0,0,0,0,0,0,0
350021,1,1,0,0,0,0,28,0,0,0,0,0
350022,0,1,20,20,20,20,20,20,20,20,20,20
350022,1,1,0,0,0,0,0,0,0,0,0,0
350023,0,1,28,28,28,28,28,28,28,28,28,28
350023,1,1,16,0,0,0,0,0,0,7,0,0
350024,1,1,0,0,0,0,0,0,0,0,0,0
350025,1,1,0,0,0,0,0,0,0,0,0,20
350026,1,1,0,0,0,0,0,0,0,0,0,0
350026,2,1,0,0,0,0,0,0,0,0,0,0
350027,1,1,0,0,0,0,0,0,0,0,0,0
350028,1,1,0,0,0,0,13,0,17,0,0,14
350029,1,1,15,15,15,15,15,15,15,15,15,15
350030,1,1,0,0,0,0,0,0,0,0,16,0
350031,1,1,0,0,0,0,0,0,0,0,0,0
350031,2,1,0,0,0,0,0,0,0,0,0,0
350031,3,1,0,0,0,0,0,0,0,0,0,0
350031,4,1,25,0,0,0,0,0,0,0,0,0
350031,5,1,0,0,0,0,0,0,0,0,0,0
350031,6,1,0,0,0,17,0,0,0,0,0,0
350031,7,1,0,0,15,0,0,13,0,0,22,0
350032,1,1,0,0,0,0,0,0,0,0,16,0
350033,1,1,22,22,22,22,22,22,22,22,22,22
350034,1,1,0,0,0,0,0,0,0,0,0,0
350035,1,1,0,0,0,0,0,10,11,0,13,0
350036,1,1,0,0,0,0,0,0,0,0,0,0
350037,0,1,38,38,38,38,38,38,38,38,38,38
350037,1,1,0,0,0,0,0,0,0,0,0,0
350038,1,1,0,15,0,0,0,0,0,0,0,0
350039,1,1,0,0,0,0,0,0,0,0,0,0
350040,1,1,0,0,21,0,0,0,0,0,0,0
350041,1,1,22,22,22,22,22,22,22,22,22,22
350042,1,1,0,0,0,0,0,0,0,0,0,0
350043,1,1,22,22,22,22,22,22,22,22,22,22
350043,2,1,0,0,0,0,0,0,0,0,0,0
350044,1,1,0,0,0,0,0,0,0,0,0,0
350044,2,1,14,14,14,14,14,14,14,14,14,14
350046,1,1,0,0,0,0,0,0,0,0,0,0
350046,2,1,0,0,0,0,0,0,0,0,0,0
350047,0,1,16,0,0,0,0,0,0,0,0,0
350047,1,1,15,9,9,22,14,15,0,17,0,27
350048,1,1,0,0,0,0,0,0,0,0,0,0
350048,2,1,0,0,0,0,0,0,0,0,0,0
350049,0,1,25,25,25,25,25,25,25,25,25,25
350049,1,1,0,0,0,0,0,0,0,0,0,0
350050,0,1,21,21,21,21,21,21,21,21,21,21
350050,1,1,0,0,0,0,0,0,0,0,3,0
350051,1,1,19,0,0,6,26,0,0,5,0,25
350051,2,1,0,0,0,0,0,0,0,0,0,0
350052,1,1,17,17,17,17,17,17,17,17,17,17
350052,2,1,23,23,23,23,23,23,23,23,23,23
350053,1,1,0,0,0,0,0,0,0,0,0,0
350054,1,1,0,0,0,0,0,0,0,0,0,0
350055,0,1,0,0,0,0,0,0,0,0,0,0
350055,1,1,0,16,21,0,0,0,16,0,0,25
350056,1,1,21,21,21,21,21,21,21,21,21,21
350056,2,1,0,0,0,0,0,0,0,0,0,0
350057,1,1,0,0,0,0,0,0,0,0,0,0