ST_CASE,VEH_NO,PER_NO,P1,P2,P3,P4,P5,P6,P7,P8,P9,P10
360087,2,1,2,0,9,0,10,0,15,0,15,0
360087,3,1,21,21,21,21,21,21,21,21,21,21
360088,1,3,12,0,3,0,0,0,7,0,0,5
360089,1,1,17,13,18,6,17,16,9,9,6,23
360089,2,1,0,0,0,0,0,0,0,0,0,0
360089,3,1,0,0,0,0,0,10,0,0,0,0
360090,1,1,0,0,0,0,0,0,0,0,0,0
360091,0,1,0,0,0,0,0,0,0,0,0,0
360091,1,1,0,0,0,0,0,0,0,0,0,0
360092,1,1,8,0,0,21,7,12,0,0,0,0
360093,1,1,0,0,0,0,0,0,0,0,0,0
360093,2,1,0,0,17,0,0,0,0,0,0,0
360093,3,1,0,8,0,0,0,0,0,0,0,0
360093,4,1,0,0,0,0,0,0,0,0,0,0
360094,0,1,0,0,0,0,0,0,0,0,0,0
360094,0,2,0,0,0,0,0,0,0,0,0,0
360094,1,1,0,0,0,0,0,0,0,0,0,25
360094,4,1,0,0,0,0,0,0,0,0,0,0
360094,5,1,7,0,9,0,0,0,17,6,0,0
360095,0,1,0,0,0,0,0,0,0,0,0,0
360095,1,1,0,0,0,0,0,0,0,21,12,0
360096,0,1,0,0,0,0,0,0,0,0,0,0
360096,0,2,0,26,21,0,0,0,0,0,0,0
360096,1,1,0,0,0,0,0,0,0,0,0,12
360097,1,1,0,0,0,0,0,0,0,0,0,0
360098,1,1,0,0,0,0,0,0,0,0,0,0
360098,2,1,0,0,0,0,0,0,0,0,0,0
360099,0,1,32,32,32,32,32,32,32,32,32,32
360099,1,1,10,0,0,0,0,0,0,0,8,14
360100,1,1,0,0,14,3,8,36,15,0,8,10
360101,1,1,0,0,0,0,0,0,0,0,0,0
360102,1,1,0,0,14,0,0,9,15,15,16,0
360102,2,1,0,0,0,0,0,0,0,0,0,0
360103,0,1,0,0,0,0,0,0,0,0,0,0
360103,1,1,0,0,0,0,0,0,0,0,0,0
360104,0,1,0,0,0,0,0,0,0,0,0,0
360104,1,1,0,0,0,0,0,0,0,0,0,0
360105,1,1,0,0,0,0,0,0,0,0,0,0
360106,1,1,0,24,27,0,0,23,29,0,0,5
360107,1,1,0,0,0,0,0,0,0,9,0,0
360107,2,1,0,0,0,0,0,0,0,0,7,0
360108,1,1,0,0,0,0,0,0,0,0,0,0
360109,2,1,0,0,0,0,0,0,0,0,0,0
360110,0,1,0,0,0,0,0,0,0,0,0,0
360110,1,1,0,0,0,0,0,0,0,6,0,0
360111,0,1,0,0,0,0,0,0,0,0,0,0
360111,1,1,4,0,0,0,0,0,0,0,0,22
360112,1,1,0,0,0,0,0,0,0,0,0,0
360112,2,1,0,0,0,0,18,0,0,0,0,0
360113,1,1,0,0,0,0,0,0,0,0,0,0
360114,0,1,0,0,0,0,0,0,0,0,0,0
360114,1,1,0,0,0,0,0,0,11,0,0,0
360115,0,1,0,0,0,0,0,0,0,0,0,0
360115,1,1,0,0,0,0,0,0,0,0,0,0
360116,1,1,6,6,6,6,6,6,6,6,6,6
360116,2,1,17,16,41,0,2,30,0,0,0,0
360117,1,1,19,19,19,19,19,19,19,19,19,19
360118,1,1,1,1,1,1,1,1,1,1,1,1
360119,1,1,0,36,0,0,0,0,0,13,26,0
360120,1,1,0,0,0,0,0,0,0,0,0,0
360121,1,1,15,15,15,15,15,15,15,15,15,15
360122,0,1,0,0,0,0,0,0,0,0,0,0
360122,1,1,0,0,0,0,0,0,0,0,13,0
360123,1,1,0,0,0,0,0,0,0,0,0,0
360123,2,1,0,0,0,0,0,0,0,0,0,0
360124,0,1,16,16,16,16,16,16,16,16,16,16
360124,1,1,17,8,0,8,0,0,0,0,0,0
360125,1,1,0,0,16,0,0,0,0,0,0,11
360125,2,1,0,0,0,0,0,0,0,0,0,0
360126,1,1,0,0,0,0,0,0,0,0,0,0
360126,2,1,0,0,0,0,0,0,0,0,0,0
360127,1,1,0,0,0,0,0,0,6,0,0,0
360127,2,1,0,18,0,7,0,2,0,0,0,23
360128,1,1,25,25,25,25,25,25,25,25,25,25
360129,0,1,0,0,0,0,0,0,0,0,0,0
360129,1,1,0,0,0,0,0,0,0,0,0,0
360130,1,1,0,0,0,0,0,0,0,0,0,0
360130,2,1,19,0,22,9,0,0,0,37,11,16
360131,1,1,16,16,16,16,16,16,16,16,16,16
360132,0,1,25,25,25,25,25,25,25,25,25,25
360132,1,1,0,19,0,36,0,0,0,0,11,0
360134,1,1,0,0,0,0,14,0,0,0,0,0
360134,2,1,0,0,0,0,0,0,0,0,0,0
360135,1,1,0,0,9,0,0,0,0,0,0,10
360135,2,1,0,0,0,0,0,0,0,0,0,0
360136,1,1,0,0,0,0,0,0,0,0,0,0
360137,1,1,6,6,6,6,6,6,6,6,6,6
360137,2,1,0,0,0,0,0,0,0,0,0,0
360138,0,1,0,34,0,0,0,0,0,41,0,0
360138,0,2,0,0,0,0,0,0,0,0,0,0
360138,0,3,0,0,0,0,0,0,25,0,21,0
360138,0,4,0,0,0,0,0,0,0,0,0,0
360138,0,5,0,9,0,0,0,0,13,8,0,0
360138,1,1,0,0,0,24,0,0,17,0,0,0
360139,0,1,22,22,22,22,22,22,22,22,22,22
360139,1,1,21,0,16,0,10,6,0,0,0,7
360140,0,1,4,4,4,4,4,4,4,4,4,4
360140,1,1,1,1,1,1,1,1,1,1,1,1
360141,1,1,0,0,0,0,0,0,0,0,0,0
360142,0,1,0,0,0,0,0,0,0,0,0,0
360142,1,1,8,4,0,0,14,19,11,0,0,0
360142,2,1,15,0,0,0,0,7,0,0,10,0
360143,1,1,0,0,0,0,0,0,0,0,0,0
360144,1,1,8,0,0,0,9,0,0,18,22,0
360145,0,1,0,0,0,0,0,0,0,0,0,0
360145,1,1,0,0,0,0,0,0,0,0,0,0
360146,0,1,0,0,0,0,0,0,0,0,0,0
360146,1,1,0,0,0,29,0,0,0,0,0,0
360147,0,1,0,0,0,0,0,0,0,0,0,0
360147,1,1,0,0,0,0,0,0,0,0,0,0
360147,2,1,0,0,0,0,0,0,0,0,0,0
360148,1,1,0,0,0,0,0,0,0,0,0,0
360149,1,1,0,0,0,0,0,0,0,0,0,0
360149,2,1,0,0,0,0,0,0,0,0,0,0
360150,1,1,0,0,0,0,0,0,0,0,0,0
360151,1,1,0,0,0,0,0,0,0,0,0,0
360151,2,1,0,0,0,0,0,0,0,0,0,0
360151,3,1,0,0,0,0,28,0,0,0,0,0
360152,1,1,14,14,14,14,14,14,14,14,14,14
360153,1,1,15,15,15,15,15,15,15,15,15,15
360154,0,1,19,19,19,19,19,19,19,19,19,19
360154,1,1,0,0,0,0,0,0,0,0,0,0
360155,0,1,0,0,0,0,0,0,0,0,0,0
360155,1,1,2,0,13,2,0,0,0,0,20,0
360156,1,1,0,0,0,0,0,0,0,0,0,0
360156,2,1,0,0,0,0,0,0,0,0,0,0
360157,1,1,0,0,0,0,0,28,0,0,0,0
360157,2,1,0,0,0,0,0,0,0,0,0,0
360157,3,1,0,0,0,0,0,0,0,0,17,0
360158,1,1,0,0,0,0,0,0,0,0,0,0
360158,2,1,0,0,0,0,0,0,0,0,0,0
360159,1,1,0,0,0,0,0,0,0,0,0,0
360159,2,1,0,0,0,0,0,0,0,0,0,0
360160,1,1,0,0,0,0,0,0,0,0,0,0
360160,2,1,0,0,0,0,21,44,0,0,15,15
360161,1,1,3,3,3,3,3,3,3,3,3,3
360162,0,1,15,15,15,15,15,15,15,15,15,15
360162,1,1,0,0,0,0,0,0,0,19,0,19
360163,0,1,0,0,0,0,0,0,0,0,0,0
360163,1,1,0,0,0,0,0,0,0,0,0,0
360164,1,1,0,0,0,0,0,0,0,0,0,0
360164,2,1,0,0,0,10,0,0,0,0,0,0
360165,0,1,24,24,24,24,24,24,24,24,24,24
360165,1,1,0,0,8,0,15,0,4,0,0,0
360166,0,1,0,0,0,0,0,0,0,0,0,0
360166,1,1,0,0,0,0,0,0,0,0,0,0
360167,1,1,18,18,18,18,18,18,18,18,18,18
360168,1,1,0,0,0,0,0,0,0,0,0,0
360169,1,1,10,10,10,10,10,10,10,10,10,10
360170,0,1,0,0,0,0,0,0,0,0,0,0
360170,1,1,0,0,0,0,0,0,0,0,0,0
360171,1,1,0,0,0,0,0,0,0,0,0,0
360171,2,1,0,0,0,0,0,0,0,0,0,0
360172,1,1,18,18,18,18,18,18,18,18,18,18
360173,1,1,0,0,0,0,0,0,0,0,0,0
360174,1,1,0,5,0,0,3,11,0,6,0,0
360175,1,1,0,0,0,0,0,0,0,0,0,0
360176,0,1,0,0,0,0,0,0,0,0,0,0
360176,0,2,0,0,0,0,0,0,0,0,0,0
360176,1,1,0,0,0,0,0,0,0,10,0,0
360177,0,1,0,0,0,0,0,0,0,0,0,0
360177,1,1,9,0,0,0,0,0,0,0,0,0
360178,0,1,0,0,0,0,0,0,0,0,0,0
360178,1,1,0,0,0,0,23,14,11,16,24,0
360179,1,1,13,13,13,13,13,13,13,13,13,13
360179,2,1,0,0,0,0,0,0,0,0,0,0
360180,1,1,12,12,12,12,12,12,12,12,12,12
360181,0,1,30,30,30,30,30,30,30,30,30,30
360181,1,1,5,0,0,0,0,0,0,19,0,0
360182,1,1,0,0,0,0,0,0,0,0,0,0
360182,2,1,0,0,0,17,0,5,0,0,8,0
360183,1,1,27,27,27,27,27,27,27,27,27,27
360184,1,1,21,21,21,21,21,21,21,21,21,21
360185,1,1,16,16,16,16,16,16,16,16,16,16
360186,0,1,29,29,29,29,29,29,29,29,29,29
360186,1,1,0,0,15,25,11,0,0,12,0,0
360187,1,1,0,0,0,0,0,0,0,0,0,10
360187,2,1,0,0,0,0,0,0,0,0,0,0
360187,3,1,0,0,0,0,0,0,0,0,2,0
360187,4,1,0,0,0,0,0,0,0,0,0,6
360188,1,1,14,0,0,0,0,0,0,0,0,0
360188,2,1,0,0,0,0,0,0,0,0,0,0
360189,1,1,0,0,0,0,0,0,0,0,0,0
360189,2,1,9,16,24,13,21,20,10,27,13,5
360190,1,1,0,0,0,22,0,25,0,0,0,0
360190,2,1,0,0,0,0,0,0,0,0,0,0
360191,1,1,3,3,3,3,3,3,3,3,3,3
360192,1,1,0,0,0,0,0,0,0,0,0,0
360192,2,1,0,0,0,0,0,0,0,0,0,0
360193,1,1,0,0,0,0,0,0,0,0,0,0
360194,1,1,0,0,0,0,0,0,0,0,0,0
360194,2,1,12,12,9,17,5,16,0,0,0,12
360195,1,1,0,0,0,0,0,0,0,0,0,0
360196,1,1,0,0,0,0,0,0,0,0,0,0
360197,0,1,19,19,19,19,19,19,19,19,19,19
360197,1,1,0,0,0,0,0,0,0,0,0,0
360198,1,1,31,19,0,13,6,16,6,25,7,12
360199,0,1,0,0,0,0,0,0,0,0,0,0
360199,0,2,27,0,0,0,0,0,22,4,11,0
360199,1,1,0,11,0,18,0,11,0,19,0,0
360200,1,1,0,0,0,0,0,0,0,0,0,0
360200,2,1,0,0,0,0,0,0,0,0,0,0
360201,0,1,0,0,0,0,0,0,0,0,0,0
360201,1,1,0,0,0,0,18,0,0,0,0,0
360202,1,1,0,0,0,0,0,0,0,0,0,0
360202,2,1,0,0,0,0,0,10,0,0,0,0
360203,0,1,39,0,0,0,0,0,0,0,0,20
360203,0,2,0,22,0,0,22,0,0,0,0,0
360203,1,1,0,9,0,0,0,0,7,2,0,0
360203,2,1,0,17,0,0,0,12,12,0,0,0
360204,1,1,20,11,0,0,0,0,0,33,0,0
360205,0,1,22,22,22,22,22,22,22,22,22,22
360205,1,1,0,0,0,0,5,0,27,0,0,0
360206,1,1,0,0,0,0,0,0,0,0,0,0
360207,1,1,16,14,34,31,30,0,6,24,0,23
360208,1,1,0,11,0,6,15,0,0,0,13,10
360208,2,1,0,0,0,0,0,0,0,0,0,0
360209,1,1,12,12,12,12,12,12,12,12,12,12
360210,1,1,0,0,0,0,0,0,0,0,0,0
360211,1,1,7,19,13,5,13,22,4,6,17,8
360211,2,1,0,0,0,0,0,0,0,0,0,0
360211,3,1,0,0,0,0,0,12,0,0,0,0
360211,4,1,0,6,0,0,0,0,0,0,2,0
360211,5,1,0,0,0,0,9,10,0,0,14,16
360211,6,1,0,0,0,23,0,0,16,14,39,11
360212,1,1,0,0,0,0,0,0,0,0,0,0
360213,0,1,0,0,0,0,0,0,0,0,0,0
360213,1,1,0,0,0,0,0,0,0,0,0,10
360214,1,1,11,11,11,11,11,11,11,11,11,11
360214,2,1,0,0,0,0,0,0,0,0,0,0
360215,1,1,25,25,25,25,25,25,25,25,25,25
360216,1,1,7,7,7,7,7,7,7,7,7,7
360217,1,1,9,15,21,16,0,15,19,0,0,23
360218,1,1,13,3,7,0,20,5,24,7,9,16
360218,2,1,33,20,5,32,6,18,2,17,11,25
360219,1,1,0,0,0,0,0,0,0,0,0,0
360220,1,1,0,0,0,0,0,0,0,0,0,0
360220,2,1,0,0,0,0,0,0,0,0,0,0
360221,1,1,0,0,0,0,0,0,0,0,0,5
360222,0,1,9,9,9,9,9,9,9,9,9,9
360222,0,2,9,0,28,0,0,17,24,23,25,0
360222,1,1,0,0,0,0,0,0,0,0,0,0
360223,1,1,18,16,19,13,0,21,15,26,7,20
360223,2,1,0,16,9,24,36,0,13,0,0,15
360224,1,1,0,16,0,0,30,0,0,0,10,0
360224,2,1,0,0,0,0,0,0,0,0,0,0
360225,0,1,2,2,2,2,2,2,2,2,2,2
360225,1,1,0,0,0,0,0,0,0,0,0,0
360226,1,1,0,0,0,0,17,7,0,7,0,17
360227,1,1,19,19,19,19,19,19,19,19,19,19
360228,1,1,0,0,0,0,0,0,0,0,0,0
360229,1,1,0,7,0,0,0,0,0,0,0,12
360229,2,1,0,0,13,0,0,15,27,10,0,0
360229,3,1,3,0,13,0,0,0,0,0,0,0
360230,1,1,0,0,0,4,0,0,0,0,0,0
360230,2,1,0,0,2,0,0,0,0,10,0,0
360231,0,1,0,0,0,0,0,0,0,0,0,0
360231,1,1,0,0,0,0,0,0,0,0,0,0
360232,1,1,0,0,0,0,0,0,0,0,0,0
360232,2,1,0,0,0,0,0,0,0,0,0,0
360233,0,1,0,0,0,0,0,0,0,0,0,0
360233,1,1,0,25,0,0,0,18,0,5,0,0
360234,0,1,2,2,2,2,2,2,2,2,2,2
360234,1,1,15,10,0,0,41,0,0,0,0,7
360235,1,1,22,22,22,22,22,22,22,22,22,22
360236,1,1,31,0,0,0,35,0,20,0,9,0
360237,1,1,0,0,0,0,0,0,0,0,0,0
360238,1,1,0,0,0,0,0,0,0,0,0,0
360239,0,1,0,0,0,0,29,0,0,0,0,0
360239,1,1,9,0,0,14,16,0,21,0,0,18
360240,1,1,0,0,0,0,0,0,0,0,0,0
360240,2,1,0,0,0,0,0,0,0,0,0,0
360241,1,1,0,0,0,0,0,0,0,0,0,0
360242,0,1,0,0,0,0,0,0,0,0,0,0
360242,1,1,0,17,0,18,0,0,0,0,0,17
360243,0,1,0,0,0,0,0,0,0,0,0,0
360243,1,1,0,5,0,13,0,0,16,4,0,0
360244,1,1,0,0,0,0,0,0,0,0,0,0
360245,1,1,0,0,0,0,0,0,0,0,0,0
360245,2,1,0,0,0,0,0,0,0,0,0,0
360246,0,1,15,15,15,15,15,15,15,15,15,15
360246,1,1,0,0,0,0,0,0,18,0,0,0
360247,1,1,0,0,0,0,0,0,0,0,0,0
360247,2,1,0,0,0,0,0,0,0,0,0,0
360248,1,1,0,13,0,0,0,0,0,0,0,0
360248,2,1,0,0,0,12,0,0,0,0,0,0
360249,1,1,0,0,0,0,0,0,0,0,0,0
360250,1,1,0,0,0,0,0,0,0,0,0,0
360251,1,1,0,0,0,0,0,0,0,0,0,0
360251,2,1,0,16,0,0,0,0,0,2,12,0
360252,1,1,0,0,0,0,0,0,0,0,0,0
360252,2,1,0,0,0,0,0,0,0,0,0,0
360252,3,1,0,0,0,0,0,0,0,0,0,0
360252,4,1,0,0,0,0,0,0,0,0,0,0
360253,0,1,0,0,0,0,0,0,0,0,0,0
360253,1,1,0,0,0,0,0,0,0,0,0,0
360254,0,1,0,0,0,6,0,0,0,0,0,0
360254,1,1,0,0,0,0,0,0,0,0,0,0
360255,1,1,0,0,0,0,0,0,0,0,0,0
360255,2,1,0,0,0,20,33,0,18,0,0,13
360256,1,1,0,9,10,0,0,0,0,0,0,0
360256,2,1,0,0,0,20,0,0,0,0,0,0
360257,1,1,0,0,0,0,0,35,0,0,0,0
360257,2,1,0,0,0,0,0,0,0,0,0,0
360257,3,1,0,0,0,0,0,0,12,0,0,0
360258,0,1,0,0,0,0,0,0,0,0,0,0
360258,1,1,0,0,0,0,0,0,0,0,13,0
360259,0,1,0,0,0,0,0,0,0,0,0,0
360259,1,1,0,0,0,0,8,0,0,0,0,0
360260,1,1,0,0,0,0,0,0,0,0,0,0
360260,2,1,0,0,0,0,0,0,0,0,0,0
360261,1,1,0,0,0,0,0,0,0,0,21,19
360261,2,1,0,0,0,0,0,0,0,0,0,0
360262,1,1,0,0,0,0,0,0,0,0,0,0
360263,1,1,0,21,0,0,0,7,0,8,0,0
360263,2,1,0,0,0,0,0,0,0,0,0,0
360264,1,1,12,12,12,12,12,12,12,12,12,12
360265,1,1,0,0,0,0,0,0,0,0,0,0
360266,1,1,0,0,0,0,0,0,0,0,0,0
360267,1,1,0,0,0,0,0,0,0,0,0,0
360267,2,1,0,0,0,0,0,0,0,0,0,0
360268,0,1,0,0,0,0,0,0,0,0,0,0
360268,1,1,0,0,0,0,15,26,0,0,0,15
360268,2,1,0,0,0,0,0,0,0,0,0,0
360269,0,1,0,0,0,0,0,0,0,0,0,0
360269,1,1,0,0,0,0,0,0,0,0,0,0
360270,1,1,0,0,0,0,0,0,0,0,0,0
360270,2,1,0,0,7,0,0,28,25,19,0,0
360271,0,1,0,0,0,0,0,0,0,0,0,0
360271,1,1,0,0,0,0,0,0,0,0,0,0
360272,0,1,0,0,0,0,0,0,0,0,0,0
360272,1,1,0,0,0,0,12,12,0,0,0,0
360273,1,1,18,18,18,18,18,18,18,18,18,18
360274,0,1,0,0,0,0,0,0,0,0,0,0
360274,1,1,9,0,0,13,0,0,0,0,0,0
360275,1,1,10,10,10,10,10,10,10,10,10,10
360276,1,1,0,0,0,0,0,0,0,0,0,0
360277,1,1,0,0,0,0,0,0,0,0,0,0
360277,2,1,17,13,0,0,0,0,0,0,7,0
360278,1,1,4,4,4,4,4,4,4,4,4,4
360278,2,1,12,0,4,0,0,4,15,0,0,19
360279,1,1,16,0,0,0,0,0,0,0,0,20
360280,1,1,14,14,14,14,14,14,14,14,14,14
360281,1,1,0,0,0,0,0,0,0,0,0,0
360282,0,1,0,0,0,0,0,0,0,0,0,0
360282,1,1,18,0,0,9,15,0,6,0,0,7
360283,0,1,0,0,0,0,0,0,0,0,0,0
360283,1,1,0,0,0,0,0,0,0,0,37,0
360284,0,1,0,0,0,0,0,0,0,0,0,0
360284,1,1,0,29,0,10,0,21,0,0,0,17
360285,0,1,28,28,28,28,28,28,28,28,28,28
360285,1,1,7,19,0,0,14,8,8,0,15,13
360286,1,1,0,0,0,0,0,0,0,0,0,0
360286,2,1,0,0,0,0,0,0,0,0,0,0
360287,1,1,25,25,25,25,25,25,25,25,25,25
360287,2,1,0,0,0,0,0,0,0,0,0,0
360288,1,1,0,0,0,0,0,0,0,0,0,0
360289,1,1,0,0,0,0,0,0,0,0,0,0
360289,2,1,0,0,0,0,0,0,0,0,0,0
360289,3,1,0,0,0,0,0,0,0,0,0,0
360290,1,1,4,4,4,4,4,4,4,4,4,4
360291,0,1,11,11,11,11,11,11,11,11,11,11
360291,1,1,0,0,0,0,0,0,0,0,0,35
360292,1,1,13,13,13,13,13,13,13,13,13,13
360293,1,1,14,14,14,14,14,14,14,14,14,14
360293,2,1,0,0,0,0,0,0,0,0,0,0
360294,1,1,10,10,10,10,10,10,10,10,10,10
360295,0,1,0,0,0,16,0,18,0,0,35,0
360295,1,1,0,0,0,0,0,0,0,0,4,0
360296,1,1,29,29,29,29,29,29,29,29,29,29
360296,2,1,0,0,0,0,19,0,0,0,0,0
360297,0,1,0,0,0,0,0,0,0,0,0,0
360297,1,1,0,0,0,15,0,0,0,24,0,0
360298,1,1,0,0,0,0,0,0,0,0,0,0
360298,2,1,0,0,0,0,0,0,0,0,0,0
360299,1,1,0,0,19,16,0,0,0,0,0,0
360299,2,1,17,24,12,0,4,0,0,33,5,0
360300,0,1,22,22,22,22,22,22,22,22,22,22
360300,1,1,0,0,0,0,0,3,12,0,3,0
360301,0,1,27,27,27,27,27,27,27,27,27,27
360301,1,1,0,0,0,0,5,9,0,0,0,0
360302,1,1,0,0,0,0,0,0,0,0,0,0
360302,2,1,6,0,0,0,0,0,0,0,0,0
360303,1,1,20,20,20,20,20,20,20,20,20,20
360304,0,1,0,0,0,0,0,0,0,0,0,0
360304,1,1,0,6,0,0,0,0,0,0,0,0
360305,1,1,0,0,0,0,0,0,0,0,0,0
360305,2,1,35,0,0,0,0,0,0,0,0,0
360306,1,1,0,0,0,0,0,0,0,0,0,0
360307,0,1,0,0,0,0,0,0,0,0,0,0
360307,0,2,0,0,0,0,0,0,0,0,0,0
360307,0,3,0,0,0,0,0,14,20,30,0,0
360307,1,1,0,15,0,0,0,0,0,0,0,0
360308,1,1,7,0,0,14,0,0,0,0,0,13
360308,2,1,0,0,0,0,0,0,0,0,0,0
360309,1,1,0,0,0,0,0,0,0,0,0,0
360309,2,1,0,18,0,0,0,0,0,0,0,0
360310,1,1,0,11,0,0,0,0,0,0,0,0
360310,2,1,0,0,0,0,0,0,0,0,0,0
360311,0,1,0,0,0,0,0,0,0,0,0,0
360311,1,1,0,0,9,0,0,0,0,26,0,0
360312,1,1,0,0,0,0,0,0,0,0,0,0
360313,1,1,0,0,0,7,0,0,0,0,0,0
360314,1,1,0,0,0,0,0,0,0,0,0,0
360314,2,1,0,0,0,11,0,21,0,0,0,0
360315,1,1,0,0,0,0,0,0,0,0,0,0
360316,0,1,0,0,0,0,0,0,0,0,0,0
360316,0,2,0,0,0,0,0,0,0,0,0,0
360316,0,3,0,0,0,0,15,0,0,0,19,0
360316,1,1,0,0,0,0,0,0,0,13,0,22
360317,1,1,13,18,27,16,27,0,0,19,0,20
360318,0,1,0,0,0,0,0,0,0,0,0,0
360318,1,1,0,0,0,0,0,0,0,0,16,0
360319,1,1,10,10,10,10,10,10,10,10,10,10
360320,1,1,12,12,12,12,12,12,12,12,12,12
360321,1,1,0,0,0,0,24,6,0,0,25,0
360321,2,1,0,0,0,0,0,0,0,0,0,0
360322,1,1,0,0,0,0,0,13,0,15,19,0
360322,2,1,0,0,6,11,0,0,0,0,6,0
360325,0,1,15,15,15,15,15,15,15,15,15,15
360325,1,1,0,0,0,0,0,0,0,0,0,0
360326,1,1,0,0,0,0,0,0,0,0,0,0
360326,2,1,17,0,0,29,0,7,7,19,16,7
360327,1,1,0,0,0,0,0,0,0,0,0,2
360327,2,1,0,0,0,0,0,0,0,0,0,0
360328,1,1,0,0,0,0,0,0,0,0,0,0
360329,1,1,0,0,0,25,0,0,0,0,19,0
360329,2,1,18,18,18,18,18,18,18,18,18,18
360330,1,1,0,0,9,0,0,0,0,0,0,0
360330,2,1,0,0,0,0,0,7,0,0,0,0
360331,1,1,17,17,17,17,17,17,17,17,17,17
360332,1,1,0,0,0,0,0,0,0,0,0,0
360333,1,1,17,17,17,17,17,17,17,17,17,17
360334,1,1,14,14,14,14,14,14,14,14,14,14
360334,2,1,0,0,0,0,0,0,0,0,0,0
360335,1,1,0,0,0,0,0,0,0,0,0,0
360336,1,1,17,17,17,17,17,17,17,17,17,17
360337,1,1,0,0,0,10,0,0,0,0,0,0
360337,2,1,0,0,0,0,0,0,0,0,0,0
360338,0,1,0,0,0,0,0,0,0,0,0,0
360338,1,1,0,0,0,0,0,0,0,0,0,22
360339,0,1,0,0,0,0,0,0,0,0,0,0
360339,1,1,0,0,19,0,0,0,0,0,19,0
360340,0,1,0,0,0,0,0,0,0,0,0,0
360340,1,1,0,0,0,0,0,0,0,0,0,0
360341,1,1,0,0,0,0,0,0,0,0,0,0
360341,2,1,7,7,7,7,7,7,7,7,7,7
360342,0,1,10,10,10,10,10,10,10,10,10,10
360342,1,1,0,0,0,0,0,0,0,0,0,0
360343,1,1,0,0,0,0,0,0,0,0,0,0
360344,1,1,11,11,11,11,11,11,11,11,11,11
360345,1,1,0,0,0,0,0,0,0,0,0,0
360345,2,1,0,0,0,0,0,0,0,0,0,0
360346,0,1,0,0,0,0,0,0,0,0,0,0
360346,1,1,9,4,0,0,0,0,27,0,11,0
360347,1,1,0,0,0,0,0,0,0,0,0,0
360347,2,1,0,0,0,0,0,0,0,0,0,0
360348,1,1,0,0,0,0,0,0,0,0,0,0
360349,1,1,0,0,0,0,0,0,12,0,0,0
360349,2,1,0,0,0,0,0,0,0,0,0,0
360350,1,1,12,16,2,20,35,8,22,17,19,0
360350,2,1,10,16,0,11,9,0,12,0,27,11
360351,1,1,0,0,0,0,0,0,0,0,0,0
360351,2,1,0,0,0,0,0,0,0,0,0,0
360352,1,1,0,0,0,0,0,0,0,0,0,0
360352,2,1,8,0,0,0,0,0,0,0,14,0
360353,1,1,0,0,0,0,0,0,0,0,0,0
360353,2,1,0,0,0,0,11,0,0,0,0,0
360353,3,1,6,0,0,0,0,18,0,0,6,0
360354,1,1,0,0,0,0,0,0,0,0,7,0
360354,2,1,0,0,0,0,0,0,0,0,0,0
360354,3,1,0,0,0,0,0,6,10,0,0,0
360354,4,1,0,0,0,0,0,0,0,0,0,0
360355,1,1,0,0,0,0,0,0,25,0,18,0
360356,1,1,19,19,19,19,19,19,19,19,19,19
360357,1,1,0,0,0,0,0,0,0,0,0,0
360357,2,1,0,0,0,0,0,0,0,0,0,0
360358,0,1,12,12,12,12,12,12,12,12,12,12
360358,0,2,0,10,0,0,0,0,0,0,0,0
360358,1,1,0,16,0,0,0,0,0,0,0,0
360358,2,1,0,0,14,0,0,9,0,0,0,0
360359,1,1,0,0,0,0,0,0,0,0,15,23
360359,2,1,0,0,0,0,0,0,0,0,0,0
360360,1,1,0,0,0,0,0,0,0,0,0,0
360361,0,1,14,14,14,14,14,14,14,14,14,14
360361,1,1,0,0,0,0,27,9,0,11,0,0
360362,1,1,0,0,0,0,0,0,0,0,0,0
360363,1,1,0,0,19,0,0,18,0,15,31,0
360363,2,1,7,2,0,23,15,16,0,0,28,24
360364,0,1,0,0,0,0,0,0,0,0,0,0
360364,1,1,0,0,0,0,0,0,0,0,0,0
360365,1,1,18,18,18,18,18,18,18,18,18,18
360366,0,1,0,0,0,0,0,0,0,0,0,0
360366,1,1,0,0,0,0,0,0,0,0,0,0
360367,1,1,0,24,0,16,14,13,0,0,0,0
360367,2,1,0,0,0,6,0,0,0,0,5,12
360368,1,1,26,19,29,17,23,20,18,6,28,16
360369,1,1,0,0,0,0,0,0,0,19,6,0
360370,1,1,0,0,0,0,0,0,0,0,0,0
360370,2,1,0,0,0,0,0,0,0,0,0,0
360371,0,1,2,2,2,2,2,2,2,2,2,2
360371,1,1,0,0,0,9,29,0,17,0,0,21
360372,1,1,21,21,21,21,21,21,21,21,21,21
360373,0,1,0,0,0,0,0,0,0,0,0,0
360373,1,1,16,0,0,0,10,0,4,23,0,0
360373,2,1,12,0,0,0,0,0,0,0,0,0
360374,0,1,0,0,0,0,0,0,0,0,0,0
360374,1,1,0,10,18,18,0,13,20,15,12,21