ST_CASE,VEH_NO,PER_NO,P1,P2,P3,P4,P5,P6,P7,P8,P9,P10
360934,1,1,0,0,0,0,0,0,0,0,0,0
360934,2,1,0,0,0,0,0,0,0,0,0,6
360935,1,1,0,0,0,0,0,0,0,0,0,0
360936,1,1,21,25,13,16,7,19,0,19,11,5
360936,2,1,0,0,0,0,0,0,0,0,0,0
360936,3,1,0,0,0,8,0,0,0,10,0,0
360937,0,1,0,0,0,0,0,0,0,0,0,0
360937,1,1,0,0,0,0,0,0,0,0,0,0
360938,0,1,0,0,0,0,0,0,0,0,0,0
360938,1,1,0,0,0,0,0,0,0,0,0,10
360939,1,1,0,6,20,0,0,0,0,0,0,26
360940,1,1,0,0,0,0,0,0,0,0,0,0
360940,2,1,0,0,0,0,0,0,0,0,0,0
360941,0,1,0,0,0,0,0,0,0,0,0,0
360941,1,1,0,0,0,0,0,0,0,0,0,0
360942,0,1,0,0,0,0,0,0,0,0,0,0
360942,1,1,0,0,0,0,0,0,0,0,0,0
360943,1,1,0,0,0,0,0,0,0,0,0,0
360944,1,1,0,0,0,0,0,0,0,0,0,0
360945,1,1,0,0,0,0,0,0,0,0,0,0
360945,2,1,0,0,0,0,0,0,0,0,0,0
360946,0,1,24,24,24,24,24,24,24,24,24,24
360946,1,1,0,23,0,0,0,0,6,4,0,0
360947,1,1,23,23,23,23,23,23,23,23,23,23
360948,1,1,0,0,0,0,0,0,12,0,0,0
360948,2,1,0,0,0,0,0,0,0,0,0,0
360948,3,1,0,0,0,0,0,0,0,0,0,0
360949,1,1,0,0,0,0,0,0,0,0,0,0
360950,1,1,13,13,13,13,13,13,13,13,13,13
360951,1,1,0,0,0,0,0,0,0,0,0,0
360951,2,1,0,0,0,0,0,0,0,0,0,0
360952,1,1,23,23,23,23,23,23,23,23,23,23
360953,0,1,0,0,0,0,0,0,0,0,0,0
360953,1,1,0,0,0,0,0,21,0,0,0,0
360954,1,1,0,0,0,0,0,15,0,14,10,0
360955,0,1,0,0,0,0,0,0,0,0,0,0
360955,1,1,16,20,17,5,33,13,15,8,8,3
360956,1,1,0,0,0,0,0,0,0,0,0,0
360956,2,1,0,0,0,0,0,0,0,0,0,0
360957,1,1,0,14,0,0,0,20,0,0,0,0
360957,2,1,0,0,0,0,0,0,0,0,0,0
360958,1,1,13,13,13,13,13,13,13,13,13,13
360959,1,1,0,0,0,0,0,0,0,0,0,0
360960,0,1,0,0,0,0,0,0,0,0,0,0
360960,1,1,0,0,0,0,0,0,0,0,0,0
360961,0,1,0,0,0,0,0,0,0,0,0,0
360961,1,1,16,17,0,0,0,0,0,0,0,0
360962,1,1,0,0,24,0,6,0,11,0,0,0
360963,1,1,0,0,0,0,0,0,0,0,0,0
360963,2,1,0,0,0,0,0,0,0,0,0,0
360964,0,1,0,0,0,0,0,0,0,0,0,0
360964,1,1,0,0,0,9,0,0,0,0,0,0
360965,1,1,0,0,0,0,0,0,0,0,0,0
360965,2,1,0,0,23,0,0,0,0,0,0,0
360966,0,1,0,0,0,0,0,0,0,0,0,0
360966,1,1,0,0,0,0,0,0,0,0,0,0
360967,0,1,0,26,0,0,0,9,0,0,0,0
360967,1,1,25,0,0,0,0,41,0,0,0,18
360968,0,1,0,0,0,0,0,0,0,0,0,0
360968,1,1,0,0,0,0,0,0,0,0,0,0
360968,2,1,0,0,0,0,0,0,0,0,0,0
360969,1,1,0,0,0,0,0,0,0,0,0,0
360970,1,1,0,0,0,0,0,0,0,0,0,0
360970,2,1,0,0,0,0,26,0,0,0,0,0
360971,1,1,17,17,17,17,17,17,17,17,17,17
360972,0,1,0,0,0,0,0,0,0,0,8,0
360972,1,1,0,0,0,0,0,0,0,0,0,0
360973,0,1,0,0,0,3,0,0,0,59,0,0
360973,1,1,0,0,0,0,0,0,24,0,0,0
360974,1,1,26,26,26,26,26,26,26,26,26,26
360975,1,1,21,3,31,20,20,19,18,14,0,8
360976,1,1,0,0,0,0,0,0,0,0,0,10
360976,2,1,0,30,0,0,0,0,0,0,0,0
360977,1,1,0,0,0,11,0,34,0,0,0,0
360978,1,1,0,0,0,0,9,0,0,0,0,0
360978,2,1,0,0,0,0,0,0,0,0,0,0
360979,0,1,0,0,0,0,0,0,0,0,0,0
360979,1,1,0,0,0,0,0,0,0,12,0,10
360980,1,1,13,14,18,14,4,5,8,2,13,12
360980,2,1,0,0,0,0,0,0,0,0,0,0
360981,0,1,0,0,0,0,0,0,0,0,0,0
360981,1,1,11,0,0,0,8,0,0,0,0,0
360981,2,1,11,0,0,0,7,0,0,0,0,0
360982,0,1,0,23,32,0,0,0,0,0,0,0
360982,1,1,0,19,0,0,0,0,0,0,0,20
360983,1,1,0,0,0,0,0,0,0,0,0,0
360983,2,1,9,9,9,9,9,9,9,9,9,9
360983,3,1,0,0,0,22,15,0,0,0,0,0
360984,1,1,29,29,29,29,29,29,29,29,29,29
360985,1,1,4,4,4,4,4,4,4,4,4,4
360985,2,1,0,0,0,0,0,0,0,0,0,0
360986,1,1,16,16,16,16,16,16,16,16,16,16
360987,1,1,0,0,0,0,0,0,0,0,0,0
360988,0,1,0,0,0,0,0,0,0,0,0,0
360988,1,1,0,0,0,0,0,0,0,0,0,0
360989,1,1,0,0,0,0,0,0,0,0,0,0
360990,0,1,0,0,0,0,0,0,0,0,0,0
360990,1,1,0,0,27,18,0,0,0,11,0,0
360991,1,1,0,0,0,0,0,0,0,0,0,0
360991,2,1,0,0,0,0,0,0,0,0,0,0
360992,1,1,0,0,0,0,0,0,0,0,0,0
360992,2,1,0,0,0,0,0,0,0,0,0,0
360993,1,1,0,0,0,0,0,0,0,0,0,0
360993,2,1,0,0,0,0,0,0,0,0,0,0
360994,1,1,0,0,0,0,0,0,0,0,0,0
360994,2,1,0,0,0,0,0,0,0,0,0,0
360995,0,1,30,30,30,30,30,30,30,30,30,30
360995,1,1,13,0,24,11,0,0,13,0,8,0
360995,2,1,0,3,0,0,0,0,0,0,9,0
360995,3,1,0,11,0,4,10,5,35,3,12,0
360996,1,1,0,0,0,0,0,0,0,0,0,0
360996,2,1,0,0,0,0,0,0,0,0,0,0
360997,0,1,0,0,0,0,0,0,0,0,0,0
360997,1,1,0,0,0,0,0,0,0,0,0,0
360998,0,1,38,38,38,38,38,38,38,38,38,38
360998,1,1,0,0,24,0,0,0,0,0,0,0
360999,1,1,0,0,0,0,0,0,0,0,0,0
361000,0,1,0,0,0,0,0,36,8,0,0,0
361000,1,1,0,25,0,0,0,7,0,0,0,0
361001,1,1,0,0,0,0,0,0,0,0,0,0
361001,2,1,0,0,0,0,0,0,0,0,0,0
361002,1,1,0,0,0,0,0,0,0,0,0,0
361002,2,1,11,5,0,27,20,8,14,31,0,18
361003,0,1,0,0,0,0,0,0,0,0,0,0
361003,1,1,0,0,10,0,0,0,14,0,0,0
361004,0,1,21,21,21,21,21,21,21,21,21,21
361004,1,1,8,0,4,3,0,11,32,0,0,0
361005,0,1,0,0,0,0,0,0,0,0,0,0
361005,1,1,0,0,16,0,4,0,0,0,0,0
361005,2,1,0,0,0,0,0,12,0,0,0,0
361006,1,1,20,20,20,20,20,20,20,20,20,20
361007,0,1,0,0,0,0,0,0,0,0,0,0
361007,1,1,0,0,0,0,0,0,0,0,0,0
361008,1,1,0,0,0,11,0,0,26,19,23,0
361008,2,1,0,0,0,0,0,0,0,0,0,0
361008,3,1,0,0,0,18,0,0,0,0,22,25
361009,0,1,0,0,0,0,0,0,0,0,0,0
361009,0,2,17,0,0,0,17,0,0,0,0,0
361009,1,1,0,0,0,0,0,0,0,0,0,0
361010,0,1,24,24,24,24,24,24,24,24,24,24
361010,1,1,0,0,0,0,10,3,15,0,0,5
361010,2,1,14,0,0,0,7,27,23,0,0,0
361011,0,1,0,0,29,0,23,0,23,0,0,0
361011,1,1,6,5,5,30,0,10,0,0,0,4
361012,0,1,24,24,24,24,24,24,24,24,24,24
361012,1,1,0,3,10,15,0,19,0,13,0,0
361012,2,1,0,0,0,0,0,0,0,0,7,12
361013,0,1,21,21,21,21,21,21,21,21,21,21
361013,1,1,17,0,0,0,0,0,0,0,0,0
361014,1,1,0,0,0,0,0,0,0,0,0,0
361015,1,1,18,18,18,18,18,18,18,18,18,18
361016,0,1,0,0,0,0,0,0,0,0,0,0
361016,1,1,0,0,0,0,0,0,0,0,0,0
361017,0,1,53,0,39,0,0,0,0,35,0,0
361017,1,1,0,0,0,13,0,0,0,0,0,0
361018,1,1,0,0,0,0,0,30,28,0,0,0
361019,0,1,0,0,0,0,0,0,0,0,0,0
361019,1,1,20,6,0,22,0,0,0,11,19,6
361020,1,1,15,15,15,15,15,15,15,15,15,15
361020,2,1,0,0,0,0,0,0,0,0,0,0
361021,1,1,0,0,0,0,0,0,0,0,0,0
361021,2,1,0,0,0,0,0,0,0,0,0,0
361022,1,1,0,0,0,22,22,0,0,0,0,0
361023,1,1,0,0,0,0,0,0,0,0,0,0
361023,2,1,0,0,0,0,0,0,0,0,0,0
361024,0,1,0,0,0,0,0,0,0,0,0,0
361024,1,1,0,0,0,0,6,0,0,0,0,21
361025,1,1,32,32,32,32,32,32,32,32,32,32
361026,1,1,0,0,19,0,28,0,0,0,0,0
361026,2,1,0,6,0,0,0,0,0,0,0,0
361027,0,1,24,24,24,24,24,24,24,24,24,24
361027,1,1,12,8,0,18,0,8,0,0,16,0
361028,0,1,8,8,8,8,8,8,8,8,8,8
361028,1,1,3,0,0,0,14,0,23,0,23,0
361029,1,1,11,0,11,0,0,0,9,17,0,4
361029,2,1,0,0,0,0,7,0,0,0,0,15
361030,0,1,0,0,0,0,0,0,0,0,0,0
361030,1,1,0,0,0,0,0,0,0,0,0,0
361031,1,1,0,0,0,0,0,0,12,0,8,18
361031,2,1,17,0,0,0,0,0,0,0,0,0
361031,3,1,2,2,2,2,2,2,2,2,2,2
361032,0,1,0,0,0,0,0,0,0,0,0,0
361032,1,1,0,0,0,0,0,0,0,0,0,0
361033,1,1,24,11,30,13,28,20,24,21,13,17
361034,1,1,0,0,15,0,0,0,0,0,0,0
361034,2,1,0,0,0,0,0,11,0,0,0,0
361035,1,1,0,0,0,0,0,0,0,0,0,0
361036,1,1,0,0,0,0,0,0,0,0,0,0
361036,2,1,0,0,0,0,0,0,0,0,0,0
361037,1,1,0,0,0,0,0,0,0,0,0,0
361037,2,1,0,0,0,0,0,0,0,0,0,11
361038,1,1,17,22,0,0,0,0,0,10,0,0
361039,0,1,9,0,14,7,0,24,20,0,8,0
361039,1,1,21,0,0,0,0,0,14,0,0,0
361040,0,1,22,0,14,23,12,0,0,0,8,15
361040,1,1,0,0,0,0,0,0,0,0,13,0
361041,0,1,0,0,0,0,0,0,0,0,0,0
361041,1,1,0,20,0,0,0,6,0,11,0,0
361042,0,1,0,0,0,0,0,0,0,0,0,0
361042,1,1,0,24,0,0,0,0,0,0,0,0
361043,0,1,0,0,0,0,0,0,0,0,25,0
361043,1,1,0,0,0,0,0,0,0,16,0,0
361044,0,1,3,3,3,3,3,3,3,3,3,3
361044,1,1,0,0,0,0,7,5,0,0,0,0
361045,0,1,21,0,0,0,0,0,0,0,0,0
361045,1,1,0,0,0,0,0,0,0,0,0,0
361046,1,1,0,0,0,0,0,0,0,0,0,0
361046,2,1,0,0,0,0,0,0,0,0,0,0
361047,1,1,0,0,0,0,0,0,0,0,0,0
361048,0,1,9,9,9,9,9,9,9,9,9,9
361048,1,1,0,0,0,0,0,0,0,0,0,0
361049,1,1,0,0,0,0,0,0,0,0,0,0
361049,2,1,0,0,0,0,0,0,0,0,7,0
361050,1,1,0,0,0,0,0,0,0,0,0,0
361050,2,1,0,0,0,0,0,0,0,0,0,0
361051,0,1,0,0,0,0,19,0,0,0,0,0
361051,1,1,0,5,0,0,0,0,0,0,0,0
361052,0,1,0,0,0,0,0,0,0,0,0,0
361052,1,1,0,25,20,0,0,0,0,22,0,0
361053,1,1,0,7,8,0,0,0,0,0,0,0
361053,2,1,0,0,4,0,0,0,0,0,0,14
361054,1,1,0,0,0,0,0,17,21,13,10,0
361055,0,1,0,0,18,22,0,0,0,0,0,0
361055,1,1,0,0,0,0,0,0,0,0,0,0
361056,1,1,0,0,0,0,0,0,0,0,0,0
361057,1,1,0,33,0,0,12,0,0,24,0,5
361058,0,1,0,14,0,24,15,0,0,13,20,7
361058,1,1,0,0,15,0,0,0,0,0,0,0
361059,1,1,18,0,0,0,8,0,19,10,0,19
361059,2,1,24,0,0,17,0,17,0,0,0,0
361060,1,1,0,0,0,0,0,0,0,0,0,0
361060,2,1,8,0,0,0,9,22,0,0,8,0
361061,1,1,0,0,0,0,0,0,0,0,0,0
361062,1,1,33,11,22,11,0,16,20,0,25,11
361063,1,1,0,0,0,0,0,0,0,0,0,0
361064,1,1,0,0,0,0,0,0,0,0,0,0
361064,2,1,0,0,4,0,0,5,0,10,0,0
361065,1,1,0,2,8,0,0,0,0,0,0,0
361065,2,1,0,6,0,0,0,0,12,4,5,0
370001,1,1,0,0,0,0,0,0,0,0,0,0
370002,0,1,0,0,0,0,0,0,0,0,0,0
370002,1,1,0,0,0,0,0,0,0,0,0,0
370003,1,1,0,0,0,0,0,0,0,0,0,0
370004,1,1,0,0,0,0,0,0,0,0,0,0
370006,1,1,0,0,0,0,0,0,0,0,0,0
370006,2,1,0,0,0,0,0,0,0,0,0,6
370007,1,1,0,0,0,0,0,0,0,0,0,0
370008,1,1,0,0,0,0,0,0,0,0,0,0
370009,1,1,6,6,6,6,6,6,6,6,6,6
370010,0,1,0,0,0,0,0,0,0,0,0,0
370010,1,1,9,9,9,9,9,9,9,9,9,9
370011,1,1,22,22,22,22,22,22,22,22,22,22
370012,1,1,0,0,0,0,0,0,0,0,0,0
370012,2,1,0,0,14,0,0,0,6,0,0,0
370013,1,1,7,7,7,7,7,7,7,7,7,7
370014,1,1,0,0,0,0,0,0,0,25,0,0
370014,2,1,0,0,0,0,0,0,0,0,0,0
370015,1,1,0,23,0,17,0,0,0,4,0,0
370015,2,1,0,0,0,0,0,0,0,0,0,0
370015,3,1,0,0,0,0,0,0,0,0,0,0
370016,1,1,18,18,18,18,18,18,18,18,18,18
370017,1,1,0,0,0,0,0,0,0,0,0,0
370017,2,1,0,0,0,0,0,0,0,0,0,0
370018,0,1,25,25,25,25,25,25,25,25,25,25
370018,1,1,0,0,0,0,19,0,0,0,0,0
370019,0,1,0,0,0,0,0,0,0,0,0,0
370019,1,1,0,0,0,0,0,0,0,0,0,0
370020,1,1,0,0,0,0,0,0,0,0,0,0
370020,2,1,0,0,0,0,0,0,0,0,27,0
370021,1,1,0,0,0,0,0,0,0,0,0,0
370022,1,1,9,9,9,9,9,9,9,9,9,9
370023,1,1,0,0,0,0,0,0,0,0,0,0
370024,1,1,21,21,21,21,21,21,21,21,21,21
370025,0,1,32,32,32,32,32,32,32,32,32,32
370025,1,1,0,0,0,0,0,0,9,0,0,0
370026,1,1,0,0,0,0,0,0,0,0,0,0
370026,2,1,0,0,0,10,0,0,0,0,13,0
370027,1,1,0,0,0,0,0,0,0,0,0,0
370027,2,1,0,0,0,0,0,0,0,0,0,0
370027,3,1,0,0,0,0,0,0,0,0,0,0
370028,1,1,13,13,13,13,13,13,13,13,13,13
370028,2,1,0,0,0,0,0,0,0,0,0,0
370029,1,1,0,0,0,0,0,0,0,0,0,0
370030,1,1,0,0,0,0,0,0,0,0,0,0
370031,0,1,0,0,0,0,0,0,0,0,0,0
370031,1,1,0,0,0,0,0,0,18,0,0,0
370032,1,1,0,0,0,0,0,0,0,0,0,0
370032,2,1,0,0,0,0,0,0,0,0,0,0
370033,1,1,0,0,0,0,0,0,0,0,0,0
370033,2,1,0,0,11,0,0,0,0,0,0,0
370034,1,1,0,0,0,0,0,0,0,0,0,0
370035,1,1,25,25,25,25,25,25,25,25,25,25
370036,0,1,0,0,0,0,0,0,0,0,0,0
370036,1,1,0,0,0,0,0,0,0,0,14,0
370037,0,1,2,2,2,2,2,2,2,2,2,2
370037,1,1,12,0,0,8,0,13,0,0,0,0
370038,0,1,0,0,0,0,0,0,0,0,0,0
370038,1,1,0,0,10,0,0,0,0,0,0,0
370039,1,1,0,0,0,0,0,0,0,0,0,0
370040,0,1,29,29,29,29,29,29,29,29,29,29
370040,1,1,0,0,0,0,0,0,0,0,0,0
370040,2,1,0,0,0,0,0,0,0,0,0,0
370041,1,1,0,19,9,29,13,14,26,21,14,32
370042,1,1,0,0,0,0,0,0,0,0,0,0
370042,2,1,0,0,0,0,0,0,0,0,0,0
370043,1,1,0,0,0,0,0,0,0,0,0,0
370043,2,1,0,0,0,0,0,9,0,0,0,0
370044,1,1,0,0,0,0,0,0,0,0,0,0
370044,2,1,0,0,0,0,0,0,0,0,0,0
370045,1,1,0,0,0,0,0,0,0,0,0,0
370046,1,1,16,16,16,16,16,16,16,16,16,16
370047,1,1,0,0,0,0,0,0,0,0,0,0
370047,2,1,0,0,0,0,0,0,0,0,0,0
370048,0,1,0,0,0,0,0,0,0,0,0,0
370048,1,1,0,0,0,0,0,0,0,0,0,0
370049,1,1,0,0,0,0,18,0,0,0,0,0
370049,2,1,0,0,0,0,0,0,0,0,0,0
370050,1,1,0,0,0,0,0,18,0,0,0,0
370051,0,1,0,0,0,0,0,0,0,0,0,0
370051,1,1,0,0,0,0,0,0,0,0,0,0
370051,2,1,0,0,0,0,0,0,0,0,0,0
370051,3,1,0,0,0,0,0,0,0,0,0,0
370052,1,1,0,0,0,0,0,0,0,0,0,0
370053,1,1,0,0,0,0,0,0,0,0,0,0
370053,2,1,0,0,0,0,0,0,0,0,0,0
370053,3,1,0,0,0,0,0,0,0,0,0,0
370053,4,1,0,0,0,0,0,0,0,0,0,0
370054,1,1,17,17,17,17,17,17,17,17,17,17
370055,0,1,0,0,0,0,0,0,0,0,0,0
370055,0,2,0,0,17,0,0,0,0,0,6,0
370055,1,1,8,0,0,0,0,0,0,0,0,0
370056,1,1,13,13,13,13,13,13,13,13,13,13
370056,2,1,0,0,0,0,0,0,0,0,0,0
370057,1,1,0,0,0,0,0,0,0,0,0,0
370057,2,1,0,0,0,0,0,0,0,0,0,0
370058,1,1,0,0,0,0,0,0,0,0,0,0
370058,2,1,0,0,0,0,0,0,0,0,0,0
370059,1,1,18,18,18,18,18,18,18,18,18,18
370060,1,1,0,0,14,0,0,0,0,0,16,0
370060,2,1,0,0,0,0,0,0,0,0,0,0
370061,1,1,12,12,12,12,12,12,12,12,12,12
370061,2,1,0,0,0,0,0,0,0,0,0,0
370062,1,1,0,0,0,0,0,0,0,0,0,0
370063,0,1,0,0,0,0,0,0,0,0,0,0
370063,1,1,0,8,0,0,0,0,0,0,0,19
370064,1,1,0,0,0,0,0,0,0,0,0,0
370065,1,1,21,21,21,21,21,21,21,21,21,21
370066,1,1,0,0,0,0,0,0,0,0,0,0
370067,1,1,0,0,0,0,0,0,0,0,0,0
370068,1,1,0,0,0,0,0,0,0,0,0,0
370068,2,1,0,0,0,0,0,12,0,0,0,0
370069,1,1,0,0,0,0,0,0,0,0,0,0
370069,2,1,0,0,0,0,0,0,0,0,0,0
370070,1,1,0,0,0,0,0,0,0,0,0,0
370070,2,1,0,0,0,0,0,0,0,0,0,0
370071,0,1,22,22,22,22,22,22,22,22,22,22
370071,1,1,0,8,0,7,0,0,0,1,0,18
370072,0,1,22,22,22,22,22,22,22,22,22,22
370072,1,1,0,0,0,0,0,7,0,0,0,0
370073,1,1,15,15,15,15,15,15,15,15,15,15
370074,1,1,0,0,0,0,0,0,0,0,0,0
370075,0,1,0,0,0,0,0,0,0,0,0,0
370075,1,1,0,0,0,0,0,0,0,0,0,0
370076,0,1,22,22,22,22,22,22,22,22,22,22
370076,1,1,0,0,0,0,0,0,0,0,0,0
370077,1,1,14,14,14,14,14,14,14,14,14,14
370077,2,1,0,0,0,0,0,0,0,0,0,0
370078,1,1,0,0,0,0,0,0,0,0,0,0
370078,2,1,0,0,0,0,0,0,0,0,0,0
370078,3,1,0,0,0,0,0,0,0,0,0,0
370079,0,1,0,0,0,0,0,0,0,0,0,0
370079,1,1,0,0,0,0,0,0,0,0,0,0
370080,1,1,19,19,19,19,19,19,19,19,19,19
370081,1,1,0,0,0,0,0,0,0,0,0,0
370081,2,1,0,0,0,0,0,0,0,0,0,0
370082,1,1,14,14,14,14,14,14,14,14,14,14
370083,1,1,17,0,24,18,26,4,34,22,23,33
370084,1,1,2,2,2,2,2,2,2,2,2,2
370084,2,1,0,0,0,0,0,0,0,0,0,0
370085,1,1,0,0,0,0,0,0,0,0,0,0
370086,0,1,0,0,0,0,0,0,0,0,0,0
370086,1,1,0,0,0,0,0,0,11,0,0,0
370086,2,1,0,0,0,0,0,0,0,0,0,0
370088,1,1,0,0,0,0,0,0,0,0,0,0
370088,2,1,0,0,0,0,0,0,0,0,0,0
370088,3,1,0,0,0,0,0,0,0,0,0,0
370089,1,1,0,0,0,0,0,0,6,0,0,0
370089,2,1,0,0,0,0,0,0,0,0,0,0
370090,1,1,0,0,0,0,0,0,0,0,0,0
370091,1,1,33,33,33,33,33,33,33,33,33,33
370091,2,1,0,0,0,4,0,0,0,0,0,0
370092,1,1,0,0,0,0,0,0,0,0,0,0
370093,1,1,0,0,0,0,0,0,0,0,0,0
370093,2,1,0,0,0,0,0,0,0,0,0,0
370094,1,1,0,15,0,0,0,0,0,0,0,0
370095,0,1,8,8,8,8,8,8,8,8,8,8
370095,1,1,0,0,0,0,0,0,0,0,0,0
370096,1,1,0,0,0,0,11,0,0,0,0,0
370096,2,1,0,0,0,0,0,0,0,0,0,0
370097,1,1,22,22,22,22,22,22,22,22,22,22
370098,1,1,0,0,0,0,0,0,0,0,0,0
370098,2,1,0,0,0,0,0,0,0,0,0,0
370099,1,1,0,0,0,0,0,0,0,0,0,0
370099,2,1,0,0,0,0,0,0,0,0,0,0
370099,3,1,0,0,0,0,0,0,0,0,0,0
370100,1,1,22,22,22,22,22,22,22,22,22,22
370101,0,1,34,28,7,32,34,0,31,10,11,16
370101,1,1,0,0,0,0,0,0,0,0,0,0
370102,0,1,0,0,0,0,0,0,0,0,0,0
370102,1,1,0,0,0,7,15,0,0,0,0,0
370103,1,1,0,0,0,0,0,0,0,0,0,0
370103,2,1,0,0,0,0,0,0,0,0,0,0
370104,1,1,0,0,0,0,0,0,0,0,0,0
370105,1,1,0,0,0,0,0,0,0,0,0,0
370106,1,1,20,20,20,20,20,20,20,20,20,20
370107,1,1,20,20,20,20,20,20,20,20,20,20
370108,1,1,0,0,0,0,0,0,0,0,0,0
370108,2,1,0,0,0,0,0,0,0,0,0,0
370108,3,1,0,0,0,0,20,0,0,0,0,0
370109,1,1,23,23,23,23,23,23,23,23,23,23
370110,1,1,21,21,21,21,21,21,21,21,21,21
370111,1,1,0,0,0,0,0,0,0,0,0,0
370111,2,1,0,0,0,0,0,0,0,0,0,0
370112,1,1,0,0,0,0,0,0,0,0,0,0
370113,0,1,0,0,0,0,0,0,0,0,0,0
370114,1,1,0,0,0,0,0,0,0,0,0,0
370114,2,1,0,0,0,0,0,0,0,0,0,0
370115,1,1,0,0,0,0,0,0,0,0,0,0
370116,1,1,0,0,0,0,0,0,0,0,0,0
370116,2,1,0,0,0,0,0,0,0,0,0,0
370117,1,1,0,0,0,0,0,0,0,0,0,0
370118,0,1,29,29,29,29,29,29,29,29,29,29
370118,1,1,0,0,0,0,0,0,0,0,0,0
370119,1,1,13,13,13,13,13,13,13,13,13,13
370120,1,1,23,23,23,23,23,23,23,23,23,23
370121,1,1,26,26,26,26,26,26,26,26,26,26
370121,2,1,0,0,0,0,0,0,0,0,0,0
370122,0,1,38,38,38,38,38,38,38,38,38,38
370122,1,1,0,0,0,0,0,0,0,0,0,0
370123,1,1,15,23,17,14,17,10,12,0,29,22
370124,1,1,0,0,0,0,0,0,0,0,0,0
370124,2,1,0,0,0,0,0,0,0,0,0,0
370125,0,1,0,0,0,0,0,0,0,0,0,0
370125,1,1,0,0,0,0,0,0,0,0,0,0
370126,1,1,0,0,0,0,0,0,0,0,0,0
370127,1,1,19,19,19,19,19,19,19,19,19,19
370128,0,1,0,0,0,0,0,0,0,0,0,0
370128,1,1,0,0,0,0,0,0,0,0,0,0
370129,1,1,0,0,0,0,0,0,0,0,0,0
370129,2,1,0,0,0,0,0,0,0,0,0,11
370130,1,1,0,0,0,0,0,0,0,0,0,0
370130,2,1,0,0,0,0,0,0,0,0,0,0
370130,3,1,0,0,0,0,0,15,17,0,0,0
370131,1,1,4,4,4,4,4,4,4,4,4,4
370131,2,1,0,0,0,0,0,0,0,0,0,0
370132,1,1,0,0,0,0,0,0,0,0,0,0
370132,2,1,0,0,0,0,0,0,0,0,0,0
370133,1,1,18,18,18,18,18,18,18,18,18,18
370134,1,1,0,0,0,0,0,0,0,0,0,0
370134,2,1,0,0,0,0,0,0,0,0,0,0
370135,1,1,0,0,0,0,0,0,0,0,0,0
370136,1,1,0,0,0,0,0,0,0,0,0,0
370136,2,1,0,0,19,0,0,0,0,0,0,0
370137,1,1,16,16,16,16,16,16,16,16,16,16
370138,1,1,0,0,0,0,0,0,0,0,0,0
370139,0,1,0,0,0,0,0,0,0,0,0,0
370139,1,1,0,0,0,0,0,0,0,0,0,0
370140,1,1,22,22,22,22,22,22,22,22,22,22
370141,1,1,28,28,28,28,28,28,28,28,28,28
370142,1,1,22,22,22,22,22,22,22,22,22,22
370143,1,1,0,0,0,0,0,0,0,0,0,0
370145,1,1,0,0,0,0,0,0,0,0,0,0
370145,2,1,0,0,0,0,0,0,0,0,0,0
370145,3,1,0,0,0,0,0,0,0,0,0,0
370146,1,1,0,0,0,0,0,0,0,0,0,0
370146,2,1,0,0,0,0,0,0,0,0,0,0
370147,1,1,0,0,0,0,0,0,0,0,0,0
370147,2,1,0,0,0,0,0,0,0,0,0,0
370148,1,1,7,7,7,7,7,7,7,7,7,7
370149,1,1,20,20,20,20,20,20,20,20,20,20
370150,1,1,0,0,0,0,0,0,0,0,0,0
370151,1,1,15,15,15,15,15,15,15,15,15,15
370151,2,1,0,0,0,0,0,0,0,0,0,0
370152,0,1,0,0,0,0,0,0,0,0,0,0
370152,1,1,0,0,0,0,0,0,0,0,0,0
370153,1,1,0,0,0,0,0,0,0,0,0,0
370154,1,1,27,27,27,27,27,27,27,27,27,27
370155,1,1,0,0,0,0,0,0,0,0,0,0
370155,2,1,0,0,0,0,0,0,0,0,0,0
370156,0,1,18,18,18,18,18,18,18,18,18,18
370156,1,1,0,0,0,0,0,0,0,0,0,0
370157,1,1,0,0,0,0,0,0,0,0,0,0
370158,1,1,0,0,0,0,0,0,0,0,0,0
370159,1,1,0,0,0,0,0,0,0,0,0,0
370159,2,1,0,0,0,0,0,0,0,0,0,0
370160,1,1,0,0,0,0,0,0,0,0,0,0
370160,2,1,0,0,0,0,0,0,0,0,0,0
370161,1,1,0,0,0,0,0,0,0,0,0,0
370162,0,1,0,0,0,0,0,0,0,0,0,0
370162,1,1,0,12,0,0,0,0,0,0,1,0
370163,1,1,18,18,18,18,18,18,18,18,18,18
370163,2,1,0,0,0,0,0,13,0,0,0,0
370164,0,1,0,0,0,0,0,0,0,0,0,0
370164,1,1,0,0,0,0,0,0,0,0,0,0
370164,2,1,16,0,0,0,0,0,0,0,0,0
370165,1,1,8,12,18,24,16,22,9,24,0,4
370165,2,1,0,0,0,0,0,0,0,0,3,0
370165,3,1,0,0,0,0,0,0,0,0,0,0
370165,4,1,0,0,0,0,0,0,0,0,0,0
370166,1,1,0,0,0,0,0,0,0,0,0,0