ST_CASE,VEH_NO,PER_NO,P1,P2,P3,P4,P5,P6,P7,P8,P9,P10
370166,2,1,16,0,0,0,0,0,0,0,21,0
370166,3,1,10,0,0,0,0,0,0,0,0,0
370167,1,1,19,19,19,19,19,19,19,19,19,19
370167,2,1,0,0,0,0,0,0,0,0,0,0
370168,1,1,0,0,0,0,0,0,0,0,0,0
370168,2,1,0,0,0,0,0,0,0,0,0,0
370169,1,1,0,0,0,0,0,0,0,0,0,0
370170,1,1,10,10,10,10,10,10,10,10,10,10
370171,1,1,17,16,15,16,34,25,8,26,20,30
370172,0,1,24,24,24,24,24,24,24,24,24,24
370172,1,1,0,0,3,0,4,0,0,26,0,0
370173,1,1,0,0,0,0,0,0,0,0,0,0
370174,1,1,0,0,0,0,0,0,0,0,0,0
370175,1,1,0,0,0,0,0,0,0,0,0,0
370175,2,1,0,0,0,0,0,0,0,0,0,0
370176,1,1,14,14,14,14,14,14,14,14,14,14
370177,1,1,0,0,0,0,0,0,0,0,0,0
370178,1,1,0,0,0,0,0,0,0,0,0,0
370178,2,1,0,0,0,0,0,0,0,0,0,0
370179,1,1,0,0,0,0,0,0,0,0,0,0
370179,2,1,0,0,0,0,0,0,0,0,0,0
370180,1,1,0,0,0,0,0,0,0,0,0,0
370180,2,1,0,0,0,0,0,8,0,0,0,0
370181,1,1,0,0,0,0,0,0,0,0,0,0
370182,0,1,0,0,0,0,0,0,0,0,0,0
370182,1,1,0,0,0,0,0,0,0,0,0,0
370183,1,1,0,0,0,0,0,0,0,0,0,0
370184,0,1,0,0,0,0,0,0,0,0,0,0
370184,1,1,0,0,0,0,0,0,0,0,0,0
370185,1,1,0,0,0,0,0,0,15,0,0,0
370185,2,1,0,0,0,0,0,0,0,0,0,0
370186,1,1,0,0,0,0,0,0,0,0,0,0
370186,2,1,10,0,0,0,0,0,0,0,0,0
370187,1,1,0,0,0,0,0,0,0,0,0,0
370187,2,1,0,0,0,0,0,0,0,0,0,0
370188,1,1,0,0,0,0,12,0,0,0,0,0
370189,1,1,0,0,0,0,0,0,0,0,0,0
370190,1,1,12,12,12,12,12,12,12,12,12,12
370190,2,1,0,0,0,0,0,0,0,0,0,0
370191,1,1,0,0,0,0,0,13,0,0,0,0
370192,1,1,0,0,0,0,0,0,0,0,0,0
370193,1,1,0,0,0,0,0,0,0,0,0,0
370193,2,1,0,0,0,0,0,0,0,0,0,0
370194,1,1,0,0,0,0,0,0,0,0,0,0
370195,1,1,0,0,0,0,0,0,0,0,0,0
370196,0,1,23,23,23,23,23,23,23,23,23,23
370196,1,1,0,0,0,0,0,0,0,0,0,0
370197,1,1,15,15,15,15,15,15,15,15,15,15
370198,0,1,4,4,4,4,4,4,4,4,4,4
370198,1,1,8,0,0,0,0,0,0,0,0,0
370199,1,1,0,0,0,0,0,0,0,0,0,0
370200,1,1,0,0,0,0,0,0,0,0,0,0
370200,2,1,11,11,11,11,11,11,11,11,11,11
370200,3,1,0,0,0,0,0,0,10,0,0,0
370201,0,1,0,0,0,0,0,0,0,0,0,0
370201,1,1,0,0,0,0,0,0,0,0,9,0
370202,1,1,0,12,10,0,0,0,0,0,0,0
370202,2,1,0,0,0,0,0,0,0,0,0,0
370203,1,1,16,16,16,16,16,16,16,16,16,16
370204,1,1,0,0,0,0,0,0,0,0,0,0
370205,1,1,0,0,0,0,0,0,0,0,0,0
370206,1,1,0,0,19,0,3,0,0,0,0,0
370206,2,1,0,0,0,0,0,0,0,0,0,0
370207,1,1,0,0,0,0,0,0,24,0,0,0
370208,1,1,0,0,0,0,0,0,0,0,0,0
370209,1,1,19,19,19,19,19,19,19,19,19,19
370210,1,1,13,13,13,13,13,13,13,13,13,13
370210,2,1,0,0,0,0,0,0,0,0,0,0
370210,3,1,0,0,0,0,0,0,18,0,0,0
370211,1,1,0,0,0,0,0,0,0,0,0,0
370211,2,1,0,0,0,0,0,0,0,0,0,0
370212,1,1,0,0,0,0,0,0,0,0,0,0
370212,2,1,0,0,0,0,0,0,10,32,5,0
370213,1,1,0,0,0,0,0,0,0,0,0,0
370214,1,1,0,0,0,0,0,0,0,0,0,0
370215,0,1,0,0,0,0,0,0,0,0,0,0
370215,1,1,0,0,11,0,0,0,0,0,0,0
370216,0,1,19,19,19,19,19,19,19,19,19,19
370216,1,1,0,0,0,24,0,0,0,12,0,0
370217,1,1,14,14,14,14,14,14,14,14,14,14
370218,1,1,25,25,25,25,25,25,25,25,25,25
370219,1,1,0,0,0,0,0,0,0,0,0,0
370219,2,1,0,0,0,0,0,0,0,0,0,0
370220,0,1,18,18,18,18,18,18,18,18,18,18
370220,1,1,0,0,0,0,0,0,0,0,0,0
370221,1,1,15,15,15,15,15,15,15,15,15,15
370221,2,1,0,0,0,0,0,0,0,0,0,0
370222,1,1,16,16,16,16,16,16,16,16,16,16
370223,1,1,0,0,16,0,0,0,0,0,0,0
370224,0,1,0,0,0,0,0,0,0,0,0,0
370224,1,1,0,0,0,0,0,0,0,0,0,0
370225,0,1,28,28,28,28,28,28,28,28,28,28
370225,1,1,0,0,0,0,0,0,4,0,0,0
370226,1,1,21,21,21,21,21,21,21,21,21,21
370227,1,1,0,0,0,0,0,0,0,0,0,0
370228,1,1,0,0,0,0,0,0,0,0,0,0
370228,2,1,0,0,0,0,0,0,0,0,0,0
370229,1,1,12,20,20,24,30,0,11,17,23,12
370229,2,1,14,14,14,14,14,14,14,14,14,14
370230,1,1,0,0,0,0,0,0,0,0,0,0
370230,2,1,0,0,0,0,0,0,0,0,0,0
370230,3,1,0,0,0,0,0,0,0,0,0,0
370231,1,1,6,6,6,6,6,6,6,6,6,6
370232,1,1,19,19,19,19,19,19,19,19,19,19
370233,1,1,0,0,0,0,0,0,0,0,0,0
370233,2,1,18,18,18,18,18,18,18,18,18,18
370234,1,1,10,10,10,10,10,10,10,10,10,10
370235,1,1,0,0,0,0,0,0,0,0,0,0
370235,2,1,0,0,0,0,0,0,0,21,0,0
370236,1,1,0,0,0,0,0,17,0,0,0,0
370236,2,1,0,0,0,0,0,0,0,0,0,0
370237,1,1,0,0,0,0,0,0,0,0,0,0
370237,2,1,0,0,5,0,0,0,14,0,0,0
370238,1,1,11,11,11,11,11,11,11,11,11,11
370239,1,1,18,18,18,18,18,18,18,18,18,18
370239,2,1,0,0,0,0,12,0,0,0,24,0
370240,1,1,0,0,0,0,0,0,24,0,0,0
370240,2,1,0,0,0,0,0,0,0,0,0,0
370241,1,1,0,0,0,0,0,0,0,0,0,0
370241,2,1,0,0,0,0,5,0,0,0,0,0
370242,1,1,11,11,11,11,11,11,11,11,11,11
370243,1,1,0,0,0,0,0,0,0,0,0,0
370244,1,1,27,27,27,27,27,27,27,27,27,27
370244,2,1,17,0,0,0,0,0,0,24,0,0
370245,1,1,10,10,10,10,10,10,10,10,10,10
370246,1,1,19,19,19,19,19,19,19,19,19,19
370247,1,1,0,0,0,0,0,0,0,0,0,0
370247,2,1,0,0,0,0,0,0,0,0,0,0
370248,1,1,0,30,18,15,23,0,20,8,8,14
370248,2,1,0,0,0,20,0,0,0,0,0,0
370249,1,1,0,0,0,0,0,0,0,0,0,0
370250,1,1,19,19,19,19,19,19,19,19,19,19
370250,2,1,0,0,0,0,0,28,0,26,0,0
370250,3,1,0,0,0,0,0,0,0,0,0,0
370251,1,1,0,0,0,0,0,0,0,0,0,0
370251,2,1,24,24,24,24,24,24,24,24,24,24
370252,1,1,27,27,27,27,27,27,27,27,27,27
370252,2,1,0,0,0,0,0,0,0,0,9,0
370253,1,1,0,0,0,0,0,0,0,0,0,0
370254,1,1,0,0,0,0,0,0,11,0,0,0
370254,2,1,0,0,0,0,0,0,0,13,0,0
370255,1,1,0,0,0,0,0,0,0,0,0,0
370255,2,1,0,0,0,0,0,0,9,0,0,0
370256,1,1,0,0,0,0,0,0,0,0,0,0
370256,2,1,0,0,0,0,13,0,0,0,0,0
370256,3,1,0,0,10,0,0,0,0,0,0,0
370256,4,1,0,0,0,0,0,0,0,0,0,0
370257,1,1,0,0,0,0,0,0,0,0,0,0
370257,2,1,0,0,0,0,0,13,0,0,0,0
370258,1,1,14,0,0,0,0,0,0,0,10,15
370259,1,1,0,18,0,0,0,0,0,0,0,0
370259,2,1,0,0,0,0,0,0,0,0,0,0
370260,1,1,0,0,0,0,0,0,0,0,0,0
370260,2,1,0,0,0,0,0,0,0,0,0,0
370260,3,1,0,0,0,0,0,0,0,0,0,0
370261,1,1,5,5,5,5,5,5,5,5,5,5
370262,1,1,0,0,0,0,0,0,0,0,0,0
370263,1,1,10,10,10,10,10,10,10,10,10,10
370264,1,1,0,0,0,0,0,0,0,0,0,0
370264,2,1,0,0,0,0,19,0,0,0,0,0
370264,3,1,0,0,0,0,0,0,0,0,0,0
370265,1,1,25,25,25,25,25,25,25,25,25,25
370266,1,1,0,0,0,0,0,0,0,0,0,0
370266,2,1,8,8,8,8,8,8,8,8,8,8
370267,1,1,0,0,0,0,0,0,0,0,0,0
370267,2,1,0,0,0,0,0,0,0,0,0,0
370268,1,1,27,27,27,27,27,27,27,27,27,27
370269,1,1,2,2,2,2,2,2,2,2,2,2
370270,1,1,0,0,0,0,0,0,0,0,0,0
370271,1,1,0,0,0,0,0,0,0,0,0,0
370271,2,1,0,0,0,0,0,0,0,0,0,0
370272,1,1,22,22,22,22,22,22,22,22,22,22
370273,1,1,0,0,0,0,0,0,0,0,0,0
370274,1,1,16,16,16,16,16,16,16,16,16,16
370275,1,1,0,0,0,0,0,0,0,0,0,0
370275,2,1,0,0,0,0,0,0,0,0,0,0
370276,1,1,25,25,25,25,25,25,25,25,25,25
370277,1,1,16,16,16,16,16,16,16,16,16,16
370278,1,1,6,6,6,6,6,6,6,6,6,6
370279,1,1,0,0,0,0,0,0,18,0,0,0
370279,2,1,0,0,0,0,0,0,0,0,0,0
370280,1,1,0,0,0,0,0,0,0,0,0,0
370280,2,1,0,0,0,0,0,0,0,0,0,0
370281,1,1,0,0,0,0,0,0,0,0,0,0
370282,1,1,0,0,0,0,0,0,0,0,0,0
370283,1,1,0,0,0,0,0,0,0,0,0,0
370284,1,1,0,0,0,0,0,0,0,0,0,0
370284,2,1,0,0,0,0,0,0,0,0,12,0
370285,1,1,0,0,0,0,0,0,0,0,0,0
370286,1,1,13,0,4,0,30,7,4,28,3,35
370287,1,1,0,0,0,0,0,0,0,0,0,0
370288,1,1,0,0,0,0,0,0,0,0,0,0
370289,1,1,0,0,0,0,0,0,0,0,0,0
370289,2,1,0,0,0,0,0,0,0,0,0,0
370290,1,1,0,0,0,0,0,0,0,0,4,0
370290,2,1,0,0,0,0,0,0,0,0,0,0
370290,3,1,0,0,0,0,0,0,0,0,0,0
370291,1,1,0,0,0,0,0,0,0,0,0,0
370292,1,1,0,0,0,0,0,0,0,0,0,0
370292,2,1,0,0,0,0,0,0,0,0,0,0
370293,1,1,0,0,0,0,0,0,0,0,0,0
370293,2,1,13,0,0,0,27,0,0,0,0,0
370294,1,1,0,0,0,0,0,0,0,0,0,0
370294,2,1,0,0,0,0,0,0,0,0,0,0
370295,1,1,0,0,0,0,0,0,0,0,0,0
370295,2,1,0,0,0,0,0,0,0,0,0,0
370296,0,1,0,0,0,0,0,0,0,0,0,0
370296,1,1,0,33,0,0,0,0,0,0,0,0
370297,1,1,0,0,0,0,0,0,0,0,0,0
370297,2,1,0,0,0,0,0,0,0,0,0,0
370297,3,1,0,0,0,0,0,0,0,0,0,0
370298,1,1,0,0,10,0,0,0,0,0,0,0
370298,2,1,0,0,0,0,16,0,0,0,0,0
370299,1,1,0,0,0,0,0,0,0,0,0,0
370299,2,1,0,0,0,0,0,0,0,0,0,0
370300,0,1,8,8,8,8,8,8,8,8,8,8
370300,1,1,6,6,6,6,6,6,6,6,6,6
370301,1,1,5,0,0,0,0,0,0,0,0,0
370301,2,1,0,0,0,0,0,0,0,0,0,0
370301,3,1,0,0,0,0,0,0,0,0,0,0
370302,1,1,2,2,2,2,2,2,2,2,2,2
370303,1,1,0,0,0,0,0,0,0,0,0,0
370304,1,1,0,0,0,0,0,0,0,0,0,0
370304,2,1,10,0,0,0,0,0,0,0,0,0
370304,3,1,0,0,0,0,0,0,0,0,0,0
370305,1,1,0,0,0,0,0,0,0,0,6,0
370305,2,1,0,0,0,0,0,0,0,0,0,0
370305,3,1,0,0,0,0,0,0,0,0,0,0
370306,1,1,0,0,0,0,0,19,0,0,0,0
370307,1,1,23,23,23,23,23,23,23,23,23,23
370308,1,1,18,18,18,18,18,18,18,18,18,18
370309,1,1,0,0,0,0,0,0,0,0,0,0
370309,2,1,0,0,0,0,0,0,0,0,0,0
370310,0,1,25,25,25,25,25,25,25,25,25,25
370310,1,1,0,0,12,0,0,10,0,0,0,0
370311,1,1,0,0,0,0,0,0,0,0,0,0
370312,1,1,0,0,0,0,0,0,0,0,0,0
370312,2,1,0,0,0,0,0,0,0,0,0,0
370313,1,1,0,21,0,0,0,0,0,0,0,0
370313,2,1,0,0,0,0,0,0,0,0,0,0
370313,3,1,0,0,0,0,0,0,0,16,0,0
370314,1,1,0,0,0,0,0,0,0,0,0,0
370314,2,1,0,0,22,0,0,0,0,0,0,0
370315,0,1,19,19,19,19,19,19,19,19,19,19
370315,1,1,0,0,14,2,0,0,0,0,0,0
370316,0,1,28,28,28,28,28,28,28,28,28,28
370316,1,1,0,0,0,0,0,0,0,0,0,0
370317,1,1,0,0,0,0,0,0,0,0,0,0
370318,0,1,0,0,0,0,0,0,0,0,0,0
370318,1,1,0,0,0,0,0,0,0,0,0,0
370319,1,1,0,0,0,0,0,0,0,0,0,0
370320,1,1,0,0,0,0,0,0,0,0,0,0
370320,2,1,0,0,0,0,0,0,0,0,0,0
370321,1,1,0,0,0,0,0,0,0,0,0,0
370322,1,1,0,0,0,0,0,0,0,0,0,0
370322,2,1,0,0,0,0,0,0,0,0,0,0
370323,1,1,0,0,0,0,0,0,0,0,0,0
370323,2,1,22,22,22,22,22,22,22,22,22,22
370324,1,1,0,0,0,0,0,0,0,0,0,0
370324,2,1,0,0,0,0,0,0,0,0,0,0
370325,1,1,9,15,12,19,7,15,11,17,10,19
370326,1,1,15,15,15,15,15,15,15,15,15,15
370326,2,1,8,0,0,0,0,0,0,0,0,0
370327,1,1,25,25,25,25,25,25,25,25,25,25
370328,1,1,0,0,0,0,0,0,0,0,0,0
370328,2,1,0,0,0,0,0,0,0,0,0,0
370329,1,1,0,0,0,0,0,0,0,0,0,0
370329,2,1,0,0,0,0,0,0,0,0,0,0
370330,1,1,0,0,0,0,0,0,0,0,0,0
370330,2,1,0,0,0,0,0,0,0,0,0,0
370331,1,1,0,0,0,0,0,0,0,0,0,0
370331,2,1,0,0,0,0,0,0,0,0,0,0
370331,3,1,0,0,0,0,0,0,0,0,0,0
370332,1,1,2,2,2,2,2,2,2,2,2,2
370332,2,1,0,0,0,0,0,0,0,0,0,0
370333,1,1,21,21,21,21,21,21,21,21,21,21
370333,2,1,0,0,0,0,0,0,0,0,0,0
370334,1,1,0,0,0,0,0,0,0,0,0,0
370334,2,1,0,0,0,0,0,0,5,0,0,0
370335,1,1,0,0,0,0,0,0,0,0,0,0
370335,2,1,0,0,0,0,0,0,0,0,0,0
370336,1,1,0,0,0,0,0,14,0,0,0,0
370336,2,1,0,0,0,0,0,0,0,0,0,0
370337,1,1,29,29,29,29,29,29,29,29,29,29
370338,1,1,0,0,0,0,0,0,0,0,0,0
370338,2,1,0,0,0,0,0,0,0,0,0,0
370339,1,1,3,23,0,0,11,0,0,0,0,0
370339,2,1,0,0,0,0,0,0,0,0,0,0
370340,0,1,24,0,0,0,0,0,0,0,0,0
370340,1,1,0,0,0,0,0,0,0,0,13,0
370341,0,1,28,28,28,28,28,28,28,28,28,28
370341,1,1,0,0,0,0,0,0,0,0,12,0
370342,1,1,0,0,0,0,0,0,0,0,0,0
370343,1,1,0,0,0,0,0,0,0,0,0,0
370343,2,1,0,0,0,0,0,0,0,0,0,0
370344,1,1,0,0,0,0,0,0,0,0,0,0
370344,2,1,0,0,0,0,18,0,0,0,0,0
370344,3,1,0,0,0,0,0,0,0,0,0,0
370345,0,1,15,15,15,15,15,15,15,15,15,15
370345,1,1,0,0,0,0,0,0,0,0,0,0
370346,1,1,0,0,0,0,0,0,0,0,0,0
370346,2,1,0,0,0,0,0,0,0,0,0,0
370347,0,1,0,0,0,0,0,0,0,0,0,0
370347,1,1,0,0,24,0,0,0,0,8,0,0
370348,1,1,0,0,0,0,0,0,0,0,0,0
370348,2,1,0,5,0,0,0,5,0,5,17,0
370349,1,1,0,0,0,0,0,0,0,0,0,0
370350,1,1,0,0,0,0,0,0,45,0,0,0
370350,2,1,0,0,0,0,0,0,0,0,0,0
370351,1,1,0,0,0,0,0,0,0,0,0,0
370352,1,1,0,0,0,0,0,0,0,0,0,0
370352,2,1,0,0,0,0,0,0,0,0,0,0
370352,3,1,0,0,0,0,0,0,0,0,0,0
370353,1,1,0,0,0,0,0,0,0,0,0,0
370353,2,1,0,0,0,0,0,0,0,0,0,0
370354,1,1,0,0,0,0,0,0,0,0,0,0
370355,1,1,8,8,8,8,8,8,8,8,8,8
370355,2,1,0,0,0,0,0,0,0,0,0,3
370356,1,1,0,0,0,0,0,0,0,0,0,0
370357,1,1,0,0,0,0,0,0,0,0,0,0
370357,2,1,0,0,0,19,0,0,0,0,0,0
370358,1,1,22,22,22,22,22,22,22,22,22,22
370359,1,1,0,0,0,0,0,0,0,0,0,0
370359,2,1,9,9,9,9,9,9,9,9,9,9
370360,1,1,0,0,0,0,0,18,0,0,0,0
370361,1,1,19,19,19,19,19,19,19,19,19,19
370362,1,1,0,0,0,0,0,0,0,0,0,0
370362,2,1,0,0,0,0,0,2,0,0,0,0
370363,1,1,16,16,11,0,13,12,17,13,33,7
370364,1,1,21,21,21,21,21,21,21,21,21,21
370365,1,1,0,0,0,0,0,0,0,0,0,0
370366,1,1,8,0,0,0,0,0,0,0,0,0
370367,1,1,14,14,14,14,14,14,14,14,14,14
370368,1,1,0,0,0,0,0,0,0,0,0,0
370368,2,1,0,0,0,0,0,0,0,0,0,0
370369,1,1,15,15,15,15,15,15,15,15,15,15
370370,1,1,0,0,15,8,0,0,0,0,0,0
370371,1,1,0,0,0,0,0,0,0,0,0,0
370372,1,1,27,27,27,27,27,27,27,27,27,27
370373,1,1,15,15,15,15,15,15,15,15,15,15
370374,1,1,19,19,19,19,19,19,19,19,19,19
370375,1,1,14,5,12,16,9,18,20,20,13,17
370376,0,1,27,27,27,27,27,27,27,27,27,27
370376,1,1,0,0,0,8,0,0,0,0,0,0
370377,1,1,0,0,0,0,0,0,0,0,0,0
370377,2,1,0,0,0,0,0,0,0,0,0,0
370378,1,1,0,0,0,0,0,0,0,5,0,0
370378,2,1,0,0,0,0,0,0,0,0,0,0
370379,1,1,0,0,0,0,0,0,0,0,0,0
370379,2,1,9,9,9,9,9,9,9,9,9,9
370380,0,1,10,10,10,10,10,10,10,10,10,10
370380,1,1,0,17,18,0,0,0,0,23,0,0
370381,1,1,16,2,14,11,5,13,24,6,2,3
370382,1,1,0,0,0,0,0,0,0,0,0,0
370382,2,1,0,0,0,0,0,0,0,0,0,0
370382,3,1,0,0,0,0,0,0,0,0,0,0
370383,0,1,0,0,0,0,0,0,0,0,0,0
370383,1,1,0,0,0,0,0,0,0,0,0,0
370384,1,1,0,0,0,0,0,0,0,0,0,0
370384,2,1,30,30,30,30,30,30,30,30,30,30
370385,1,1,0,0,0,0,0,0,0,0,0,0
370385,2,1,0,7,0,0,0,0,0,0,0,0
370386,1,1,0,0,0,0,0,0,0,0,0,0
370387,1,1,0,0,0,0,0,0,0,0,0,0
370388,0,1,0,0,0,0,0,0,0,0,0,0
370388,1,1,0,0,0,0,0,0,10,0,0,0
370389,1,1,9,9,9,9,9,9,9,9,9,9
370389,2,1,0,0,0,0,0,0,0,0,0,0
370390,1,1,0,0,0,0,0,0,0,0,0,0
370391,1,1,0,0,0,0,0,0,0,0,0,0
370391,2,1,0,0,0,0,0,0,10,0,0,0
370391,3,1,0,0,17,0,0,0,0,0,0,0
370392,1,1,11,11,11,11,11,11,11,11,11,11
370393,1,1,0,0,0,0,0,0,0,0,0,0
370393,2,1,0,0,0,0,0,0,0,0,0,0
370394,1,1,0,0,0,0,0,0,0,0,0,0
370394,2,1,0,0,0,0,0,0,0,0,0,0
370395,1,1,15,15,15,15,15,15,15,15,15,15
370396,1,1,0,0,0,0,0,0,0,0,0,0
370396,2,1,0,0,0,0,0,0,0,0,0,0
370396,3,1,0,0,0,0,0,0,0,0,0,0
370397,1,1,0,0,0,0,0,0,0,0,0,0
370398,1,1,24,24,24,24,24,24,24,24,24,24
370399,1,1,30,0,0,0,0,0,0,0,0,0
370399,2,1,0,0,0,0,0,0,0,0,0,0
370400,1,1,0,0,0,0,0,0,0,0,0,0
370400,2,1,0,0,0,0,0,0,0,0,0,0
370400,3,1,0,0,0,0,0,0,0,0,0,0
370400,4,1,0,0,0,0,0,0,0,0,0,0
370401,1,1,11,11,11,11,11,11,11,11,11,11
370402,1,1,0,0,0,0,0,0,0,0,0,0
370402,2,1,0,0,0,0,0,0,0,0,0,0
370403,1,1,0,0,0,0,0,0,0,0,0,0
370403,2,1,0,0,0,0,0,0,0,0,0,0
370403,3,1,0,0,0,0,0,0,0,0,0,0
370403,4,1,0,0,19,0,0,0,0,0,0,0
370404,1,1,0,0,0,0,0,0,0,0,0,0
370404,2,1,0,0,0,0,0,0,0,0,0,0
370405,1,1,0,0,4,0,0,0,0,0,0,19
370406,1,1,12,12,12,12,12,12,12,12,12,12
370407,1,1,0,1,0,0,0,0,0,0,0,0
370407,2,1,0,0,0,0,0,0,0,0,0,0
370408,1,1,0,0,21,19,11,3,9,0,0,8
370409,0,1,8,8,8,8,8,8,8,8,8,8
370409,1,1,0,0,0,0,0,0,0,0,0,0
370410,1,1,14,14,14,14,14,14,14,14,14,14
370411,1,1,2,2,2,2,2,2,2,2,2,2
370412,1,1,5,5,5,5,5,5,5,5,5,5
370412,2,1,0,0,0,0,0,0,0,0,0,0
370412,3,1,0,0,0,0,0,0,0,0,0,0
370413,1,1,0,0,0,0,0,13,0,0,0,0
370413,2,1,9,9,9,9,9,9,9,9,9,9
370414,1,1,0,0,0,0,0,0,0,0,0,0
370415,1,1,0,0,0,0,0,0,0,0,0,0
370416,1,1,0,0,0,0,0,0,0,0,0,0
370417,1,1,0,0,0,0,0,0,0,0,0,0
370418,1,1,16,16,16,16,16,16,16,16,16,16
370419,1,1,0,0,0,0,0,0,0,0,0,0
370419,2,1,0,16,0,0,0,0,0,0,0,0
370420,1,1,19,19,19,19,19,19,19,19,19,19
370421,1,1,0,0,0,0,0,0,0,0,0,0
370421,2,1,0,9,0,0,0,0,0,0,0,0
370422,1,1,0,0,0,0,0,0,0,0,0,0
370423,1,1,13,13,13,13,13,13,13,13,13,13
370423,2,1,0,0,0,0,0,0,0,0,0,0
370424,0,1,0,0,0,0,0,0,0,0,0,0
370424,1,1,0,0,0,0,0,0,0,0,0,0
370425,1,1,4,4,4,4,4,4,4,4,4,4
370426,1,1,0,0,0,0,0,0,0,0,0,0
370427,1,1,11,11,11,11,11,11,11,11,11,11
370428,1,1,25,27,27,15,17,0,10,6,10,31
370428,2,1,0,0,0,0,0,0,0,0,0,0
370429,1,1,0,0,0,0,0,0,0,0,0,0
370429,2,1,0,0,0,0,0,0,0,0,0,0
370430,1,1,8,8,8,8,8,8,8,8,8,8
370431,1,1,0,0,0,0,0,19,0,0,0,0
370432,0,1,0,0,0,0,0,0,0,0,0,0
370432,1,1,0,0,0,0,0,0,0,0,0,0
370433,1,1,18,18,18,18,18,18,18,18,18,18
370434,1,1,0,0,0,0,0,0,0,0,0,0
370434,2,1,0,0,0,0,0,0,0,0,0,0
370435,1,1,8,8,8,8,8,8,8,8,8,8
370436,1,1,0,0,0,0,0,0,0,0,0,0
370437,1,1,0,0,0,0,0,3,0,11,0,0
370437,2,1,0,0,0,0,0,0,0,0,0,0
370438,1,1,0,0,0,0,0,0,0,0,0,0
370439,1,1,0,0,0,0,0,0,0,0,0,0
370440,1,1,0,0,0,0,0,0,0,0,0,0
370440,2,1,6,0,0,0,0,0,0,0,0,0
370440,3,1,0,0,0,0,5,0,0,0,0,0
370440,4,1,0,0,0,0,0,0,0,21,0,0
370441,0,1,0,0,0,0,0,0,0,0,0,0
370441,0,2,0,0,0,0,0,0,0,0,0,0
370441,1,1,0,0,0,0,0,0,0,0,0,0
370442,1,1,0,0,0,0,0,0,0,0,0,0
370443,1,1,0,0,0,0,0,0,0,0,0,0
370443,2,1,0,0,0,0,0,0,0,0,0,0
370444,0,1,0,0,0,0,0,0,0,0,0,0
370444,1,1,0,0,0,0,0,0,11,0,0,0
370445,1,1,0,0,0,0,0,0,0,0,0,0
370445,2,1,0,0,10,0,0,6,0,0,0,0
370446,0,1,0,0,0,0,0,0,0,0,0,0
370446,1,1,22,0,0,0,5,0,23,0,0,0
370447,1,1,0,0,0,0,0,0,0,0,0,0
370448,1,1,0,0,0,0,0,0,0,0,0,0
370448,2,1,0,18,0,0,0,0,0,12,0,0
370449,1,1,15,15,15,15,15,15,15,15,15,15
370449,2,1,0,0,0,0,0,0,0,0,0,0
370450,1,1,0,0,0,0,0,0,0,0,0,0
370451,0,1,0,0,0,0,0,0,0,0,0,0
370451,1,1,0,0,0,0,0,0,0,0,0,0
370452,1,1,0,0,0,0,0,0,0,0,0,0
370453,1,1,0,0,0,0,0,0,0,0,0,0
370453,2,1,0,0,0,0,0,0,0,0,0,0
370454,1,1,0,19,0,0,0,35,4,0,20,0
370455,1,1,0,0,0,0,0,9,0,0,0,0
370456,1,1,0,0,0,0,0,0,0,0,0,0
370457,1,1,0,0,0,0,0,0,0,0,0,0
370457,2,1,0,0,0,0,0,0,0,0,0,0
370458,0,1,17,17,17,17,17,17,17,17,17,17
370458,1,1,0,0,0,0,0,0,0,0,0,0
370459,1,1,17,13,29,19,0,3,18,5,20,11
370459,2,1,0,0,0,0,0,0,0,0,0,0
370460,1,1,0,0,0,0,0,0,0,0,0,0
370460,2,1,0,0,0,0,0,0,10,0,0,0
370461,1,1,0,0,0,0,0,0,0,0,0,0
370461,2,1,0,0,0,0,0,0,0,0,0,0
370462,1,1,0,0,0,0,0,0,0,0,0,0
370462,2,1,19,0,0,0,0,0,0,20,0,0
370463,0,1,26,26,26,26,26,26,26,26,26,26
370463,1,1,0,0,0,0,0,0,0,0,0,0
370464,0,1,0,0,0,0,0,0,0,0,0,0
370464,1,1,0,8,16,0,15,0,0,0,0,0
370465,1,1,0,0,0,0,0,0,0,5,0,0
370466,1,1,24,24,24,24,24,24,24,24,24,24
370466,2,1,0,4,0,15,0,13,0,0,10,0
370467,1,1,28,28,28,28,28,28,28,28,28,28
370468,1,1,0,0,0,0,0,0,0,0,0,0
370469,1,1,0,0,0,0,0,0,0,0,0,0
370470,1,1,0,0,0,0,0,0,0,0,0,0
370470,2,1,0,0,0,0,0,0,0,0,0,0
370470,3,1,0,0,0,0,0,0,0,0,11,0
370471,1,1,16,9,0,0,0,3,0,0,0,0
370472,1,1,6,22,19,16,9,26,0,17,14,20
370473,1,1,0,0,0,0,0,8,19,20,10,12
370473,2,1,20,0,0,0,0,0,0,0,0,0
370474,1,1,0,0,0,0,0,0,0,0,0,0
370475,1,1,0,0,0,0,0,0,0,0,0,0
370475,2,1,0,0,0,0,0,0,0,0,0,0