ST_CASE,VEH_NO,PER_NO,P1,P2,P3,P4,P5,P6,P7,P8,P9,P10
370476,1,1,17,17,17,17,17,17,17,17,17,17
370477,1,1,0,0,0,0,0,0,0,0,0,0
370478,1,1,0,0,0,0,0,0,0,0,0,0
370478,2,1,0,0,0,0,0,0,0,0,0,0
370479,1,1,0,0,0,0,0,0,0,0,0,0
370479,2,1,0,0,0,0,0,0,0,0,0,0
370480,1,1,0,0,0,0,26,0,0,0,0,0
370480,2,1,19,0,0,0,0,0,0,0,0,0
370481,1,1,0,0,0,0,0,0,0,0,0,0
370481,2,1,0,0,0,0,0,0,0,0,0,0
370481,3,1,0,0,0,0,0,0,0,0,0,0
370481,4,1,0,0,0,0,0,0,0,0,0,0
370482,1,1,0,0,0,0,0,0,0,0,0,0
370482,2,1,0,0,0,12,0,0,0,0,0,0
370483,1,1,0,0,0,0,0,0,0,0,0,0
370484,0,1,2,2,2,2,2,2,2,2,2,2
370484,1,1,0,12,0,0,0,0,0,0,0,0
370485,1,1,0,0,0,0,0,0,0,0,0,0
370486,1,1,0,0,0,0,0,0,0,0,0,0
370486,2,1,0,0,0,0,0,0,0,0,0,0
370487,1,1,8,25,20,20,8,13,12,7,14,8
370488,1,1,0,0,0,0,0,0,0,0,0,0
370489,1,1,0,0,0,0,0,0,0,0,11,0
370489,2,1,0,0,0,0,0,0,0,0,11,0
370490,1,1,16,16,16,16,16,16,16,16,16,16
370490,2,1,9,9,9,9,9,9,9,9,9,9
370491,1,1,0,0,0,0,0,0,0,0,0,0
370491,2,1,0,0,0,0,0,0,0,0,0,0
370492,1,1,0,0,0,0,0,0,0,0,0,0
370492,2,1,6,6,6,6,6,6,6,6,6,6
370493,1,1,0,0,0,0,0,0,0,0,0,0
370494,1,1,0,0,0,0,0,0,0,0,0,0
370494,2,1,0,0,0,0,0,0,14,0,0,0
370494,3,1,0,0,0,0,0,0,0,0,0,0
370495,1,1,0,0,0,0,0,0,0,0,0,0
370496,1,1,3,3,3,3,3,3,3,3,3,3
370496,2,1,0,0,0,0,0,0,0,0,0,0
370497,1,1,0,0,0,0,0,19,0,8,14,0
370497,2,1,0,0,0,0,0,0,0,0,0,0
370498,1,1,0,0,0,0,0,0,0,0,0,0
370498,2,1,0,0,0,0,0,0,0,0,0,0
370499,1,1,0,0,0,0,0,0,0,0,0,0
370500,1,1,0,0,0,0,0,0,0,0,0,0
370501,1,1,0,0,0,0,9,0,0,0,0,0
370501,2,1,0,0,0,0,0,0,0,0,0,0
370502,1,1,0,0,0,0,0,0,0,0,0,0
370502,2,1,13,0,0,0,0,0,0,0,0,0
370503,1,1,0,0,0,0,0,0,0,0,0,0
370503,2,1,0,16,0,0,12,0,0,0,0,21
370504,1,1,0,0,0,0,0,0,0,0,0,0
370504,2,1,0,0,0,0,0,0,0,0,0,0
370505,1,1,19,10,0,25,0,15,7,17,18,24
370505,2,1,0,0,0,0,0,0,0,0,0,0
370506,1,1,0,0,0,0,0,0,0,0,0,0
370506,2,1,13,13,13,13,13,13,13,13,13,13
370507,1,1,29,29,29,29,29,29,29,29,29,29
370508,1,1,1,1,1,1,1,1,1,1,1,1
370509,1,1,21,10,11,16,24,25,0,5,20,11
370510,1,1,0,0,0,0,0,0,0,0,0,0
370510,2,1,0,0,0,0,0,0,0,0,0,0
370511,1,1,14,9,10,8,6,11,8,14,9,17
370512,0,1,0,0,0,0,0,0,0,0,0,0
370512,1,1,0,0,0,0,0,0,0,0,0,0
370512,2,1,0,0,0,0,0,0,0,0,0,0
370513,2,1,0,0,0,0,0,0,0,0,0,0
370514,1,1,21,17,37,24,27,9,14,12,25,6
370515,1,1,24,24,24,24,24,24,24,24,24,24
370515,2,1,0,0,0,0,0,0,0,0,12,0
370516,1,1,0,0,0,0,0,0,0,0,0,0
370516,2,1,0,0,0,0,0,0,0,0,0,0
370517,1,1,0,0,0,0,0,0,0,0,0,0
370517,2,1,0,0,0,0,0,0,0,0,25,0
370518,1,1,0,0,0,0,0,0,0,0,0,0
370518,2,1,0,0,0,0,0,0,0,0,0,0
370519,1,1,0,0,0,0,0,0,17,0,0,0
370519,2,1,0,0,0,0,0,0,0,0,0,0
370520,1,1,32,32,32,32,32,32,32,32,32,32
370521,1,1,0,0,0,0,0,0,0,0,0,0
370521,2,1,0,0,0,0,0,0,0,0,0,0
370521,3,1,0,3,0,0,6,0,0,5,0,0
370522,1,1,0,0,39,11,0,0,0,0,0,0
370522,2,1,0,0,0,0,0,0,0,0,0,0
370523,1,1,14,6,22,10,19,7,11,2,19,3
370524,1,1,21,21,21,21,21,21,21,21,21,21
370524,2,1,0,0,0,0,0,0,0,0,0,0
370525,1,1,0,0,0,0,0,0,0,15,0,0
370525,2,1,0,0,0,0,0,0,0,0,0,0
370525,3,1,0,0,0,0,0,0,0,0,0,0
370526,1,1,0,0,28,24,0,4,0,0,0,0
370526,2,1,0,0,0,0,0,0,0,0,0,0
370527,1,1,0,0,8,0,0,0,0,0,0,0
370527,2,1,0,0,0,0,0,0,0,0,0,0
370528,1,1,13,13,13,13,13,13,13,13,13,13
370529,1,1,8,8,8,8,8,8,8,8,8,8
370529,2,1,0,11,14,24,9,0,0,0,0,0
370530,1,1,20,20,20,20,20,20,20,20,20,20
370531,1,1,18,18,18,18,18,18,18,18,18,18
370532,0,1,0,0,0,0,0,0,0,0,0,0
370532,1,1,0,0,0,0,0,0,0,0,0,0
370533,1,1,0,0,0,20,0,0,0,17,17,0
370533,2,1,0,0,0,0,0,0,0,0,0,0
370534,1,1,0,12,0,0,4,0,0,0,0,0
370535,1,1,25,25,25,25,25,25,25,25,25,25
370536,1,1,0,0,0,16,0,0,0,0,0,0
370537,1,1,0,0,0,0,0,0,0,0,0,0
370537,2,1,0,0,0,0,0,0,0,0,0,0
370538,1,1,0,0,0,0,0,0,0,0,0,0
370539,1,1,0,0,0,0,0,0,0,0,0,0
370539,2,1,0,0,0,0,0,0,0,0,0,0
370539,3,1,0,10,0,0,0,0,0,0,0,0
370539,4,1,0,0,0,0,0,0,0,0,0,0
370540,0,1,32,32,32,32,32,32,32,32,32,32
370540,1,1,0,0,0,0,0,0,0,0,0,0
370541,1,1,0,0,0,0,0,0,0,0,0,0
370542,1,1,0,0,0,0,0,0,0,0,0,0
370543,1,1,0,0,0,0,0,0,0,0,0,0
370544,1,1,23,23,23,23,23,23,23,23,23,23
370545,1,1,0,0,0,0,0,0,0,0,0,0
370545,2,1,0,0,0,0,0,0,0,0,0,0
370546,1,1,7,7,7,7,7,7,7,7,7,7
370546,2,1,8,8,8,8,8,8,8,8,8,8
370547,1,1,14,14,14,14,14,14,14,14,14,14
370548,1,1,21,21,21,21,21,21,21,21,21,21
370549,1,1,20,20,20,20,20,20,20,20,20,20
370550,0,1,0,0,0,0,0,0,0,0,0,0
370550,1,1,0,9,0,0,0,0,0,0,0,0
370551,1,1,0,0,0,0,0,0,0,0,0,0
370551,2,1,0,0,0,0,0,0,0,0,0,0
370552,1,1,6,20,34,14,22,11,17,21,12,15
370552,2,1,0,0,0,0,0,0,0,0,0,0
370552,3,1,0,0,0,0,0,0,0,0,0,0
370553,1,1,7,12,14,7,15,17,9,4,4,24
370553,2,1,0,0,11,0,7,0,0,0,0,0
370554,1,1,12,12,12,12,12,12,12,12,12,12
370555,0,1,0,0,0,15,0,8,0,0,18,0
370555,1,1,0,0,0,0,0,0,0,0,0,0
370556,1,1,26,20,9,0,14,9,46,11,8,7
370557,1,1,0,0,0,0,0,0,0,0,0,0
370557,2,1,13,0,0,0,0,0,0,0,0,0
370558,1,1,27,28,10,17,15,18,4,25,0,17
370558,2,1,0,0,0,0,0,0,0,0,0,0
370558,3,1,0,0,0,0,0,0,0,0,0,0
370559,1,1,0,0,0,0,0,0,0,0,0,0
370560,1,1,0,0,0,0,0,0,0,0,0,0
370560,2,1,0,0,0,0,0,0,0,0,0,0
370561,1,1,17,0,0,8,29,0,26,0,0,22
370561,2,1,0,0,0,0,0,0,0,0,0,0
370562,1,1,9,42,21,19,29,16,13,15,16,13
370562,2,1,0,0,0,0,0,0,0,0,0,0
370563,1,1,0,0,0,0,0,0,0,0,0,0
370563,2,1,0,0,0,0,0,0,42,0,0,0
370564,0,1,0,0,0,0,0,0,0,0,0,0
370564,1,1,21,0,0,0,0,0,0,0,0,0
370565,1,1,0,0,0,0,0,0,0,0,0,0
370565,2,1,0,0,0,0,0,0,0,0,0,0
370566,1,1,5,15,29,17,6,9,19,10,26,40
370567,0,1,25,25,25,25,25,25,25,25,25,25
370567,1,1,3,0,0,0,0,0,0,0,0,0
370568,1,1,22,22,22,22,22,22,22,22,22,22
370569,1,1,0,0,0,0,0,0,0,0,0,0
370570,1,1,0,0,0,0,0,0,0,0,0,0
370570,2,1,0,0,0,0,0,0,0,0,0,0
370571,0,1,0,0,0,0,0,0,0,0,0,0
370571,0,2,5,5,5,5,5,5,5,5,5,5
370571,1,1,7,9,9,0,8,14,13,2,37,9
370572,1,1,0,0,0,0,0,0,0,0,0,0
370572,2,1,0,9,0,0,0,0,0,0,0,13
370573,1,1,19,16,14,4,5,9,0,8,10,32
370574,0,1,31,31,31,31,31,31,31,31,31,31
370574,1,1,0,0,0,0,0,0,0,0,0,0
370575,1,1,0,0,28,26,0,0,0,0,0,0
370576,1,1,0,0,19,0,0,0,0,0,0,0
370576,2,1,0,20,0,18,0,0,0,0,0,0
370576,3,1,0,0,0,0,0,0,0,0,0,15
370577,1,1,24,24,24,24,24,24,24,24,24,24
370577,2,1,10,0,0,8,0,0,0,15,0,0
370578,1,1,0,0,0,0,0,0,0,0,0,0
370579,1,1,0,0,0,0,0,13,0,0,0,6
370580,1,1,0,0,0,0,0,0,23,0,0,0
370580,2,1,0,0,0,0,0,0,0,0,0,0
370582,0,1,0,0,0,0,0,0,0,0,0,0
370582,1,1,4,6,4,6,25,23,8,20,0,2
370583,1,1,0,0,0,0,0,0,0,0,0,0
370583,2,1,0,0,0,0,0,0,0,0,0,0
370583,3,1,0,0,0,0,0,0,13,0,0,0
370584,1,1,0,0,0,0,0,0,0,0,0,0
370585,1,1,14,14,14,14,14,14,14,14,14,14
370586,1,1,0,0,0,0,0,0,0,0,0,0
370587,0,1,5,5,5,5,5,5,5,5,5,5
370587,1,1,0,0,0,0,0,0,0,10,0,10
370588,1,1,0,0,0,0,0,0,0,0,0,0
370588,2,1,0,0,0,0,0,0,23,0,42,4
370589,1,1,0,0,0,0,0,0,0,0,0,0
370589,2,1,0,0,0,0,0,0,0,0,0,0
370590,1,1,0,0,0,0,0,0,0,0,0,0
370590,2,1,0,0,0,0,0,0,0,0,0,0
370591,1,1,0,0,0,0,0,0,0,0,0,0
370592,1,1,0,0,0,0,0,0,0,0,0,0
370592,2,1,0,0,0,0,0,24,7,0,0,0
370593,1,1,19,19,19,19,19,19,19,19,19,19
370593,2,1,0,0,0,0,0,0,0,0,0,0
370594,1,1,0,0,0,0,0,0,0,0,0,0
370595,1,1,0,0,0,0,0,0,0,0,0,0
370596,1,1,25,25,25,25,25,25,25,25,25,25
370597,1,1,26,26,26,26,26,26,26,26,26,26
370598,1,1,16,16,16,16,16,16,16,16,16,16
370598,2,1,0,0,0,0,0,0,0,0,0,0
370599,1,1,0,0,0,0,0,0,0,0,0,0
370599,2,1,0,0,0,0,0,0,0,0,0,0
370600,1,1,0,0,0,0,0,0,0,0,0,0
370600,2,1,0,0,0,0,0,0,0,0,0,0
370601,1,1,12,12,12,12,12,12,12,12,12,12
370602,1,1,0,0,0,0,0,0,0,0,0,0
370603,1,1,0,0,0,0,0,0,0,0,0,0
370603,2,1,0,0,0,0,0,0,0,0,0,0
370604,0,1,0,0,0,0,0,0,0,0,0,0
370604,1,1,0,0,0,0,0,0,0,0,0,0
370605,0,1,0,0,0,0,0,0,0,0,0,0
370605,1,1,19,19,24,5,15,8,8,10,10,20
370606,1,1,0,0,0,0,0,0,0,0,0,0
370606,2,1,0,0,0,0,0,0,0,0,0,0
370607,0,1,0,0,0,0,0,0,0,0,0,0
370607,1,1,0,0,0,0,0,0,0,0,0,0
370608,1,1,0,0,0,0,0,2,0,0,6,9
370608,2,1,0,0,0,0,0,0,0,0,0,0
370609,1,1,14,14,14,14,14,14,14,14,14,14
370610,1,1,2,2,2,2,2,2,2,2,2,2
370611,1,1,18,18,18,18,18,18,18,18,18,18
370612,1,1,0,0,0,0,0,0,0,0,0,0
370613,0,1,0,0,0,0,0,0,0,0,0,0
370613,1,1,0,0,6,0,0,0,0,0,0,0
370614,1,1,11,11,11,11,11,11,11,11,11,11
370615,1,1,0,0,0,0,0,0,0,0,0,0
370615,2,1,0,0,0,0,0,0,0,0,0,0
370616,1,1,18,18,18,18,18,18,18,18,18,18
370617,0,1,24,24,24,24,24,24,24,24,24,24
370617,1,1,0,9,0,0,3,0,0,0,0,0
370618,1,1,19,6,13,23,15,6,11,11,15,4
370619,1,1,0,0,0,0,0,0,0,0,0,0
370620,1,1,0,0,0,6,0,0,0,0,0,0
370620,2,1,0,0,0,0,0,0,0,0,0,0
370622,1,1,0,0,0,0,0,0,0,0,0,0
370622,2,1,0,0,0,0,0,0,0,0,0,0
370623,1,1,0,0,0,0,0,0,0,0,0,0
370623,2,1,0,0,0,0,14,0,0,0,0,0
370624,1,1,0,0,0,0,0,0,0,0,0,0
370625,1,1,0,0,0,0,0,0,0,0,0,0
370625,2,1,5,0,0,0,0,0,0,0,0,0
370626,1,1,0,0,0,0,0,0,0,0,0,0
370627,0,1,0,0,0,0,0,0,0,0,0,0
370627,0,2,0,0,0,0,0,0,0,0,0,0
370627,0,3,4,4,4,4,4,4,4,4,4,4
370627,0,4,0,0,0,0,0,0,0,0,0,0
370627,0,5,0,0,0,0,0,0,0,0,0,24
370627,0,6,0,32,0,0,9,0,0,7,0,0
370627,0,7,0,0,0,0,0,0,13,0,0,16
370627,1,1,0,0,0,0,0,0,0,0,0,0
370628,1,1,0,0,0,0,0,0,0,0,0,0
370629,0,1,13,13,13,13,13,13,13,13,13,13
370629,1,1,0,0,0,0,0,0,0,0,0,0
370630,1,1,0,0,0,0,0,0,0,0,0,0
370630,2,1,0,0,0,0,0,0,0,0,0,0
370631,0,1,18,18,18,18,18,18,18,18,18,18
370631,1,1,29,0,0,0,0,0,11,24,15,0
370632,1,1,0,0,0,0,0,0,0,0,0,0
370632,2,1,11,11,11,11,11,11,11,11,11,11
370633,1,1,0,0,0,0,0,0,0,0,0,0
370633,2,1,0,0,11,0,0,22,0,13,0,0
370634,0,1,10,10,10,10,10,10,10,10,10,10
370634,1,1,0,0,0,0,0,0,0,0,0,0
370635,1,1,0,0,0,0,0,0,0,0,0,0
370636,0,1,0,0,0,0,0,0,0,0,0,0
370636,1,1,0,16,14,16,0,17,17,17,0,0
370637,0,1,0,0,0,0,0,0,0,0,0,0
370637,1,1,0,0,0,0,0,25,0,0,0,0
370637,2,1,0,0,0,23,0,0,0,0,0,0
370638,1,1,0,0,0,0,0,0,0,0,0,0
370638,2,1,20,20,20,20,20,20,20,20,20,20
370639,1,1,17,17,17,17,17,17,17,17,17,17
370639,2,1,0,0,0,0,0,0,0,0,0,0
370640,1,1,18,18,18,18,18,18,18,18,18,18
370640,2,1,0,0,0,0,0,0,0,0,0,0
370641,1,1,11,11,11,11,11,11,11,11,11,11
370642,1,1,6,18,21,29,9,14,23,11,17,18
370642,2,1,0,0,0,0,0,0,0,0,0,0
370643,1,1,0,0,0,0,0,0,0,0,0,0
370643,2,1,0,0,0,0,0,12,0,0,0,0
370644,0,1,6,6,6,6,6,6,6,6,6,6
370644,1,1,21,0,0,0,0,0,0,0,0,0
370645,1,1,0,0,0,0,0,0,0,0,0,0
370646,1,1,18,18,18,18,18,18,18,18,18,18
370647,0,1,0,0,0,0,0,0,0,0,0,0
370647,1,1,0,11,0,0,0,0,0,0,0,0
370648,1,1,16,16,16,16,16,16,16,16,16,16
370649,1,1,0,0,0,0,0,12,0,14,0,0
370649,2,1,0,0,0,0,0,0,0,0,0,0
370650,0,1,22,22,22,22,22,22,22,22,22,22
370650,1,1,0,0,0,0,0,0,0,0,0,0
370651,1,1,8,8,8,8,8,8,8,8,8,8
370652,2,1,0,0,0,0,0,0,0,0,0,0
370653,1,1,0,0,0,0,0,0,0,0,0,0
370654,1,1,9,9,0,17,27,3,5,20,5,4
370654,2,1,0,0,0,0,0,26,0,0,0,0
370655,1,1,0,0,0,0,0,0,0,0,0,0
370655,2,1,0,0,0,0,0,0,0,0,0,0
370655,3,1,0,0,0,0,0,0,0,0,0,0
370656,1,1,0,0,0,0,0,0,0,0,0,0
370656,2,1,0,0,0,0,0,0,0,0,0,0
370657,1,1,0,0,0,0,0,0,0,0,0,0
370658,1,1,12,12,12,12,12,12,12,12,12,12
370658,2,1,0,0,0,0,0,0,0,0,0,0
370659,1,1,5,2,6,15,19,26,12,19,16,18
370660,1,1,0,0,0,0,0,0,0,0,0,0
370661,1,1,0,0,0,0,0,0,10,0,0,0
370661,2,1,0,0,0,0,0,0,0,0,0,0
370661,3,1,0,0,0,0,0,0,0,0,0,0
370662,1,1,7,0,22,14,14,0,6,25,15,12
370663,1,1,18,11,14,22,18,17,37,17,17,6
370663,2,1,0,0,0,0,0,0,0,0,0,0
370663,3,1,0,0,13,0,0,0,0,0,4,0
370664,1,1,0,0,0,0,0,0,0,0,0,0
370664,2,1,0,0,0,0,0,0,0,0,0,0
370665,0,1,0,0,0,0,0,0,0,0,0,0
370665,1,1,0,0,0,0,0,0,0,0,0,0
370666,1,1,0,0,0,0,0,0,0,0,0,0
370666,2,1,0,0,0,0,0,0,0,0,0,0
370667,1,1,0,0,0,0,0,0,0,0,0,0
370667,2,1,0,0,0,0,0,0,0,0,0,0
370668,1,1,0,0,0,0,0,0,0,0,0,0
370668,2,1,0,0,0,0,0,0,0,0,0,0
370670,1,1,0,0,0,0,0,0,0,0,0,0
370670,2,1,0,0,0,0,0,0,0,0,0,0
370670,3,1,0,0,0,0,0,0,11,4,0,0
370671,1,1,0,0,0,0,0,0,0,0,0,0
370672,1,1,0,0,0,0,0,0,0,0,0,0
370673,1,1,0,0,0,0,0,0,0,0,0,0
370673,2,1,0,0,0,0,0,0,0,0,0,0
370674,1,1,0,0,0,0,0,0,0,0,0,0
370674,2,1,0,0,0,0,0,0,0,0,0,0
370675,1,1,0,0,0,0,0,0,0,0,0,0
370676,1,1,0,0,0,0,0,0,0,0,0,0
370676,2,1,0,0,0,0,0,0,0,0,0,0
370676,3,1,0,0,0,0,0,0,0,0,0,0
370677,1,1,15,18,10,20,0,15,18,19,17,7
370678,1,1,0,0,0,0,0,0,0,0,0,0
370679,0,1,0,0,0,0,0,0,0,0,0,0
370679,1,1,0,7,0,0,0,0,0,0,18,0
370680,1,1,0,0,0,0,0,0,0,0,0,0
370681,1,1,20,0,0,0,0,0,0,0,0,0
370681,2,1,0,0,0,0,0,0,0,0,0,0
370682,1,1,0,0,0,0,0,0,0,0,0,0
370683,1,1,0,0,0,0,0,0,0,0,0,0
370684,1,1,0,0,0,0,0,0,0,0,0,0
370684,2,1,0,0,0,0,0,0,0,0,0,0
370685,0,1,27,27,27,27,27,27,27,27,27,27
370685,1,1,10,10,10,10,10,10,10,10,10,10
370686,1,1,0,0,0,0,0,0,0,0,0,0
370687,1,1,0,0,0,0,0,0,0,0,0,0
370687,2,1,0,0,0,0,0,0,0,0,0,0
370687,3,1,0,0,0,0,0,0,0,0,0,0
370687,4,1,0,0,0,0,0,0,0,0,0,0
370688,1,1,0,8,0,0,0,0,0,0,0,0
370689,1,1,0,12,0,0,25,0,0,22,0,0
370689,2,1,0,0,0,0,0,0,0,0,0,0
370690,1,1,6,11,23,16,12,22,0,4,12,18
370690,2,1,0,0,0,0,0,0,0,0,0,0
370691,1,1,0,0,10,0,14,0,0,0,0,0
370692,1,1,8,8,8,8,8,8,8,8,8,8
370693,1,1,0,0,0,0,0,0,0,0,0,0
370694,1,1,0,0,0,0,0,0,0,0,0,0
370694,2,1,0,0,0,0,0,0,0,0,0,0
370695,1,1,16,16,16,16,16,16,16,16,16,16
370696,1,1,14,14,14,14,14,14,14,14,14,14
370697,1,1,0,0,0,0,0,0,0,0,0,0
370698,1,1,0,0,0,0,0,0,0,0,0,0
370698,2,1,0,10,0,0,0,0,0,19,0,0
370698,3,1,0,0,0,0,0,0,0,0,0,0
370699,0,1,0,0,0,0,0,0,0,0,0,0
370699,0,2,25,0,0,0,0,0,0,0,0,0
370699,0,3,0,23,0,0,29,0,0,14,0,0
370699,1,1,10,10,10,10,10,10,10,10,10,10
370700,1,1,14,14,14,14,14,14,14,14,14,14
370701,1,1,0,0,0,0,0,0,0,0,0,0
370702,0,1,0,0,0,0,0,0,0,0,0,0
370702,0,2,0,0,0,0,0,0,0,0,0,0
370702,1,1,12,22,27,5,27,24,18,14,6,15
370703,1,1,0,0,0,0,0,0,0,0,0,0
370703,2,1,0,0,0,16,0,0,0,0,0,0
370704,0,1,0,0,0,0,0,0,0,0,0,0
370704,1,1,0,0,0,0,0,0,0,0,9,0
370705,1,1,0,0,0,0,0,0,0,4,0,0
370705,2,1,0,0,0,0,0,0,0,0,0,0
370706,0,1,0,0,0,0,0,0,0,0,0,0
370706,1,1,0,0,0,0,0,0,0,0,0,0
370707,0,1,19,19,19,19,19,19,19,19,19,19
370707,1,1,0,0,26,10,0,0,0,15,0,0
370708,1,1,0,0,0,0,0,0,0,0,0,0
370709,0,1,4,0,0,0,0,0,0,0,0,0
370709,0,2,0,0,0,0,0,0,0,0,0,0
370709,0,3,0,0,0,0,0,0,0,0,19,0
370709,0,4,0,0,0,0,0,0,0,0,0,0
370709,0,5,0,0,0,0,0,0,0,0,0,0
370709,1,1,0,0,0,0,0,0,0,0,0,0
370709,3,1,14,26,0,0,0,0,0,0,0,0
370710,1,1,0,0,0,0,0,0,0,0,0,0
370710,2,1,0,0,0,0,0,0,0,0,0,0
370710,3,1,0,0,0,0,0,0,0,0,0,9
370711,1,1,0,0,0,0,0,0,0,0,0,0
370711,2,1,0,0,0,0,0,0,0,0,0,0
370712,1,1,0,0,0,0,0,0,0,0,0,0
370713,1,1,0,0,0,0,0,0,0,0,0,0
370713,2,1,0,0,0,0,0,0,0,0,0,0
370714,1,1,0,0,0,0,0,0,0,0,0,0
370715,1,1,12,12,12,12,12,12,12,12,12,12
370716,1,1,0,0,0,0,0,0,0,0,0,0
370717,0,1,0,0,0,0,0,0,0,0,0,0
370717,1,1,22,0,0,15,16,0,24,11,13,12
370718,1,1,25,15,3,0,2,15,21,14,16,0
370719,0,1,0,0,0,0,0,0,0,0,0,0
370719,1,1,0,0,0,0,0,0,0,0,0,0
370720,1,1,0,0,0,0,0,0,0,0,0,0
370720,2,1,0,0,0,0,0,0,0,0,0,17
370721,1,1,0,0,0,0,0,0,0,11,0,14
370721,2,1,0,0,0,0,0,0,0,0,0,0
370722,1,1,0,0,0,0,0,0,0,0,0,0
370723,2,1,0,0,10,0,0,0,24,0,0,0
370724,1,1,17,17,17,17,17,17,17,17,17,17
370725,1,1,0,0,10,0,4,0,0,0,0,0
370725,2,1,0,0,0,0,0,0,0,0,0,0
370726,1,1,0,0,0,0,0,0,0,0,0,0
370726,2,1,0,0,0,0,0,0,0,0,0,0
370727,1,1,0,0,0,0,0,0,0,0,0,0
370727,2,1,0,0,0,0,0,0,0,0,0,0
370728,1,1,9,0,15,18,12,7,19,0,25,0
370729,1,1,4,4,4,4,4,4,4,4,4,4
370730,1,1,11,11,11,11,11,11,11,11,11,11
370731,1,1,30,12,18,7,15,14,10,11,13,19
370731,2,1,0,0,0,0,0,0,0,0,0,0
370732,1,1,32,32,32,32,32,32,32,32,32,32
370733,1,1,0,0,0,0,0,0,0,0,0,0
370733,2,1,0,0,0,0,0,0,0,0,0,0
370734,1,1,0,0,0,0,0,0,0,0,0,0
370735,1,1,0,0,0,0,0,0,0,0,0,0
370735,2,1,0,0,0,0,0,27,21,0,0,0
370736,1,1,0,0,0,0,0,0,0,0,0,0
370737,1,1,0,0,0,0,0,0,0,0,0,0
370737,2,1,0,0,0,0,0,0,0,0,0,0
370738,1,1,0,0,0,0,0,0,0,0,0,0
370739,1,1,0,0,0,0,0,0,0,0,0,0
370740,0,1,12,12,12,12,12,12,12,12,12,12
370740,1,1,1,1,1,1,1,1,1,1,1,1
370741,0,1,0,0,0,0,0,0,0,0,0,0
370741,1,1,0,0,26,14,0,25,0,0,0,0
370742,1,1,0,0,0,0,0,0,0,0,0,0
370743,1,1,0,0,0,0,0,0,0,0,0,0
370743,2,1,0,0,0,0,0,0,0,0,0,0
370744,0,1,0,0,0,0,0,0,0,0,0,0
370744,1,1,6,0,45,23,0,14,27,22,13,0
370745,1,1,0,0,0,0,0,0,0,0,0,0
370746,1,1,0,0,0,0,0,0,0,0,0,0
370747,2,1,0,0,0,0,0,0,0,0,0,0
370748,1,1,20,20,20,20,20,20,20,20,20,20
370749,1,1,0,0,0,0,0,0,0,0,0,0
370749,2,1,0,0,0,0,0,0,0,0,0,0
370750,1,1,0,0,0,0,0,0,17,0,0,0
370750,2,1,0,0,0,0,0,0,0,0,0,0
370751,1,1,0,0,8,0,0,0,0,0,0,0
370752,1,1,20,20,20,20,20,20,20,20,20,20
370753,1,1,0,0,0,0,0,0,0,0,0,0
370754,1,1,0,0,0,0,0,0,0,0,0,0
370754,2,1,0,0,0,0,0,0,0,0,0,0
370754,3,1,0,0,0,0,0,0,0,0,4,0
370754,4,1,0,0,0,0,0,0,0,0,0,0
370755,1,1,0,0,0,0,0,0,0,0,0,0
370756,1,1,0,0,0,0,0,0,0,0,0,0
370756,2,1,0,0,0,0,0,0,0,0,0,0
370757,1,1,20,0,0,0,0,0,0,0,0,0
370757,2,1,0,0,0,0,0,0,0,0,0,0
370758,0,1,0,0,0,0,0,0,0,0,0,0
370758,1,1,0,0,0,0,0,0,0,0,0,0
370759,1,1,0,0,0,0,0,0,0,0,0,0
370759,2,1,0,0,0,0,0,0,0,0,0,0
370760,1,1,0,11,0,0,0,0,0,0,0,0
370761,1,1,0,0,0,0,0,0,0,0,0,0
370762,0,1,0,0,0,0,0,0,0,0,0,0
370762,1,1,0,0,0,0,0,0,0,0,0,0
370763,1,1,0,0,0,0,0,0,0,0,0,0
370763,2,1,0,0,0,0,0,0,0,0,0,0
370764,1,1,6,6,6,6,6,6,6,6,6,6
370765,1,1,0,0,0,0,0,0,0,0,0,0
370766,1,1,24,24,24,24,24,24,24,24,24,24
370766,2,1,0,0,0,0,0,0,0,0,0,0
370767,0,1,17,17,17,17,17,17,17,17,17,17
370767,1,1,0,0,0,0,0,0,0,0,0,0
370768,1,1,0,0,0,0,0,0,0,0,0,0
370769,1,1,0,0,0,0,0,0,0,0,0,0
370769,2,1,0,0,0,0,0,17,0,0,0,0
370770,1,1,0,0,20,3,0,0,0,0,0,0
370770,2,1,0,0,0,0,0,0,0,0,0,0
370771,1,1,0,0,0,0,0,0,0,0,0,0
370771,2,1,0,0,0,0,0,0,0,0,0,0
370772,0,1,18,18,18,18,18,18,18,18,18,18
370772,1,1,0,0,0,28,0,0,0,0,0,0
370773,1,1,23,23,23,23,23,23,23,23,23,23
370774,1,1,0,0,0,0,0,0,0,0,0,0
370775,1,1,0,0,0,0,0,0,0,0,0,0
370775,2,1,0,0,0,0,0,0,0,0,0,0
370776,1,1,0,0,0,0,0,0,0,0,0,0
370776,2,1,0,0,0,0,0,0,0,0,0,0
370777,1,1,0,0,0,0,0,0,0,18,0,0