ST_CASE,VEH_NO,PER_NO,P1,P2,P3,P4,P5,P6,P7,P8,P9,P10
370777,2,1,0,0,0,0,0,0,0,0,0,0
370778,1,1,25,25,25,25,25,25,25,25,25,25
370779,1,1,16,16,16,16,16,16,16,16,16,16
370780,1,1,0,0,0,0,0,0,0,0,0,0
370781,1,1,0,0,0,0,0,0,0,0,0,0
370781,2,1,0,0,0,0,0,0,0,0,0,0
370782,1,1,23,23,23,23,23,23,23,23,23,23
370783,1,1,0,0,0,0,0,0,0,0,0,0
370784,1,1,7,7,7,7,7,7,7,7,7,7
370785,1,1,0,0,0,0,0,0,0,0,0,0
370785,2,1,0,0,0,0,0,0,0,0,0,0
370786,1,1,0,0,0,0,0,0,0,0,0,0
370787,1,1,0,0,0,0,0,0,0,0,0,0
370787,2,1,0,0,0,0,0,0,0,0,0,0
370788,0,1,24,27,16,9,7,20,14,0,27,27
370788,1,1,0,0,0,0,0,0,0,0,0,0
370789,1,1,18,18,18,18,18,18,18,18,18,18
370790,0,1,0,0,0,0,0,0,0,0,0,0
370790,1,1,15,15,15,15,15,15,15,15,15,15
370791,1,1,0,0,0,0,0,0,0,0,0,0
370792,1,1,0,0,0,0,0,0,9,0,10,0
370793,1,1,0,0,0,0,0,0,0,0,0,0
370794,0,1,0,0,0,0,0,0,0,0,0,0
370794,1,1,0,0,0,0,0,0,0,0,0,0
370795,1,1,0,0,0,0,0,0,0,0,0,0
370795,2,1,0,0,0,0,0,0,0,0,0,0
370796,1,1,0,1,0,0,0,0,0,0,0,0
370796,2,1,0,0,0,0,0,0,0,0,0,0
370797,1,1,0,0,0,0,0,0,0,0,0,0
370797,2,1,0,0,0,0,0,0,0,0,0,0
370798,1,1,0,0,0,0,0,0,0,0,0,0
370798,2,1,12,18,11,33,13,6,25,22,9,7
370799,1,1,0,0,0,0,0,0,0,0,0,0
370799,2,1,0,20,0,0,0,0,0,0,0,0
370800,1,1,0,13,0,10,14,10,8,19,28,18
370801,1,1,0,0,0,0,0,0,0,0,14,0
370802,1,1,0,0,0,0,0,0,0,0,0,0
370802,2,1,0,0,0,0,0,0,0,0,0,0
370803,1,1,9,9,9,9,9,9,9,9,9,9
370804,1,1,11,11,11,11,11,11,11,11,11,11
370804,2,1,0,0,0,0,0,0,0,0,0,0
370805,1,1,0,0,0,0,0,0,0,0,0,0
370806,1,1,0,0,0,0,0,0,0,0,0,0
370806,2,1,0,0,0,0,0,0,0,0,0,0
370807,1,1,0,0,0,0,0,0,0,0,0,0
370807,2,1,14,29,6,19,18,14,18,21,13,14
370807,3,1,0,0,0,0,0,0,0,0,0,0
370808,1,1,0,0,0,0,0,0,0,0,0,0
370809,0,1,15,15,15,15,15,15,15,15,15,15
370809,1,1,0,0,0,20,0,0,0,0,0,0
370810,1,1,0,0,0,0,0,0,0,0,0,0
370810,2,1,0,0,0,0,0,0,0,0,0,0
370811,1,1,0,0,0,0,0,0,0,0,0,0
370811,2,1,0,0,0,0,0,0,0,0,0,0
370812,1,1,0,0,0,0,0,0,0,0,0,0
370813,1,1,14,14,14,14,14,14,14,14,14,14
370814,1,1,7,7,7,7,7,7,7,7,7,7
370814,2,1,0,0,0,0,0,0,0,0,0,0
370815,1,1,0,0,0,0,0,0,0,0,0,0
370816,1,1,0,0,0,0,0,0,0,0,0,0
370817,1,1,0,0,0,0,0,0,0,0,0,0
370817,2,1,0,0,0,0,0,0,0,0,0,0
370817,3,1,0,0,0,0,0,8,0,0,0,0
370818,0,1,0,0,0,0,0,0,0,0,0,0
370818,1,1,13,20,0,0,0,0,0,0,7,0
370819,1,1,0,0,0,0,0,0,0,0,0,0
370819,2,1,0,0,0,0,0,0,0,0,0,0
370820,1,1,0,0,0,0,0,0,0,0,0,0
370820,2,1,0,0,0,0,0,0,0,0,0,0
370821,1,1,0,0,0,0,0,0,0,0,0,0
370821,2,1,0,0,0,0,0,0,0,0,0,0
370822,1,1,0,0,0,0,0,0,0,0,0,0
370822,2,1,0,6,0,0,0,0,0,0,0,0
370823,1,1,0,0,0,0,0,0,0,0,0,0
370823,2,1,0,0,0,0,0,0,0,0,0,0
370824,1,1,0,0,0,0,0,0,0,0,0,0
370824,2,1,0,0,0,0,0,0,0,0,0,0
370825,1,1,0,0,0,0,0,0,0,0,0,0
370825,2,1,0,0,0,0,12,0,0,0,0,0
370825,3,1,0,0,0,0,0,0,0,0,0,0
370826,1,1,0,0,0,0,0,0,0,0,0,0
370827,1,1,0,0,0,0,0,0,0,0,0,0
370827,2,1,0,0,0,0,0,0,0,0,0,0
370828,0,1,47,47,47,47,47,47,47,47,47,47
370828,1,1,0,7,0,0,0,0,0,0,0,0
370829,1,1,0,0,0,0,0,0,0,0,0,0
370830,0,1,0,0,0,0,0,0,0,0,0,0
370830,1,1,11,11,0,0,0,10,0,10,0,23
370831,1,1,0,0,0,0,0,0,0,0,0,0
370831,2,1,0,0,0,0,0,0,0,0,0,0
370832,1,1,0,0,0,0,0,0,0,0,0,0
370832,2,1,0,0,0,0,0,0,0,0,0,0
370832,3,1,0,0,0,0,0,0,0,0,0,0
370833,1,1,21,0,0,0,0,0,0,0,0,0
370833,2,1,0,0,0,0,0,0,0,0,0,0
370833,3,1,0,0,0,0,0,0,0,0,0,0
370834,1,1,0,0,0,0,0,0,0,0,0,0
370834,2,1,0,0,0,0,0,0,0,0,0,0
370835,1,1,0,0,0,0,0,0,0,0,0,0
370835,2,1,0,0,0,0,0,0,0,0,0,0
370836,1,1,0,0,0,0,0,0,0,0,0,0
370836,2,1,0,0,0,0,0,0,0,0,0,0
370837,1,1,14,0,3,0,0,17,0,24,9,18
370837,2,1,0,0,0,0,0,0,0,0,0,0
370838,1,1,24,0,0,0,0,0,0,0,0,0
370838,2,1,0,0,0,0,0,0,0,0,0,0
370839,1,1,15,15,15,15,15,15,15,15,15,15
370840,1,1,18,18,18,18,18,18,18,18,18,18
370841,2,1,5,4,15,13,1,13,5,12,11,22
370842,1,1,0,0,0,18,0,0,0,25,15,0
370843,1,1,0,0,0,0,0,0,0,0,0,0
370844,1,1,0,0,0,0,0,0,0,0,0,0
370845,1,1,0,0,0,0,0,0,0,0,0,0
370845,2,1,0,0,0,0,0,0,0,0,0,0
370846,1,1,0,0,0,0,0,0,0,0,0,0
370846,2,1,0,0,0,0,0,0,0,0,0,0
370847,0,1,0,0,0,0,0,0,0,0,0,0
370847,1,1,0,0,0,0,0,0,0,0,0,0
370848,1,1,0,12,0,0,0,0,0,12,0,0
370848,2,1,0,0,0,0,0,0,0,0,0,0
370849,1,1,15,0,0,0,0,6,0,0,0,0
370849,2,1,0,0,0,0,0,0,0,0,0,0
370849,3,1,0,19,0,0,0,0,0,0,0,0
370850,1,1,21,6,15,14,8,0,5,11,34,17
370850,2,1,0,0,0,0,0,0,0,0,0,0
370851,1,1,0,0,0,0,0,0,0,0,0,0
370852,1,1,2,2,2,2,2,2,2,2,2,2
370853,1,1,0,0,0,0,0,0,0,0,0,0
370853,2,1,0,0,0,0,0,0,0,0,0,0
370854,1,1,0,0,0,0,0,0,0,0,0,0
370855,1,1,0,0,0,0,0,0,0,0,0,0
370856,0,1,37,37,37,37,37,37,37,37,37,37
370856,1,1,0,0,0,0,0,0,0,0,0,0
370857,1,1,0,0,0,0,0,0,0,0,0,0
370857,2,1,0,0,0,0,0,0,0,0,0,0
370858,1,1,0,0,0,0,0,0,0,0,0,0
370858,2,1,0,0,0,0,0,0,16,0,0,0
370858,3,1,0,0,0,0,0,0,0,0,0,0
370859,0,1,0,0,0,0,0,0,0,0,0,0
370859,1,1,0,0,0,0,0,0,0,0,0,0
370859,2,1,0,0,0,0,0,0,0,0,0,0
370860,1,1,2,2,2,2,2,2,2,2,2,2
370861,0,1,0,0,0,0,0,0,0,0,0,0
370861,1,1,0,5,0,0,0,0,0,0,0,0
370862,1,1,4,13,9,17,12,13,10,7,0,11
370862,2,1,0,0,0,0,0,0,0,0,0,0
370862,3,1,0,0,0,0,0,0,0,0,0,0
370863,1,1,10,10,10,10,10,10,10,10,10,10
370864,1,1,8,8,8,8,8,8,8,8,8,8
370866,1,1,22,22,22,22,22,22,22,22,22,22
370867,1,1,0,0,0,0,0,0,0,0,0,0
370868,1,1,0,0,0,0,0,0,0,0,0,0
370868,2,1,0,0,0,26,0,10,0,0,19,0
370869,1,1,0,0,0,0,0,0,0,0,0,0
370869,2,1,0,0,0,0,0,0,0,0,0,0
370870,0,1,0,0,0,0,0,0,0,0,0,0
370870,1,1,0,0,6,0,12,16,0,0,9,4
370871,1,1,0,0,0,0,0,0,0,0,0,0
370871,2,1,0,11,0,0,0,0,0,0,0,0
370872,1,1,11,11,11,11,11,11,11,11,11,11
370873,1,1,0,0,0,0,0,0,0,0,0,0
370873,2,1,23,25,18,7,27,0,5,23,14,23
370874,1,1,26,26,26,26,26,26,26,26,26,26
370875,1,1,0,0,0,0,0,0,0,0,0,0
370876,1,1,0,0,0,0,0,0,0,0,12,0
370877,0,1,0,0,0,0,0,0,0,0,0,0
370877,1,1,0,0,0,0,0,0,0,0,0,0
370877,2,1,0,0,0,0,0,0,0,0,0,0
370878,0,1,16,16,16,16,16,16,16,16,16,16
370878,1,1,0,0,0,0,0,0,0,0,0,0
370879,0,1,21,21,21,21,21,21,21,21,21,21
370879,1,1,0,0,0,0,0,0,0,0,0,0
370880,1,1,4,7,18,0,0,0,0,29,0,0
370881,0,1,0,0,0,0,0,0,0,0,0,0
370881,1,1,0,0,0,0,0,0,0,0,0,0
370882,1,1,0,0,0,0,0,0,0,0,0,0
370882,2,1,0,0,0,0,0,0,0,0,0,0
370883,1,1,0,0,0,0,0,0,0,0,0,0
370883,2,1,0,0,0,0,0,0,3,0,0,0
370884,1,1,0,0,0,0,0,0,0,0,0,0
370884,2,1,0,0,0,0,0,0,0,0,0,0
370885,1,1,0,0,0,0,0,0,0,0,0,0
370886,0,1,0,0,0,0,0,0,0,0,0,0
370886,1,1,0,0,0,0,0,0,0,0,0,0
370887,1,1,0,0,0,0,0,0,0,0,0,0
370888,1,1,0,0,0,0,0,0,6,0,0,0
370888,2,1,0,0,0,0,0,0,0,0,0,0
370889,1,1,21,21,21,21,21,21,21,21,21,21
370890,1,1,17,17,17,17,17,17,17,17,17,17
370891,1,1,18,18,18,18,18,18,18,18,18,18
370892,1,1,0,0,0,0,0,0,0,0,0,0
370892,2,1,0,0,0,0,0,0,0,0,0,0
370892,3,1,0,0,0,0,0,0,0,7,0,0
370893,1,1,0,0,0,0,0,0,0,0,0,0
370894,1,1,10,10,10,10,10,10,10,10,10,10
370895,0,1,0,0,0,0,0,0,0,0,0,0
370895,0,2,0,0,0,0,0,0,0,0,0,0
370895,1,1,29,12,15,43,15,13,8,12,19,7
370896,1,1,0,0,0,0,0,0,0,0,0,0
370896,2,1,0,0,0,0,0,0,0,0,0,0
370897,0,1,0,0,0,0,0,0,0,0,0,0
370897,1,1,0,0,0,0,0,0,0,0,0,0
370898,1,1,20,20,20,20,20,20,20,20,20,20
370899,1,1,0,0,0,0,0,0,0,0,0,0
370899,2,1,0,0,0,0,0,0,0,0,0,0
370900,1,1,0,0,0,0,0,0,0,0,0,0
370900,2,1,0,0,0,0,0,0,0,0,0,0
370901,1,1,0,0,12,10,0,0,0,0,0,0
370901,2,1,0,0,0,0,0,0,0,0,0,0
370902,1,1,0,0,0,0,27,0,0,0,0,0
370902,2,1,0,0,0,0,0,0,0,0,0,0
370903,1,1,0,0,0,0,0,0,0,0,0,0
370903,2,1,0,0,5,24,0,0,0,0,0,0
370904,0,1,2,2,2,2,2,2,2,2,2,2
370904,1,1,0,0,0,0,0,0,0,0,0,0
370905,1,1,4,4,4,4,4,4,4,4,4,4
370906,1,1,0,0,6,0,0,0,14,0,0,0
370907,0,1,21,21,21,21,21,21,21,21,21,21
370907,1,1,0,0,0,0,0,5,0,0,0,0
370908,1,1,11,11,11,11,11,11,11,11,11,11
370909,1,1,10,17,19,0,20,14,16,25,16,9
370910,1,1,0,0,0,0,0,0,0,0,0,0
370911,1,1,0,0,0,0,0,0,0,0,0,0
370912,1,1,0,0,0,0,0,0,0,0,0,0
370913,1,1,0,0,0,0,0,0,0,0,0,0
370913,2,1,21,15,31,0,14,29,7,0,0,8
370914,0,1,22,16,11,25,10,8,20,25,21,22
370914,1,1,0,0,0,0,0,0,0,0,0,0
370915,1,1,1,1,1,1,1,1,1,1,1,1
370916,1,1,0,0,0,0,0,0,0,0,0,0
370916,2,1,0,10,0,0,0,0,0,0,0,0
370916,3,1,0,0,0,0,0,0,0,0,0,0
370917,1,1,11,11,11,11,11,11,11,11,11,11
370918,0,1,19,19,19,19,19,19,19,19,19,19
370918,1,1,0,0,0,0,0,0,0,0,0,0
370919,1,1,0,0,0,0,0,0,0,0,23,0
370919,2,1,4,4,4,4,4,4,4,4,4,4
370920,1,1,0,0,0,0,0,0,0,0,0,0
370920,2,1,0,0,0,6,0,0,0,20,0,0
370920,3,1,0,0,0,0,0,0,0,0,0,0
370920,4,1,0,0,0,0,0,0,0,0,0,0
370920,5,1,0,0,0,0,0,0,0,0,0,0
370921,0,1,14,14,14,14,14,14,14,14,14,14
370921,1,1,22,21,0,0,0,0,0,0,0,0
370922,0,1,26,26,26,26,26,26,26,26,26,26
370922,1,1,0,0,0,0,0,0,0,0,0,0
370923,1,1,0,0,0,0,0,0,0,0,0,0
370924,1,1,0,0,0,0,0,0,0,0,0,0
370924,2,1,0,0,0,0,0,0,0,0,0,0
370925,0,1,9,9,9,9,9,9,9,9,9,9
370925,1,1,0,0,0,0,0,0,0,0,0,0
370926,1,1,0,0,0,0,0,0,0,0,0,0
370926,2,1,0,0,0,0,0,0,0,0,0,0
370927,1,1,23,23,23,23,23,23,23,23,23,23
370927,2,1,0,0,0,0,0,0,0,0,0,10
370928,0,1,0,29,30,0,0,0,0,24,0,17
370928,1,1,0,0,0,0,0,0,13,0,0,0
370929,1,1,0,0,0,0,0,0,0,0,0,0
370929,2,1,0,0,5,0,0,0,15,0,6,0
370930,1,1,11,11,11,11,11,11,11,11,11,11
370931,1,1,4,4,4,4,4,4,4,4,4,4
370932,1,1,0,0,0,0,0,0,0,0,0,0
370932,2,1,0,0,0,0,0,0,0,0,0,0
370932,3,1,0,0,0,0,0,0,0,0,0,0
370933,1,1,0,0,0,0,0,0,0,0,0,0
370934,1,1,0,0,0,0,0,0,0,0,0,0
370934,2,1,0,0,0,0,0,0,3,0,0,0
370935,1,1,27,27,27,27,27,27,27,27,27,27
370936,1,1,33,33,33,33,33,33,33,33,33,33
370937,1,1,0,0,0,0,0,0,0,0,0,0
370937,2,1,0,0,0,0,0,0,0,0,0,0
370938,0,1,0,0,0,0,0,0,0,0,0,0
370938,1,1,0,0,0,0,0,0,0,13,0,0
370939,1,1,14,0,0,0,0,0,0,0,0,0
370939,2,1,0,0,0,0,0,0,0,0,0,0
370940,1,1,0,0,0,0,0,26,0,0,0,0
370941,1,1,0,0,0,0,0,0,0,0,0,0
370941,2,1,9,9,9,9,9,9,9,9,9,9
370942,1,1,0,0,0,0,0,0,0,0,0,0
370942,2,1,29,0,0,0,0,0,0,0,0,0
370942,3,1,0,0,0,0,0,22,0,0,0,0
370943,1,1,13,0,0,0,0,17,0,0,0,0
370943,2,1,0,0,0,0,0,0,0,0,0,0
370944,1,1,0,0,0,0,0,0,0,0,0,0
370944,2,1,0,0,0,0,0,0,0,0,0,0
370945,1,1,0,0,0,0,0,0,0,0,0,0
370945,2,1,0,21,0,0,0,0,0,0,0,0
370946,1,1,10,5,18,12,11,19,3,7,12,13
370946,2,1,0,0,0,0,0,0,0,0,0,0
370947,1,1,4,4,4,4,4,4,4,4,4,4
370948,1,1,0,0,0,0,0,18,0,0,0,0
370949,0,1,0,0,0,0,0,0,0,0,0,0
370949,1,1,0,0,0,0,0,0,0,0,0,15
370950,1,1,19,19,19,19,19,19,19,19,19,19
370951,1,1,0,0,0,0,0,0,0,0,0,0
370952,1,1,18,18,18,18,18,18,18,18,18,18
370953,1,1,18,18,18,18,18,18,18,18,18,18
370954,1,1,0,0,0,0,0,0,0,0,0,0
370954,2,1,0,0,0,0,0,0,0,0,0,0
370955,1,1,0,0,0,0,0,0,0,0,0,0
370956,0,1,0,0,0,0,0,0,0,0,0,0
370956,1,1,0,0,0,0,0,0,0,0,0,0
370957,1,1,0,0,0,0,0,0,0,69,0,0
370957,2,1,0,0,0,0,0,0,0,0,0,0
370958,1,1,0,0,0,0,0,0,0,0,0,0
370959,0,1,16,16,16,16,16,16,16,16,16,16
370959,1,1,20,0,0,0,0,0,0,0,0,0
370960,0,1,0,0,0,0,0,0,0,0,0,0
370960,1,1,0,0,0,0,0,0,0,0,0,0
370961,1,1,0,0,0,0,0,0,0,0,0,0
370961,2,1,0,0,0,0,0,0,0,0,0,22
370962,1,1,0,0,0,0,0,0,0,0,0,0
370962,2,1,0,0,0,0,0,0,0,0,0,0
370963,1,1,15,15,15,15,15,15,15,15,15,15
370964,1,1,0,0,0,0,0,0,0,0,0,0
370964,2,1,0,0,0,0,0,0,0,0,14,0
370965,0,1,0,0,0,0,0,0,0,0,0,0
370965,1,1,14,0,0,0,0,0,0,0,0,0
370966,1,1,0,0,0,19,0,0,0,0,0,0
370966,2,1,0,0,0,0,0,0,0,0,0,0
370966,3,1,0,0,0,0,0,0,0,0,0,0
370967,1,1,0,0,0,0,0,0,0,9,18,0
370967,2,1,0,0,0,0,0,0,0,0,0,0
370968,1,1,13,9,26,20,28,23,0,6,19,14
370968,2,1,0,0,0,0,0,0,0,0,0,0
370969,0,1,0,0,0,0,0,0,0,0,0,0
370969,1,1,0,0,0,0,0,0,0,0,0,0
370969,2,1,0,0,0,0,0,0,0,0,0,0
370970,0,1,0,5,0,31,24,30,18,11,18,13
370970,1,1,0,0,0,0,3,0,0,0,0,0
370971,1,1,43,43,43,43,43,43,43,43,43,43
370972,1,1,0,0,0,0,0,0,0,0,0,0
370973,1,1,0,0,0,0,0,0,0,0,0,0
370973,2,1,0,0,0,7,0,0,0,0,0,0
370973,3,1,19,0,0,0,0,0,0,0,0,0
370974,1,1,0,0,0,0,0,0,0,0,0,0
370974,2,1,0,0,0,0,0,0,0,0,0,0
370975,1,1,39,24,0,0,0,0,0,0,18,0
370976,1,1,0,0,0,0,0,0,0,0,0,0
370977,1,1,29,29,29,29,29,29,29,29,29,29
370978,1,1,0,0,0,0,0,0,0,0,0,0
370979,1,1,0,0,0,0,0,0,0,0,0,0
370979,2,1,0,0,0,0,0,0,0,0,0,0
370979,3,1,0,0,0,0,0,0,0,0,0,0
370980,0,1,0,0,0,0,0,0,0,0,0,0
370980,1,1,11,0,0,0,0,0,0,0,0,0
370981,1,1,0,0,0,14,18,0,0,8,0,0
370982,1,1,0,0,0,0,0,0,0,0,0,0
370982,2,1,0,0,0,0,0,0,0,0,0,0
370983,1,1,0,0,0,0,0,0,0,0,0,0
370983,2,1,0,0,0,0,0,0,0,0,0,0
370984,1,1,0,0,0,0,0,0,0,0,0,0
370984,2,1,0,0,0,0,0,0,0,0,8,0
370985,1,1,17,17,17,17,17,17,17,17,17,17
370986,0,1,0,0,0,0,0,0,0,0,0,0
370986,1,1,0,0,0,14,0,0,0,0,0,0
370987,0,1,27,27,27,27,27,27,27,27,27,27
370987,1,1,0,0,0,0,0,0,0,0,0,0
370988,0,1,18,18,18,18,18,18,18,18,18,18
370988,1,1,0,0,0,0,0,0,0,0,0,0
370989,1,1,16,16,16,16,16,16,16,16,16,16
370989,2,1,0,0,0,4,0,4,0,0,0,0
370990,1,1,0,0,0,0,0,0,0,0,0,0
370991,1,1,0,0,0,0,0,0,0,0,0,0
370992,1,1,10,10,10,10,10,10,10,10,10,10
370993,2,1,0,0,0,0,0,0,0,0,0,0
370994,1,1,0,0,0,0,0,0,0,0,0,0
370995,1,1,14,14,14,14,14,14,14,14,14,14
370995,2,1,0,0,0,0,0,0,0,0,0,0
370996,1,1,0,0,0,0,0,0,0,0,0,0
370996,2,1,0,0,0,0,0,0,0,0,0,0
370997,1,1,0,0,0,0,0,0,0,0,0,0
370997,2,1,0,0,0,0,0,0,0,0,0,0
370998,1,1,28,28,28,28,28,28,28,28,28,28
370999,1,1,10,14,22,6,16,21,11,21,0,15
370999,2,1,8,8,8,8,8,8,8,8,8,8
371000,1,1,0,0,0,0,0,0,0,0,0,0
371000,2,1,0,0,0,0,0,0,0,0,0,0
371001,1,1,0,0,0,0,0,0,0,0,0,0
371001,2,1,0,0,0,0,0,0,0,0,0,0
371001,3,1,12,0,0,0,0,0,9,0,0,0
371002,1,1,25,25,25,25,25,25,25,25,25,25
371003,1,1,22,22,22,22,22,22,22,22,22,22
371004,1,1,20,20,20,20,20,20,20,20,20,20
371005,1,1,0,0,0,0,0,0,0,0,0,0
371005,2,1,0,0,0,0,0,0,0,0,0,0
371006,1,1,9,9,9,9,9,9,9,9,9,9
371007,1,1,0,0,0,0,0,0,0,0,0,0
371008,1,1,0,0,0,0,0,0,0,0,0,0
371009,1,1,0,0,0,0,0,0,0,0,0,0
371009,2,1,0,0,0,0,0,0,0,0,0,0
371010,1,1,0,0,0,0,0,0,0,0,0,0
371010,2,1,0,0,0,0,0,0,0,0,0,0
371011,1,1,8,8,8,8,8,8,8,8,8,8
371012,1,1,0,0,0,0,0,0,0,0,0,0
371013,1,1,0,0,7,0,0,0,0,0,0,0
371014,1,1,0,0,0,0,0,0,0,0,0,0
371014,2,1,0,0,0,0,0,16,0,0,0,0
371015,1,1,19,19,19,19,19,19,19,19,19,19
371016,1,1,0,0,0,0,0,0,0,0,0,0
371017,0,1,0,0,0,0,0,0,0,0,0,0
371017,1,1,18,15,25,16,5,9,4,7,9,9
371018,1,1,0,0,0,0,0,0,0,0,0,0
371018,2,1,0,0,0,0,0,0,0,0,0,0
371019,1,1,0,0,0,0,0,0,0,0,0,0
371019,2,1,0,0,0,0,0,0,0,0,0,0
371020,0,1,0,0,0,0,0,0,0,0,0,0
371020,1,1,0,0,0,0,0,0,7,0,0,0
371021,1,1,40,40,40,40,40,40,40,40,40,40
371021,2,1,0,0,0,0,0,0,0,0,0,0
371022,0,1,5,5,5,5,5,5,5,5,5,5
371022,1,1,0,0,0,0,0,0,0,0,0,0
371023,0,1,0,0,0,0,0,0,0,0,0,0
371023,1,1,0,0,0,0,12,8,0,0,11,3
371024,1,1,20,20,20,20,20,20,20,20,20,20
371025,1,1,0,0,0,0,0,0,0,0,0,0
371026,1,1,0,0,32,0,0,16,0,0,0,0
371026,2,1,0,0,0,0,0,0,0,0,0,0
371026,3,1,0,0,0,0,0,0,21,0,0,0
371027,1,1,16,16,16,16,16,16,16,16,16,16
371027,2,1,0,0,0,0,0,0,0,0,0,0
371028,1,1,0,0,0,0,0,0,0,0,0,0
371028,2,1,0,0,0,0,0,0,0,0,0,0
371029,1,1,19,19,19,19,19,19,19,19,19,19
371030,1,1,0,19,0,0,0,0,0,0,0,0
371030,2,1,3,3,3,3,3,3,3,3,3,3
371031,0,1,0,0,0,0,0,0,0,0,0,0
371031,1,1,11,15,19,11,21,26,12,36,25,5
371032,1,1,0,0,0,0,0,0,0,0,0,0
371032,2,1,0,0,0,0,0,0,0,0,0,0
371033,0,1,0,0,0,0,0,0,0,0,0,0
371033,1,1,0,0,0,0,0,0,0,11,0,0
371034,1,1,0,0,0,0,0,0,0,0,0,0
371035,1,1,0,0,0,0,0,0,0,0,0,0
371035,2,1,0,0,0,0,0,0,0,0,0,0
371035,3,1,0,0,0,0,0,0,0,0,0,0
371035,4,1,0,0,0,0,0,0,0,0,0,0
371035,5,1,0,0,0,0,0,0,0,0,0,0
371036,1,1,0,0,0,0,0,0,0,0,0,0
371036,2,1,0,0,0,0,0,0,0,0,0,0
371037,1,1,16,16,16,16,16,16,16,16,16,16
371038,1,1,14,14,14,14,14,14,14,14,14,14
371039,0,1,0,0,0,0,0,0,0,0,0,0
371039,1,1,0,0,0,0,0,0,0,0,0,0
371040,1,1,22,22,22,22,22,22,22,22,22,22
371041,1,1,0,0,0,0,0,0,0,0,0,0
371042,0,1,0,0,0,0,0,0,0,0,0,0
371042,1,1,0,0,0,0,0,0,0,0,0,19
371043,1,1,0,0,0,0,0,0,0,0,0,0
371043,2,1,31,31,31,31,31,31,31,31,31,31
371044,0,1,0,0,0,0,0,0,0,0,0,0
371044,1,1,0,0,8,0,3,0,14,0,0,4
371045,1,1,0,0,0,0,0,0,0,0,0,0
371046,1,1,28,28,28,28,28,28,28,28,28,28
371047,0,1,25,25,25,25,25,25,25,25,25,25
371047,1,1,0,0,0,0,0,0,0,0,0,0
371048,0,1,0,0,0,0,0,0,0,0,0,0
371048,1,1,0,0,0,0,0,0,0,0,0,0
371048,2,1,0,0,0,0,0,9,0,0,15,0
371049,0,1,0,0,0,0,0,0,0,0,0,0
371049,1,1,20,11,14,6,2,17,15,27,17,8
371050,1,1,15,15,15,15,15,15,15,15,15,15
371051,0,1,0,0,0,0,0,0,0,0,0,0
371051,1,1,0,0,0,0,0,0,0,0,9,0
371052,1,1,24,24,24,24,24,24,24,24,24,24
371053,1,1,0,0,0,0,0,0,0,0,0,0
371054,0,1,0,0,0,0,0,0,0,0,0,0
371054,1,1,0,0,0,0,0,0,0,0,0,0
371055,1,1,0,0,0,0,0,0,0,0,0,0
371056,1,1,0,0,0,0,0,0,0,0,0,0
371057,0,1,0,0,0,0,0,0,0,0,0,0
371057,1,1,0,0,0,0,0,0,0,0,0,0
371058,1,1,0,0,0,0,0,0,0,0,0,0
371058,2,1,0,0,0,0,0,0,0,0,0,0
371059,1,1,0,0,0,29,0,0,0,10,0,0
371059,2,1,0,0,0,0,0,0,0,0,0,0
371060,1,1,0,0,0,0,0,0,0,0,0,0
371060,2,1,0,0,0,0,0,0,0,0,11,0
371061,1,1,0,0,0,0,0,0,0,0,0,0
371061,2,1,0,0,0,0,0,0,0,0,0,0
371062,0,1,0,0,0,0,0,0,0,0,0,0
371062,1,1,0,0,0,0,0,0,0,0,0,0
371063,1,1,0,0,0,0,0,0,0,0,0,0
371063,2,1,0,0,0,0,0,0,0,0,0,0
371064,0,1,0,0,0,0,0,0,0,0,0,0
371064,1,1,0,0,0,0,0,0,0,0,0,0
371065,1,1,0,0,0,0,0,0,0,0,0,0
371065,2,1,0,0,0,0,0,0,0,0,0,0
371066,1,1,12,12,12,12,12,12,12,12,12,12
371067,0,1,0,0,0,0,0,0,0,0,0,0
371067,1,1,0,0,0,0,0,0,0,0,0,0
371068,1,1,0,0,0,0,0,0,0,0,0,0
371068,2,1,11,0,0,0,0,0,0,0,0,0
371069,1,1,0,0,0,0,0,0,0,0,0,0
371070,1,1,0,0,8,0,0,0,15,0,0,0
371070,2,1,0,0,0,0,0,0,0,0,0,0
371071,1,1,0,0,0,0,0,0,0,0,0,0
371071,2,1,0,0,0,0,0,0,0,0,0,0
371072,0,1,0,0,0,0,0,0,0,0,0,0
371072,1,1,0,0,0,0,0,0,0,0,0,0
371073,1,1,0,0,0,0,0,0,0,0,0,0
371073,2,1,0,0,0,0,0,0,0,0,0,0
371074,1,1,0,0,0,0,0,0,0,0,0,0
371074,2,1,0,0,10,0,0,0,0,0,0,5
371075,1,1,11,14,8,33,11,14,26,15,7,9
371076,1,1,0,0,0,0,0,0,0,0,0,0
371077,0,1,0,0,0,0,0,0,0,0,0,0
371077,1,1,0,0,0,0,0,0,0,0,0,0
371078,0,1,25,25,25,25,25,25,25,25,25,25
371078,1,1,0,0,0,0,8,0,0,11,14,17
371079,1,1,0,0,0,0,0,0,0,0,0,0