ST_CASE,VEH_NO,PER_NO,P1,P2,P3,P4,P5,P6,P7,P8,P9,P10
371079,2,1,20,20,20,20,20,20,20,20,20,20
371080,1,1,15,15,15,15,15,15,15,15,15,15
371081,1,1,0,0,0,0,0,0,0,0,0,0
371082,1,1,0,0,0,0,0,0,0,0,0,0
371082,2,1,0,0,0,0,0,0,0,0,0,0
371083,1,1,0,0,0,0,0,0,0,0,0,0
371084,1,1,0,0,0,0,0,0,0,0,0,0
371085,1,1,0,0,0,0,0,0,0,0,0,0
371085,2,1,0,0,0,0,0,0,0,0,0,0
371086,1,1,0,0,0,0,0,0,0,0,0,0
371087,1,1,0,0,0,0,0,0,0,0,0,0
371087,2,1,0,0,0,0,0,0,0,0,0,0
371088,1,1,3,3,3,3,3,3,3,3,3,3
371088,2,1,0,0,0,0,0,0,9,0,0,29
371089,1,1,0,0,0,0,0,0,0,0,0,0
371090,1,1,0,0,0,0,0,0,0,0,0,0
371090,2,1,0,0,0,0,0,0,0,0,0,0
371091,0,1,0,0,0,0,0,0,0,0,0,0
371091,1,1,0,0,0,0,0,0,0,0,0,12
371092,1,1,0,0,0,0,0,0,0,0,10,0
371092,2,1,0,6,0,0,0,0,0,0,0,0
371093,0,1,0,0,0,0,0,0,0,0,0,0
371093,1,1,0,0,0,0,0,0,0,0,0,20
371094,1,1,18,18,18,18,18,18,18,18,18,18
371095,0,1,0,0,0,0,0,0,0,0,0,0
371095,1,1,0,0,27,0,0,0,0,0,0,0
371096,0,1,0,0,0,0,0,0,0,0,0,0
371096,1,1,0,0,0,0,0,0,0,0,0,0
371097,1,1,0,0,0,0,0,0,0,0,0,0
371097,2,1,0,0,13,0,0,0,0,0,2,0
371097,3,1,0,0,0,0,0,0,0,0,0,0
371097,4,1,0,0,0,0,0,0,0,0,0,0
371097,5,1,0,0,6,0,0,0,0,0,0,0
371097,6,1,0,0,0,0,0,0,0,0,0,0
371098,1,1,0,0,0,0,0,0,0,0,0,0
371098,2,1,0,0,0,0,0,0,34,0,0,0
371099,1,1,0,0,0,0,0,0,0,0,0,0
371099,2,1,0,0,0,0,0,0,0,0,0,0
371100,1,1,0,0,0,0,0,0,0,0,0,0
371100,2,1,0,0,0,0,0,0,0,0,0,0
371101,1,1,0,0,0,3,0,0,0,0,0,0
371101,2,1,0,0,0,0,10,0,0,0,0,0
371102,0,1,0,0,0,0,0,0,0,0,0,0
371102,1,1,17,21,0,0,15,0,8,0,0,19
371103,1,1,0,0,0,0,0,0,0,0,0,0
371104,1,1,11,9,4,12,11,3,0,10,23,16
371104,2,1,0,0,0,0,0,0,0,0,0,0
371105,1,1,0,0,0,22,21,0,0,0,0,0
371105,2,1,0,0,0,0,0,0,0,0,0,0
371106,1,1,0,0,0,0,0,0,0,0,0,0
371107,1,1,3,3,3,3,3,3,3,3,3,3
371107,2,1,0,0,0,0,0,0,0,0,0,0
371108,1,1,0,0,0,0,0,0,0,0,0,0
371109,1,1,23,23,23,23,23,23,23,23,23,23
371110,1,1,10,10,10,10,10,10,10,10,10,10
371110,2,1,0,13,0,11,0,17,0,0,0,0
371110,3,1,0,0,0,0,0,0,0,0,0,0
371111,0,1,18,18,18,18,18,18,18,18,18,18
371111,1,1,14,14,14,14,14,14,14,14,14,14
371111,3,1,2,0,0,0,0,0,0,0,3,0
371112,1,1,0,0,0,0,0,0,0,0,0,0
371113,1,1,0,18,0,0,0,0,0,0,0,0
371113,2,1,0,0,0,0,0,0,0,0,0,0
371114,1,1,27,27,27,27,27,27,27,27,27,27
371114,2,1,0,0,0,0,0,0,0,0,0,0
371114,3,1,0,0,0,0,0,0,0,0,0,0
371115,0,1,0,0,0,0,0,0,0,0,0,0
371115,1,1,0,0,0,0,0,17,0,12,0,0
371115,2,1,0,0,0,0,17,0,0,0,0,0
371116,1,1,0,0,0,0,0,0,0,0,0,0
371116,2,1,17,6,11,0,9,25,9,28,5,7
371117,1,1,14,14,14,14,14,14,14,14,14,14
371117,2,1,9,9,9,9,9,9,9,9,9,9
371118,1,1,0,0,0,0,0,0,0,0,0,0
371119,0,1,0,0,0,0,0,0,0,0,0,0
371119,1,1,0,0,0,0,0,0,0,0,16,0
371120,1,1,0,0,0,0,0,0,0,0,0,0
371120,2,1,0,0,0,0,0,0,0,0,0,0
371121,1,1,0,0,0,0,0,0,0,0,0,0
371121,2,1,0,0,0,0,0,0,0,0,0,0
371121,3,1,0,0,0,0,0,0,0,26,0,0
371122,0,1,0,0,0,0,0,0,0,0,0,0
371122,1,1,0,0,0,0,0,0,0,0,0,0
371123,1,1,0,0,0,0,0,0,0,0,0,0
371124,1,1,0,19,0,22,0,0,0,0,0,0
371124,2,1,0,0,0,0,0,0,0,0,0,0
371125,1,1,0,0,0,0,0,0,0,0,0,0
371125,2,1,0,0,0,0,0,0,0,0,0,0
371126,1,1,20,20,20,20,20,20,20,20,20,20
371126,2,1,11,11,11,11,11,11,11,11,11,11
371127,1,1,0,8,0,0,0,13,0,0,0,0
371127,2,1,0,0,0,0,0,0,0,0,0,0
371127,3,1,0,0,0,0,0,0,0,0,0,0
371128,1,1,0,0,0,0,0,0,0,0,0,0
371128,2,1,0,0,0,0,0,0,0,0,0,0
371129,0,1,0,0,0,0,0,0,0,0,0,0
371129,1,1,0,0,0,0,0,0,0,0,0,0
371130,0,1,0,0,0,0,0,0,0,0,0,0
371130,1,1,0,0,0,0,20,0,0,0,0,0
371132,1,1,11,11,11,11,11,11,11,11,11,11
371132,2,1,9,9,9,9,9,9,9,9,9,9
371133,1,1,0,0,0,0,0,0,0,0,0,0
371133,2,1,0,0,0,0,0,0,0,0,0,0
371134,0,1,0,0,0,0,0,0,0,0,0,0
371134,1,1,0,0,0,0,0,0,0,10,0,0
371135,0,1,0,0,0,0,0,0,0,0,0,0
371135,1,1,0,0,0,0,0,0,0,0,0,0
371136,1,1,0,0,0,0,0,0,0,0,0,0
371136,2,1,0,0,0,0,0,0,0,0,0,0
371136,3,1,0,0,0,0,0,0,0,0,0,0
371137,1,1,0,0,5,0,0,0,7,0,0,0
371137,2,1,0,0,0,0,0,0,0,0,0,0
371138,1,1,0,0,0,0,0,0,0,0,0,0
371139,0,1,0,0,0,0,0,0,0,0,0,0
371139,1,1,0,9,0,0,0,0,0,0,0,25
371140,1,1,0,0,0,0,0,0,0,0,0,0
371140,2,1,0,0,0,0,0,0,0,26,0,0
371140,3,1,0,0,0,0,0,0,0,0,0,0
371140,4,1,0,0,0,0,0,0,0,0,0,0
371141,1,1,0,0,0,0,0,0,0,0,0,0
371141,2,1,0,0,0,0,0,0,0,0,0,0
371141,3,1,0,15,0,0,0,0,20,0,0,0
371142,1,1,0,0,0,0,0,9,0,0,0,0
371142,2,1,0,0,0,0,0,0,0,0,0,0
371143,1,1,0,0,0,0,0,0,0,0,0,0
371143,2,1,0,0,0,0,0,0,0,0,0,0
371143,3,1,0,0,0,0,0,0,0,0,0,0
371144,0,1,0,0,0,0,0,0,0,0,0,0
371144,1,1,37,0,0,0,0,0,0,0,0,0
371145,0,1,0,0,0,0,0,0,0,0,0,0
371145,1,1,0,0,0,16,0,29,0,0,0,0
371146,1,1,0,0,0,0,0,0,0,0,0,0
371147,1,1,0,0,0,0,0,0,0,0,0,0
371148,1,1,20,20,20,20,20,20,20,20,20,20
371149,0,1,0,0,0,0,0,0,0,0,0,0
371149,1,1,0,0,0,0,0,0,0,0,0,0
371150,1,1,0,0,0,0,0,0,0,0,0,0
371150,2,1,5,5,5,5,5,5,5,5,5,5
371151,1,1,0,0,0,0,0,0,0,0,0,0
371152,1,1,0,0,0,0,0,0,0,0,0,0
371153,1,1,22,22,22,22,22,22,22,22,22,22
371154,0,1,29,29,29,29,29,29,29,29,29,29
371154,1,1,19,0,0,0,36,0,0,0,0,0
371155,1,1,16,0,0,0,0,0,18,0,0,0
371155,2,1,0,0,0,0,0,0,0,0,0,0
371155,3,1,0,0,0,0,0,0,0,0,0,0
371156,1,1,0,0,0,0,0,0,0,0,0,0
371156,2,1,0,0,0,0,0,0,0,0,0,0
371157,1,1,0,0,0,0,0,0,0,0,0,0
371157,2,1,0,0,0,0,0,0,0,0,0,0
371158,1,1,0,0,0,0,0,0,0,0,0,0
371158,2,1,4,4,4,4,4,4,4,4,4,4
371159,1,1,23,47,12,7,9,17,4,16,9,31
371159,2,1,0,0,0,0,0,0,0,0,0,0
371160,1,1,0,0,0,0,0,0,0,0,0,0
371160,2,1,0,0,0,0,0,0,0,0,16,0
371161,0,1,25,25,25,25,25,25,25,25,25,25
371161,1,1,0,0,0,0,0,0,0,0,0,0
371162,1,1,15,15,15,15,15,15,15,15,15,15
371163,1,1,6,6,6,6,6,6,6,6,6,6
371163,2,1,0,0,22,0,0,25,0,0,0,0
371164,1,1,0,0,0,0,0,0,0,0,0,0
371165,1,1,31,31,31,31,31,31,31,31,31,31
371166,1,1,0,0,0,0,0,0,0,0,0,0
371167,1,1,20,20,20,20,20,20,20,20,20,20
371168,1,1,0,0,0,0,0,0,0,0,0,0
371168,2,1,0,0,0,0,0,0,0,0,0,0
371168,3,1,0,0,0,0,0,0,0,0,0,0
371169,1,1,0,0,0,0,0,0,0,0,0,0
371169,2,1,0,0,0,0,0,0,0,0,0,0
371170,1,1,0,0,0,0,0,0,0,0,0,0
371171,1,1,0,0,0,0,0,0,0,0,0,0
371172,0,1,0,0,0,0,0,0,0,0,0,0
371172,1,1,14,0,0,0,0,0,0,19,16,0
371173,1,1,0,0,0,0,0,0,0,0,0,0
371173,2,1,5,5,5,5,5,5,5,5,5,5
371174,1,1,0,0,0,0,0,0,0,0,0,0
371175,1,1,0,0,0,0,0,0,0,0,0,0
371175,2,1,2,2,2,2,2,2,2,2,2,2
371176,1,1,0,0,0,0,0,0,0,0,0,0
371176,2,1,0,19,0,0,0,0,0,0,0,0
371177,1,1,0,0,0,0,0,0,0,0,0,0
371178,1,1,0,0,0,0,0,0,0,0,0,0
371179,1,1,15,9,0,15,0,0,7,0,11,0
371179,2,1,24,23,10,19,0,21,6,5,9,12
371180,1,1,0,0,0,0,0,0,0,0,0,0
371180,2,1,0,14,0,0,0,0,0,0,0,0
371181,1,1,0,0,0,0,0,0,0,0,0,0
371181,2,1,0,0,0,0,4,0,0,0,0,0
371182,1,1,0,0,0,0,0,0,0,0,0,0
371182,2,1,0,0,0,0,0,0,0,0,0,0
371183,1,1,1,1,1,1,1,1,1,1,1,1
371184,1,1,0,0,0,0,0,0,0,0,0,0
371184,2,1,2,2,2,2,2,2,2,2,2,2
371185,1,1,0,0,0,0,0,0,0,0,0,0
371186,1,1,0,0,0,0,0,0,0,0,0,0
371187,1,1,0,0,0,0,0,0,0,0,0,0
371187,2,1,0,0,0,6,23,7,0,0,0,0
371188,1,1,0,0,0,0,0,0,0,0,0,0
371189,1,1,0,0,0,0,0,0,0,0,0,0
371189,2,1,0,0,0,0,0,0,0,0,0,0
371190,0,1,20,20,20,20,20,20,20,20,20,20
371190,1,1,0,0,0,0,0,33,0,17,0,0
371191,1,1,0,0,0,0,0,0,0,0,0,0
371192,1,1,0,0,0,0,0,0,0,0,0,0
371192,2,1,0,0,0,0,0,0,0,0,0,0
371193,1,1,0,0,0,0,0,0,0,0,0,0
371194,1,1,0,0,0,0,0,0,0,0,0,0
371195,1,1,0,0,0,0,0,0,0,0,0,0
371195,2,1,0,0,0,0,0,0,0,0,0,0
371196,1,1,0,0,0,0,0,0,0,0,0,0
371196,2,1,0,0,0,0,0,0,0,0,0,0
371197,1,1,0,0,0,0,0,0,0,0,0,0
371197,2,1,0,0,0,0,0,0,0,0,0,0
371198,1,1,0,0,0,0,0,0,0,0,0,0
371199,1,1,0,0,0,0,0,0,0,0,0,0
371200,1,1,0,0,0,0,0,0,0,0,0,0
371200,2,1,0,0,0,0,0,0,0,0,0,0
371201,1,1,0,0,0,0,0,0,0,0,0,0
371201,2,1,8,8,8,8,8,8,8,8,8,8
371202,0,1,0,0,0,0,0,0,0,0,0,0
371202,1,1,0,0,0,0,0,0,0,0,0,0
371203,1,1,0,0,0,0,0,0,0,0,0,0
371203,2,1,0,0,0,0,0,0,0,0,0,0
371204,1,1,0,0,0,0,0,0,0,0,0,0
371204,2,1,0,0,0,0,0,0,0,0,0,0
371205,1,1,21,21,21,21,21,21,21,21,21,21
371206,1,1,0,0,0,0,0,0,0,0,0,0
371206,2,1,0,0,0,0,0,0,0,0,0,5
371207,0,1,16,16,16,16,16,16,16,16,16,16
371207,1,1,0,0,0,0,0,0,0,0,0,0
371207,2,1,0,0,0,0,0,0,0,0,0,9
371208,1,1,0,0,0,0,0,0,0,0,0,0
371208,2,1,12,12,12,12,12,12,12,12,12,12
371209,1,1,21,3,21,14,6,14,15,12,17,7
371210,1,1,0,0,0,0,0,0,0,0,0,0
371210,2,1,0,0,0,0,0,0,0,0,0,0
371211,1,1,0,0,0,0,0,0,0,0,0,0
371212,1,1,0,0,18,0,0,0,0,0,0,0
371212,2,1,0,0,0,0,0,0,0,0,0,0
371213,1,1,0,0,0,0,0,0,0,0,0,0
371214,1,1,0,0,0,0,14,6,0,0,0,0
371215,1,1,5,5,5,5,5,5,5,5,5,5
371216,1,1,0,0,0,0,0,0,0,0,0,0
371216,2,1,0,0,0,0,0,0,0,0,0,0
371217,1,1,0,0,0,0,0,0,0,0,0,0
371217,2,1,13,0,0,0,0,0,0,0,0,0
371218,1,1,30,30,30,30,30,30,30,30,30,30
371219,1,1,0,0,0,0,0,0,0,0,0,0
371220,0,1,0,0,0,0,0,0,0,0,0,0
371220,1,1,0,0,0,0,0,0,0,0,0,11
371221,1,1,0,0,0,0,0,0,0,0,0,0
371222,1,1,0,0,0,0,0,0,0,0,0,0
371223,0,1,0,0,0,0,0,0,0,0,0,0
371223,1,1,22,0,0,0,0,0,13,0,0,0
371224,1,1,0,0,0,0,0,0,0,0,0,0
371224,2,1,19,19,19,19,19,19,19,19,19,19
371225,1,1,16,13,32,8,22,24,9,19,10,17
371226,1,1,0,0,0,0,0,0,0,0,0,0
371227,1,1,0,0,0,0,0,0,0,0,0,0
371227,2,1,0,0,0,0,0,0,0,0,0,0
371228,1,1,0,0,0,0,0,0,0,0,0,0
371228,2,1,0,0,0,0,0,0,0,0,0,0
371229,1,1,0,0,0,0,0,0,0,0,0,0
371229,2,1,0,0,0,0,0,0,0,42,0,0
371229,3,1,0,0,0,0,0,0,0,0,0,12
371229,4,1,0,0,0,0,0,0,0,0,0,0
371230,0,1,0,0,0,0,0,0,0,0,0,0
371230,1,1,0,0,0,0,0,0,0,0,0,0
371231,1,1,2,2,2,2,2,2,2,2,2,2
371231,2,1,0,0,0,0,0,0,0,0,0,0
371232,1,1,0,0,0,0,0,0,0,0,0,0
371233,1,1,8,8,8,8,8,8,8,8,8,8
371234,1,1,0,0,0,0,0,0,0,0,0,0
371235,1,1,16,16,16,16,16,16,16,16,16,16
371236,1,1,3,3,3,3,3,3,3,3,3,3
371237,1,1,0,0,0,0,0,0,0,0,0,0
371238,1,1,0,0,0,0,0,0,0,0,0,0
371238,2,1,0,0,0,14,0,0,0,0,0,0
371239,0,1,21,21,21,21,21,21,21,21,21,21
371239,1,1,0,0,0,0,0,0,0,0,0,0
371240,1,1,12,12,12,12,12,12,12,12,12,12
371241,1,1,0,7,0,0,0,0,0,0,0,0
371242,1,1,9,9,9,9,9,9,9,9,9,9
371243,0,1,0,0,0,0,0,0,0,0,0,0
371243,1,1,0,0,0,0,0,0,0,5,0,0
371244,1,1,16,16,16,16,16,16,16,16,16,16
371245,1,1,0,0,0,0,0,0,0,0,0,0
371246,1,1,14,0,0,0,0,0,0,0,0,0
371246,2,1,0,0,0,0,0,0,0,0,10,0
371247,1,1,0,0,0,0,0,0,0,0,0,0
371247,2,1,0,0,0,0,0,0,0,0,0,0
371248,0,1,0,0,0,0,0,0,0,0,0,0
371248,1,1,0,0,0,0,0,0,0,0,0,0
371249,1,1,15,15,15,15,15,15,15,15,15,15
371249,2,1,0,0,0,0,0,0,0,0,0,0
371250,1,1,0,0,0,0,0,0,0,0,0,0
371251,0,1,19,19,19,19,19,19,19,19,19,19
371251,2,1,0,0,0,0,0,0,0,0,0,0
371252,1,1,6,0,0,0,0,0,0,0,0,0
371252,2,1,0,0,0,0,0,0,0,0,0,0
371253,1,1,0,0,0,0,0,11,0,0,0,24
371253,2,1,0,0,0,0,0,0,0,0,0,0
371254,1,1,0,0,0,0,0,0,0,0,0,0
371254,2,1,0,0,0,0,0,0,0,0,0,0
371254,3,1,0,0,0,0,0,0,0,0,0,0
371255,1,1,0,0,0,0,0,0,0,0,0,0
371255,2,1,0,0,0,0,0,0,0,0,0,0
371256,1,1,0,0,0,0,0,0,0,0,0,0
371256,2,1,0,15,0,0,0,0,0,0,20,0
371257,1,1,0,0,0,0,0,0,27,0,0,0
371257,2,1,0,0,0,0,0,0,0,0,0,0
371257,3,1,0,0,0,0,0,0,0,0,0,0
371258,1,1,19,19,19,19,19,19,19,19,19,19
371258,2,1,0,0,0,0,0,0,0,0,0,0
371259,1,1,14,14,14,14,14,14,14,14,14,14
371260,1,1,0,0,0,0,0,0,0,0,0,0
371260,2,1,0,0,0,0,0,0,0,0,0,0
371260,3,1,0,0,0,0,0,0,0,6,0,0
371261,0,1,0,0,0,0,0,0,0,0,0,0
371261,1,1,0,0,0,10,0,0,0,0,0,0
371262,1,1,0,0,0,0,0,0,0,0,0,0
371263,0,1,0,0,0,0,0,0,0,0,0,0
371263,1,1,0,0,0,0,0,0,0,0,0,0
371264,1,1,0,0,0,0,0,0,0,0,0,0
371265,1,1,0,0,0,0,0,0,0,0,0,0
371265,2,1,0,22,0,0,0,0,0,0,0,8
371266,0,1,23,23,23,23,23,23,23,23,23,23
371266,1,1,5,5,5,5,5,5,5,5,5,5
371267,1,1,0,0,0,0,0,0,0,0,0,0
371268,1,1,0,0,0,0,0,0,0,0,0,0
371268,2,1,0,0,0,0,0,0,0,0,0,0
371269,1,1,5,16,9,19,13,16,28,19,12,2
371269,2,1,0,0,0,0,0,0,0,0,0,0
371270,1,1,0,0,0,0,0,0,0,0,0,0
371270,2,1,0,0,0,0,0,0,0,0,0,0
371271,0,1,0,0,0,0,0,0,0,0,0,0
371271,1,1,0,0,0,0,0,13,0,0,0,0
371272,0,1,37,37,37,37,37,37,37,37,37,37
371272,1,1,0,0,0,0,0,0,0,0,0,0
371273,1,1,40,40,40,40,40,40,40,40,40,40
371274,1,1,0,0,0,0,0,0,0,0,20,24
371274,2,1,5,5,5,5,5,5,5,5,5,5
371274,3,1,0,0,0,0,0,0,0,0,0,0
371274,4,1,17,0,25,23,0,0,0,0,0,28
371275,1,1,0,0,0,0,0,0,0,0,0,0
371275,2,1,0,0,0,0,0,0,0,0,0,0
371276,1,1,0,0,0,0,0,0,0,0,0,0
371277,1,1,0,0,0,0,0,0,12,0,9,0
371277,2,1,0,0,0,0,0,0,0,0,0,0
371278,0,1,0,0,0,0,0,0,0,0,0,0
371278,1,1,0,0,0,0,0,0,0,0,0,0
371279,1,1,0,0,0,0,0,0,0,0,0,0
371280,1,1,0,0,0,0,0,0,0,0,0,0
371281,1,1,0,0,0,0,0,0,0,0,0,0
371281,2,1,0,0,0,0,0,0,0,0,0,0
371282,1,1,0,0,0,0,0,0,0,0,0,0
371283,1,1,0,0,0,0,0,0,0,0,0,0
371283,2,1,0,0,0,0,0,0,0,0,0,0
380001,1,1,0,0,0,0,0,0,0,0,0,0
380001,2,1,0,0,0,0,0,0,0,0,0,0
380002,1,1,0,0,0,0,0,0,0,0,0,0
380003,1,1,0,0,0,0,0,12,0,0,0,0
380003,2,1,9,0,0,0,0,0,0,0,0,0
380003,3,1,0,0,0,10,0,0,0,0,0,0
380005,1,1,8,8,8,8,8,8,8,8,8,8
380006,1,1,0,0,0,0,0,0,0,0,0,0
380006,2,1,9,9,9,9,9,9,9,9,9,9
380007,1,1,0,0,0,0,0,0,8,0,0,0
380007,2,1,1,1,1,1,1,1,1,1,1,1
380008,1,1,0,0,0,0,0,0,0,0,0,0
380008,2,1,0,0,0,0,0,0,0,0,0,0
380009,1,1,20,20,20,20,20,20,20,20,20,20
380010,1,1,33,33,33,33,33,33,33,33,33,33
380010,2,1,0,0,0,0,0,0,0,0,0,0
380011,1,1,21,7,19,0,0,9,15,12,9,15
380011,2,1,0,0,0,0,0,0,0,0,0,0
380012,1,1,0,0,0,0,0,0,0,0,0,0
380012,2,1,0,0,0,0,0,0,0,0,0,0
380013,1,1,3,3,3,3,3,3,3,3,3,3
380014,1,1,0,0,0,0,0,0,0,0,0,0
380014,2,1,0,0,0,0,0,0,0,0,0,0
380015,1,1,34,0,0,0,0,26,13,16,33,0
380016,1,1,0,0,0,0,0,0,0,0,0,0
380016,2,1,0,0,0,0,0,0,0,0,0,0
380017,1,1,0,0,0,0,0,0,0,0,0,0
380018,1,1,28,28,28,28,28,28,28,28,28,28
380019,1,1,0,0,0,0,0,0,0,0,0,0
380021,1,1,0,0,0,16,0,0,0,0,0,0
380021,2,1,0,0,0,0,0,0,0,0,0,0
380022,1,1,0,0,0,0,0,0,0,0,0,0
380023,1,1,0,0,0,0,0,0,0,0,0,0
380023,2,1,0,0,0,17,0,0,0,0,0,0
380024,1,1,26,20,8,0,13,6,0,26,0,6
380024,2,1,0,0,0,0,0,0,17,0,0,0
380025,1,1,0,0,0,0,0,0,0,0,0,0
380026,1,1,5,5,5,5,5,5,5,5,5,5
380027,1,1,0,0,0,0,0,0,0,0,0,0
380027,2,1,0,0,0,0,0,0,0,0,0,0
380028,1,1,23,23,23,23,23,23,23,23,23,23
380029,1,1,18,37,21,27,8,9,10,18,14,29
380030,1,1,0,0,0,0,0,0,0,0,0,0
380031,1,1,0,0,0,0,0,0,0,0,0,0
380032,1,1,24,18,22,8,0,18,20,17,28,0
380033,1,1,22,22,22,22,22,22,22,22,22,22
380034,1,1,27,27,27,27,27,27,27,27,27,27
380035,1,1,0,0,0,0,0,0,0,0,0,0
380035,2,1,0,0,0,0,0,0,0,0,0,0
380036,1,1,15,15,15,15,15,15,15,15,15,15
380037,1,1,0,0,0,0,0,0,0,0,0,0
380038,1,1,1,1,1,1,1,1,1,1,1,1
380039,1,1,21,21,21,21,21,21,21,21,21,21
380040,1,1,0,35,0,0,0,0,0,0,0,0
380041,1,1,21,21,21,21,21,21,21,21,21,21
380044,1,1,0,0,0,0,0,0,0,0,0,0
380044,2,1,0,0,0,0,0,0,0,0,0,0
380045,1,1,0,0,0,14,0,0,0,0,0,0
380046,1,1,12,12,12,12,12,12,12,12,12,12
380047,1,1,0,0,0,0,0,0,0,0,0,0
380047,2,1,0,0,0,0,0,0,0,0,0,0
380048,1,1,0,20,0,0,0,0,22,0,26,0
380049,1,1,1,1,1,1,1,1,1,1,1,1
380050,0,1,0,12,29,0,19,4,0,38,0,0
380050,1,1,0,0,0,0,0,0,0,0,0,0
380051,1,1,24,24,24,24,24,24,24,24,24,24
380052,1,1,29,29,29,29,29,29,29,29,29,29
380052,2,1,0,0,0,0,0,0,0,0,0,0
380053,1,1,18,18,18,18,18,18,18,18,18,18
380053,2,1,0,0,0,0,0,0,0,0,0,0
380054,1,1,25,25,25,25,25,25,25,25,25,25
380054,2,1,0,0,0,0,0,0,0,0,0,0
380055,1,1,22,22,22,22,22,22,22,22,22,22
380056,0,1,0,0,0,0,0,0,0,0,0,0
380056,1,1,0,0,0,0,0,0,0,0,0,0
380057,1,1,0,0,0,0,0,0,0,0,0,0
380057,2,1,0,0,0,0,0,0,0,0,0,0
380058,1,1,0,0,0,0,0,0,0,0,0,6
380058,2,1,0,0,0,0,0,0,0,0,0,0
380059,1,1,0,0,10,0,23,0,0,0,0,0
380061,1,1,10,10,10,10,10,10,10,10,10,10
380062,1,1,15,15,15,15,15,15,15,15,15,15
380063,1,1,0,0,0,0,0,0,0,0,0,0
380064,1,1,0,0,0,0,0,0,0,0,0,0
380064,2,1,11,22,0,0,32,0,0,0,0,0
380064,3,1,0,0,0,0,0,0,0,0,0,0
380065,1,1,0,0,0,0,0,0,0,0,0,0
380065,2,1,0,0,0,0,0,0,0,0,0,27
380066,1,1,17,17,17,17,17,17,17,17,17,17
380067,0,1,0,0,0,0,0,0,0,0,0,0
380067,1,1,0,0,0,0,0,0,0,0,0,0
380068,1,1,0,0,0,0,0,0,0,0,0,0
380069,1,1,0,0,0,0,0,0,0,0,0,0
380069,2,1,0,0,0,0,0,0,0,0,0,0
380070,1,1,0,0,0,0,0,0,0,0,0,0
380071,1,1,0,0,0,0,0,0,0,0,0,0
380071,2,1,0,0,0,0,0,0,0,0,0,0
380072,1,1,6,6,6,6,6,6,6,6,6,6
380073,1,1,5,23,29,13,18,13,14,22,10,6
380074,1,1,16,16,16,16,16,16,16,16,16,16
380074,2,1,0,0,0,0,0,0,0,0,0,0
380074,3,1,0,0,20,0,0,0,0,0,0,0
380075,1,1,15,15,15,15,15,15,15,15,15,15
380076,1,1,0,0,0,0,0,0,0,0,0,0
380076,2,1,5,5,0,14,0,0,0,0,0,0
380077,1,1,0,0,0,0,0,0,0,0,0,0
380078,1,1,0,0,0,0,0,0,0,0,0,0
380078,2,1,0,0,34,0,0,0,0,0,0,0
380078,3,1,0,9,0,0,0,0,0,0,0,0
380079,0,1,30,30,30,30,30,30,30,30,30,30
380079,1,1,0,0,0,0,0,0,0,0,0,0
380080,1,1,0,0,0,0,0,0,0,0,0,0
380080,2,1,0,0,0,0,0,0,0,0,0,0
380081,1,1,0,18,9,4,0,0,0,0,0,0
380081,2,1,0,0,0,0,0,0,0,0,0,0
380082,1,1,19,19,19,19,19,19,19,19,19,19
380083,1,1,0,0,0,0,0,0,0,0,0,0
380084,1,1,13,13,13,13,13,13,13,13,13,13
380084,2,1,0,0,0,0,0,0,0,0,0,0
380085,1,1,30,30,30,30,30,30,30,30,30,30
380086,1,1,18,18,18,18,18,18,18,18,18,18
380086,2,1,3,3,3,3,3,3,3,3,3,3
380087,1,1,15,15,15,15,15,15,15,15,15,15
380088,1,1,1,1,1,1,1,1,1,1,1,1
380088,2,1,0,0,0,0,0,0,0,0,0,0
380089,1,1,0,0,0,0,0,0,0,0,0,0
380089,2,1,28,28,28,28,28,28,28,28,28,28
380090,1,1,15,12,15,0,26,24,6,25,18,27
380091,1,1,0,0,0,0,0,0,0,0,0,0
380091,2,1,0,0,0,0,0,0,0,0,0,0
380091,3,1,0,0,0,0,0,0,0,0,0,0
380091,4,1,0,0,0,0,0,0,0,0,0,0
380091,5,1,0,0,0,0,0,0,0,0,0,0
380092,1,1,8,8,8,8,8,8,8,8,8,8
380092,2,1,0,0,0,0,0,0,0,0,0,0
380093,1,1,0,0,0,0,0,0,0,0,0,0
380094,0,1,26,26,26,26,26,26,26,26,26,26
380094,1,1,0,0,0,0,0,0,0,0,0,0
380095,1,1,0,0,0,0,0,0,0,0,0,0
380095,2,1,0,0,0,0,0,0,0,0,0,0
380096,1,1,17,17,17,17,17,17,17,17,17,17
380097,1,1,0,0,0,0,0,0,0,0,0,0
380097,2,1,0,0,0,0,0,0,0,0,0,0
380097,3,1,0,0,0,0,0,0,0,0,0,0
380097,4,1,0,0,0,0,0,0,0,0,0,0
380097,5,1,0,0,14,0,0,0,0,0,0,0
380098,0,1,0,0,0,0,0,0,0,0,0,0
380098,1,1,0,0,0,0,0,0,0,0,0,0
380099,0,1,37,37,37,37,37,37,37,37,37,37
380099,1,1,13,16,0,0,0,0,0,0,0,0
380100,1,1,0,0,0,0,0,0,0,0,0,0
380101,1,1,0,0,0,0,0,0,0,0,0,0
380101,2,1,0,0,0,0,0,0,0,0,0,11
380102,1,1,0,0,0,0,0,0,0,0,0,0