ST_CASE,VEH_NO,PER_NO,P1,P2,P3,P4,P5,P6,P7,P8,P9,P10
380102,2,1,0,0,0,0,0,0,0,0,0,0
380103,1,3,21,0,10,12,11,14,0,12,11,0
380104,1,1,19,19,19,19,19,19,19,19,19,19
380105,1,1,32,32,32,32,32,32,32,32,32,32
380105,2,1,0,0,0,0,0,0,0,0,0,0
380106,1,1,0,0,0,0,0,0,0,0,0,0
380107,1,1,0,0,0,0,0,0,0,0,14,0
380107,2,1,0,0,0,0,0,0,0,0,0,0
380107,3,1,0,0,0,0,0,0,0,0,0,0
380108,1,1,21,21,21,21,21,21,21,21,21,21
380108,2,1,0,0,0,0,0,0,0,0,0,0
380109,1,1,25,25,25,25,25,25,25,25,25,25
380110,1,1,6,6,6,6,6,6,6,6,6,6
380111,1,1,0,0,0,0,0,0,0,0,0,0
380112,1,1,0,0,0,0,0,0,0,0,0,0
380113,1,1,0,0,0,0,0,0,0,0,0,0
380113,2,1,0,0,29,0,0,0,0,0,0,0
380114,1,1,10,10,10,10,10,10,10,10,10,10
380115,0,1,0,0,0,0,0,0,0,0,0,0
380115,1,1,3,3,3,3,3,3,3,3,3,3
380116,1,1,9,9,9,9,9,9,9,9,9,9
390001,1,1,0,0,0,0,0,0,0,0,12,0
390001,2,1,0,0,0,0,0,0,0,0,0,0
390002,1,1,12,12,12,12,12,12,12,12,12,12
390003,0,1,0,0,0,0,0,0,0,0,0,0
390003,1,1,0,0,0,0,0,0,0,0,0,0
390004,1,1,0,0,0,0,0,0,0,0,0,0
390004,2,1,0,0,0,0,0,0,0,0,0,0
390005,1,1,26,26,26,26,26,26,26,26,26,26
390005,2,1,0,0,0,0,0,0,0,0,0,0
390006,1,1,0,0,0,0,0,0,0,0,0,0
390007,1,1,0,0,0,0,0,0,0,0,0,0
390008,1,1,0,0,0,0,0,0,0,0,0,0
390008,2,1,0,0,0,0,0,0,0,0,0,0
390008,3,1,0,0,0,0,0,0,0,0,0,0
390008,4,1,0,0,0,0,0,0,0,0,0,0
390009,1,1,4,4,4,4,4,4,4,4,4,4
390010,1,1,0,0,0,0,0,0,0,0,0,0
390010,2,1,0,0,0,0,0,0,0,0,0,0
390011,1,1,24,24,24,24,24,24,24,24,24,24
390012,0,1,0,0,0,0,0,0,0,0,0,0
390012,1,1,0,0,0,0,3,0,0,0,0,0
390013,1,1,11,11,11,11,11,11,11,11,11,11
390013,2,1,0,0,0,0,0,0,0,0,0,0
390013,3,1,0,0,0,0,0,0,0,0,0,0
390014,1,1,0,0,0,0,0,0,0,0,0,0
390014,2,1,0,0,0,0,0,0,0,0,0,0
390015,1,1,0,0,0,0,0,0,0,0,0,0
390015,2,1,0,0,0,0,0,0,0,0,0,0
390016,1,1,0,0,0,0,0,0,0,0,0,0
390016,2,1,0,0,0,0,0,0,0,0,0,0
390017,1,1,0,0,0,0,0,0,0,0,0,0
390017,2,1,0,0,0,0,0,0,0,9,0,0
390018,1,1,0,0,0,0,0,0,0,0,0,0
390019,1,1,0,0,0,0,0,0,0,0,0,0
390019,2,1,0,0,0,0,0,0,0,0,0,0
390020,0,1,0,0,32,0,0,0,20,0,0,18
390020,1,1,0,0,0,25,0,0,0,0,0,0
390021,1,1,18,18,18,18,18,18,18,18,18,18
390022,1,1,0,0,0,0,0,0,0,0,0,0
390023,1,1,0,0,0,0,0,0,0,0,0,0
390024,1,1,0,0,0,0,0,0,0,0,0,0
390024,2,1,0,0,0,0,0,0,0,0,0,0
390025,1,1,0,0,0,0,0,0,0,0,0,0
390026,1,1,23,23,23,23,23,23,23,23,23,23
390027,0,1,37,37,37,37,37,37,37,37,37,37
390027,1,1,0,0,0,0,0,0,0,0,0,0
390028,1,1,0,0,0,0,0,0,0,0,0,0
390028,2,1,0,0,0,0,0,0,0,0,0,0
390029,1,1,18,18,18,18,18,18,18,18,18,18
390030,1,1,24,24,24,24,24,24,24,24,24,24
390031,1,1,0,0,0,0,0,0,0,0,0,0
390031,2,1,0,0,0,0,0,8,0,0,0,17
390032,1,1,25,22,18,13,10,14,9,34,20,24
390033,1,1,16,16,16,16,16,16,16,16,16,16
390034,1,1,0,0,0,0,0,0,0,0,0,0
390034,2,1,0,11,0,0,0,0,0,0,0,0
390035,1,1,0,0,0,0,0,0,0,0,0,0
390035,2,1,0,0,0,0,0,0,0,0,0,0
390036,1,1,0,0,0,0,0,0,0,0,0,0
390036,2,1,0,0,13,0,4,0,0,0,0,0
390037,1,1,0,0,0,0,0,0,0,0,0,0
390038,1,1,34,34,34,34,34,34,34,34,34,34
390039,1,1,0,0,0,0,0,0,0,0,0,0
390040,1,1,0,0,0,0,0,0,0,0,0,0
390040,2,1,0,0,0,0,0,0,0,0,0,0
390041,1,1,21,21,21,21,21,21,21,21,21,21
390042,1,1,0,0,0,0,0,0,0,0,0,0
390043,1,1,0,0,0,0,0,0,0,0,0,0
390043,2,1,0,0,0,0,0,0,0,0,0,0
390044,1,1,2,2,2,2,2,2,2,2,2,2
390045,1,1,0,0,0,0,0,0,0,0,0,0
390045,2,1,0,0,0,0,0,0,0,0,0,0
390046,0,1,0,0,0,0,0,0,0,0,0,0
390046,1,1,0,0,0,0,0,0,0,0,0,17
390047,1,1,0,0,0,0,0,12,0,0,0,0
390047,2,1,0,0,0,0,0,0,0,0,0,0
390048,1,1,0,0,0,0,0,0,0,0,0,0
390048,2,1,0,0,0,0,0,0,0,0,0,0
390049,1,1,0,0,0,0,0,0,0,0,0,0
390049,2,1,23,23,23,23,23,23,23,23,23,23
390050,1,1,23,23,23,23,23,23,23,23,23,23
390051,0,1,0,0,0,0,0,0,0,0,0,0
390051,1,1,0,0,0,0,0,0,0,0,0,0
390052,1,1,0,20,23,0,0,0,0,0,0,0
390053,0,1,0,0,0,0,0,0,0,0,0,0
390053,1,1,7,24,0,28,0,17,4,13,18,18
390054,1,1,0,0,0,0,0,0,0,0,0,0
390055,1,1,20,20,20,20,20,20,20,20,20,20
390056,1,1,20,20,20,20,20,20,20,20,20,20
390057,1,1,0,0,0,0,0,0,0,0,0,0
390057,2,1,0,0,0,0,0,0,0,0,0,0
390057,3,1,0,0,8,0,0,0,0,0,0,0
390059,1,1,0,0,0,0,0,0,0,0,0,0
390059,2,1,0,0,0,0,0,0,0,0,0,0
390060,0,1,30,30,30,30,30,30,30,30,30,30
390060,1,1,0,0,0,0,0,0,0,11,0,0
390061,1,1,0,0,0,0,0,0,0,0,0,0
390061,2,1,0,0,0,0,0,0,0,0,0,0
390061,3,1,0,0,0,0,0,0,0,0,0,0
390062,1,1,0,0,0,0,0,0,0,0,0,0
390063,1,1,16,16,16,16,16,16,16,16,16,16
390064,1,1,16,0,0,8,0,0,0,0,0,21
390066,1,1,0,0,0,0,0,0,0,0,0,0
390067,1,1,11,0,0,0,0,0,0,0,0,0
390067,2,1,0,0,0,0,0,0,0,0,0,0
390068,1,1,0,0,0,0,0,0,0,0,0,0
390069,1,1,0,0,0,0,0,0,0,0,0,0
390069,2,1,0,0,0,0,0,0,0,0,0,0
390072,1,1,0,0,0,0,0,0,0,0,0,0
390073,1,1,0,0,0,0,0,0,0,0,0,0
390074,1,1,20,20,20,20,20,20,20,20,20,20
390075,1,1,0,0,0,0,0,0,0,0,0,0
390075,2,1,0,0,0,0,0,8,0,0,0,0
390075,3,1,0,0,0,0,0,0,0,0,0,0
390076,1,1,5,5,5,5,5,5,5,5,5,5
390077,0,1,0,0,0,0,0,0,0,0,0,0
390077,1,1,14,18,2,24,18,5,25,8,8,15
390077,3,1,0,0,0,0,0,0,11,0,0,0
390078,0,1,9,9,9,9,9,9,9,9,9,9
390078,1,1,0,0,0,0,0,0,0,0,0,0
390079,0,1,25,25,25,25,25,25,25,25,25,25
390079,1,1,0,0,0,0,0,0,0,0,0,0
390080,1,1,14,14,14,14,14,14,14,14,14,14
390081,1,1,0,0,0,0,0,0,0,0,0,0
390081,2,1,23,23,23,23,23,23,23,23,23,23
390082,0,1,0,0,0,0,0,0,0,0,0,0
390082,1,1,9,13,9,25,11,3,8,29,17,12
390083,1,1,0,0,0,0,0,0,0,0,0,0
390083,2,1,0,0,0,0,0,0,0,0,0,0
390084,1,1,0,0,0,0,0,0,0,0,0,0
390084,2,1,0,0,0,0,0,0,0,0,0,0
390084,3,1,21,0,0,0,0,0,0,0,0,0
390084,4,1,0,0,0,0,0,0,0,0,0,0
390085,0,1,0,0,0,0,0,0,0,0,0,0
390085,1,1,0,0,0,0,0,0,0,0,0,0
390086,1,1,13,13,13,13,13,13,13,13,13,13
390086,2,1,0,0,0,0,0,0,0,0,0,0
390087,0,1,0,0,0,0,0,0,0,0,0,0
390087,1,1,0,0,0,0,0,0,0,0,0,0
390088,1,1,0,0,0,0,0,0,0,0,0,0
390088,2,1,0,0,0,0,0,0,0,0,0,0
390088,3,1,0,0,0,25,0,0,0,0,0,0
390088,4,1,0,0,0,0,0,0,0,0,16,0
390088,5,1,0,0,0,0,0,0,0,0,0,0
390088,6,1,0,0,0,0,0,0,0,0,0,0
390088,7,1,0,0,0,0,0,0,0,0,0,0
390088,8,1,0,0,0,0,0,0,0,0,0,0
390089,1,1,0,0,0,0,0,0,0,0,0,0
390089,2,1,0,0,0,0,0,0,0,0,0,0
390090,0,1,0,0,0,0,0,0,0,0,0,0
390090,0,2,0,0,0,0,0,0,0,0,0,0
390090,1,1,0,0,0,0,0,0,0,0,0,0
390091,1,1,0,0,0,0,0,0,0,0,0,0
390092,1,1,16,16,16,16,16,16,16,16,16,16
390093,1,1,25,25,25,25,25,25,25,25,25,25
390094,1,1,0,0,0,0,0,0,0,0,0,0
390094,2,1,0,0,0,8,0,0,0,0,0,0
390095,1,1,18,18,18,18,18,18,18,18,18,18
390095,2,1,0,0,0,0,0,0,0,0,0,0
390096,1,1,0,0,0,0,0,0,0,0,0,0
390096,2,1,0,0,0,0,0,0,0,0,0,0
390096,3,1,0,0,0,0,0,0,9,0,0,0
390096,4,1,0,0,0,0,0,0,0,0,0,0
390096,5,1,0,0,0,0,0,0,0,0,0,0
390096,6,1,0,0,0,0,0,0,0,0,0,0
390096,7,1,0,0,0,0,0,0,0,0,0,0
390096,8,1,0,0,0,0,0,0,0,0,0,0
390096,9,1,0,0,0,8,0,0,0,0,0,0
390096,10,1,0,0,0,0,0,0,0,0,0,0
390096,11,1,0,0,0,0,0,0,0,0,0,0
390096,12,1,0,0,0,0,0,0,0,0,0,0
390096,13,1,0,0,0,0,0,0,0,0,12,0
390096,14,1,0,0,0,0,0,0,0,0,0,0
390096,15,1,0,0,0,0,0,0,0,0,0,0
390096,16,1,0,0,0,0,0,0,0,34,0,0
390096,17,1,0,0,0,0,0,0,0,0,0,0
390096,18,1,0,0,0,0,0,0,0,0,0,0
390096,19,1,0,0,0,0,12,0,0,0,0,0
390096,20,1,0,0,0,0,0,0,0,0,0,0
390096,21,1,0,0,0,0,0,15,0,0,0,0
390096,22,1,0,0,0,0,0,0,0,0,0,0
390096,23,1,0,0,0,0,0,0,0,0,0,0
390096,24,1,0,0,0,0,0,0,0,0,0,0
390096,25,1,0,0,0,0,0,0,0,0,0,0
390096,26,1,0,0,0,0,0,0,19,0,0,0
390096,27,1,0,0,15,15,0,0,0,0,0,0
390096,28,1,0,0,0,0,0,0,0,0,0,0
390096,29,1,0,0,0,0,0,0,0,0,0,0
390096,30,1,0,0,0,0,0,0,0,0,0,0
390096,31,1,0,0,0,0,0,0,0,0,0,0
390097,1,1,0,0,0,0,0,0,0,0,0,0
390097,2,1,0,0,0,0,0,0,0,0,0,0
390098,1,1,0,0,0,0,0,0,0,0,0,0
390099,1,1,0,0,0,0,0,0,0,0,0,0
390099,2,1,0,0,0,0,0,0,0,0,0,0
390099,3,1,0,0,0,0,0,0,0,7,0,0
390099,4,1,0,0,0,0,0,0,0,0,0,0
390099,5,1,0,0,0,0,0,0,0,0,0,0
390099,6,1,0,0,0,0,0,0,0,0,0,0
390099,7,1,0,0,0,0,0,0,0,0,0,0
390100,1,1,0,0,0,0,0,0,0,0,0,0
390100,2,1,0,0,0,0,0,0,0,0,17,0
390100,3,1,0,0,17,0,0,0,0,22,0,19
390101,1,1,0,0,0,0,0,0,0,0,0,0
390102,1,1,21,21,21,21,21,21,21,21,21,21
390103,1,1,0,0,0,0,0,0,0,0,0,0
390104,1,1,0,0,0,0,0,0,0,0,0,0
390104,2,1,0,0,0,0,0,0,0,0,0,0
390105,1,1,14,0,0,0,0,0,0,0,0,0
390105,2,1,0,0,0,0,0,0,0,0,0,0
390105,3,1,0,0,0,0,0,0,0,0,0,0
390106,1,1,0,0,0,0,0,0,0,0,0,0
390107,1,1,0,0,0,0,0,0,0,26,0,0
390108,1,1,0,0,0,0,0,0,0,0,0,0
390108,2,1,0,0,0,0,0,0,0,0,0,0
390109,1,1,0,0,0,0,0,0,0,0,0,0
390109,2,1,3,3,3,3,3,3,3,3,3,3
390110,1,1,0,0,0,0,0,0,0,0,0,0
390111,0,1,0,0,0,0,0,0,0,0,0,0
390111,1,1,0,0,0,0,0,0,0,0,0,0
390113,1,1,0,0,0,0,0,0,0,0,0,0
390113,2,1,0,0,0,0,0,0,0,0,0,0
390114,0,1,0,0,0,0,0,0,0,0,0,0
390114,1,1,0,0,0,0,0,0,0,0,0,0
390114,2,1,0,13,0,0,18,0,0,0,0,0
390115,1,1,0,0,0,0,0,0,12,0,22,0
390115,2,1,0,0,0,0,0,0,0,0,0,0
390116,1,1,0,0,0,0,0,0,0,0,0,0
390116,2,1,0,0,0,0,0,0,0,0,0,0
390117,1,1,13,0,0,0,0,13,0,31,0,0
390117,2,1,0,0,0,0,0,0,0,0,11,0
390117,3,1,19,19,19,19,19,19,19,19,19,19
390118,0,1,0,0,0,0,0,0,0,0,0,0
390118,1,1,0,0,0,0,0,0,0,0,0,0
390119,1,1,25,25,25,25,25,25,25,25,25,25
390120,1,1,22,22,22,22,22,22,22,22,22,22
390121,0,1,0,0,0,0,0,0,0,0,0,0
390121,0,2,27,18,17,0,0,0,0,0,0,20
390121,2,1,24,24,24,24,24,24,24,24,24,24
390122,0,1,0,0,0,0,0,0,0,0,0,0
390122,1,1,0,0,0,0,0,0,0,0,0,9
390122,2,1,21,0,0,0,0,0,0,0,0,0
390122,3,1,0,0,0,0,0,0,0,0,0,0
390122,4,1,0,0,0,0,0,0,0,0,6,0
390122,5,1,26,0,0,0,0,0,0,0,11,0
390123,1,1,0,0,0,0,0,0,0,0,0,0
390124,1,1,15,15,15,15,15,15,15,15,15,15
390124,2,1,0,0,0,0,0,0,0,0,0,0
390125,1,1,0,0,0,0,0,0,0,0,0,18
390125,2,1,0,0,0,0,0,0,0,0,0,0
390126,1,1,0,0,0,0,0,0,0,0,0,0
390126,2,1,0,0,0,0,0,0,0,0,0,0
390126,3,1,0,0,0,0,0,0,0,0,0,0
390126,4,1,0,0,0,0,0,0,0,0,0,0
390126,5,1,0,0,0,0,0,0,0,0,0,0
390126,6,1,0,0,0,0,0,0,0,0,0,0
390126,7,1,0,0,0,0,0,0,0,0,0,0
390126,8,1,0,0,0,0,0,0,0,0,0,0
390126,9,1,0,0,0,0,0,0,0,0,0,0
390126,10,1,0,0,0,0,0,0,0,0,0,0
390126,11,1,6,0,0,0,0,0,0,0,0,0
390126,12,1,0,0,0,0,0,0,0,0,0,0
390126,13,1,0,0,0,0,0,0,0,0,0,0
390126,14,1,0,0,0,0,0,41,0,0,0,0
390126,15,1,0,0,0,0,0,0,0,0,0,0
390126,17,1,0,0,0,0,0,0,0,0,0,0
390126,18,1,0,0,0,0,0,0,0,0,0,0
390126,19,1,13,0,0,0,0,0,0,0,0,0
390126,20,1,0,0,0,0,0,0,0,0,0,0
390126,21,1,0,0,0,0,0,0,0,0,0,0
390126,23,1,0,0,0,0,0,0,0,0,0,0
390126,24,1,18,0,0,0,0,0,0,0,0,0
390126,25,1,0,0,0,0,0,0,0,0,0,0
390126,26,1,0,0,0,0,0,0,0,0,0,0
390126,27,1,16,0,0,0,0,0,0,0,0,0
390126,28,1,0,0,0,0,0,0,0,0,0,0
390126,29,1,0,0,0,0,0,0,0,0,0,0
390127,1,1,0,0,0,0,0,0,0,0,0,21
390129,0,1,0,0,0,0,0,0,0,0,0,0
390129,1,1,0,0,0,0,0,0,0,0,0,0
390130,0,1,18,18,18,18,18,18,18,18,18,18
390130,1,1,0,0,0,0,0,0,16,0,0,0
390131,1,1,7,7,7,7,7,7,7,7,7,7
390131,2,1,0,0,0,0,0,0,0,0,0,0
390132,0,1,0,0,0,0,0,0,0,0,0,0
390132,0,2,0,0,0,0,0,0,0,0,0,34
390132,1,1,0,0,0,0,0,0,0,0,5,0
390133,1,1,0,0,0,0,0,0,0,0,0,0
390133,2,1,0,0,0,0,0,0,0,0,14,0
390134,1,1,0,0,0,0,0,0,0,0,0,0
390135,1,1,0,0,0,0,0,0,0,0,0,0
390136,1,1,0,0,0,0,0,0,0,0,0,0
390137,1,1,0,0,0,0,0,0,0,0,0,0
390138,1,1,13,13,13,13,13,13,13,13,13,13
390139,1,1,0,0,0,0,0,0,0,0,0,0
390140,1,1,0,0,0,0,0,0,0,0,0,0
390140,2,1,0,0,0,0,0,0,0,0,0,0
390141,1,1,0,0,0,0,0,0,0,0,0,0
390142,1,1,0,0,0,8,0,0,10,0,0,0
390142,2,1,0,0,0,24,0,0,0,0,0,0
390143,1,1,0,0,0,0,0,0,0,0,0,0
390143,2,1,0,0,0,0,0,0,0,0,0,0
390144,1,1,0,0,0,0,0,0,0,0,0,0
390144,2,1,9,0,22,22,16,20,19,21,5,19
390145,1,1,0,0,0,0,0,0,0,0,0,15
390145,2,1,0,0,0,0,0,0,0,0,0,0
390146,0,1,0,0,0,0,0,0,0,0,0,0
390146,1,1,0,13,0,0,0,0,0,0,9,4
390147,1,1,0,0,0,0,0,0,0,0,0,0
390147,2,1,0,0,0,0,0,0,0,0,0,0
390148,1,1,0,0,0,0,0,0,0,0,0,0
390149,1,1,0,0,0,0,0,0,0,0,0,0
390150,1,1,0,0,0,0,0,0,0,0,0,0
390150,2,1,0,0,0,0,0,0,10,0,0,0
390151,1,1,18,0,0,0,0,0,0,0,0,0
390152,1,1,0,0,0,0,0,0,0,0,0,0
390152,2,1,0,0,0,0,0,0,0,0,0,0
390153,1,1,0,0,0,0,0,0,0,0,0,0
390153,2,1,0,0,0,0,0,0,0,0,0,33
390154,1,1,18,18,18,18,18,18,18,18,18,18
390155,1,1,0,0,0,0,0,0,0,0,0,0
390156,1,1,0,0,0,0,0,0,0,0,0,0
390157,1,1,0,0,0,0,0,0,0,0,0,0
390157,2,1,0,0,0,0,0,0,0,0,0,0
390158,1,1,0,0,0,8,0,0,0,0,0,0
390158,2,1,0,0,0,10,0,0,0,0,0,0
390160,1,1,0,0,0,0,0,0,0,0,0,0
390160,2,1,0,0,0,0,0,0,0,0,0,29
390161,1,1,0,0,0,0,0,0,0,0,0,0
390161,2,1,0,0,0,0,0,0,0,0,0,0
390162,0,1,47,29,34,0,36,0,0,23,0,0
390162,1,1,10,10,10,10,10,10,10,10,10,10
390162,2,1,0,0,0,0,0,0,0,0,0,0
390163,1,1,0,0,0,0,0,0,0,0,0,0
390164,1,1,28,28,28,28,28,28,28,28,28,28
390165,1,1,0,0,0,0,0,0,0,0,0,0
390166,1,1,19,19,19,19,19,19,19,19,19,19
390166,2,1,0,0,0,0,0,0,0,0,0,0
390168,1,1,16,16,16,16,16,16,16,16,16,16
390169,1,1,0,0,0,0,0,0,0,0,0,0
390169,2,1,0,0,0,0,0,0,0,0,0,0
390169,3,1,0,0,9,0,0,0,0,0,0,0
390170,1,1,0,0,0,0,0,0,0,0,0,0
390170,2,1,21,21,21,21,21,21,21,21,21,21
390171,1,1,0,0,0,0,0,0,23,0,0,0
390171,2,1,0,0,0,0,0,0,0,0,0,0
390172,1,1,0,0,0,0,7,0,0,0,0,0
390172,2,1,0,0,0,0,0,0,0,0,0,0
390173,1,1,0,0,0,0,0,0,0,0,0,0
390173,2,1,0,0,0,0,0,0,0,0,0,0
390174,1,1,0,0,0,0,0,0,0,0,0,0
390174,2,1,0,0,0,0,0,0,0,0,0,0
390175,1,1,0,0,0,0,0,0,0,0,0,0
390175,2,1,0,0,0,0,0,0,0,0,0,0
390176,1,1,0,0,0,0,0,0,0,0,0,0
390176,2,1,0,0,0,0,0,0,0,0,0,0
390177,1,1,0,0,0,15,0,0,0,19,0,0
390177,2,1,0,0,0,0,16,0,21,0,0,0
390178,1,1,13,13,13,13,13,13,13,13,13,13
390179,1,1,0,0,0,0,0,0,0,0,0,0
390180,1,1,0,0,0,0,0,0,0,0,0,0
390180,2,1,0,0,0,0,0,0,0,0,0,0
390181,1,1,0,0,0,0,0,0,0,0,0,16
390181,2,1,0,0,0,0,5,0,0,0,0,0
390182,1,1,0,0,0,0,0,0,0,0,0,0
390182,2,1,0,0,0,0,0,0,0,0,0,0
390183,1,1,0,0,0,0,0,0,0,0,0,0
390183,2,1,0,0,0,0,0,0,0,0,0,0
390184,1,1,22,22,22,22,22,22,22,22,22,22
390185,1,1,0,0,0,0,0,0,0,0,0,0
390186,1,1,0,0,0,0,0,0,0,0,0,0
390186,2,1,0,0,0,0,0,0,0,0,0,0
390187,1,1,31,31,31,31,31,31,31,31,31,31
390188,1,1,50,50,50,50,50,50,50,50,50,50
390189,1,1,0,0,0,0,0,0,0,0,0,0
390190,1,1,0,0,0,0,0,0,0,0,0,0
390191,1,1,11,11,11,11,11,11,11,11,11,11
390192,1,1,19,18,29,8,7,13,15,4,18,13
390194,1,1,0,0,0,0,0,0,0,0,0,0
390195,1,1,0,0,0,0,0,0,0,0,0,0
390195,2,1,0,0,0,0,0,0,4,0,0,0
390196,1,1,0,0,0,0,0,0,0,0,0,0
390197,1,1,0,0,0,0,0,0,0,0,0,0
390197,2,1,0,0,0,0,0,22,0,0,0,0
390199,1,1,0,0,0,0,0,0,0,0,0,0
390199,2,1,0,0,0,0,0,0,0,0,0,0
390200,0,1,21,21,21,21,21,21,21,21,21,21
390200,1,1,0,0,0,0,0,0,0,0,0,0
390201,1,1,0,0,0,0,0,0,0,0,0,0
390201,2,1,27,27,27,27,27,27,27,27,27,27
390202,0,1,0,0,17,0,0,0,0,0,0,0
390202,1,1,0,0,0,0,0,0,0,0,0,0
390203,1,1,0,0,0,0,0,0,0,0,0,0
390203,2,1,0,0,0,0,0,0,0,0,0,0
390204,0,1,0,0,0,0,0,0,0,0,0,0
390204,1,1,0,0,0,0,0,0,0,0,0,0
390205,1,1,20,20,20,20,20,20,20,20,20,20
390205,2,1,0,0,0,0,0,0,0,0,0,0
390206,1,1,0,0,0,0,0,0,0,0,0,0
390206,2,1,0,0,0,0,0,0,0,0,0,0
390207,1,1,0,0,0,0,0,0,0,0,0,0
390208,1,1,0,0,0,0,0,0,0,0,0,0
390209,1,1,0,0,0,0,0,0,0,0,0,0
390210,1,1,0,0,0,0,0,0,0,0,18,0
390211,1,1,0,0,0,0,0,0,0,0,0,0
390212,0,1,0,0,0,0,0,0,0,0,0,0
390212,0,2,0,0,0,0,0,0,0,33,0,0
390212,1,1,0,0,0,0,0,0,0,0,0,0
390213,1,1,3,10,26,33,27,17,27,22,25,27
390214,0,1,0,0,0,0,0,0,0,0,0,0
390214,1,1,7,0,0,0,0,0,0,0,0,0
390214,2,1,0,0,0,0,0,0,0,0,0,0
390215,1,1,0,0,0,0,0,0,0,0,0,0
390215,2,1,0,0,0,0,0,0,0,0,0,0
390215,3,1,0,0,0,0,0,0,0,0,0,0
390216,1,1,0,0,0,0,0,0,0,0,0,0
390216,2,1,0,0,0,0,0,0,0,0,0,0
390217,1,1,19,19,19,19,19,19,19,19,19,19
390218,1,1,22,22,22,22,22,22,22,22,22,22
390218,2,1,0,0,0,0,0,0,0,0,0,0
390219,1,1,0,0,0,0,0,0,0,0,0,0
390219,2,1,9,9,9,9,9,9,9,9,9,9
390220,1,1,0,0,0,0,0,0,0,0,0,0
390221,1,1,0,0,0,0,0,0,0,0,0,16
390221,2,1,0,0,0,0,0,0,0,0,0,22
390223,1,1,0,0,0,0,0,0,0,0,0,0
390223,2,1,0,0,0,0,0,0,0,0,0,0
390224,1,1,29,29,29,29,29,29,29,29,29,29
390225,1,1,0,0,0,0,0,0,0,0,0,0
390227,1,1,0,0,0,0,0,0,0,0,0,0
390228,1,1,25,25,25,25,25,25,25,25,25,25
390229,1,1,0,0,0,16,0,0,0,0,0,0
390229,2,1,0,0,0,0,0,0,0,0,0,0
390230,1,1,0,0,0,0,0,0,0,0,0,0
390230,2,1,23,23,23,23,23,23,23,23,23,23
390232,1,1,0,0,0,0,0,0,0,0,0,0
390232,2,1,0,0,0,0,0,0,0,0,0,0
390233,1,1,0,0,0,0,0,0,0,0,0,0
390233,2,1,0,4,0,0,0,0,0,0,0,0
390234,0,1,10,10,10,10,10,10,10,10,10,10
390234,1,1,0,0,0,0,0,0,0,0,0,0
390235,1,1,0,0,0,0,0,0,0,0,0,0
390236,1,1,20,20,20,20,20,20,20,20,20,20
390237,1,1,0,0,0,0,0,0,0,0,0,0
390237,2,1,0,0,0,0,0,0,0,0,0,0
390238,1,1,0,0,0,0,0,0,0,0,0,0
390238,2,1,0,0,0,0,0,0,0,0,0,0
390239,1,1,0,0,0,0,0,0,0,0,0,0
390240,1,1,30,30,30,30,30,30,30,30,30,30
390241,1,1,0,0,0,0,0,0,0,0,0,0
390242,1,1,0,0,0,0,0,0,0,0,0,0
390242,2,1,0,0,0,0,0,0,0,0,0,0
390243,1,1,0,0,0,0,0,0,0,0,0,0
390243,2,1,0,0,0,13,0,0,28,0,0,0
390244,1,1,0,0,8,23,0,0,0,10,22,0
390245,0,1,0,0,0,0,0,0,0,0,0,0
390245,1,1,0,0,0,0,0,0,0,0,0,0
390246,1,1,0,0,0,0,0,0,0,0,0,0
390246,2,1,0,0,0,0,0,0,0,0,0,0
390247,1,1,0,0,0,0,0,0,0,0,0,0
390248,1,1,0,0,0,0,0,0,0,0,0,0
390249,1,1,0,0,0,0,0,0,0,0,0,0
390250,1,1,15,15,15,15,15,15,15,15,15,15
390251,1,1,6,0,0,0,0,0,0,0,0,0
390251,2,1,0,0,6,0,0,0,13,0,0,9
390252,1,1,0,0,0,0,0,0,0,0,0,0
390252,2,1,0,0,0,0,0,0,0,0,0,0
390253,1,1,0,0,0,0,0,0,0,0,0,0
390253,2,1,0,0,0,0,0,0,0,0,0,0
390254,1,1,0,0,0,0,0,0,0,0,0,14
390255,1,1,0,0,0,0,0,0,0,0,0,0
390256,0,1,27,27,27,27,27,27,27,27,27,27
390256,1,1,15,0,0,0,2,0,0,12,0,0
390256,2,1,0,0,0,0,0,0,0,0,0,0
390257,1,1,0,0,0,0,0,0,0,0,0,0
390257,2,1,0,0,0,0,0,0,0,0,0,0
390258,1,1,27,27,27,27,27,27,27,27,27,27
390259,1,1,0,0,0,0,0,0,10,0,0,5
390259,2,1,0,0,0,0,0,0,0,0,0,0
390260,1,1,0,0,0,0,0,11,0,0,0,0
390260,2,1,0,0,0,0,0,0,0,0,0,0
390260,3,1,0,0,0,0,0,0,0,0,0,0
390261,1,1,0,0,0,0,0,0,0,0,0,0
390261,2,1,0,0,0,0,0,0,0,0,0,0
390261,3,1,0,0,0,0,0,0,0,0,0,0
390262,1,1,20,20,20,20,20,20,20,20,20,20
390263,1,1,17,17,17,17,17,17,17,17,17,17
390264,1,1,0,0,0,0,0,0,0,0,0,0
390264,2,1,0,0,0,0,0,0,0,0,0,0
390265,1,1,0,9,0,0,0,0,0,0,0,0
390265,2,1,0,0,0,0,0,0,0,0,0,0
390266,1,1,22,22,22,22,22,22,22,22,22,22