ST_CASE,VEH_NO,PER_NO,P1,P2,P3,P4,P5,P6,P7,P8,P9,P10
390267,0,1,13,13,13,13,13,13,13,13,13,13
390267,1,1,0,0,0,9,0,0,0,0,0,0
390268,1,1,0,0,0,0,0,0,0,0,0,0
390269,1,1,0,0,0,0,0,0,0,0,0,0
390270,1,1,17,17,17,17,17,17,17,17,17,17
390271,1,1,25,25,25,25,25,25,25,25,25,25
390272,0,1,17,17,17,17,17,17,17,17,17,17
390272,1,1,0,0,0,4,0,0,0,0,0,0
390273,1,1,0,17,0,0,0,0,0,0,0,0
390274,0,1,0,0,0,0,0,0,0,0,0,0
390274,0,2,19,0,0,0,0,30,0,0,20,0
390274,0,3,0,0,0,0,0,0,0,0,0,0
390274,1,1,0,0,0,0,0,0,0,0,0,0
390275,1,1,0,0,0,0,0,0,0,0,0,0
390275,2,1,0,0,0,0,0,0,0,0,0,0
390275,3,1,0,0,0,0,0,0,0,0,0,0
390276,1,1,0,0,0,0,0,0,0,0,0,0
390277,1,1,0,0,0,0,0,0,0,0,0,0
390277,2,1,0,0,0,0,0,0,0,0,0,0
390278,0,1,0,0,0,0,0,0,0,0,0,0
390278,1,1,0,0,0,0,0,0,0,0,0,0
390279,1,1,0,0,0,0,0,0,0,0,0,0
390279,2,1,0,0,0,0,0,0,0,0,0,0
390280,1,1,14,8,29,11,6,3,5,7,11,14
390280,2,1,18,18,18,18,18,18,18,18,18,18
390282,1,1,7,7,7,7,7,7,7,7,7,7
390282,2,1,0,0,0,0,0,0,0,0,0,0
390283,1,1,20,20,20,20,20,20,20,20,20,20
390285,1,1,0,0,0,0,0,0,0,0,0,0
390285,2,1,0,0,0,0,0,0,0,0,0,0
390286,1,1,0,0,0,0,0,0,0,0,0,0
390287,0,1,0,0,0,0,0,0,0,0,0,0
390287,1,1,0,0,0,0,0,0,0,0,0,0
390288,1,1,18,18,18,18,18,18,18,18,18,18
390289,1,1,0,0,0,0,0,0,0,0,0,0
390290,1,1,0,0,0,0,0,0,0,0,0,0
390290,2,1,0,0,0,0,0,0,0,0,0,0
390291,0,1,24,0,0,0,0,0,0,0,0,0
390291,0,2,0,0,0,0,0,0,0,0,0,0
390291,0,3,31,0,0,0,0,0,0,0,5,0
390291,0,4,0,0,0,0,0,0,0,0,0,0
390291,0,5,0,18,0,0,0,0,0,0,0,0
390291,1,1,0,0,0,0,0,0,0,0,0,0
390292,0,1,0,0,0,0,0,0,0,0,0,0
390292,1,1,0,0,0,0,0,0,0,0,0,0
390293,1,1,0,0,0,0,0,0,0,0,0,0
390293,2,1,19,19,19,19,19,19,19,19,19,19
390294,1,1,0,0,0,0,0,0,0,0,0,0
390295,1,1,0,0,0,0,0,0,0,0,0,0
390295,2,1,0,0,0,0,0,0,0,0,0,0
390295,3,1,0,0,0,0,0,0,0,0,0,0
390295,4,1,0,0,0,0,0,0,0,0,0,0
390296,0,1,0,0,0,0,0,0,0,0,0,0
390296,1,1,0,0,0,0,0,0,0,0,0,0
390297,0,1,0,0,0,0,0,0,0,0,0,0
390297,1,1,0,0,0,0,0,0,0,0,0,0
390298,1,1,19,19,19,19,19,19,19,19,19,19
390299,1,3,0,0,17,0,0,0,27,24,0,18
390300,0,1,0,21,12,30,0,11,13,25,12,24
390300,1,1,16,0,10,0,0,0,0,0,0,0
390301,1,1,17,17,17,17,17,17,17,17,17,17
390302,1,1,19,19,19,19,19,19,19,19,19,19
390303,1,1,0,0,0,0,0,0,0,0,0,0
390303,2,1,0,0,0,0,0,0,0,0,11,11
390304,1,1,15,15,15,15,15,15,15,15,15,15
390305,1,1,6,6,6,6,6,6,6,6,6,6
390306,1,1,0,0,0,0,0,0,0,0,0,0
390306,2,1,3,3,3,3,3,3,3,3,3,3
390307,1,1,0,0,0,0,0,0,0,0,0,0
390308,1,1,23,23,23,23,23,23,23,23,23,23
390309,1,1,0,0,0,0,0,0,0,0,0,0
390310,1,1,0,0,0,0,0,0,0,0,0,0
390310,2,1,0,0,0,0,0,0,0,0,0,0
390311,1,1,0,0,0,0,0,0,0,0,0,0
390311,2,1,0,0,0,0,0,0,0,0,0,0
390312,1,1,0,0,0,0,0,0,0,0,0,0
390312,2,1,27,27,27,27,27,27,27,27,27,27
390313,1,1,1,1,1,1,1,1,1,1,1,1
390314,1,1,0,0,0,0,0,0,0,0,0,0
390314,2,1,0,0,0,0,0,0,0,0,0,0
390315,1,1,0,0,0,0,0,0,0,0,0,0
390315,2,1,0,0,0,0,0,0,0,0,0,0
390316,1,1,14,14,14,14,14,14,14,14,14,14
390316,2,1,0,0,0,0,0,0,0,0,0,0
390317,1,1,0,0,0,0,0,0,0,0,0,0
390317,2,1,0,0,0,0,0,0,0,0,0,0
390318,1,1,0,0,0,0,0,0,0,0,0,0
390318,2,1,15,0,0,3,7,0,0,0,0,15
390319,1,1,0,0,0,0,0,0,0,0,0,0
390319,2,1,0,0,14,25,0,0,16,0,0,0
390320,1,1,0,0,0,0,0,0,0,0,0,0
390320,2,1,0,0,0,0,0,0,0,0,0,0
390321,1,1,0,0,0,0,0,0,0,0,0,0
390321,2,1,11,0,0,0,0,0,0,0,0,0
390322,1,1,0,0,0,0,0,0,0,0,0,0
390322,2,1,0,0,0,0,0,0,0,0,0,0
390323,1,1,0,0,0,0,0,0,0,0,20,0
390324,1,1,0,0,0,0,0,0,0,0,0,0
390325,1,1,0,0,0,0,0,0,0,0,0,0
390325,2,1,0,0,0,0,0,0,0,0,0,0
390326,2,1,24,24,24,24,24,24,24,24,24,24
390327,1,1,0,0,0,0,0,0,0,0,0,0
390327,2,1,0,0,0,0,0,0,0,0,0,0
390328,1,1,0,0,0,0,0,0,0,0,0,0
390328,2,1,0,0,0,0,0,0,0,0,0,0
390329,1,1,6,6,6,6,6,6,6,6,6,6
390330,1,1,0,0,0,0,0,0,0,0,0,0
390331,1,1,0,0,0,0,0,0,0,0,0,0
390331,2,1,0,0,0,0,0,0,0,0,0,0
390332,1,1,0,0,0,0,0,0,0,0,0,0
390333,1,1,10,0,0,0,20,10,0,0,0,0
390334,0,1,31,31,31,31,31,31,31,31,31,31
390334,1,1,3,30,20,0,9,21,10,22,21,23
390335,1,1,16,14,0,12,36,0,0,0,0,0
390336,1,1,18,18,18,18,18,18,18,18,18,18
390337,0,1,0,0,15,0,0,0,0,0,0,0
390337,1,1,0,0,28,0,0,0,9,0,0,0
390338,1,1,0,0,0,25,0,0,0,0,0,0
390339,1,1,0,16,0,0,0,0,0,0,0,0
390339,2,1,0,0,0,0,0,0,0,0,0,0
390340,1,1,20,20,20,20,20,20,20,20,20,20
390341,1,1,0,0,0,26,0,0,0,0,2,0
390341,2,1,0,0,0,0,0,0,0,0,0,0
390342,1,1,12,12,12,12,12,12,12,12,12,12
390343,1,1,0,0,0,0,0,0,0,0,0,0
390344,1,1,0,0,0,0,0,0,0,0,0,0
390345,0,1,0,0,0,0,0,0,0,0,0,0
390345,1,1,0,0,0,0,0,0,0,0,0,0
390346,1,1,2,2,2,2,2,2,2,2,2,2
390346,2,1,0,0,0,0,0,0,0,0,0,0
390347,1,1,0,16,0,0,0,24,0,0,0,0
390348,0,1,0,0,0,0,0,0,0,0,0,0
390348,1,1,0,7,0,0,0,0,0,0,3,0
390349,1,1,16,19,24,8,19,24,19,14,24,23
390350,1,1,20,20,20,20,20,20,20,20,20,20
390350,2,1,0,0,0,0,0,0,0,0,0,0
390351,1,1,0,12,0,0,0,0,20,0,0,0
390352,1,1,15,15,15,15,15,15,15,15,15,15
390353,1,1,0,0,0,0,0,0,0,0,14,0
390353,2,1,0,0,0,0,0,0,0,0,0,0
390354,1,1,8,11,0,11,8,0,0,30,18,0
390355,1,1,0,0,0,0,0,0,0,0,0,0
390355,2,1,0,0,0,0,0,0,0,0,0,0
390356,1,1,6,6,6,6,6,6,6,6,6,6
390356,2,1,17,17,17,17,17,17,17,17,17,17
390357,1,1,0,0,0,0,0,0,0,0,0,0
390358,1,1,8,8,8,8,8,8,8,8,8,8
390359,1,1,0,0,0,0,0,0,0,0,0,0
390359,2,1,0,0,0,0,0,0,0,0,0,0
390360,1,1,19,19,19,19,19,19,19,19,19,19
390361,1,1,22,22,22,22,22,22,22,22,22,22
390362,1,1,0,0,0,0,0,0,0,0,0,0
390362,2,1,0,0,0,0,0,0,0,0,0,0
390363,1,1,28,28,28,28,28,28,28,28,28,28
390364,0,1,0,0,0,0,0,0,0,0,0,0
390364,1,1,0,0,0,0,0,0,0,12,0,0
390365,1,1,0,0,0,0,0,0,0,0,0,0
390365,2,1,0,0,0,0,0,0,0,0,0,0
390366,1,1,18,18,18,18,18,18,18,18,18,18
390367,1,1,0,0,0,0,0,0,0,0,0,0
390367,2,1,0,0,0,12,0,0,0,0,0,0
390368,1,1,16,16,16,16,16,16,16,16,16,16
390369,1,1,0,0,0,0,0,0,0,0,0,0
390369,2,1,0,0,0,0,0,0,0,0,0,0
390369,3,1,0,0,0,18,0,0,0,0,0,0
390369,4,1,0,0,0,22,0,0,0,0,0,0
390370,0,1,0,0,0,0,0,0,0,0,0,0
390370,1,1,0,0,0,0,0,0,0,0,0,0
390370,2,1,3,3,3,3,3,3,3,3,3,3
390371,1,1,0,0,0,0,0,0,0,0,0,0
390372,1,1,0,0,0,0,0,0,0,0,0,0
390372,2,1,0,0,0,0,0,0,0,0,0,0
390373,1,1,28,0,0,0,0,0,0,0,0,0
390374,1,1,22,22,22,22,22,22,22,22,22,22
390375,1,1,0,0,0,0,0,0,0,0,0,0
390376,1,1,0,0,0,0,0,0,0,0,0,0
390377,2,1,0,0,0,0,0,0,0,0,0,0
390378,1,1,19,19,19,19,19,19,19,19,19,19
390379,1,1,0,0,0,0,0,0,10,0,0,0
390380,1,1,3,3,3,3,3,3,3,3,3,3
390381,1,1,0,0,0,0,0,0,0,0,0,0
390381,2,1,0,0,0,0,0,0,0,0,0,0
390382,1,1,11,11,11,11,11,11,11,11,11,11
390383,1,1,0,0,16,17,0,0,0,0,0,0
390383,2,1,0,0,0,0,0,0,0,0,0,0
390384,0,1,0,0,0,0,0,0,0,0,0,0
390384,1,1,17,17,17,17,17,17,17,17,17,17
390385,1,1,33,33,33,33,33,33,33,33,33,33
390386,1,1,0,0,0,0,0,0,0,0,0,0
390387,1,1,0,0,0,0,0,0,0,0,0,0
390387,2,1,0,0,0,0,0,0,0,0,0,0
390388,1,1,0,0,0,0,0,0,0,0,0,0
390388,2,1,0,0,0,0,0,0,0,0,0,0
390389,1,1,0,0,0,0,0,0,0,0,0,0
390390,1,1,0,0,0,0,0,0,0,0,0,0
390390,2,1,0,0,0,0,0,0,0,0,0,0
390391,1,1,15,15,15,15,15,15,15,15,15,15
390392,0,1,29,29,29,29,29,29,29,29,29,29
390392,1,1,0,0,0,0,0,0,0,0,0,0
390393,0,1,0,0,0,0,0,0,0,0,0,0
390393,1,1,0,12,0,0,0,0,0,0,0,0
390394,0,1,28,28,28,28,28,28,28,28,28,28
390394,1,1,0,0,0,0,0,0,0,0,0,0
390395,1,1,0,0,0,0,0,0,0,0,0,0
390395,2,1,0,0,0,0,0,0,0,0,0,0
390396,1,1,0,0,0,0,0,0,0,0,11,0
390396,2,1,4,4,4,4,4,4,4,4,4,4
390397,1,1,21,21,21,21,21,21,21,21,21,21
390399,1,1,25,25,25,25,25,25,25,25,25,25
390400,1,1,37,37,37,37,37,37,37,37,37,37
390401,1,1,17,0,0,30,4,5,6,7,9,13
390402,1,1,0,0,0,0,0,0,0,0,0,0
390402,2,1,0,15,0,0,0,0,0,0,13,0
390403,1,1,33,33,33,33,33,33,33,33,33,33
390404,0,1,0,0,0,0,0,0,0,0,0,0
390404,1,1,0,0,0,0,0,0,0,0,0,0
390405,1,1,0,0,0,0,0,0,0,0,0,0
390406,1,1,18,18,18,18,18,18,18,18,18,18
390407,1,1,0,0,0,0,0,0,0,0,0,0
390407,2,1,0,0,0,0,0,0,0,0,3,0
390407,3,1,0,0,0,0,0,0,0,0,0,0
390407,4,1,0,0,0,0,0,0,0,0,0,0
390408,1,1,19,0,0,0,0,0,0,0,0,0
390409,1,1,0,0,0,0,0,0,0,0,0,0
390411,1,1,0,0,0,0,0,0,0,0,0,0
390411,2,1,0,0,0,0,0,0,0,0,0,0
390412,1,1,0,0,0,0,0,0,0,0,0,0
390413,1,1,11,11,11,11,11,11,11,11,11,11
390413,2,1,0,0,0,0,0,0,0,0,0,0
390414,1,1,0,0,0,0,0,0,0,0,0,0
390414,2,1,0,0,0,0,0,0,0,0,0,0
390415,1,1,0,0,0,0,0,0,0,0,0,0
390415,2,1,0,0,0,0,0,0,0,0,0,0
390417,1,1,29,29,29,29,29,29,29,29,29,29
390418,1,1,0,0,0,0,0,0,0,0,0,0
390418,2,1,0,0,20,0,0,15,0,0,0,0
390419,1,1,22,23,14,16,23,14,4,15,0,12
390420,1,1,20,20,20,20,20,20,20,20,20,20
390421,1,1,0,0,0,0,0,0,0,0,0,0
390421,2,1,0,0,0,0,0,0,0,0,0,0
390422,1,1,6,6,6,6,6,6,6,6,6,6
390422,2,1,0,0,0,0,0,0,0,0,0,0
390422,3,1,0,0,0,0,0,0,0,0,0,0
390423,1,1,0,0,0,0,0,0,0,0,0,0
390423,2,1,0,0,0,0,0,0,0,0,0,0
390424,0,1,0,0,0,0,0,0,0,0,0,0
390424,1,1,0,0,33,13,0,0,0,0,0,0
390425,1,1,0,0,0,0,0,0,0,0,0,0
390426,1,1,0,0,0,0,0,0,0,0,0,0
390427,1,1,0,0,0,0,0,0,0,0,0,0
390427,2,1,0,0,0,0,0,0,0,0,0,0
390428,1,1,0,0,19,0,0,0,0,0,9,12
390428,2,1,0,0,0,0,0,3,0,0,0,0
390429,1,1,0,0,0,0,0,0,0,0,0,0
390429,2,1,0,0,0,0,0,0,0,0,0,0
390430,1,1,0,0,0,0,0,0,0,0,0,0
390430,2,1,0,0,0,14,0,0,0,0,0,0
390432,1,1,0,0,0,0,0,0,0,0,0,0
390433,1,1,0,0,0,0,0,0,0,0,0,0
390433,2,1,0,0,0,0,0,0,0,0,0,0
390434,0,1,0,0,0,0,0,0,0,0,0,0
390434,1,1,0,0,0,0,0,0,0,0,0,0
390435,1,1,0,0,0,0,0,0,0,0,0,0
390435,2,1,0,0,0,0,0,0,0,0,0,0
390436,1,1,0,0,0,0,0,0,0,0,0,0
390436,2,1,0,0,0,0,0,0,0,0,0,0
390437,1,1,6,6,6,6,6,6,6,6,6,6
390437,2,1,17,17,17,17,17,17,17,17,17,17
390438,1,1,0,0,0,0,0,0,0,0,0,0
390438,2,1,0,0,0,0,0,0,0,0,0,0
390439,1,1,24,24,24,24,24,24,24,24,24,24
390440,1,1,10,10,10,10,10,10,10,10,10,10
390440,2,1,6,6,6,6,6,6,6,6,6,6
390440,3,1,0,0,0,0,0,0,0,0,0,0
390440,4,1,0,0,19,22,0,0,0,0,0,0
390441,0,1,13,13,13,13,13,13,13,13,13,13
390441,1,1,0,0,0,0,0,0,0,0,0,0
390442,1,1,15,15,15,15,15,15,15,15,15,15
390442,2,1,0,0,0,0,0,0,0,0,0,0
390443,1,1,0,0,7,5,0,0,8,4,0,6
390444,0,1,29,29,29,29,29,29,29,29,29,29
390444,1,1,0,0,0,0,0,20,0,0,0,0
390445,0,1,19,19,19,19,19,19,19,19,19,19
390445,1,1,0,15,0,0,0,0,0,0,0,9
390445,2,1,10,11,0,0,15,0,22,0,12,24
390446,1,1,16,16,16,16,16,16,16,16,16,16
390447,1,1,0,0,0,0,0,0,0,0,0,0
390447,2,1,3,11,0,0,0,0,0,27,0,14
390448,1,1,0,0,0,32,0,0,0,0,0,19
390449,1,1,0,0,0,0,0,0,0,0,0,0
390450,0,1,0,0,0,0,0,0,0,0,0,0
390450,1,1,0,0,24,0,0,19,0,0,0,0
390451,1,1,0,0,0,0,0,13,0,0,0,0
390451,2,1,0,0,0,0,0,0,0,0,0,0
390451,3,1,0,0,0,0,0,0,0,0,0,0
390452,1,1,0,0,0,0,0,0,0,0,0,0
390453,0,1,27,16,25,5,41,38,16,28,8,25
390453,1,1,0,0,0,0,13,0,0,0,0,0
390454,1,1,15,15,15,15,15,15,15,15,15,15
390455,1,1,0,0,0,0,0,0,0,0,0,0
390455,2,1,0,0,0,0,0,0,0,0,0,0
390456,1,1,0,0,0,0,0,0,0,0,0,0
390456,2,1,0,0,0,0,0,0,0,0,0,12
390456,3,1,0,0,0,0,0,0,0,0,0,0
390456,4,1,0,0,0,0,0,0,0,0,0,0
390457,1,1,10,0,0,0,0,0,0,0,0,0
390458,1,1,0,0,0,0,0,0,0,0,0,0
390458,2,1,0,0,0,0,0,0,0,0,0,0
390459,1,1,0,0,0,0,0,0,0,0,0,0
390460,0,1,0,0,0,0,0,0,0,0,0,0
390460,1,1,0,0,0,0,0,0,0,0,0,0
390461,1,1,0,0,0,0,0,0,0,0,0,0
390461,2,1,0,0,0,0,0,0,0,0,0,0
390461,3,1,0,0,0,0,0,0,11,0,0,0
390463,1,1,29,0,8,0,0,0,0,0,0,0
390464,1,1,2,2,2,2,2,2,2,2,2,2
390464,2,1,0,0,0,0,0,0,0,0,0,0
390465,1,1,0,0,0,0,0,0,0,0,0,0
390466,0,1,0,0,14,0,0,0,0,0,0,0
390466,1,1,0,0,0,0,0,0,0,0,0,0
390467,1,1,0,0,0,0,0,0,0,0,0,0
390467,2,1,0,0,0,0,0,0,0,15,0,0
390468,1,1,6,0,0,0,0,0,0,0,0,0
390468,2,1,0,0,0,0,0,0,0,0,15,0
390468,3,1,0,0,0,0,0,0,0,0,0,0
390468,4,1,0,0,0,0,0,0,0,0,0,0
390469,1,1,0,0,0,0,0,0,0,0,0,0
390469,2,1,0,0,0,0,0,0,0,0,0,0
390470,1,1,0,0,0,0,0,0,0,0,0,0
390470,2,1,0,0,0,0,0,0,0,0,0,0
390471,1,1,0,0,0,0,0,0,0,0,0,0
390471,2,1,0,0,0,0,0,0,0,0,0,0
390472,1,1,1,1,1,1,1,1,1,1,1,1
390473,2,1,0,0,0,0,0,0,0,0,0,0
390474,1,1,0,0,0,0,0,0,0,0,0,0
390475,1,1,0,0,0,0,0,0,0,0,0,0
390475,2,1,0,0,0,0,0,0,0,0,0,0
390476,1,1,0,0,0,0,0,0,0,0,0,0
390477,1,1,0,0,0,0,0,0,0,0,0,0
390477,2,1,0,0,0,0,0,0,0,0,0,0
390478,1,1,0,0,0,0,0,0,0,0,0,0
390478,2,1,0,0,0,0,0,0,0,0,0,0
390478,3,1,0,0,0,0,0,0,0,0,0,0
390478,4,1,0,0,0,0,0,0,0,0,0,0
390479,1,1,0,0,0,0,0,0,0,0,0,0
390480,0,1,0,0,0,0,0,0,0,0,0,0
390480,1,1,0,0,0,0,0,0,0,0,0,0
390480,2,1,0,16,0,0,14,0,0,0,0,0
390481,1,1,22,22,22,22,22,22,22,22,22,22
390481,2,1,0,0,0,0,0,0,0,15,11,0
390482,1,1,0,0,0,0,0,0,0,0,0,0
390482,2,1,0,0,0,0,9,0,0,0,0,0
390482,3,1,0,0,0,0,0,14,0,0,0,5
390482,4,1,0,0,0,0,0,0,0,0,0,0
390483,0,1,0,0,0,0,0,0,0,0,0,0
390483,1,1,0,5,0,0,28,0,0,0,0,0
390484,1,1,0,0,0,0,0,0,0,0,0,0
390484,2,1,0,0,0,0,0,0,0,0,0,0
390485,1,1,20,20,20,20,20,20,20,20,20,20
390485,2,1,0,0,0,0,0,0,0,0,0,0
390485,3,1,0,0,0,0,0,0,0,0,0,0
390486,1,1,0,0,0,0,0,0,0,0,0,0
390486,2,1,0,0,0,0,0,0,0,0,0,0
390488,1,1,19,19,19,19,19,19,19,19,19,19
390489,1,1,0,0,0,0,0,0,0,0,0,0
390489,2,1,0,0,0,0,0,0,0,0,0,0
390490,1,1,11,11,11,11,11,11,11,11,11,11
390490,2,1,0,0,0,0,0,0,0,0,0,0
390491,1,1,0,0,0,0,0,0,0,0,0,0
390492,1,1,0,0,0,0,0,0,0,0,0,0
390492,2,1,0,0,0,0,0,0,0,0,0,0
390493,1,1,0,0,0,0,26,0,0,0,0,0
390493,2,1,3,3,3,3,3,3,3,3,3,3
390494,1,1,0,0,0,0,0,0,0,0,0,0
390495,1,1,0,0,0,0,0,0,0,0,0,0
390495,2,1,0,0,0,0,0,0,0,0,0,0
390496,1,1,0,12,8,8,10,13,10,12,7,18
390497,1,1,0,0,0,0,0,0,0,0,0,0
390498,1,1,0,0,0,0,0,0,0,0,0,0
390499,1,1,10,10,10,10,10,10,10,10,10,10
390499,2,1,0,0,0,0,13,4,0,0,0,0
390500,1,1,0,0,0,0,0,0,0,0,0,0
390501,1,1,0,0,0,0,0,0,0,0,0,0
390503,1,1,0,0,0,0,0,0,0,0,0,0
390503,2,1,0,0,0,0,0,0,0,0,0,0
390503,3,1,0,0,0,0,0,0,0,0,0,0
390505,1,1,0,0,0,0,0,0,0,0,0,0
390506,0,1,0,0,0,0,0,0,0,0,0,0
390506,1,1,0,0,0,0,0,0,0,0,0,0
390506,2,1,0,0,0,0,0,0,15,0,0,0
390507,1,1,0,0,0,0,0,0,0,0,0,0
390508,1,1,26,0,2,11,0,0,0,0,19,0
390509,1,1,0,0,0,0,0,0,0,0,0,0
390510,1,1,2,2,2,2,2,2,2,2,2,2
390510,2,1,0,0,0,0,0,0,0,0,0,0
390511,1,1,24,9,19,34,12,4,4,9,18,13
390511,2,1,0,0,0,9,0,0,0,0,0,0
390512,1,1,7,7,7,7,7,7,7,7,7,7
390513,1,1,0,0,0,0,0,0,0,0,0,0
390514,0,1,0,0,0,0,23,16,0,0,18,0
390514,1,1,0,0,0,0,0,0,0,0,0,0
390515,1,1,0,0,0,0,0,0,0,0,0,15
390515,2,1,0,0,0,0,0,0,0,0,0,0
390516,1,1,0,0,0,0,0,0,0,0,0,0
390516,2,1,0,0,0,0,0,0,0,0,0,0
390517,1,1,0,0,0,0,0,0,0,0,0,0
390517,2,1,0,0,0,0,0,0,0,0,0,0
390518,1,1,0,0,0,0,0,0,0,0,0,0
390518,2,1,10,10,10,10,10,10,10,10,10,10
390519,1,1,0,0,12,0,0,0,0,0,0,0
390519,2,1,0,0,0,0,0,0,0,0,0,0
390519,3,1,0,0,0,0,0,0,10,0,0,0
390520,1,1,18,18,18,18,18,18,18,18,18,18
390521,0,1,0,0,0,0,0,0,0,0,0,0
390521,1,1,0,0,0,0,0,0,15,0,0,0
390522,1,1,0,0,0,0,0,0,0,0,0,0
390522,2,1,0,0,0,0,0,0,0,0,0,0
390523,1,1,0,0,0,0,0,0,0,0,0,0
390523,2,1,0,0,0,0,0,0,0,0,0,0
390524,1,1,0,0,0,0,0,0,0,0,0,0
390525,1,1,0,0,0,0,0,0,0,0,0,0
390526,0,1,0,0,0,0,0,0,0,0,0,0
390526,1,1,0,0,0,0,19,0,0,8,0,0
390527,2,1,1,1,1,1,1,1,1,1,1,1
390528,1,1,12,12,12,12,12,12,12,12,12,12
390528,2,1,7,7,7,7,7,7,7,7,7,7
390528,3,1,24,0,0,0,0,0,0,10,0,0
390529,1,1,27,27,27,27,27,27,27,27,27,27
390531,1,1,0,0,0,0,0,0,0,0,0,0
390531,2,1,0,0,0,0,0,0,0,0,0,0
390531,3,1,0,0,0,0,0,0,0,0,0,0
390532,1,1,0,0,0,0,0,0,0,0,0,0
390533,1,1,0,0,0,0,0,0,0,0,0,0
390533,2,1,0,0,0,0,0,0,0,0,0,0
390534,1,1,0,0,0,0,0,0,0,0,0,0
390535,0,1,0,0,0,0,0,0,0,0,0,0
390535,0,2,0,0,0,0,0,0,0,0,0,0
390535,1,1,0,0,0,0,0,0,0,0,0,0
390536,1,1,0,0,0,0,0,0,0,0,0,0
390537,1,1,0,0,0,0,0,0,0,0,0,0
390537,2,1,0,0,0,0,0,0,0,0,0,0
390538,1,1,0,0,0,0,0,0,0,0,0,0
390538,2,1,0,0,0,0,0,0,0,0,0,0
390539,1,1,5,5,5,5,5,5,5,5,5,5
390540,1,1,0,0,0,0,0,0,0,0,0,0
390540,2,1,0,0,0,0,0,0,0,0,0,0
390541,0,1,0,0,0,0,0,0,0,0,0,0
390541,1,1,0,0,0,0,0,0,0,0,0,0
390541,2,1,0,0,0,0,0,0,0,0,0,0
390542,1,1,0,0,0,0,0,0,0,0,0,0
390543,0,1,17,17,17,17,17,17,17,17,17,17
390543,1,1,0,0,0,11,0,0,9,0,8,0
390543,2,1,0,0,0,0,0,11,0,0,0,0
390544,0,1,13,13,13,13,13,13,13,13,13,13
390544,1,1,0,0,0,0,0,0,0,0,0,0
390545,1,1,0,0,0,0,0,0,0,0,0,0
390545,2,1,0,0,0,0,0,0,0,0,0,0
390545,3,1,0,0,0,0,0,0,0,0,0,0
390545,4,1,0,0,0,0,0,0,0,0,0,0
390546,1,1,0,0,0,0,0,0,0,0,14,16
390547,0,1,0,0,0,0,0,0,0,0,0,0
390547,1,1,0,0,0,0,0,0,0,0,0,0
390548,1,1,10,8,21,11,29,14,11,0,5,15
390549,1,1,0,0,0,0,0,0,0,0,0,0
390550,1,1,0,0,0,0,0,0,0,0,0,0
390551,1,1,29,29,29,29,29,29,29,29,29,29
390551,2,1,0,0,0,0,0,0,0,0,0,0
390552,1,1,0,0,0,0,0,0,0,0,0,0
390552,2,1,0,0,0,0,0,0,0,0,0,0
390552,3,1,0,0,0,0,0,0,0,0,0,0
390552,4,1,0,0,0,0,0,0,0,0,9,0
390552,5,1,0,0,0,0,0,0,0,0,0,0
390552,6,1,0,0,0,0,0,0,0,0,0,0
390553,1,1,0,0,0,0,0,0,0,0,0,0
390554,0,1,26,26,26,26,26,26,26,26,26,26
390554,1,1,0,0,0,0,0,0,0,0,0,26
390555,1,1,0,0,0,0,0,0,0,0,0,0
390555,2,1,0,0,0,0,0,0,0,0,0,0
390556,1,1,0,0,0,0,0,0,0,0,0,0
390557,1,1,0,0,0,0,0,0,0,0,0,0
390557,2,1,0,0,0,0,0,0,0,0,0,0
390558,1,1,0,0,0,0,0,0,0,0,0,0
390558,2,1,0,7,0,0,0,0,0,0,0,0
390559,1,1,0,0,0,0,0,0,0,0,0,0
390559,2,1,20,20,20,20,20,20,20,20,20,20
390559,3,1,0,0,0,0,0,0,0,0,0,0
390560,1,1,0,0,0,0,0,0,0,0,0,0
390560,2,1,0,0,0,0,0,0,0,0,0,0
390560,3,1,0,0,0,0,0,0,0,0,0,0
390561,1,1,0,0,0,0,0,0,0,0,0,0
390561,2,1,0,0,0,0,0,0,0,0,0,0
390562,1,1,0,0,0,0,0,0,0,0,0,0
390563,1,1,20,15,6,14,10,6,8,5,23,18
390564,1,1,0,0,0,0,0,0,0,0,0,0
390564,2,1,0,0,0,0,0,0,0,0,0,0
390565,1,1,0,0,0,0,0,0,0,0,0,0
390566,1,1,0,0,0,0,0,0,0,0,0,0
390566,2,1,0,0,0,0,0,0,0,0,0,0
390567,1,1,1,1,1,1,1,1,1,1,1,1
390567,2,1,0,0,0,0,0,0,0,0,0,0
390568,0,1,0,0,0,22,13,0,0,0,0,0
390568,1,1,0,0,0,0,0,0,0,0,0,0
390569,1,1,0,0,0,0,0,0,0,0,0,0
390569,2,1,0,0,0,0,0,0,0,0,0,0
390570,1,1,20,20,20,20,20,20,20,20,20,20
390571,1,1,0,0,0,0,0,0,0,0,0,0
390571,2,1,0,0,0,0,0,0,0,0,0,0
390571,3,1,0,0,0,0,0,0,0,0,0,0
390572,1,1,13,13,13,13,13,13,13,13,13,13
390573,1,1,0,0,0,0,0,0,0,0,0,0
390573,2,1,0,0,0,0,0,0,0,0,0,0