ST_CASE,VEH_NO,PER_NO,P1,P2,P3,P4,P5,P6,P7,P8,P9,P10
390573,3,1,0,0,0,0,0,0,0,0,0,0
390574,1,1,4,11,0,7,10,8,0,3,10,2
390576,1,1,0,0,0,0,0,0,0,0,0,0
390576,2,1,0,0,0,0,0,0,0,0,0,0
390577,1,1,0,0,0,0,0,0,0,0,0,0
390577,2,1,0,0,0,0,0,0,0,0,0,0
390577,3,1,0,0,0,0,0,0,0,0,0,0
390578,1,1,0,0,0,0,0,0,0,0,0,0
390578,2,1,0,0,0,0,0,0,0,0,0,0
390579,1,1,18,18,18,18,18,18,18,18,18,18
390580,1,1,0,0,0,0,0,0,0,0,0,0
390581,1,1,0,0,0,0,0,0,0,0,0,0
390581,2,1,0,0,0,0,0,0,0,0,0,0
390582,1,1,16,16,16,16,16,16,16,16,16,16
390583,1,1,17,27,3,14,10,13,3,11,31,18
390583,2,1,0,0,0,0,0,0,0,0,0,0
390584,1,1,0,0,0,0,0,0,0,0,0,0
390585,1,1,15,15,15,15,15,15,15,15,15,15
390586,1,1,0,0,0,0,0,0,0,0,0,0
390586,2,1,0,24,0,0,0,0,0,0,0,0
390587,1,1,12,10,18,14,20,13,22,20,6,4
390588,1,1,0,0,0,0,0,0,0,0,0,0
390588,2,1,0,0,0,0,0,0,0,0,0,0
390589,1,1,29,29,29,29,29,29,29,29,29,29
390590,1,1,0,0,0,0,0,0,0,0,0,0
390591,1,1,15,15,9,6,17,30,26,10,7,26
390592,1,1,0,0,0,0,0,0,0,0,0,0
390593,1,1,0,0,0,0,0,0,0,0,0,0
390593,2,1,0,0,0,0,0,0,0,0,0,0
390594,1,1,0,0,0,0,0,0,0,0,0,0
390596,1,1,0,0,0,0,0,0,0,0,0,0
390596,2,1,0,0,19,0,0,0,0,0,0,0
390597,1,1,0,0,0,0,0,0,0,0,0,0
390597,2,1,0,0,0,0,0,0,0,0,0,0
390598,1,1,0,0,0,0,0,0,0,0,0,0
390598,2,1,0,0,0,0,0,0,0,0,0,0
390599,1,1,9,9,9,9,9,9,9,9,9,9
390600,1,1,0,0,0,0,0,0,0,0,0,0
390601,1,1,0,0,0,0,0,0,0,0,0,0
390602,1,1,40,40,40,40,40,40,40,40,40,40
390602,2,1,0,0,0,0,0,0,0,0,0,0
390603,1,1,0,0,0,0,0,0,0,0,0,0
390603,2,1,0,0,0,0,0,0,0,0,0,0
390603,3,1,0,0,0,0,0,0,0,0,0,0
390604,1,1,0,0,0,0,0,0,0,0,0,0
390604,2,1,0,0,0,0,0,0,0,0,0,0
390605,1,1,23,23,23,23,23,23,23,23,23,23
390606,0,1,16,16,16,16,16,16,16,16,16,16
390606,1,1,0,0,0,0,0,0,0,0,0,12
390607,1,1,0,0,0,0,0,0,0,0,0,0
390608,1,1,15,15,15,15,15,15,15,15,15,15
390608,2,1,0,0,0,0,0,0,0,0,0,0
390610,1,1,0,0,0,0,0,0,0,0,0,0
390610,2,1,19,19,19,19,19,19,19,19,19,19
390611,1,1,0,0,0,0,0,0,0,0,0,0
390611,2,1,0,0,0,0,0,0,0,0,0,0
390612,1,1,0,0,0,0,0,0,0,0,0,0
390612,2,1,0,0,0,0,0,0,0,0,0,0
390613,1,1,0,0,0,0,0,0,0,0,0,0
390613,2,1,0,0,0,0,0,0,0,0,0,0
390614,1,1,0,0,0,0,0,0,0,0,0,0
390614,2,1,0,0,0,0,0,0,0,0,0,0
390615,1,1,0,0,0,0,0,0,0,0,0,0
390616,0,1,9,9,9,9,9,9,9,9,9,9
390616,1,1,4,4,4,4,4,4,4,4,4,4
390617,1,1,0,0,0,0,0,0,0,0,0,0
390617,2,1,0,0,0,0,0,0,0,0,0,0
390618,1,1,0,0,0,0,0,0,0,0,0,0
390618,2,1,0,0,0,0,0,0,0,0,0,0
390619,1,1,0,0,0,0,0,0,0,0,0,0
390620,0,1,0,0,15,0,0,0,0,0,11,0
390620,1,1,0,0,14,0,0,0,14,0,0,0
390621,1,1,0,2,0,0,0,0,0,0,0,0
390621,2,1,0,0,0,0,0,0,0,0,0,0
390622,1,1,43,43,43,43,43,43,43,43,43,43
390623,1,1,20,20,20,20,20,20,20,20,20,20
390623,2,1,0,0,16,0,0,0,0,17,0,9
390624,0,1,0,0,0,0,0,0,0,0,0,0
390624,1,1,0,0,0,0,0,0,0,0,0,0
390624,2,1,9,4,13,19,17,13,10,9,27,4
390625,1,1,0,0,0,0,0,0,0,0,0,0
390625,2,1,11,0,10,0,10,0,0,0,0,0
390626,1,1,0,0,0,0,0,0,0,0,0,0
390626,2,1,0,0,0,0,0,0,0,0,0,0
390627,1,1,0,0,0,0,0,0,0,0,0,0
390628,1,1,0,0,0,0,0,0,0,0,0,0
390630,1,1,0,0,0,0,0,0,0,0,0,0
390631,1,1,17,17,17,17,17,17,17,17,17,17
390632,1,1,0,0,0,0,0,0,0,0,0,0
390633,1,1,25,25,25,25,25,25,25,25,25,25
390634,1,1,21,21,21,21,21,21,21,21,21,21
390635,1,1,13,13,13,13,13,13,13,13,13,13
390636,0,1,0,0,0,0,0,0,0,0,0,0
390636,1,1,0,0,0,0,0,0,0,0,0,0
390637,1,1,0,0,0,0,0,0,0,0,0,0
390638,1,1,0,0,0,0,0,0,0,0,0,0
390638,2,1,0,0,0,0,0,0,0,0,0,0
390639,1,1,30,30,30,30,30,30,30,30,30,30
390640,1,1,0,0,0,0,0,0,0,0,0,0
390640,2,1,0,0,0,0,0,0,0,0,0,0
390641,1,1,23,0,0,0,0,0,18,0,0,0
390641,2,1,0,0,0,0,0,0,0,0,0,0
390641,3,1,0,0,0,0,0,0,0,0,0,0
390642,1,1,13,20,13,0,21,4,14,15,24,17
390644,1,1,0,0,0,0,0,0,0,0,0,0
390644,2,1,0,0,0,0,0,0,0,0,0,0
390645,1,1,0,0,0,0,0,11,0,0,0,0
390645,2,1,0,0,0,0,0,0,0,0,0,0
390645,3,1,0,0,0,0,0,0,0,0,0,0
390646,1,1,9,9,9,9,9,9,9,9,9,9
390646,2,1,0,0,0,0,0,0,0,0,0,0
390647,1,2,25,17,11,25,20,0,7,17,21,0
390648,1,1,0,0,0,0,0,0,0,0,0,0
390648,2,1,0,0,0,0,0,0,0,0,0,0
390649,1,1,10,10,10,10,10,10,10,10,10,10
390650,1,1,0,0,0,0,0,0,0,0,0,0
390651,1,1,0,0,0,0,0,0,0,0,0,0
390651,2,1,0,0,0,0,0,0,0,0,0,0
390652,1,1,0,0,0,0,0,0,0,0,0,0
390653,1,1,0,0,0,0,0,0,0,0,0,0
390653,2,1,0,0,0,0,0,0,0,0,0,0
390654,1,1,0,0,0,0,0,0,0,0,0,0
390654,2,1,0,0,0,0,0,0,0,0,0,0
390655,1,1,5,0,27,0,0,0,0,0,0,8
390657,1,1,14,14,14,14,14,14,14,14,14,14
390658,1,1,0,0,0,0,0,0,0,0,16,0
390658,2,1,0,3,13,8,0,7,7,0,8,15
390659,1,1,0,0,0,0,0,0,0,0,0,0
390659,2,1,0,0,0,0,0,0,0,0,0,0
390660,1,1,21,21,21,21,21,21,21,21,21,21
390661,1,1,0,0,0,0,0,0,0,0,0,0
390661,2,1,0,0,0,0,0,0,0,0,0,0
390662,1,1,0,0,12,0,0,0,0,0,0,0
390662,2,1,0,0,0,0,0,0,0,0,0,0
390663,1,1,0,0,0,0,0,0,0,0,0,0
390664,1,1,12,12,12,12,12,12,12,12,12,12
390665,1,1,0,0,0,0,0,0,0,0,0,0
390666,1,1,0,0,0,0,0,0,0,0,0,0
390666,2,1,0,0,0,0,0,0,0,0,0,0
390667,1,1,0,0,0,0,0,0,0,0,0,0
390668,1,1,0,0,0,0,0,0,38,0,0,0
390668,2,1,0,0,0,0,0,0,0,0,0,0
390669,0,1,16,16,16,16,16,16,16,16,16,16
390669,1,1,7,0,0,17,20,0,19,0,0,12
390671,1,1,21,21,21,21,21,21,21,21,21,21
390672,1,1,0,0,0,0,0,0,0,0,0,0
390673,1,1,8,8,8,8,8,8,8,8,8,8
390674,1,1,0,0,0,0,0,0,0,15,0,0
390675,1,1,0,0,0,0,0,0,0,0,0,0
390676,0,1,0,0,0,0,0,0,0,0,0,0
390676,1,1,0,0,0,0,22,0,0,0,0,0
390677,1,1,0,0,0,0,0,0,0,0,0,0
390678,1,1,0,0,0,0,0,0,0,0,0,0
390678,2,1,0,0,0,0,0,0,0,0,0,0
390679,1,1,0,0,0,0,0,0,0,0,0,0
390679,2,1,0,0,0,0,0,0,0,0,0,0
390680,1,1,0,0,0,0,0,0,0,0,0,0
390680,2,1,0,0,0,0,0,0,0,0,0,0
390681,1,1,24,24,24,24,24,24,24,24,24,24
390682,1,1,0,0,0,0,0,0,0,0,0,0
390682,2,1,0,0,0,0,0,0,0,0,0,0
390683,1,1,0,0,0,0,0,0,0,0,0,0
390684,1,1,0,0,0,0,0,0,0,0,0,0
390684,2,1,0,0,0,0,0,0,0,0,0,0
390685,1,1,0,0,0,0,0,0,0,0,0,0
390685,2,1,0,0,0,0,14,0,0,0,0,0
390687,1,1,0,0,0,0,0,0,0,4,0,19
390687,2,1,0,0,0,0,0,0,0,0,0,0
390688,1,1,0,0,0,0,0,0,0,0,0,0
390689,0,1,19,19,19,19,19,19,19,19,19,19
390689,1,1,0,0,0,0,0,0,0,0,0,0
390690,1,1,0,0,0,0,0,0,0,0,0,0
390690,2,1,0,0,0,0,0,0,0,0,0,0
390691,1,1,0,0,0,0,0,0,0,0,0,0
390692,1,1,0,0,0,0,0,0,0,0,0,0
390692,2,1,0,0,0,0,0,0,0,0,0,0
390693,1,1,0,0,0,0,0,0,0,0,0,0
390694,1,1,0,15,7,38,6,5,12,22,9,15
390694,2,1,13,13,13,13,13,13,13,13,13,13
390695,1,1,0,0,0,0,0,0,0,0,0,0
390696,1,1,5,5,5,5,5,5,5,5,5,5
390697,1,1,0,0,0,0,0,0,0,0,0,0
390698,1,1,1,1,1,1,1,1,1,1,1,1
390699,1,1,0,0,0,0,0,0,0,0,0,0
390701,0,1,0,0,0,0,0,0,0,0,0,0
390701,1,1,13,13,13,13,13,13,13,13,13,13
390702,1,1,41,41,41,41,41,41,41,41,41,41
390703,0,1,19,19,19,19,19,19,19,19,19,19
390703,1,1,0,0,8,0,0,0,0,0,0,19
390704,1,1,0,0,0,0,0,0,0,0,0,0
390704,2,1,13,4,6,12,15,8,0,10,8,12
390705,1,1,0,0,0,0,0,0,0,0,0,0
390705,2,1,10,0,0,0,0,0,13,0,0,0
390706,1,1,16,16,16,16,16,16,16,16,16,16
390707,1,1,20,20,20,20,20,20,20,20,20,20
390708,1,1,8,8,8,8,8,8,8,8,8,8
390709,1,1,22,22,22,22,22,22,22,22,22,22
390710,1,1,0,0,0,0,0,0,0,0,0,0
390711,1,1,0,0,4,0,0,0,0,0,0,0
390711,2,1,0,0,0,0,0,0,0,0,0,0
390712,1,1,12,12,12,12,12,12,12,12,12,12
390713,1,1,0,0,0,0,0,0,0,0,0,0
390713,2,1,0,0,0,0,0,0,0,0,0,0
390714,1,1,0,0,0,0,0,0,0,0,0,0
390714,2,1,0,0,0,0,0,0,0,0,0,0
390715,1,1,0,0,0,0,0,26,0,0,0,0
390715,2,1,0,0,0,0,0,0,0,0,0,0
390715,3,1,0,0,0,0,0,0,0,0,14,17
390716,1,1,0,0,0,0,0,0,0,0,0,0
390716,2,1,0,0,0,0,0,0,0,0,0,0
390716,3,1,0,0,0,0,0,0,0,0,0,0
390717,1,1,0,0,0,0,0,0,0,0,0,0
390717,2,1,0,0,0,0,0,0,0,0,0,0
390719,1,1,0,0,0,0,0,0,0,0,0,11
390720,1,1,0,0,0,0,0,0,20,0,0,0
390721,1,1,0,0,0,0,0,0,0,0,0,0
390722,1,1,26,26,26,26,26,26,26,26,26,26
390723,1,1,0,0,0,0,0,0,0,15,0,0
390723,2,1,0,0,0,0,0,17,0,0,0,0
390724,1,1,0,0,0,0,0,0,0,0,0,0
390724,2,1,0,0,0,0,0,0,0,0,0,0
390725,1,1,0,0,0,0,0,0,0,0,0,0
390725,2,1,0,0,0,0,0,0,0,0,0,0
390726,1,1,0,0,0,0,0,0,0,0,0,0
390726,2,1,0,0,0,0,0,0,0,0,0,0
390727,1,1,0,0,0,0,21,0,0,0,0,0
390728,1,1,14,16,0,17,28,0,19,5,12,7
390728,2,1,0,0,0,0,0,0,0,0,0,0
390730,1,1,12,12,12,12,12,12,12,12,12,12
390732,1,1,0,0,0,0,0,0,0,0,0,0
390732,2,1,0,0,0,0,0,0,0,0,0,0
390733,1,1,0,0,0,0,0,0,0,0,0,0
390733,2,1,0,0,0,0,0,0,0,0,0,0
390734,1,1,22,22,22,22,22,22,22,22,22,22
390735,1,1,0,0,0,0,0,0,0,0,0,0
390735,2,1,0,0,0,0,0,0,0,0,0,0
390736,1,1,4,4,4,4,4,4,4,4,4,4
390736,2,1,0,0,0,0,0,0,0,0,0,0
390737,1,1,0,0,0,0,0,0,0,0,0,0
390737,2,1,0,0,0,0,0,0,0,0,0,0
390738,1,1,24,24,24,24,24,24,24,24,24,24
390739,0,1,0,0,0,0,0,0,0,0,0,0
390739,1,1,5,0,0,0,0,0,0,0,13,0
390740,0,1,0,0,0,0,0,0,0,0,0,0
390740,1,1,0,0,0,19,0,0,0,0,0,0
390741,0,1,0,0,0,0,0,0,0,0,0,0
390741,1,1,0,0,0,0,0,13,0,0,0,0
390742,1,1,0,0,0,0,0,0,0,0,0,0
390742,2,1,0,0,0,0,0,0,0,0,0,0
390743,1,1,0,0,0,25,0,0,0,0,0,20
390744,1,1,24,24,24,24,24,24,24,24,24,24
390745,1,1,0,0,0,0,0,0,0,0,0,0
390745,2,1,0,0,0,0,0,0,0,0,0,0
390746,1,1,23,23,23,23,23,23,23,23,23,23
390746,2,1,0,0,0,0,0,0,0,0,0,0
390747,1,1,0,0,0,0,0,0,0,0,0,0
390747,2,1,0,0,0,0,0,0,0,0,0,0
390748,1,1,0,0,0,0,0,0,0,0,0,0
390749,1,1,0,0,0,0,0,0,0,0,0,0
390749,2,1,0,0,0,0,0,0,0,0,0,0
390750,1,1,0,0,0,0,0,0,0,0,0,0
390750,2,1,0,0,0,0,0,0,0,0,0,0
390751,1,1,0,0,0,0,0,0,0,0,0,0
390752,1,1,0,0,0,0,0,0,0,0,0,0
390752,2,1,0,0,0,0,0,0,0,0,0,0
390753,1,1,0,0,0,0,0,0,0,0,0,0
390753,2,1,0,0,11,0,0,0,0,0,0,0
390754,1,1,0,0,0,0,0,0,0,0,0,0
390754,2,1,0,0,0,0,0,0,0,0,0,0
390755,1,1,0,0,0,0,0,0,0,0,0,0
390755,2,1,0,0,0,0,0,0,0,0,0,0
390756,1,1,0,0,0,0,0,0,0,3,0,0
390757,1,1,0,0,0,0,0,0,0,0,0,0
390758,1,1,0,0,0,0,0,0,0,0,0,0
390759,0,1,0,0,0,0,0,0,0,0,0,0
390759,1,1,0,0,0,0,0,0,0,0,0,0
390760,1,1,0,0,0,0,0,0,0,0,0,0
390760,2,1,0,0,0,0,0,0,0,0,0,0
390761,1,1,0,0,0,0,0,0,0,0,0,0
390761,2,1,0,0,0,0,0,0,0,0,0,0
390762,1,1,0,0,0,0,0,0,0,0,0,0
390762,2,1,26,0,13,0,5,13,0,34,25,23
390763,0,1,0,0,0,0,0,0,0,0,0,0
390763,1,1,0,0,0,0,0,0,0,0,0,0
390764,1,1,23,23,23,23,23,23,23,23,23,23
390765,1,1,0,0,0,0,0,0,0,0,0,0
390765,2,1,0,0,0,0,0,0,0,0,0,0
390766,0,1,9,0,13,0,0,0,0,0,0,0
390766,0,2,0,0,0,0,16,0,0,0,0,0
390766,0,3,0,0,0,0,0,28,0,0,0,0
390766,0,4,0,0,0,0,30,0,0,0,0,0
390766,0,5,0,0,0,0,0,0,0,12,25,0
390766,1,1,0,0,0,0,0,0,0,0,0,0
390767,0,1,0,0,0,0,0,0,0,0,0,0
390767,1,1,0,30,0,0,0,0,0,0,0,0
390768,1,1,0,0,0,0,0,0,0,0,0,0
390770,1,1,11,11,11,11,11,11,11,11,11,11
390770,2,1,0,0,0,0,0,0,0,0,0,0
390771,1,1,0,17,4,0,0,0,0,0,0,0
390771,2,1,9,0,0,0,0,0,0,0,0,0
390772,0,1,0,0,0,0,0,0,0,0,0,0
390772,1,1,0,0,5,0,0,0,0,0,0,0
390773,0,1,0,0,0,0,0,0,0,0,0,0
390773,1,1,0,0,0,0,0,0,0,0,0,0
390774,1,1,0,0,12,11,0,14,0,0,18,0
390774,2,1,0,0,0,0,0,0,0,0,0,0
390775,1,1,0,0,0,0,0,0,0,0,0,0
390775,2,1,0,0,0,0,0,0,0,0,0,0
390776,1,1,0,0,0,0,0,0,0,0,0,0
390777,1,1,16,16,16,16,16,16,16,16,16,16
390778,1,1,0,0,0,0,0,0,0,0,0,0
390778,2,1,0,0,0,0,0,0,0,0,0,0
390779,1,1,16,16,16,16,16,16,16,16,16,16
390780,1,1,23,23,23,23,23,23,23,23,23,23
390781,1,1,26,26,26,26,26,26,26,26,26,26
390782,1,1,17,17,17,17,17,17,17,17,17,17
390783,1,1,23,23,23,23,23,23,23,23,23,23
390784,1,1,0,0,0,0,0,0,0,0,0,0
390785,1,1,0,0,0,0,0,0,0,0,0,0
390785,2,1,0,0,0,0,0,0,0,0,0,0
390785,3,1,0,0,0,0,0,0,0,0,0,0
390786,1,1,0,0,0,0,0,0,0,0,0,0
390787,1,1,0,0,16,0,0,0,0,0,0,0
390787,2,1,0,0,0,0,0,0,0,0,0,0
390788,1,1,16,16,16,16,16,16,16,16,16,16
390789,1,1,0,0,0,0,0,0,0,0,0,0
390790,1,1,19,19,19,19,19,19,19,19,19,19
390790,2,1,0,0,0,0,0,0,0,0,0,0
390791,0,1,18,18,18,18,18,18,18,18,18,18
390791,1,1,0,0,18,30,0,0,0,14,32,0
390792,1,1,17,17,17,17,17,17,17,17,17,17
390793,1,1,0,0,0,0,0,0,0,0,0,0
390794,1,1,0,0,0,0,0,0,0,0,0,0
390794,2,1,0,0,0,0,0,0,0,0,0,0
390795,1,1,20,20,20,20,20,20,20,20,20,20
390795,2,1,0,0,0,0,0,0,0,0,0,0
390796,1,1,0,0,0,0,0,0,0,0,0,0
390796,2,1,0,0,0,0,0,0,0,0,0,0
390797,1,1,0,0,0,0,0,0,0,0,0,0
390797,2,1,0,0,0,0,0,0,0,0,0,0
390798,1,1,23,23,23,23,23,23,23,23,23,23
390798,2,1,0,0,0,0,0,0,0,0,0,0
390799,1,1,22,6,0,0,0,0,0,8,0,0
390800,1,1,0,0,0,0,0,0,0,0,0,0
390801,1,1,7,7,7,7,7,7,7,7,7,7
390802,1,1,19,19,19,19,19,19,19,19,19,19
390803,1,1,0,0,0,0,0,0,0,0,0,0
390803,2,1,0,0,0,0,0,0,0,0,0,0
390804,1,1,0,0,0,0,0,0,0,0,0,0
390804,2,1,0,0,0,0,0,0,0,0,0,0
390805,1,1,0,0,0,0,0,0,0,0,0,0
390806,0,1,14,14,14,14,14,14,14,14,14,14
390806,1,1,0,0,0,0,0,0,0,0,0,0
390807,0,1,17,17,17,17,17,17,17,17,17,17
390807,0,2,0,0,0,0,0,0,0,26,25,0
390807,1,1,0,0,0,0,0,10,0,0,0,0
390809,0,1,0,0,0,0,0,0,0,0,0,0
390809,1,1,0,7,0,0,0,0,0,0,0,22
390810,0,1,0,0,0,0,0,0,0,0,0,0
390810,1,1,0,0,0,0,0,0,0,0,0,0
390810,2,1,0,0,0,0,0,0,0,0,0,0
390811,1,1,0,0,0,0,0,0,0,0,0,0
390812,1,1,0,0,0,0,0,0,0,0,0,0
390812,2,1,0,0,0,0,0,0,0,0,0,0
390813,1,1,0,0,0,0,0,0,0,0,0,0
390814,1,1,25,25,25,25,25,25,25,25,25,25
390815,0,1,23,23,23,23,23,23,23,23,23,23
390815,1,1,0,0,0,0,0,0,0,0,0,0
390816,1,1,0,0,0,0,0,0,0,0,0,0
390816,2,1,0,0,0,0,0,0,0,0,0,0
390817,1,1,15,15,15,15,15,15,15,15,15,15
390817,2,1,0,0,0,0,0,0,0,0,0,0
390818,1,1,0,0,0,0,0,0,0,0,0,0
390820,1,1,10,27,9,19,16,5,32,6,8,23
390821,1,1,15,15,15,15,15,15,15,15,15,15
390822,1,1,0,0,0,0,0,0,0,0,0,0
390822,2,1,0,0,0,0,0,0,0,21,0,0
390823,1,1,0,0,0,0,0,0,0,0,0,0
390824,1,1,0,0,0,0,0,0,0,0,0,0
390824,2,1,0,0,0,0,0,0,0,0,0,0
390825,1,1,12,12,12,12,12,12,12,12,12,12
390826,1,1,0,0,0,0,0,0,0,0,0,0
390826,2,1,0,0,0,0,0,0,0,0,0,0
390827,0,1,0,0,0,0,0,0,0,0,0,0
390827,1,1,0,0,0,0,0,0,0,0,0,0
390828,1,1,0,0,0,0,0,0,0,0,0,0
390828,2,1,0,0,0,0,0,0,0,0,0,0
390829,0,1,0,0,0,0,0,0,0,0,0,0
390829,1,1,0,0,0,0,0,0,0,0,0,0
390830,1,1,0,0,0,0,0,0,0,0,0,0
390830,2,1,0,0,0,0,0,0,0,0,0,0
390831,1,1,0,0,0,0,0,0,0,0,0,6
390832,1,1,0,0,0,0,0,0,0,0,0,0
390833,1,1,0,0,0,0,0,0,0,0,0,0
390833,2,1,0,0,7,0,0,0,0,0,0,0
390834,1,1,0,0,0,0,0,10,0,0,0,0
390835,0,1,0,0,0,0,0,0,0,0,0,0
390835,1,1,21,21,21,21,21,21,21,21,21,21
390836,1,1,0,0,0,0,0,0,0,0,0,0
390836,2,1,0,0,0,0,0,0,0,0,0,0
390837,1,1,30,30,30,30,30,30,30,30,30,30
390838,1,1,0,0,0,0,0,9,0,15,0,0
390839,1,1,11,11,11,11,11,11,11,11,11,11
390839,2,1,0,0,0,0,0,0,0,0,0,0
390840,1,1,0,0,32,23,5,0,27,0,0,0
390840,2,1,7,0,0,0,0,0,0,0,0,0
390841,1,1,0,0,0,0,0,0,0,0,0,0
390841,2,1,0,0,0,0,0,0,0,0,0,0
390842,1,1,0,0,0,0,0,0,0,0,0,0
390842,2,1,0,0,0,0,0,0,0,0,0,0
390843,1,1,6,16,31,12,7,18,39,32,17,13
390844,1,1,0,0,0,0,0,0,0,0,0,0
390844,2,1,0,0,0,0,0,0,0,0,0,0
390845,1,1,0,0,0,0,0,0,0,0,0,0
390846,1,1,24,24,24,24,24,24,24,24,24,24
390847,0,1,0,0,0,0,0,0,0,0,0,0
390847,1,1,0,0,0,0,0,0,0,0,0,0
390848,1,1,0,0,0,0,0,0,0,0,0,0
390848,2,1,0,0,0,0,0,0,0,0,0,0
390849,1,1,0,0,0,0,0,0,0,0,0,0
390850,1,1,0,0,0,0,0,0,0,0,0,0
390850,2,1,0,0,0,0,0,0,13,0,0,0
390850,3,1,0,0,0,0,0,0,0,0,0,0
390851,1,1,21,21,21,21,21,21,21,21,21,21
390852,1,1,0,0,0,0,0,0,0,0,0,0
390852,2,1,0,0,0,0,0,0,0,0,0,0
390853,1,1,0,0,0,0,0,0,0,0,0,0
390853,2,1,0,0,0,0,0,0,0,0,0,0
390853,3,1,0,0,0,0,0,0,0,0,0,0
390854,1,1,27,27,27,27,27,27,27,27,27,27
390855,1,1,0,0,0,0,0,0,0,0,0,0
390856,1,1,0,0,0,0,0,0,0,0,0,0
390857,1,1,25,25,25,25,25,25,25,25,25,25
390858,1,1,0,0,0,0,0,0,0,0,0,0
390859,1,1,18,18,18,18,18,18,18,18,18,18
390860,1,1,0,0,0,0,0,0,0,0,0,0
390860,2,1,0,0,0,0,0,0,0,0,0,0
390861,1,1,0,0,0,0,0,0,0,0,0,0
390862,1,1,7,7,7,7,7,7,7,7,7,7
390863,1,1,0,0,0,0,0,0,0,0,0,0
390864,1,1,0,0,0,0,0,0,0,0,0,0
390865,0,1,0,0,0,0,0,0,0,0,0,0
390865,1,1,0,0,9,0,0,0,0,0,0,0
390866,1,1,0,0,0,0,0,0,0,0,0,0
390866,2,1,0,0,0,0,0,0,0,0,0,0
390866,3,1,0,0,0,0,0,0,0,0,0,0
390867,1,1,24,24,24,24,24,24,24,24,24,24
390868,0,1,0,0,0,0,0,0,0,0,20,0
390868,1,1,19,19,19,19,19,19,19,19,19,19
390869,1,1,0,0,0,0,0,0,0,0,0,0
390870,1,1,0,0,0,0,0,0,0,0,0,0
390870,2,1,0,0,0,0,0,0,0,0,6,0
390871,1,1,0,0,0,0,0,0,0,0,0,0
390871,2,1,0,0,0,0,0,0,0,11,0,0
390871,3,1,0,0,14,0,0,0,0,0,0,0
390872,1,1,0,0,0,0,0,0,0,0,0,0
390872,2,1,0,0,0,0,0,0,0,0,0,0
390873,1,1,18,18,18,18,18,18,18,18,18,18
390874,1,1,17,0,12,0,18,12,11,15,0,0
390875,1,1,0,0,0,0,0,0,0,0,0,0
390876,0,1,14,14,14,14,14,14,14,14,14,14
390876,1,1,0,0,0,0,0,0,0,0,0,0
390877,1,1,11,9,11,7,22,18,14,27,16,18
390878,1,1,10,10,10,10,10,10,10,10,10,10
390879,1,1,0,0,0,0,0,0,0,0,0,0
390880,1,1,0,0,0,0,0,0,0,0,0,0
390880,2,1,4,4,4,4,4,4,4,4,4,4
390881,1,1,0,0,0,0,0,0,0,0,0,0
390881,2,1,0,0,0,0,0,0,0,0,0,0
390882,1,1,0,0,0,0,0,0,0,0,0,0
390883,1,1,0,0,0,0,0,0,0,0,0,0
390883,2,1,0,0,0,0,0,0,0,0,0,0
390884,1,1,0,0,0,0,0,0,0,0,0,0
390885,0,1,26,26,26,26,26,26,26,26,26,26
390885,1,1,0,0,0,0,0,0,0,0,0,0
390886,1,1,0,0,0,0,0,0,0,0,0,0
390887,2,1,14,14,14,14,14,14,14,14,14,14
390888,1,1,0,0,0,0,0,0,0,0,0,0
390889,1,1,0,0,0,0,0,0,0,0,0,0
390889,2,1,2,2,2,2,2,2,2,2,2,2
390890,1,1,0,0,0,0,0,0,6,0,0,0
390890,2,1,0,0,0,0,0,0,0,0,0,0
390891,1,1,0,0,0,0,0,0,0,0,0,0
390891,2,1,0,0,0,0,0,0,0,0,0,0
390893,1,1,16,16,16,16,16,16,16,16,16,16
390894,1,1,0,0,0,0,0,0,0,0,0,0
390894,2,1,0,0,0,0,0,0,0,0,0,0
390895,1,1,0,0,0,0,0,0,0,0,0,0
390895,2,1,0,0,0,0,0,0,0,0,0,0
390896,1,1,0,0,0,0,0,0,0,0,0,0
390896,2,1,6,6,6,6,6,6,6,6,6,6
390897,1,1,0,0,0,0,0,0,0,0,0,0
390898,1,1,15,15,15,15,15,15,15,15,15,15
390899,1,1,0,0,0,0,0,0,0,0,0,0
390899,2,1,0,0,0,0,0,0,0,0,0,0
390901,1,1,0,0,0,0,0,0,0,0,0,0
390902,1,1,0,0,0,0,0,0,0,0,0,0
390902,2,1,0,0,0,0,0,0,0,0,0,0
390903,0,1,0,0,0,0,0,0,0,13,0,0
390903,1,1,0,0,0,0,0,0,0,0,0,0
390904,1,1,0,0,0,0,0,0,0,0,0,0
390904,2,1,0,0,0,0,0,0,0,0,0,0
390905,1,1,0,0,0,0,0,0,0,0,0,0
390906,1,1,0,0,0,0,0,0,0,0,0,0
390906,2,1,0,0,0,0,0,0,0,0,0,0
390907,1,1,0,0,0,0,0,0,0,0,0,0
390907,2,1,0,0,0,0,0,0,0,0,0,0
390909,1,1,0,0,0,0,0,0,0,0,0,0
390909,2,1,0,0,0,0,0,0,0,0,0,0
390910,1,1,0,0,0,0,0,0,0,0,0,21