ST_CASE,VEH_NO,PER_NO,P1,P2,P3,P4,P5,P6,P7,P8,P9,P10
390910,2,1,0,0,0,0,0,0,0,0,0,0
390910,3,1,0,0,0,0,10,0,0,0,0,0
390910,4,1,0,0,0,0,0,0,0,0,0,0
390911,1,1,0,0,0,0,0,14,0,0,0,0
390911,2,1,0,0,0,0,0,0,0,0,0,0
390912,1,1,0,0,0,0,0,0,0,0,0,0
390913,0,1,0,0,0,15,0,0,0,0,0,0
390913,1,1,0,0,0,0,0,0,0,0,0,0
390914,1,1,0,0,0,0,0,0,0,0,0,0
390914,2,1,6,6,6,6,6,6,6,6,6,6
390915,1,1,0,0,0,0,0,0,0,0,0,0
390916,1,1,0,0,0,0,0,0,0,0,0,0
390916,2,1,0,0,0,0,0,0,0,0,0,0
390917,1,1,27,27,27,27,27,27,27,27,27,27
390918,1,1,8,8,8,8,8,8,8,8,8,8
390919,1,1,10,10,26,23,15,8,26,27,28,19
390920,1,1,0,0,0,0,0,0,0,0,0,0
390920,2,1,0,0,0,0,0,0,0,0,0,0
390921,1,1,0,0,0,0,0,0,0,0,0,0
390921,2,1,0,0,0,0,0,0,0,0,0,0
390922,1,1,31,31,31,31,31,31,31,31,31,31
390923,1,1,16,17,36,13,0,9,37,11,11,0
390924,1,1,0,0,0,0,0,0,0,0,0,0
390925,0,1,29,29,29,29,29,29,29,29,29,29
390925,1,1,7,0,0,0,0,0,0,0,0,0
390926,0,1,0,0,0,0,0,0,0,0,0,0
390926,1,1,0,0,0,0,0,0,0,0,0,0
390927,1,1,0,0,0,0,0,0,0,0,0,0
390927,2,1,0,0,0,0,0,0,0,0,0,0
390928,1,1,0,0,0,0,0,0,0,0,0,0
390928,2,1,0,0,0,0,0,0,0,0,0,0
390929,1,1,20,20,20,20,20,20,20,20,20,20
390930,1,1,0,0,0,0,0,0,0,0,0,0
390931,0,1,0,0,0,0,0,0,0,0,0,0
390931,0,2,0,0,0,0,0,0,38,0,0,0
390931,1,1,0,0,0,0,0,0,0,0,0,0
390932,1,1,5,5,5,5,5,5,5,5,5,5
390932,2,1,2,0,0,0,17,0,0,0,0,0
390933,1,1,15,5,17,24,20,8,9,0,14,15
390934,0,1,0,0,0,0,0,0,0,0,0,0
390934,1,1,0,0,0,0,0,0,0,0,0,0
390935,1,1,12,12,12,12,12,12,12,12,12,12
390936,0,1,0,0,0,0,0,0,0,0,0,0
390936,1,1,0,0,14,0,0,0,0,0,0,0
390937,1,1,0,0,0,0,0,15,0,0,0,0
390937,2,1,0,0,0,0,0,0,0,0,0,0
390937,3,1,0,0,0,20,9,0,0,0,7,0
390937,4,1,0,0,0,0,0,0,0,0,0,0
390939,1,1,0,0,0,0,0,0,0,0,0,0
390939,2,1,0,0,0,0,0,0,0,0,0,0
390940,1,1,0,0,0,0,0,0,0,0,0,0
390941,0,1,35,0,0,0,24,0,0,16,0,0
390941,1,1,0,0,0,0,0,0,0,0,0,0
390942,0,1,0,0,0,0,0,0,0,0,0,0
390942,0,2,0,0,0,0,0,0,0,0,0,0
390942,1,1,0,0,0,0,0,0,0,0,0,0
390943,1,1,11,11,11,11,11,11,11,11,11,11
390944,1,1,0,0,0,0,0,0,0,0,0,0
390944,2,1,0,0,0,0,0,0,0,0,0,0
390945,1,1,15,9,28,0,0,0,0,31,9,0
390946,1,1,7,7,7,7,7,7,7,7,7,7
390946,2,1,0,0,0,0,0,0,0,0,0,0
390947,1,1,0,0,0,0,0,0,0,0,0,0
390948,1,1,0,0,0,0,0,0,0,0,0,0
390948,2,1,0,0,0,0,0,0,0,0,0,0
390949,1,1,0,0,0,0,0,0,0,0,0,0
390949,2,1,0,0,0,0,0,0,0,0,0,0
390950,0,1,27,27,27,27,27,27,27,27,27,27
390950,1,1,0,0,0,0,0,0,0,0,0,0
390951,0,1,0,0,0,0,0,0,0,0,0,0
390951,1,1,0,0,29,0,0,0,0,0,0,0
390952,1,1,0,0,0,0,0,0,0,0,0,0
390952,2,1,0,0,0,0,0,0,0,0,0,0
390953,0,1,0,0,0,0,0,0,0,0,0,0
390953,1,1,0,0,0,0,0,0,0,0,0,0
390954,0,1,38,38,38,38,38,38,38,38,38,38
390954,1,1,0,0,0,0,0,0,0,0,0,0
390955,1,1,0,0,0,0,0,0,0,0,0,0
390956,1,1,0,0,0,0,0,0,0,0,0,0
390956,2,1,0,0,0,0,0,0,0,0,0,0
390956,3,1,0,0,0,0,0,0,0,0,0,0
390957,1,1,0,0,0,0,0,0,0,0,0,0
390957,2,1,0,0,0,0,0,0,0,0,0,0
390958,1,1,0,0,0,0,0,0,0,0,0,18
390958,2,1,0,0,0,0,0,0,0,0,0,0
390959,1,1,31,31,31,31,31,31,31,31,31,31
390960,1,1,0,0,0,0,0,0,0,0,0,0
390961,1,1,0,0,0,0,0,0,0,0,0,0
390962,1,1,0,24,0,0,0,0,0,0,0,0
390962,2,1,0,0,0,0,0,0,18,0,0,0
390963,1,1,0,0,0,0,0,0,0,0,0,0
390963,2,1,0,0,0,0,0,0,0,0,0,0
390964,1,1,20,20,20,20,20,20,20,20,20,20
390964,2,1,0,0,0,27,0,0,0,0,0,0
390965,1,1,0,0,0,0,0,0,0,0,0,0
390965,2,1,0,0,0,0,0,0,0,0,0,0
390966,1,1,17,17,17,17,17,17,17,17,17,17
390966,2,1,0,0,0,0,0,0,0,0,0,0
390967,1,1,0,0,0,0,0,0,0,0,0,0
390967,2,1,0,0,0,0,0,0,0,0,0,0
390967,3,1,0,0,0,0,0,0,0,0,0,0
390968,1,1,0,0,0,0,0,0,0,0,0,0
390968,2,1,0,0,0,0,0,0,0,0,0,0
390969,1,1,0,0,0,0,0,0,0,0,0,0
390970,0,1,0,0,0,0,0,0,0,0,0,0
390970,0,2,0,0,0,0,0,0,0,0,0,0
390970,1,1,0,0,0,0,0,0,0,0,0,0
390971,1,1,0,0,0,0,0,0,0,0,0,0
390972,0,1,0,0,0,0,0,0,0,0,0,0
390972,1,1,0,0,0,0,0,0,0,0,0,22
390973,1,1,28,28,28,28,28,28,28,28,28,28
390973,2,1,0,0,0,0,0,0,0,0,0,7
390974,1,1,18,18,18,18,18,18,18,18,18,18
390975,1,1,3,3,3,3,3,3,3,3,3,3
390975,2,1,0,0,0,61,0,0,0,0,0,0
390976,0,1,0,0,0,0,0,0,0,0,0,0
390976,1,1,0,0,0,0,0,0,0,0,0,0
390977,1,1,12,12,12,12,12,12,12,12,12,12
390978,1,1,0,0,0,0,0,0,0,0,0,0
390978,2,1,0,0,0,0,0,0,0,0,0,0
390979,1,1,0,0,0,0,0,0,0,0,0,0
390979,2,1,0,0,0,0,0,0,0,0,0,0
390980,1,1,0,0,0,0,0,0,0,0,0,0
390981,1,1,15,15,15,15,15,15,15,15,15,15
390982,1,1,0,0,0,0,0,0,0,0,0,0
390983,1,1,0,0,0,0,0,0,0,0,0,0
390983,2,1,0,0,0,0,0,0,0,0,0,0
390984,0,1,0,0,0,0,0,0,0,0,0,0
390984,1,1,19,0,0,12,0,0,0,0,0,0
390985,0,1,28,28,28,28,28,28,28,28,28,28
390985,1,1,0,0,0,0,0,0,0,0,0,0
390986,0,1,0,0,0,0,0,0,0,0,0,0
390986,1,1,0,0,0,0,0,0,0,0,0,0
390987,1,1,0,0,0,0,0,0,0,0,0,0
390988,1,1,0,0,0,0,0,0,0,0,0,0
390988,2,1,0,0,0,0,0,0,0,0,0,0
390989,0,1,0,0,0,0,0,0,0,0,0,0
390989,1,1,0,0,0,0,0,0,0,0,0,0
390990,1,1,22,22,22,22,22,22,22,22,22,22
390991,1,1,0,0,0,0,0,0,0,0,0,0
390991,2,1,0,0,0,0,0,0,0,0,0,0
390993,1,1,19,19,19,19,19,19,19,19,19,19
390994,0,1,31,31,31,31,31,31,31,31,31,31
390994,1,1,0,0,0,0,0,0,0,0,0,0
390995,1,1,16,0,0,0,0,0,0,0,26,0
390996,1,1,0,0,0,23,0,0,0,0,0,0
390996,2,1,0,0,0,0,0,0,0,0,0,0
390997,1,1,20,20,20,20,20,20,20,20,20,20
390998,1,1,0,0,0,0,0,0,0,0,0,0
390998,2,1,0,0,0,0,0,0,0,0,0,0
390999,1,1,15,15,15,15,15,15,15,15,15,15
391000,1,1,22,22,22,22,22,22,22,22,22,22
391001,0,1,0,0,0,0,0,0,0,0,0,0
391001,1,1,0,0,0,0,0,0,0,0,0,0
391002,1,1,0,0,0,0,0,0,0,0,0,0
391003,1,1,0,0,0,0,0,0,0,0,0,0
391003,2,1,0,0,0,0,0,0,0,0,0,0
391003,3,1,0,0,0,0,0,0,0,0,0,0
391004,1,1,0,0,0,0,0,0,0,0,0,0
391004,2,1,0,0,0,0,0,0,0,0,0,0
391006,1,1,0,0,0,0,0,0,0,0,0,0
391006,2,1,0,0,0,0,0,0,0,0,0,0
391007,1,1,0,0,0,0,0,0,0,0,0,0
391007,2,1,0,0,0,0,0,0,0,0,0,0
391008,1,1,0,0,0,0,0,0,0,0,0,0
391008,2,1,0,0,0,0,0,0,0,0,0,0
391009,1,1,0,0,0,0,0,0,0,0,0,0
391009,2,1,0,0,0,0,0,0,0,0,0,0
391010,1,1,3,3,3,3,3,3,3,3,3,3
391010,2,1,0,0,0,0,0,0,0,0,0,0
391010,3,1,0,0,0,0,0,0,0,0,0,0
391011,1,1,0,0,0,0,0,0,0,0,0,0
391011,2,1,0,0,0,0,0,0,0,0,0,0
391012,0,1,0,0,0,0,0,0,0,0,0,0
391012,1,1,0,0,0,0,0,0,0,0,0,0
391013,1,1,24,24,24,24,24,24,24,24,24,24
391014,1,1,10,10,10,10,10,10,10,10,10,10
391015,1,1,27,27,27,27,27,27,27,27,27,27
391015,2,1,0,0,0,0,0,0,0,0,0,0
391016,1,1,0,0,0,0,0,0,0,0,0,0
391017,0,1,14,14,14,14,14,14,14,14,14,14
391017,1,1,0,0,0,0,0,0,0,0,0,0
391018,1,1,0,0,0,0,0,0,0,0,0,0
391019,1,1,0,0,0,0,0,0,0,0,0,0
391019,2,1,6,0,21,0,0,0,0,0,0,4
391020,1,1,0,0,0,0,0,0,0,0,0,0
391020,2,1,0,0,0,0,0,0,0,0,0,0
391021,1,1,21,21,21,21,21,21,21,21,21,21
391022,1,1,0,0,0,0,0,0,0,0,0,0
391022,2,1,0,0,0,0,0,0,0,0,0,0
391023,1,1,0,0,0,0,0,0,0,0,0,0
391023,2,1,0,0,0,0,13,16,0,0,0,0
391024,1,1,0,0,0,0,0,0,0,0,0,0
391024,2,1,0,0,0,0,0,0,0,0,0,0
391025,1,1,26,26,26,26,26,26,26,26,26,26
391026,1,1,0,0,0,0,0,0,0,0,0,0
391026,2,1,0,0,0,0,0,0,0,0,0,0
391027,0,1,31,31,31,31,31,31,31,31,31,31
391027,1,1,0,0,0,0,0,0,0,0,0,0
391028,0,1,11,11,11,11,11,11,11,11,11,11
391028,0,2,0,0,0,0,0,17,9,0,0,0
391028,1,1,0,0,0,0,0,0,0,0,0,0
391029,1,1,0,0,0,0,0,0,0,0,0,0
391029,2,1,0,0,0,0,0,0,0,0,0,0
391030,0,1,0,0,0,0,0,0,0,0,0,0
391030,1,1,0,0,0,0,0,0,0,0,10,0
391031,2,1,22,22,22,22,22,22,22,22,22,22
391032,0,1,0,0,0,0,0,0,0,0,0,0
391032,0,2,0,0,0,0,0,0,0,0,0,0
391032,0,3,0,0,0,0,0,0,0,0,0,0
391032,1,1,0,0,0,0,0,0,0,0,0,0
391033,1,1,0,0,9,0,0,0,0,0,0,0
391034,1,1,0,0,0,0,0,0,0,0,0,0
391034,2,1,0,8,0,15,11,0,0,0,0,0
391035,1,1,0,0,0,0,0,0,0,0,0,0
391035,2,1,13,0,0,0,0,0,0,19,0,0
391036,1,1,26,26,26,26,26,26,26,26,26,26
391036,2,1,0,0,0,0,0,0,0,0,0,0
391037,1,1,14,14,14,14,14,14,14,14,14,14
391037,2,1,0,0,0,0,0,0,0,0,0,0
391038,1,1,30,30,30,30,30,30,30,30,30,30
391039,1,1,2,2,2,2,2,2,2,2,2,2
391040,1,1,18,0,8,0,0,26,0,8,0,0
391041,1,1,0,0,0,0,0,0,0,0,0,0
391041,2,1,0,0,0,0,0,0,0,0,0,0
391042,1,1,0,0,0,0,0,0,0,0,0,0
391042,2,1,0,0,0,0,0,0,0,0,0,0
391043,1,1,0,0,0,0,0,0,0,0,0,0
391044,1,1,16,16,16,16,16,16,16,16,16,16
391044,2,1,0,0,0,0,0,0,0,0,0,0
391045,1,1,0,0,0,0,0,0,0,16,0,19
391045,2,1,0,0,0,0,0,0,0,0,0,0
391046,1,1,21,21,21,21,21,21,21,21,21,21
391047,1,1,0,0,0,0,0,0,0,0,0,0
391049,0,1,0,0,0,0,0,0,0,0,0,0
391049,0,2,0,0,0,0,0,0,0,0,0,0
391049,1,1,0,0,0,0,0,0,0,0,0,0
391050,0,1,26,26,26,26,26,26,26,26,26,26
391050,1,1,0,0,0,0,0,0,0,0,0,0
391050,2,1,0,0,0,0,0,0,0,0,0,0
391051,1,1,0,0,0,0,0,0,0,0,0,0
391051,2,1,0,0,0,0,0,0,0,0,0,0
391052,1,1,0,0,0,0,0,0,0,0,0,0
391052,2,1,0,0,0,0,0,0,0,0,0,0
391053,1,1,0,0,0,0,0,0,0,0,0,0
391053,2,1,4,4,4,4,4,4,4,4,4,4
391054,1,1,42,42,42,42,42,42,42,42,42,42
391054,2,1,0,0,0,0,0,0,0,0,0,0
391055,1,1,31,31,31,31,31,31,31,31,31,31
391056,1,1,0,0,0,0,0,0,0,0,0,0
391056,2,1,0,0,0,0,0,0,0,0,0,0
391057,1,1,0,0,0,0,0,0,0,0,0,0
391057,2,1,0,0,0,0,0,0,0,0,0,0
391058,1,1,20,20,20,20,20,20,20,20,20,20
391059,1,1,0,0,0,0,0,0,0,0,0,0
391059,2,1,0,0,0,0,0,0,0,0,0,0
391059,3,1,0,0,0,0,0,0,0,0,0,0
391060,1,1,10,10,10,10,10,10,10,10,10,10
391061,0,1,0,0,0,0,0,0,0,0,0,0
391061,1,1,0,0,0,0,0,0,0,0,0,0
391062,1,1,18,18,18,18,18,18,18,18,18,18
391063,1,1,0,0,0,0,0,0,0,0,0,0
391063,2,1,0,0,0,0,0,0,0,0,0,0
391064,1,1,0,0,0,0,0,0,0,0,0,0
391065,1,1,0,0,0,9,0,0,0,0,0,0
391065,2,1,0,0,0,0,0,0,0,0,0,0
391066,1,1,0,0,0,0,0,0,0,0,0,0
391066,2,1,0,0,0,0,0,0,0,0,0,0
391066,3,1,0,0,0,0,0,0,0,0,0,0
391067,0,1,28,28,28,28,28,28,28,28,28,28
391067,1,1,0,0,0,0,0,0,0,0,0,0
391068,1,1,0,0,0,0,0,0,0,0,0,0
391069,0,1,0,0,0,0,0,0,0,0,0,0
391069,0,2,0,0,0,0,0,0,0,0,0,0
391069,1,1,10,10,10,10,10,10,10,10,10,10
391070,1,1,0,0,0,0,0,0,0,10,0,0
391070,2,1,0,0,0,0,0,0,0,0,0,0
391071,0,1,0,0,0,0,0,0,0,0,0,0
391071,1,1,0,0,0,0,0,0,0,0,0,0
391071,2,1,0,0,0,0,0,0,0,0,0,0
391072,1,1,0,22,0,0,0,0,0,0,0,22
391072,2,1,0,0,0,0,0,0,0,0,0,0
391073,1,1,14,14,14,14,14,14,14,14,14,14
391073,2,1,0,0,0,0,0,0,0,0,0,0
391074,1,1,0,0,0,0,0,0,0,0,0,0
391075,1,1,24,24,24,24,24,24,24,24,24,24
400001,1,1,17,17,17,17,17,17,17,17,17,17
400002,1,1,23,23,23,23,23,23,23,23,23,23
400003,1,1,0,0,0,0,0,0,0,0,0,0
400003,2,1,0,0,0,0,0,0,0,0,0,0
400004,1,1,0,0,0,0,0,0,0,0,0,0
400005,1,1,8,8,8,8,8,8,8,8,8,8
400006,1,1,0,0,0,0,0,0,0,0,0,0
400006,2,1,0,0,0,0,0,0,0,0,0,0
400007,1,1,0,0,0,0,0,0,0,0,0,0
400008,1,1,26,26,26,26,26,26,26,26,26,26
400009,1,1,0,0,0,0,0,0,0,0,0,0
400009,2,1,9,9,9,9,9,9,9,9,9,9
400010,0,1,0,0,0,0,0,0,0,0,0,0
400010,0,2,0,0,0,0,0,0,0,0,0,0
400010,1,1,0,0,0,0,0,0,0,0,0,0
400011,1,1,0,0,0,0,0,0,0,0,0,0
400012,1,1,0,0,0,0,0,0,0,0,0,0
400012,2,1,0,0,0,0,0,0,0,0,0,0
400013,1,1,29,29,29,29,29,29,29,29,29,29
400014,1,1,0,0,0,0,0,0,0,0,0,0
400015,1,1,0,0,0,0,0,0,0,0,0,0
400016,1,1,0,0,0,0,0,0,0,0,0,0
400016,2,1,0,0,0,0,0,0,0,0,0,0
400017,1,1,0,0,0,0,0,0,0,0,0,0
400017,2,1,0,0,0,0,0,0,0,0,0,0
400017,3,1,0,0,0,0,0,0,0,0,0,0
400018,1,1,0,0,0,0,0,0,0,0,0,0
400019,1,1,0,0,0,0,0,0,0,0,0,0
400020,1,1,0,0,0,0,0,0,0,0,0,0
400020,2,1,0,0,0,0,0,0,0,0,0,0
400021,1,1,0,0,0,0,0,0,0,0,0,0
400021,2,1,0,0,0,0,0,0,0,0,0,0
400022,1,1,0,0,0,0,0,0,0,0,0,0
400022,2,1,0,0,0,0,0,0,0,0,0,0
400023,1,1,0,0,0,0,0,0,0,0,0,0
400023,2,1,0,0,0,0,0,0,0,0,0,0
400023,3,1,0,0,0,0,0,0,0,0,0,0
400024,1,1,0,0,0,0,0,0,0,0,0,0
400025,0,1,33,33,33,33,33,33,33,33,33,33
400025,1,1,0,0,0,0,0,0,0,0,0,0
400026,1,1,0,0,0,0,0,0,0,0,0,0
400027,1,1,0,0,0,0,0,0,0,0,0,0
400027,2,1,0,0,0,0,0,0,13,0,33,0
400027,3,1,0,0,6,0,0,0,0,0,0,0
400028,1,1,0,0,0,0,0,0,0,0,0,0
400029,1,1,0,0,0,0,0,0,0,0,0,0
400029,2,1,11,11,11,11,11,11,11,11,11,11
400030,1,1,26,26,26,26,26,26,26,26,26,26
400031,1,1,2,2,2,2,2,2,2,2,2,2
400031,2,1,0,0,0,0,0,0,0,0,0,0
400032,1,1,0,0,0,0,0,0,0,0,0,0
400033,1,1,0,0,0,0,0,0,0,0,0,0
400034,1,1,13,9,2,19,11,0,12,0,0,24
400035,1,1,4,4,4,4,4,4,4,4,4,4
400035,2,1,0,0,0,0,0,0,0,0,0,0
400036,1,1,0,0,0,0,0,0,0,0,0,0
400036,2,1,0,0,0,0,0,0,0,0,0,0
400037,1,1,26,26,26,26,26,26,26,26,26,26
400038,1,1,0,0,0,0,0,0,0,0,0,0
400039,1,1,3,3,3,3,3,3,3,3,3,3
400040,1,1,0,0,0,0,0,0,0,0,0,0
400041,1,1,18,18,18,18,18,18,18,18,18,18
400041,2,1,20,20,20,20,20,20,20,20,20,20
400042,1,1,0,0,0,0,0,0,0,0,0,0
400042,2,1,16,16,16,16,16,16,16,16,16,16
400043,1,1,0,0,0,0,0,0,0,0,0,0
400043,2,1,8,8,8,8,8,8,8,8,8,8
400044,1,1,25,25,25,25,25,25,25,25,25,25
400045,1,1,15,15,15,15,15,15,15,15,15,15
400046,1,1,0,0,0,0,0,0,0,0,0,0
400046,2,1,0,6,0,0,0,0,9,0,0,0
400047,1,1,0,0,0,0,0,0,0,0,0,0
400047,2,1,0,0,0,0,0,0,0,0,39,0
400048,1,1,0,0,0,0,0,0,0,0,0,0
400049,1,1,0,0,0,0,0,0,0,0,0,0
400050,1,1,24,24,24,24,24,24,24,24,24,24
400051,1,1,0,0,0,0,0,0,0,0,0,0
400052,1,1,21,21,21,21,21,21,21,21,21,21
400053,1,1,0,0,0,0,0,0,0,0,0,0
400054,1,1,8,8,8,8,8,8,8,8,8,8
400055,1,1,13,13,13,13,13,13,13,13,13,13
400055,2,1,0,0,0,0,0,0,0,0,0,0
400055,3,1,0,7,0,0,0,0,22,0,0,18
400055,4,1,0,0,0,0,0,0,0,0,13,9
400055,5,1,0,0,0,0,0,0,0,7,0,0
400056,1,1,15,15,15,15,15,15,15,15,15,15
400057,1,1,0,0,0,0,0,0,0,0,0,0
400057,2,1,0,0,0,0,0,0,0,0,0,0
400058,1,1,26,26,26,26,26,26,26,26,26,26
400058,2,1,0,0,0,0,0,0,0,0,0,0
400059,1,1,0,0,0,0,0,0,0,0,0,0
400060,0,1,0,0,3,0,0,0,0,47,0,0
400060,0,2,0,0,0,0,0,0,0,0,0,0
400060,1,1,0,0,0,0,0,0,0,0,0,0
400061,1,1,0,0,0,0,0,0,0,0,0,0
400061,2,1,0,0,0,0,0,0,0,0,0,0
400062,1,1,0,0,0,0,0,0,0,0,0,0
400062,2,1,0,0,0,0,0,0,0,0,0,0
400063,1,1,0,0,0,0,0,0,0,0,0,0
400064,1,1,0,0,0,0,0,0,0,0,0,0
400064,2,1,29,36,0,0,0,0,0,11,15,0
400065,1,1,0,0,0,0,0,0,0,0,0,0
400066,1,1,0,0,0,0,0,0,0,0,0,0
400067,1,1,1,1,1,1,1,1,1,1,1,1
400068,1,1,0,0,0,0,0,0,0,0,0,0
400068,2,1,0,0,0,0,0,0,0,0,0,0
400069,0,1,0,0,0,0,0,0,0,0,0,0
400069,1,1,0,0,0,0,0,0,0,0,0,0
400070,0,1,0,0,0,0,0,0,0,0,0,0
400070,1,1,0,0,0,0,0,0,0,0,0,0
400071,1,1,5,5,5,5,5,5,5,5,5,5
400071,2,1,0,0,0,0,0,0,0,0,8,0
400072,1,1,25,25,25,25,25,25,25,25,25,25
400073,1,1,0,14,0,0,0,14,0,0,0,0
400073,2,1,0,0,0,0,0,0,0,0,0,0
400074,1,1,0,0,0,0,0,0,0,0,0,0
400074,2,1,0,0,0,0,0,0,0,0,0,0
400075,1,1,16,14,0,0,10,14,3,0,11,26
400076,1,1,0,0,0,0,0,0,0,0,0,0
400076,2,1,0,0,0,0,0,0,0,0,0,0
400077,1,1,19,19,19,19,19,19,19,19,19,19
400078,1,1,24,24,24,24,24,24,24,24,24,24
400079,1,1,0,0,0,0,0,0,0,0,0,0
400079,2,1,8,14,11,20,12,25,9,22,9,0
400080,1,1,0,0,0,0,0,0,0,0,0,0
400081,0,1,14,14,14,14,14,14,14,14,14,14
400081,1,1,0,0,0,0,0,0,0,0,0,0
400082,1,1,0,0,0,0,0,0,0,0,0,0
400083,0,1,9,9,9,9,9,9,9,9,9,9
400083,1,1,0,0,0,0,0,0,0,14,0,0
400084,1,1,11,11,11,11,11,11,11,11,11,11
400085,1,1,0,0,0,0,8,0,0,0,0,0
400085,2,1,0,13,0,8,4,0,0,0,0,0
400085,3,1,0,0,9,0,0,0,0,0,0,0
400086,1,1,6,6,6,6,6,6,6,6,6,6
400087,1,1,0,0,0,0,0,0,0,0,0,0
400087,2,1,0,12,0,0,0,0,0,0,0,0
400088,0,1,0,0,0,0,0,0,0,0,0,0
400088,1,1,0,0,0,0,0,0,0,0,0,0
400089,1,1,0,0,0,0,0,0,0,0,0,0
400089,2,1,0,0,0,0,0,0,0,0,0,0
400090,1,1,5,5,5,5,5,5,5,5,5,5
400091,1,1,24,24,24,24,24,24,24,24,24,24
400092,1,1,0,0,0,0,0,0,0,0,0,0
400093,1,1,0,0,0,0,0,0,0,0,0,0
400094,0,1,0,0,0,0,0,0,0,0,0,0
400094,1,1,0,0,0,0,0,0,0,0,0,0
400095,1,1,0,0,0,0,0,0,0,0,0,0
400095,2,1,0,0,0,0,0,0,0,0,0,0
400095,3,1,0,0,0,0,0,0,0,0,0,0
400095,4,1,0,0,0,0,0,0,0,0,0,0
400096,1,1,0,0,0,0,0,0,0,0,0,0
400096,2,1,0,0,0,0,0,0,0,0,0,0
400097,0,1,0,0,0,0,0,0,0,0,0,0
400097,1,1,0,0,0,0,0,0,0,0,0,0
400098,0,1,0,0,0,0,0,0,0,0,0,0
400098,1,1,0,0,0,0,0,0,0,0,0,0
400099,1,1,0,0,0,0,0,0,0,0,0,0
400099,2,1,0,0,0,0,0,0,0,0,0,0
400100,1,1,19,19,19,19,19,19,19,19,19,19
400101,1,1,10,10,10,10,10,10,10,10,10,10
400101,2,1,0,0,0,0,0,0,0,0,0,0
400101,3,1,0,0,0,0,0,0,0,0,0,0
400102,1,1,0,0,0,0,0,0,0,0,0,0
400103,1,1,0,0,0,0,0,0,0,0,0,0
400103,2,1,0,0,0,0,0,0,0,0,0,0
400104,1,1,0,0,0,0,0,0,0,0,0,0
400105,1,1,16,16,16,16,16,16,16,16,16,16
400106,1,1,17,17,17,17,17,17,17,17,17,17
400107,1,1,0,0,0,0,0,0,0,0,0,0
400108,1,1,0,0,0,0,0,0,0,0,0,0
400108,2,1,0,0,0,0,0,0,0,0,0,0
400109,1,1,0,0,0,0,0,0,0,0,0,0
400109,2,1,5,5,5,5,5,5,5,5,5,5
400111,1,1,0,0,0,0,0,0,0,0,0,0
400111,2,1,0,0,0,0,0,0,0,0,0,14
400112,0,1,0,0,0,0,0,0,0,0,0,0
400112,1,1,0,0,0,0,0,0,0,0,0,0
400113,1,1,11,0,13,9,0,0,0,0,16,12
400114,1,1,25,25,25,25,25,25,25,25,25,25
400114,2,1,0,0,0,0,0,0,0,0,0,0
400115,1,1,0,0,0,0,0,0,0,0,0,0
400116,1,1,15,15,15,15,15,15,15,15,15,15
400117,1,1,12,12,12,12,12,12,12,12,12,12
400117,2,1,0,0,0,0,0,0,0,0,0,0
400118,1,1,0,0,0,0,0,0,0,0,0,0
400119,1,1,0,0,0,0,0,0,0,0,0,0
400119,2,1,0,0,0,0,0,0,0,0,0,0
400120,1,1,0,0,0,0,0,0,0,0,0,0
400120,2,1,0,0,0,0,0,0,44,0,0,0
400121,0,1,0,0,0,0,23,12,0,10,0,0
400121,1,1,0,0,0,0,0,0,0,0,0,0
400122,1,1,0,0,0,0,0,0,0,0,0,0
400122,2,1,0,0,0,0,0,0,10,0,0,0
400123,1,1,0,0,0,0,0,0,0,0,0,0
400123,2,1,0,0,0,0,0,0,0,0,0,0
400124,1,1,0,0,0,0,0,0,0,0,0,0
400125,0,1,0,0,0,0,0,0,0,0,0,0
400125,1,1,0,0,15,0,7,0,10,0,0,17
400126,1,1,0,0,0,0,0,0,0,0,0,0
400126,2,1,0,0,0,0,0,0,0,0,0,0
400127,1,1,0,0,0,0,0,0,0,0,0,0
400128,1,1,2,2,2,2,2,2,2,2,2,2
400128,2,1,0,0,0,0,0,0,0,0,0,0
400129,1,1,18,18,18,18,18,18,18,18,18,18
400129,2,1,0,21,0,19,0,27,0,0,12,0
400130,1,1,0,0,0,0,0,0,0,0,0,0
400130,2,1,0,0,0,0,0,0,0,0,0,0
400131,1,1,0,0,0,0,0,0,0,0,0,0
400131,2,1,17,0,0,0,0,10,0,0,0,0
400132,1,1,0,0,0,0,0,0,23,26,0,0
400133,0,1,18,18,18,18,18,18,18,18,18,18
400133,1,1,0,0,0,0,0,0,0,0,0,0
400134,1,1,0,0,0,0,0,0,0,0,0,0
400135,1,1,0,0,0,0,0,0,0,0,0,0
400136,1,1,14,14,14,14,14,14,14,14,14,14
400137,0,1,33,11,0,0,20,33,0,0,0,0
400137,1,1,0,0,0,0,0,0,0,0,0,0
400137,2,1,0,0,0,0,0,0,0,0,0,0
400138,1,1,0,0,0,0,0,0,0,0,0,0
400138,2,1,0,0,14,0,0,0,25,0,0,27
400139,1,1,0,0,0,0,0,0,0,0,0,0
400140,1,1,18,18,18,18,18,18,18,18,18,18
400141,1,1,20,20,20,20,20,20,20,20,20,20