ST_CASE,VEH_NO,PER_NO,P1,P2,P3,P4,P5,P6,P7,P8,P9,P10
400142,1,1,5,5,5,5,5,5,5,5,5,5
400143,1,1,0,0,0,0,0,0,0,0,0,0
400143,2,1,0,0,0,9,13,0,7,17,29,9
400144,1,1,0,0,0,0,0,0,0,0,0,0
400145,1,1,0,0,0,0,0,0,0,0,0,0
400146,1,1,20,20,20,20,20,20,20,20,20,20
400147,1,1,19,19,19,19,19,19,19,19,19,19
400147,2,1,0,0,0,0,0,0,0,0,21,0
400148,1,1,0,0,0,0,0,0,0,0,0,0
400148,2,1,0,0,0,0,0,0,0,0,0,0
400149,1,1,0,0,0,0,0,0,0,0,0,0
400150,1,1,0,0,0,0,0,0,0,0,0,0
400151,1,1,0,0,0,0,0,0,0,0,0,0
400151,2,1,0,0,0,0,0,0,0,0,0,0
400152,0,1,0,0,0,0,0,0,0,0,0,0
400152,1,1,0,0,0,0,0,0,0,0,0,0
400153,1,1,0,0,0,0,0,0,0,0,0,0
400154,1,1,0,0,0,0,0,0,0,0,0,0
400155,1,1,0,0,0,0,0,0,0,0,0,0
400155,2,1,31,0,0,0,0,0,0,0,0,6
400156,1,1,0,0,0,0,0,0,0,0,0,0
400158,1,1,0,0,0,0,0,0,0,0,0,0
400158,2,1,0,0,0,0,0,0,0,0,0,0
400159,0,1,0,0,0,0,0,0,0,0,0,0
400159,0,2,0,0,15,5,0,0,0,34,0,0
400159,1,1,0,0,0,0,0,0,0,0,0,0
400160,1,1,0,0,0,0,0,0,0,0,0,0
400160,2,1,0,0,0,0,0,0,0,0,0,0
400161,1,1,0,0,0,0,0,0,0,0,0,0
400161,2,1,0,0,0,0,0,0,0,0,0,0
400162,1,1,18,18,18,18,18,18,18,18,18,18
400163,1,1,28,28,28,28,28,28,28,28,28,28
400164,1,1,0,0,0,0,0,0,0,0,0,0
400164,2,1,0,0,0,0,0,0,0,0,0,0
400165,1,1,19,19,19,19,19,19,19,19,19,19
400165,2,1,0,0,0,0,0,0,0,0,0,0
400166,1,1,0,0,0,0,0,0,0,0,0,0
400166,2,1,0,0,0,0,0,0,0,0,0,0
400167,1,1,0,0,0,0,0,0,0,0,0,0
400167,2,1,0,0,0,0,0,0,0,0,0,0
400168,1,1,27,27,27,27,27,27,27,27,27,27
400169,1,1,0,0,0,0,0,0,0,0,0,0
400169,2,1,0,0,6,0,0,0,12,0,0,0
400170,1,1,0,0,0,0,0,0,0,0,0,0
400170,2,1,0,0,0,0,0,0,0,0,0,0
400171,1,1,0,0,0,0,0,0,0,0,0,0
400172,1,1,0,0,0,0,0,0,0,0,0,0
400172,2,1,0,0,0,0,0,0,0,0,0,0
400173,1,1,13,13,13,13,13,13,13,13,13,13
400173,2,1,0,0,0,0,0,0,0,0,0,0
400174,0,1,23,23,23,23,23,23,23,23,23,23
400174,1,1,0,0,0,0,0,0,0,0,0,0
400175,1,1,0,0,0,0,0,0,0,0,0,0
400175,2,1,0,0,0,0,0,0,0,0,0,0
400176,1,1,0,0,0,0,0,0,0,0,0,0
400176,2,1,0,0,0,0,0,0,0,0,0,0
400177,0,1,0,0,0,0,0,0,0,0,0,0
400177,1,1,0,0,0,0,0,0,0,0,0,0
400178,1,1,0,0,0,0,0,0,0,0,0,0
400178,2,1,0,0,0,0,0,0,0,0,0,0
400179,0,1,0,0,0,0,0,0,0,0,0,0
400179,1,1,0,0,0,0,0,0,0,0,0,0
400180,1,1,0,0,0,0,0,0,0,0,0,0
400180,2,1,0,0,0,0,0,0,0,0,0,0
400181,0,1,0,0,0,0,0,0,0,0,0,0
400181,1,1,18,10,8,18,12,18,17,0,6,12
400182,1,1,0,0,0,0,0,0,0,0,0,0
400182,2,1,0,0,0,0,0,0,0,0,0,0
400183,1,1,0,0,0,0,0,0,0,0,0,0
400184,1,1,0,0,0,0,0,0,0,0,0,0
400184,2,1,0,0,0,0,0,0,0,0,0,0
400185,1,1,4,4,4,4,4,4,4,4,4,4
400186,1,1,0,0,0,0,0,0,0,0,0,0
400187,1,1,0,0,0,0,0,0,0,0,0,0
400187,2,1,0,0,0,0,14,0,0,0,0,0
400188,1,1,0,0,0,0,0,0,0,0,0,0
400189,0,1,37,0,0,0,0,0,10,17,0,32
400189,0,2,0,0,0,0,0,0,0,0,0,0
400189,1,1,2,2,2,2,2,2,2,2,2,2
400190,1,1,25,25,25,25,25,25,25,25,25,25
400191,1,1,0,0,0,0,0,0,0,0,0,0
400192,1,1,0,0,0,0,0,0,0,0,0,0
400193,1,1,22,22,22,22,22,22,22,22,22,22
400194,1,1,0,0,0,0,0,0,0,0,0,0
400194,2,1,0,0,0,0,0,0,0,0,0,0
400195,1,1,9,9,9,9,9,9,9,9,9,9
400196,1,1,0,0,0,0,0,0,0,0,0,0
400197,0,1,0,0,0,0,0,0,0,0,0,0
400197,0,2,0,0,0,0,0,0,0,0,0,0
400197,2,1,0,0,0,0,0,0,0,0,0,0
400198,0,1,21,21,21,21,21,21,21,21,21,21
400198,1,1,0,0,0,9,0,0,0,0,0,3
400199,0,1,24,24,24,24,24,24,24,24,24,24
400199,1,1,0,0,0,0,0,0,0,0,0,0
400200,0,1,20,20,20,20,20,20,20,20,20,20
400200,1,1,0,0,0,0,20,0,0,0,0,0
400201,1,1,0,0,0,0,0,0,0,0,0,0
400201,2,1,0,0,0,0,0,0,0,0,0,0
400202,1,1,0,0,0,0,0,0,0,0,0,0
400202,2,1,0,0,0,0,0,0,0,0,0,0
400203,1,1,0,0,0,0,0,0,0,0,0,0
400203,2,1,0,0,0,0,0,0,0,0,0,0
400204,1,1,19,19,19,19,19,19,19,19,19,19
400205,1,1,0,0,0,0,0,0,0,0,0,0
400206,0,1,2,2,2,2,2,2,2,2,2,2
400206,1,1,0,0,0,0,0,0,0,0,0,0
400206,2,1,11,0,21,0,0,0,0,0,0,0
400207,1,1,0,0,0,0,0,0,0,0,0,0
400207,2,1,0,0,0,0,0,0,0,0,0,0
400208,1,1,0,0,0,0,0,0,0,0,0,0
400208,2,1,0,0,0,0,0,0,0,0,0,10
400209,1,1,0,0,0,0,0,0,0,0,0,0
400210,1,1,0,0,0,0,0,0,0,0,0,0
400211,1,1,0,0,0,0,0,0,0,0,0,0
400212,1,1,0,0,0,0,0,0,0,0,0,0
400212,2,1,0,0,9,0,0,0,0,0,0,0
400212,3,1,0,0,0,13,0,0,0,14,0,0
400213,1,1,0,0,0,0,0,0,0,0,0,0
400214,1,1,0,0,0,0,0,0,0,0,0,0
400215,1,1,0,0,0,0,0,0,0,0,0,0
400215,2,1,0,0,0,0,0,0,0,0,0,0
400216,1,1,0,0,0,0,0,0,0,0,0,0
400217,1,1,0,0,0,0,0,0,0,0,0,0
400217,2,1,0,0,0,0,0,0,0,0,0,0
400218,1,1,0,0,0,0,0,0,0,0,0,0
400218,2,1,0,0,0,0,0,0,0,0,0,0
400219,1,1,15,15,15,15,15,15,15,15,15,15
400219,2,1,0,0,0,0,0,0,0,0,0,0
400220,1,1,0,0,0,0,0,0,0,0,0,0
400221,0,1,30,30,30,30,30,30,30,30,30,30
400221,1,1,0,0,0,0,0,0,0,3,0,2
400222,0,1,0,0,0,0,0,0,0,0,0,0
400222,1,1,0,0,0,0,0,0,0,0,0,0
400223,1,1,16,16,16,16,16,16,16,16,16,16
400223,2,1,0,0,0,0,0,0,0,0,0,0
400224,1,1,14,14,14,14,14,14,14,14,14,14
400224,2,1,0,0,0,0,0,0,0,0,0,0
400225,1,1,0,0,0,0,0,0,0,0,0,0
400225,2,1,0,0,0,0,0,0,0,0,0,0
400226,0,1,20,20,20,20,20,20,20,20,20,20
400226,1,1,15,15,15,15,15,15,15,15,15,15
400227,1,1,0,0,0,0,0,0,4,0,0,0
400227,2,1,0,0,0,0,0,0,0,0,0,0
400228,1,1,11,11,11,11,11,11,11,11,11,11
400229,1,1,0,0,0,0,0,0,0,0,0,0
400229,2,1,0,0,0,0,14,0,0,0,0,0
400230,1,1,5,5,5,5,5,5,5,5,5,5
400230,2,1,0,0,0,0,0,0,0,0,0,0
400231,1,1,0,0,0,0,14,0,0,0,0,0
400232,1,1,0,0,0,0,0,0,0,0,0,0
400232,2,1,0,0,0,0,0,0,0,0,0,0
400233,1,1,13,13,13,13,13,13,13,13,13,13
400233,2,1,0,0,0,0,0,0,0,0,0,0
400235,1,1,0,0,0,0,0,0,0,0,0,0
400236,1,1,0,0,0,0,0,0,0,0,0,0
400236,2,1,0,0,0,0,0,0,0,0,0,0
400237,1,1,0,0,0,0,0,0,0,0,0,0
400237,2,1,0,0,0,0,0,0,0,0,0,0
400237,3,1,0,0,0,0,0,0,0,0,0,0
400238,2,1,0,0,0,0,0,0,0,0,0,0
400239,1,1,0,0,0,0,0,0,0,0,0,0
400239,2,1,0,0,0,0,0,0,0,5,0,0
400240,1,1,13,13,13,13,13,13,13,13,13,13
400241,1,1,0,0,0,0,0,0,0,0,0,9
400242,1,1,0,0,0,0,0,0,0,0,0,0
400242,2,1,0,0,0,0,0,0,0,0,0,0
400243,1,1,0,0,0,0,0,0,0,0,0,0
400244,1,1,0,0,0,0,0,0,0,0,0,0
400244,2,1,0,0,0,0,0,0,0,0,0,0
400245,1,1,0,0,0,0,0,0,0,0,0,0
400245,2,1,0,0,0,0,0,0,0,0,0,0
400245,3,1,2,2,2,2,2,2,2,2,2,2
400245,4,1,0,0,0,0,0,0,0,0,0,5
400245,5,1,0,0,0,0,0,0,0,0,0,0
400245,6,1,0,0,0,0,24,0,0,5,0,0
400246,1,1,0,0,0,0,0,0,0,0,0,0
400246,2,1,0,0,0,0,13,0,20,0,0,0
400247,1,1,7,7,7,7,7,7,7,7,7,7
400247,2,1,0,0,0,0,0,0,0,0,0,0
400248,1,1,0,0,0,0,0,0,0,0,0,0
400249,1,1,0,0,0,0,0,0,0,0,0,0
400249,2,1,0,0,0,0,0,0,0,0,0,0
400250,1,1,0,0,0,0,0,0,0,0,0,0
400250,2,1,0,0,0,0,0,0,0,0,0,0
400251,1,1,15,15,15,15,15,15,15,15,15,15
400251,2,1,0,0,0,0,0,0,0,0,0,0
400251,3,1,0,0,0,0,0,0,0,0,0,0
400251,4,1,0,0,0,0,0,0,0,0,0,0
400252,1,1,0,0,0,0,0,0,0,0,0,0
400253,1,1,0,0,0,0,0,0,0,0,0,0
400254,1,1,0,0,0,0,0,0,0,0,0,0
400255,1,1,0,0,0,0,0,0,0,0,0,0
400256,1,1,0,0,0,0,0,0,0,0,0,0
400257,1,1,14,14,14,14,14,14,14,14,14,14
400258,0,1,0,0,0,0,0,0,0,0,0,0
400258,1,1,0,0,6,8,0,0,8,9,0,0
400259,1,1,0,0,0,0,0,0,0,0,0,0
400259,2,1,0,0,0,0,0,0,0,0,0,0
400260,1,1,0,0,0,0,0,0,0,0,0,0
400261,1,1,0,0,0,0,0,0,0,0,0,0
400261,2,1,0,0,0,0,0,0,0,0,0,0
400262,1,1,24,24,24,24,24,24,24,24,24,24
400263,1,1,0,0,0,0,0,0,0,0,0,0
400263,2,1,0,0,0,0,0,0,0,0,0,0
400264,1,1,0,0,0,0,0,0,0,0,0,0
400264,2,1,0,0,0,0,0,0,0,0,0,0
400265,1,1,0,0,0,0,0,0,0,0,0,0
400265,2,1,0,0,0,0,0,0,0,0,0,0
400266,1,1,0,0,0,0,0,0,0,0,0,0
400266,2,1,0,0,0,0,0,0,0,0,0,0
400267,1,1,0,0,0,0,0,0,0,0,0,0
400267,2,1,0,0,0,0,0,0,0,0,0,0
400268,1,1,0,0,0,0,0,0,0,0,0,0
400268,2,1,0,0,0,0,0,0,0,0,0,0
400269,1,1,0,0,0,0,0,0,0,0,0,0
400269,2,1,0,0,0,0,0,0,0,0,0,0
400270,1,1,25,25,25,25,25,25,25,25,25,25
400271,1,1,0,0,0,0,0,0,0,0,0,0
400272,1,1,0,0,0,0,0,0,0,0,0,0
400273,1,1,0,0,0,0,0,0,0,0,0,0
400273,2,1,0,0,0,0,0,0,0,0,0,0
400273,3,1,0,0,0,0,0,0,0,0,0,0
400273,4,1,0,0,0,0,0,0,0,0,0,0
400274,1,1,0,0,0,0,0,0,0,0,0,0
400275,1,1,0,0,0,0,0,0,0,0,0,0
400276,1,1,0,0,0,0,0,0,0,0,0,0
400277,0,1,0,0,0,0,0,0,0,0,0,0
400277,1,1,0,0,0,12,0,0,0,0,0,0
400278,0,1,29,29,29,29,29,29,29,29,29,29
400278,1,1,0,20,0,0,8,0,0,4,0,0
400279,1,1,0,0,0,0,0,0,0,0,0,0
400279,2,1,6,6,6,6,6,6,6,6,6,6
400280,1,1,0,0,0,0,0,0,0,0,0,0
400280,2,1,0,0,0,0,0,0,0,0,0,0
400281,1,1,19,19,19,19,19,19,19,19,19,19
400282,1,1,9,0,0,0,0,19,0,0,0,0
400283,1,1,0,0,0,0,0,0,0,0,0,0
400283,2,1,0,0,11,21,0,0,0,0,0,10
400284,1,1,0,0,0,0,0,0,0,0,0,0
400285,1,1,10,10,10,10,10,10,10,10,10,10
400286,1,1,15,15,15,15,15,15,15,15,15,15
400286,2,1,0,0,0,0,0,0,0,0,0,0
400287,0,1,0,0,0,0,0,0,0,0,0,17
400287,0,2,0,0,0,0,0,0,0,0,0,0
400287,1,1,0,0,0,0,0,3,0,0,0,0
400288,0,1,14,14,14,14,14,14,14,14,14,14
400288,1,1,0,0,0,0,0,0,13,0,11,0
400289,1,1,0,0,0,0,0,0,0,0,0,0
400289,2,1,0,0,0,0,0,0,0,0,0,0
400290,1,1,0,0,0,0,0,0,0,0,0,0
400290,2,1,0,0,0,0,0,0,0,0,0,0
400291,1,1,0,0,0,0,0,0,0,0,0,0
400291,2,1,0,10,0,0,0,0,0,0,0,0
400292,1,1,0,0,0,0,0,0,0,0,0,0
400292,2,1,0,0,0,0,11,0,0,0,0,0
400293,1,1,0,0,0,0,0,0,0,0,0,0
400294,1,1,0,0,0,0,0,0,0,0,0,0
400294,2,1,0,0,0,0,0,0,0,0,0,0
400295,1,1,0,0,23,0,0,0,0,20,40,0
400296,1,1,17,17,17,17,17,17,17,17,17,17
400297,1,1,15,15,15,15,15,15,15,15,15,15
400297,2,1,0,0,0,0,0,0,0,0,0,0
400298,1,1,0,0,0,0,0,0,0,0,0,0
400299,1,1,15,15,15,15,15,15,15,15,15,15
400299,2,1,0,0,0,0,0,0,0,0,0,0
400300,1,1,0,0,0,0,0,0,0,0,0,0
400301,1,1,0,0,0,0,0,0,0,0,0,0
400301,2,1,0,0,0,0,0,0,0,0,0,0
400301,3,1,0,0,0,0,0,0,0,0,0,0
400301,4,1,0,0,0,0,0,0,0,0,0,0
400302,0,1,0,0,0,0,0,0,0,0,0,0
400302,1,1,0,0,0,0,0,0,0,0,0,0
400303,1,1,17,17,17,17,17,17,17,17,17,17
400304,1,1,20,0,0,0,0,0,0,0,0,0
400305,0,1,0,0,0,0,0,0,0,0,0,0
400305,1,1,0,0,0,0,0,0,0,0,0,0
400306,1,1,0,0,0,0,0,0,0,0,0,0
400306,2,1,0,0,0,0,0,0,0,0,0,0
400307,1,1,4,4,4,4,4,4,4,4,4,4
400308,1,1,0,0,0,0,0,13,0,0,0,23
400309,1,1,0,0,0,0,0,0,0,0,0,0
400310,1,1,0,0,0,0,0,0,0,0,0,0
400310,2,1,0,0,0,0,0,0,0,0,0,0
400311,0,1,0,0,0,0,0,0,0,0,0,0
400311,0,2,0,0,0,0,0,0,0,0,0,0
400311,1,1,0,0,0,0,0,0,0,0,0,0
400312,1,1,22,22,22,22,22,22,22,22,22,22
400313,0,1,0,0,0,0,0,0,0,0,0,0
400313,0,2,0,0,0,0,0,0,36,0,14,15
400313,1,1,0,0,0,0,0,0,0,0,0,0
400314,0,1,2,2,2,2,2,2,2,2,2,2
400314,1,1,25,25,25,25,25,25,25,25,25,25
400315,0,1,0,0,0,0,0,0,0,0,0,0
400315,1,1,0,0,0,0,0,0,0,0,0,0
400316,1,1,0,0,12,0,0,6,0,0,0,0
400316,2,1,12,12,12,12,12,12,12,12,12,12
400317,1,1,0,0,0,0,0,0,0,0,0,0
400317,2,1,0,0,0,0,0,0,0,0,0,0
400317,3,1,10,10,10,10,10,10,10,10,10,10
400318,1,1,0,0,0,0,0,0,0,0,0,0
400319,1,1,14,0,0,13,0,0,0,0,0,0
400319,2,1,0,0,0,0,0,0,0,0,0,0
400320,1,1,0,0,0,0,0,0,0,0,0,0
400321,1,1,18,18,18,18,18,18,18,18,18,18
400322,1,1,0,0,0,0,0,0,0,0,0,0
400323,1,1,0,0,0,0,0,0,0,0,0,0
400323,2,1,0,0,0,0,0,0,0,0,0,0
400324,1,1,28,28,28,28,28,28,28,28,28,28
400324,2,1,0,0,0,0,0,0,0,0,0,0
400325,1,1,0,0,0,0,0,0,0,0,0,6
400325,2,1,0,0,0,0,0,0,0,0,0,0
400326,1,1,0,0,0,0,0,0,0,0,0,0
400326,2,1,0,0,0,0,0,0,0,0,0,0
400327,1,1,12,12,12,12,12,12,12,12,12,12
400328,1,1,27,27,27,27,27,27,27,27,27,27
400328,2,1,0,0,0,0,0,0,0,0,0,0
400329,1,1,0,0,0,0,0,0,0,0,0,0
400329,2,1,0,0,0,0,0,0,0,0,0,0
400330,1,1,21,0,0,0,0,0,0,7,0,0
400330,2,1,0,0,0,0,0,14,0,0,0,0
400331,1,1,21,0,0,0,0,0,0,0,26,0
400331,2,1,0,0,0,0,0,0,0,0,0,0
400332,1,1,0,0,0,0,0,0,0,0,0,0
400333,1,1,0,0,0,0,0,0,0,0,0,0
400334,1,1,0,0,0,0,0,0,0,0,0,0
400334,2,1,0,0,0,0,0,0,0,0,0,0
400335,1,1,0,0,0,0,0,0,0,0,0,0
400335,2,1,0,0,0,0,0,0,0,0,0,0
400336,1,1,0,0,0,0,0,0,0,0,0,0
400337,1,1,0,0,0,0,0,0,0,0,0,0
400337,2,1,20,20,20,20,20,20,20,20,20,20
400338,1,1,0,0,15,9,0,0,0,0,0,0
400339,1,1,0,0,0,0,0,0,0,0,0,0
400339,2,1,0,0,0,0,0,0,0,0,0,0
400340,1,1,15,15,15,15,15,15,15,15,15,15
400341,1,1,0,0,0,0,0,0,0,0,0,0
400341,2,1,0,0,0,0,0,0,0,0,0,0
400342,1,1,0,0,0,0,0,0,0,0,0,0
400342,2,1,0,0,0,0,0,0,0,0,0,0
400343,1,1,0,0,0,0,0,0,0,0,0,0
400344,1,1,10,10,10,10,10,10,10,10,10,10
400344,2,1,0,0,0,0,0,0,0,0,0,0
400344,3,1,0,0,0,0,0,15,0,0,0,0
400345,1,1,0,0,0,0,0,0,0,0,0,0
400346,1,1,0,0,0,0,0,0,0,0,0,0
400347,1,1,0,0,0,0,0,0,0,0,0,0
400347,2,1,0,0,0,0,0,0,0,0,0,0
400348,1,1,19,19,19,19,19,19,19,19,19,19
400349,1,1,0,0,18,0,0,0,0,0,0,0
400350,1,1,10,10,10,10,10,10,10,10,10,10
400351,1,1,0,0,15,0,0,0,0,0,0,16
400352,1,1,0,0,0,0,0,0,0,0,0,0
400353,1,1,0,0,0,0,0,0,0,0,0,0
400354,0,1,0,0,0,0,0,0,0,0,0,0
400354,1,1,0,0,0,0,0,0,3,6,0,0
400355,1,1,0,0,0,0,0,0,0,0,0,0
400356,0,1,0,0,0,0,0,0,0,0,0,0
400356,1,1,0,0,0,0,0,0,0,0,0,0
400357,0,1,24,24,24,24,24,24,24,24,24,24
400357,1,1,14,14,14,14,14,14,14,14,14,14
400358,0,1,0,0,0,0,0,0,0,0,0,0
400358,1,1,0,0,0,0,0,0,0,0,0,0
400359,1,1,31,31,31,31,31,31,31,31,31,31
400360,1,1,0,0,0,0,0,0,0,0,0,0
400360,2,1,0,0,0,0,0,0,0,0,0,0
400361,1,1,12,12,12,12,12,12,12,12,12,12
400362,1,1,0,0,0,0,0,0,0,0,0,0
400363,0,1,30,30,30,30,30,30,30,30,30,30
400363,1,1,0,0,0,0,8,0,0,0,0,0
400364,1,1,31,0,19,18,10,36,13,30,19,12
400365,1,1,0,0,0,0,0,0,0,0,0,0
400365,2,1,0,0,0,0,0,0,0,0,0,0
400365,3,1,0,0,0,11,0,0,0,0,0,0
400365,4,1,0,0,0,0,0,0,0,0,0,0
400365,5,1,0,0,8,0,0,0,0,0,0,0
400365,6,1,0,0,0,0,0,0,0,0,0,0
400365,7,1,0,0,0,0,0,0,0,0,0,0
400365,8,1,0,8,0,0,0,0,0,0,0,20
400366,1,1,0,0,0,0,0,0,0,0,0,0
400366,2,1,0,0,0,0,0,0,0,0,0,0
400367,1,1,16,16,16,16,16,16,16,16,16,16
400368,1,1,0,0,0,0,0,0,0,0,0,0
400369,1,1,20,20,20,20,20,20,20,20,20,20
400369,2,1,0,0,0,0,0,0,0,0,0,0
400369,3,1,0,0,0,0,0,0,0,0,0,0
400370,1,1,4,4,4,4,4,4,4,4,4,4
400371,1,1,0,0,0,0,0,0,0,0,0,0
400371,2,1,0,0,0,0,0,0,0,0,0,0
400372,1,1,0,0,0,0,0,0,0,0,0,0
400373,1,1,0,0,0,0,0,0,0,0,0,0
400374,1,1,0,0,0,0,0,0,0,0,0,0
400375,1,1,27,13,24,13,0,12,23,14,17,11
400376,1,1,0,0,0,0,0,0,0,0,0,9
400376,2,1,0,0,0,0,0,0,0,0,0,0
400377,1,1,0,0,0,0,0,0,0,0,0,0
400377,2,1,0,0,0,0,0,0,0,0,0,0
400377,3,1,0,0,0,0,0,0,0,0,0,0
400378,1,1,0,0,0,0,0,0,0,0,0,0
400378,2,1,0,0,0,0,0,17,0,0,0,0
400379,1,1,0,0,0,0,0,0,0,0,0,0
400380,1,1,0,0,0,0,0,0,0,0,0,0
400380,2,1,0,0,0,0,0,0,0,0,0,0
400381,0,1,0,0,0,0,0,0,0,0,0,0
400381,1,1,0,0,0,0,0,0,0,0,0,0
400382,1,1,8,8,8,8,8,8,8,8,8,8
400382,2,1,0,0,0,0,0,0,0,0,0,0
400383,1,1,0,0,0,12,0,0,0,0,0,0
400384,1,1,0,0,0,0,0,0,0,0,0,0
400384,2,1,0,0,0,0,0,0,8,0,0,0
400385,1,1,0,0,0,0,0,0,0,0,0,0
400386,1,1,17,17,17,17,17,17,17,17,17,17
400387,1,1,0,0,0,0,0,0,0,0,0,0
400387,2,1,0,0,0,0,0,0,0,0,0,0
400388,1,1,0,0,0,0,0,0,0,0,0,0
400388,2,1,0,0,0,0,0,0,0,0,0,0
400389,0,1,21,21,21,21,21,21,21,21,21,21
400389,1,1,0,0,0,0,0,0,0,0,0,0
400390,1,1,19,19,19,19,19,19,19,19,19,19
400391,1,1,0,0,0,0,0,0,0,0,0,0
400391,2,1,0,0,0,0,5,0,0,0,0,0
400392,0,1,0,0,0,0,0,0,0,0,0,0
400392,0,2,41,0,7,31,0,0,0,0,12,7
400392,1,1,0,0,0,0,0,0,0,0,0,0
400393,1,1,0,0,0,0,0,0,0,0,0,0
400394,1,1,0,0,0,0,0,0,0,0,0,0
400394,2,1,0,0,0,0,0,0,0,0,0,0
400395,1,1,0,0,0,0,0,0,0,0,0,0
400395,2,1,0,0,0,0,0,5,0,0,0,0
400396,1,1,0,0,0,0,0,0,0,0,0,0
400396,2,1,0,0,0,0,0,0,0,0,0,0
400397,1,1,0,0,0,0,0,0,0,0,11,0
400397,2,1,0,0,0,21,0,0,0,0,0,0
400398,1,1,35,35,35,35,35,35,35,35,35,35
400399,1,1,0,0,0,0,0,0,0,0,0,0
400399,2,1,0,0,0,0,0,0,0,0,0,0
400399,3,1,0,0,0,0,0,0,0,0,0,0
400400,1,1,0,0,0,0,0,0,0,0,0,0
400401,1,1,11,11,11,11,11,11,11,11,11,11
400401,2,1,0,0,0,0,0,0,0,0,0,0
400402,1,1,0,0,0,0,0,0,0,0,0,0
400403,1,1,0,0,0,0,12,0,0,0,0,0
400403,2,1,0,32,0,0,0,0,0,0,0,0
400404,1,1,0,0,0,0,0,0,0,0,0,0
400404,2,1,15,15,15,15,15,15,15,15,15,15
400405,0,1,0,0,0,0,0,0,0,0,0,0
400405,1,1,0,0,15,0,0,0,0,0,0,0
400406,1,1,0,0,0,0,0,0,0,0,0,0
400407,1,1,0,0,0,0,0,0,0,0,0,0
400407,2,1,0,0,0,0,13,0,0,0,0,0
400408,1,1,0,0,0,0,0,0,0,0,0,0
400408,2,1,0,0,0,0,0,0,0,0,0,0
400408,3,1,0,17,0,0,0,0,0,0,0,0
400409,1,1,0,0,0,0,0,0,0,0,0,0
400410,1,1,0,0,0,0,0,0,0,0,0,0
400411,1,1,0,0,0,0,0,0,0,0,0,0
400412,1,1,0,0,0,0,0,0,0,0,0,0
400412,2,1,0,0,0,0,0,0,0,0,0,0
400413,1,1,0,0,0,0,0,0,0,0,0,0
400414,1,1,0,0,0,0,0,0,0,0,0,0
400414,2,1,15,15,15,15,15,15,15,15,15,15
400415,1,1,0,0,0,0,0,0,0,0,0,0
400415,2,1,0,0,0,0,0,0,0,0,0,0
400415,3,1,0,0,0,0,0,0,0,0,0,0
400416,1,1,0,0,0,0,0,0,0,0,0,0
400417,0,1,0,0,0,0,0,0,0,0,0,0
400417,1,1,0,0,0,0,0,0,10,0,0,0
400418,1,1,12,12,12,12,12,12,12,12,12,12
400419,1,1,0,0,0,0,0,0,0,0,0,0
400419,2,1,0,0,0,0,0,0,0,0,0,0
400420,1,1,16,16,16,16,16,16,16,16,16,16
400421,1,1,0,0,0,0,0,0,0,15,0,0
400422,1,1,0,0,0,0,0,0,0,0,0,0
400423,1,1,0,0,0,0,0,0,0,0,0,0
400424,1,1,24,24,24,24,24,24,24,24,24,24
400425,1,1,0,0,0,0,0,0,0,0,0,0
400426,1,1,31,31,31,31,31,31,31,31,31,31
400426,2,1,0,0,0,0,0,0,0,0,0,0
400426,3,1,0,0,0,0,0,0,0,0,0,0
400427,1,1,0,0,0,0,0,0,0,0,0,0
400427,2,1,0,0,0,20,0,0,0,0,8,0
400428,1,1,0,0,0,0,0,44,0,0,0,0
400429,1,1,36,18,21,20,28,5,9,3,0,31
400430,0,1,0,0,0,0,0,0,0,0,0,0
400430,1,1,7,7,7,7,7,7,7,7,7,7
400431,1,1,0,0,0,0,0,0,0,0,0,0
400431,2,1,0,0,0,0,0,0,0,0,0,0
400432,1,1,0,0,0,0,0,0,0,0,0,0
400432,2,1,0,0,0,0,0,0,0,6,0,0
400433,1,1,19,19,19,19,19,19,19,19,19,19
400433,2,1,0,0,0,23,0,0,0,0,0,0
400434,1,1,32,32,32,32,32,32,32,32,32,32
400435,1,1,0,0,0,0,9,6,17,0,0,0
400436,1,1,11,11,11,11,11,11,11,11,11,11
400437,1,1,0,0,0,0,0,0,0,0,0,11
400438,0,1,28,28,28,28,28,28,28,28,28,28
400438,1,1,0,0,0,0,0,0,0,0,0,0
400439,1,1,0,0,0,0,0,0,0,0,0,0
400439,2,1,0,0,0,0,0,0,0,0,0,0
400440,1,1,0,0,0,0,0,0,0,0,0,0
400440,2,1,0,0,0,0,0,0,0,0,0,0
400441,1,1,20,20,20,20,20,20,20,20,20,20
400442,1,1,0,0,0,0,0,0,0,0,0,0
400442,2,1,0,0,0,0,0,0,0,0,0,0
400443,1,1,0,0,0,0,0,0,0,0,0,0
400443,2,1,0,0,0,0,0,0,0,0,0,0
400444,1,1,0,0,0,0,0,0,0,0,0,0
400444,2,1,0,0,0,0,0,0,0,0,0,0
400444,3,1,0,0,0,0,0,0,0,0,0,0
400445,1,1,0,0,0,0,0,0,0,0,0,0
400446,1,1,0,0,0,0,0,0,0,0,0,0
400447,1,1,17,17,17,17,17,17,17,17,17,17
400448,1,1,0,0,0,0,0,0,0,0,0,0
400448,2,1,0,0,0,0,0,0,0,0,0,0