ST_CASE,VEH_NO,PER_NO,P1,P2,P3,P4,P5,P6,P7,P8,P9,P10
420055,1,1,0,0,0,0,0,0,0,0,0,0
420055,2,1,0,0,0,0,0,0,0,0,0,0
420056,1,1,27,27,27,27,27,27,27,27,27,27
420056,2,1,0,0,0,0,0,0,0,0,0,0
420056,3,1,0,0,0,0,0,0,0,0,0,0
420057,1,1,0,0,12,0,0,0,0,0,0,0
420057,2,1,0,0,0,0,0,22,0,0,0,0
420057,3,1,0,0,0,0,0,0,0,0,0,0
420058,0,1,0,0,0,0,0,0,0,0,0,0
420058,1,1,0,0,7,0,0,0,0,0,0,0
420059,1,1,0,0,0,0,0,0,0,0,0,0
420060,0,1,18,18,18,18,18,18,18,18,18,18
420060,1,1,0,0,0,0,0,0,0,0,0,0
420061,1,1,17,12,11,8,14,14,12,7,4,15
420062,1,1,0,0,0,0,0,0,0,0,0,0
420063,1,1,0,0,0,0,0,0,0,0,0,0
420064,1,1,0,0,0,0,0,0,0,12,0,0
420064,2,1,0,0,0,0,0,0,0,0,0,0
420065,1,1,0,0,0,0,0,0,0,0,0,0
420065,2,1,0,0,0,0,0,0,0,0,0,0
420066,1,1,0,0,0,0,0,0,0,0,0,0
420066,2,1,0,0,0,0,0,0,0,0,0,0
420067,1,1,0,0,22,0,0,0,22,0,22,0
420068,1,1,21,21,21,21,21,21,21,21,21,21
420068,2,1,0,7,0,0,0,0,0,0,0,0
420069,1,1,0,0,0,0,0,0,0,0,0,0
420069,2,1,0,0,0,0,0,0,0,0,0,0
420070,1,1,25,25,25,25,25,25,25,25,25,25
420070,2,1,19,0,3,0,0,0,0,0,0,0
420071,1,1,16,16,16,16,16,16,16,16,16,16
420072,1,1,0,0,0,0,0,0,0,0,0,0
420073,1,1,19,19,19,19,19,19,19,19,19,19
420073,2,1,0,0,0,0,0,0,0,0,0,0
420074,1,1,0,0,0,0,0,0,0,0,0,0
420074,2,1,0,0,0,0,0,0,0,0,0,0
420075,1,1,0,0,0,0,0,0,0,0,0,0
420075,2,1,0,0,0,0,0,0,0,0,0,0
420076,1,1,14,14,14,14,14,14,14,14,14,14
420077,1,1,0,0,0,0,0,0,0,0,0,0
420077,2,1,9,0,0,0,0,0,0,0,0,0
420078,1,1,13,13,13,13,13,13,13,13,13,13
420078,2,2,0,0,0,0,0,0,0,0,0,0
420079,1,1,0,0,0,0,0,0,0,0,9,0
420079,2,1,0,0,0,0,0,0,0,0,0,0
420080,1,1,0,20,0,0,0,0,0,0,0,0
420080,2,1,0,0,0,0,17,0,0,0,0,0
420081,1,1,0,0,0,0,0,0,0,0,0,0
420081,2,1,0,0,0,0,0,0,0,15,0,0
420082,1,1,0,0,0,0,0,0,0,0,0,0
420082,2,1,0,0,0,0,0,0,0,0,0,0
420083,1,1,0,0,0,0,0,0,0,0,0,0
420083,2,1,0,0,17,0,0,0,0,0,0,0
420084,1,1,0,0,0,0,30,0,9,0,0,0
420085,0,1,0,0,0,0,0,0,0,0,0,0
420085,1,1,0,0,0,0,0,0,0,0,0,0
420085,4,1,0,0,0,0,0,0,0,0,0,0
420086,1,1,0,0,0,0,0,0,0,0,0,0
420086,2,1,0,0,0,0,0,0,0,0,0,0
420087,1,1,0,0,0,0,7,0,13,0,0,0
420087,2,1,0,0,0,0,27,0,0,0,0,0
420088,1,1,21,21,21,21,21,21,21,21,21,21
420089,1,1,0,0,0,0,0,0,0,0,0,0
420089,2,1,0,0,0,0,0,0,0,0,0,0
420089,3,1,0,0,0,0,0,0,0,0,0,0
420089,4,1,0,0,0,0,0,0,0,0,0,0
420090,1,1,27,27,27,27,27,27,27,27,27,27
420091,1,1,27,27,27,27,27,27,27,27,27,27
420092,1,1,31,31,31,31,31,31,31,31,31,31
420093,0,1,16,16,16,16,16,16,16,16,16,16
420093,1,1,0,0,0,0,0,0,0,0,0,0
420094,1,1,25,25,25,25,25,25,25,25,25,25
420095,1,1,23,23,23,23,23,23,23,23,23,23
420096,0,1,0,0,0,0,0,0,0,0,0,0
420097,1,1,0,0,0,0,0,0,0,0,0,0
420097,2,1,0,0,0,0,0,0,0,0,0,0
420098,1,1,0,0,0,0,0,0,0,0,0,0
420099,0,1,0,0,0,0,0,0,0,0,0,0
420099,1,1,0,0,0,0,0,0,0,0,0,0
420100,1,1,0,0,0,0,0,0,0,0,0,0
420101,1,1,0,0,0,0,0,0,0,0,0,0
420102,0,1,0,0,35,0,0,0,0,0,0,0
420102,1,1,0,11,10,0,0,11,0,0,12,0
420103,1,1,0,19,9,17,0,37,14,0,4,23
420104,1,1,0,0,0,0,0,0,0,0,0,0
420104,2,1,0,0,0,0,0,0,0,0,0,0
420105,1,1,0,0,0,0,0,0,0,0,0,0
420106,1,1,0,0,0,0,0,0,0,0,0,0
420106,2,1,0,0,0,0,0,0,0,0,0,0
420107,1,1,0,0,10,17,22,0,0,0,9,0
420108,1,1,0,0,0,0,0,0,0,0,0,0
420108,2,1,0,0,0,0,0,0,0,0,0,0
420108,3,1,0,0,0,0,0,0,0,13,0,0
420109,1,1,0,0,0,0,0,0,0,0,0,0
420109,2,1,0,0,13,0,0,0,0,12,0,0
420109,3,1,0,0,0,0,0,0,0,0,0,0
420110,0,1,0,0,0,0,0,0,0,0,0,0
420110,1,1,0,0,0,0,0,0,0,17,0,0
420111,1,1,0,9,0,0,0,0,0,0,0,0
420112,1,1,0,0,0,0,0,0,0,0,0,0
420112,2,1,0,0,0,0,0,0,0,0,0,0
420112,3,1,0,0,0,0,0,0,0,0,0,0
420113,1,1,0,0,0,0,0,0,0,0,0,0
420113,2,1,0,0,0,0,0,0,0,0,0,0
420114,0,1,0,0,0,0,0,0,0,0,0,0
420114,1,1,0,11,0,0,0,0,0,0,0,0
420115,1,1,16,16,16,16,16,16,16,16,16,16
420116,1,1,0,0,0,0,0,0,0,0,0,0
420117,1,1,7,0,0,0,0,0,0,0,0,0
420117,2,1,0,0,0,0,0,0,0,0,0,0
420118,1,1,11,11,11,11,11,11,11,11,11,11
420119,1,1,0,0,0,0,0,0,0,0,0,0
420120,1,1,0,0,0,0,0,0,0,0,0,0
420121,1,1,0,0,0,0,0,0,0,0,0,0
420122,0,1,0,0,0,0,0,0,0,0,0,0
420122,1,1,0,0,0,0,0,0,0,0,0,0
420123,1,1,0,0,0,0,0,5,0,0,0,13
420124,1,1,0,0,0,0,0,0,0,0,0,0
420124,2,1,0,0,0,0,0,0,0,0,0,0
420125,1,1,1,1,1,1,1,1,1,1,1,1
420125,2,1,0,0,15,0,0,0,0,0,0,0
420126,1,1,29,29,29,29,29,29,29,29,29,29
420127,1,1,0,0,0,0,0,0,0,0,0,0
420127,2,1,0,0,0,0,0,0,0,0,0,0
420128,1,1,0,0,0,0,0,0,0,0,0,0
420129,1,1,0,0,0,0,0,0,0,0,0,0
420129,2,1,0,0,0,0,0,0,0,0,0,0
420130,1,1,19,16,0,0,0,0,0,0,17,0
420131,1,1,0,0,0,0,0,0,0,0,0,0
420132,1,1,0,0,0,0,0,0,0,0,0,0
420133,1,1,7,0,6,0,0,26,12,0,0,0
420134,1,1,12,12,12,12,12,12,12,12,12,12
420135,0,1,30,30,30,30,30,30,30,30,30,30
420135,1,1,0,0,0,0,0,0,0,0,0,0
420136,0,1,34,34,34,34,34,34,34,34,34,34
420136,1,1,0,0,0,0,0,10,0,0,0,0
420137,1,1,0,23,0,0,0,26,0,0,15,0
420138,1,1,0,0,0,0,0,0,0,0,0,0
420138,2,1,0,0,0,0,0,0,0,0,0,0
420139,1,1,8,8,8,8,8,8,8,8,8,8
420139,2,1,0,0,0,0,0,0,0,0,0,0
420140,1,1,22,22,22,22,22,22,22,22,22,22
420140,2,1,0,0,0,0,0,0,0,0,0,0
420141,1,1,0,0,0,0,0,0,0,0,0,0
420141,2,1,0,0,0,0,0,0,0,0,0,0
420142,0,1,0,0,0,0,0,0,0,0,0,0
420142,1,1,0,0,0,0,0,0,0,0,0,0
420143,1,1,8,8,8,8,8,8,8,8,8,8
420144,0,1,0,0,0,0,0,0,0,0,0,0
420144,0,2,0,0,0,0,0,0,0,0,0,0
420144,1,1,11,11,11,11,11,11,11,11,11,11
420145,1,1,0,0,0,0,0,0,0,0,0,0
420146,1,1,0,0,0,0,0,0,0,0,0,0
420147,1,1,0,0,0,0,0,0,0,0,0,0
420147,2,1,0,0,0,0,0,0,0,0,0,0
420148,1,1,0,0,0,0,0,0,0,0,0,0
420148,2,1,0,0,0,0,0,0,0,0,0,0
420149,0,1,0,0,0,0,0,0,0,0,0,0
420149,1,1,0,13,0,0,0,0,0,0,0,0
420150,0,1,11,11,11,11,11,11,11,11,11,11
420150,1,1,0,0,0,0,9,0,0,5,0,0
420151,0,1,0,0,0,0,0,0,0,0,0,0
420151,1,1,0,0,0,0,0,0,0,0,0,0
420152,0,1,0,0,0,0,0,0,0,0,0,0
420152,1,1,0,0,0,1,0,0,0,0,0,0
420153,1,1,0,0,0,39,13,0,5,76,0,0
420154,1,1,0,0,0,0,0,0,0,0,0,0
420155,1,1,0,0,0,0,0,0,0,0,0,0
420155,2,1,0,10,0,0,0,0,0,0,0,0
420156,1,1,0,0,0,0,0,0,0,0,0,0
420156,2,1,0,0,0,0,0,0,0,0,0,0
420157,1,1,0,0,0,0,0,0,0,0,0,0
420157,2,1,0,0,18,0,0,0,0,0,0,0
420158,1,1,0,0,0,0,0,0,0,0,0,0
420158,2,1,0,0,0,0,0,0,0,0,0,0
420158,3,1,0,0,0,0,0,0,21,0,0,0
420159,1,1,0,0,0,0,0,0,0,0,0,0
420159,2,1,0,0,0,0,0,0,0,0,0,0
420160,1,1,0,0,0,0,10,0,0,0,0,0
420160,2,1,0,0,0,0,0,0,21,0,0,0
420161,1,1,0,0,14,0,0,14,0,0,0,0
420161,2,1,0,0,0,0,0,0,0,0,0,0
420162,1,1,14,14,14,14,14,14,14,14,14,14
420162,2,1,0,0,0,17,0,0,6,0,0,0
420163,0,1,24,0,23,20,0,0,17,18,11,0
420163,1,1,0,0,0,0,0,0,0,0,31,27
420163,2,1,0,0,0,0,0,0,0,0,0,0
420164,1,1,0,0,0,0,0,0,0,2,0,0
420164,2,1,0,0,0,0,0,0,0,0,0,0
420165,1,1,0,0,0,0,0,0,0,0,0,0
420165,2,1,0,0,0,0,0,0,0,0,0,0
420166,0,1,0,0,0,0,0,0,0,0,0,0
420166,1,1,0,0,0,0,20,0,0,0,0,0
420167,1,1,0,0,30,0,0,0,0,10,0,0
420167,2,1,22,10,0,0,18,0,0,13,23,0
420168,1,1,0,0,0,0,0,0,0,0,0,0
420168,2,1,0,0,0,0,0,0,0,0,0,0
420169,1,1,0,0,0,0,0,0,0,0,0,0
420170,1,1,18,10,26,0,0,0,14,0,14,8
420171,1,1,0,0,0,0,0,0,0,0,0,0
420171,2,1,0,0,0,0,0,0,0,0,0,0
420171,3,1,0,0,0,32,0,0,0,0,0,0
420172,1,1,0,0,0,0,0,0,0,0,0,0
420173,1,1,1,1,1,1,1,1,1,1,1,1
420174,1,1,0,0,0,0,0,0,0,0,0,0
420175,1,1,10,10,10,10,10,10,10,10,10,10
420175,2,1,0,0,0,0,0,0,0,14,20,13
420175,3,1,0,0,0,0,16,0,0,0,0,0
420176,1,1,12,12,12,12,12,12,12,12,12,12
420177,1,1,0,0,0,0,0,0,0,0,0,0
420177,2,1,0,0,0,0,0,0,0,0,0,0
420177,3,1,0,0,0,0,0,0,0,0,0,0
420178,1,1,0,0,0,0,0,0,0,0,0,0
420179,1,1,0,0,0,0,0,0,0,0,0,0
420179,2,1,0,0,0,0,18,0,0,0,0,0
420179,3,1,0,0,0,0,0,0,0,0,0,0
420180,1,1,0,0,0,0,0,0,0,0,0,0
420180,2,1,0,0,0,0,0,0,0,0,0,0
420181,1,1,0,0,0,0,0,0,0,0,0,0
420182,1,1,0,0,0,0,0,0,0,0,0,0
420182,2,1,0,0,0,0,0,0,0,0,0,0
420182,3,1,0,0,0,0,0,20,0,0,22,0
420183,1,1,0,0,0,0,0,15,0,0,0,0
420184,1,1,0,0,0,0,0,0,0,0,0,0
420184,2,1,0,19,0,0,0,0,26,0,0,0
420184,3,1,0,0,0,0,0,0,29,0,0,0
420185,1,1,0,0,0,0,0,0,0,0,0,0
420185,2,1,0,0,0,0,0,0,0,12,0,0
420185,3,1,0,0,0,0,0,0,0,0,0,0
420185,4,1,0,0,0,0,0,0,0,0,0,0
420186,1,1,21,0,7,21,18,0,14,0,0,0
420187,1,1,0,0,0,0,0,0,0,0,0,0
420188,1,1,16,26,38,33,0,13,22,25,17,36
420189,1,1,0,0,0,0,0,0,0,0,0,0
420190,0,1,0,0,0,0,0,0,0,0,0,0
420190,1,1,0,0,0,0,0,0,0,0,0,0
420191,1,1,22,22,22,22,22,22,22,22,22,22
420192,1,1,0,0,0,0,0,0,0,0,0,0
420193,1,1,0,0,0,0,0,0,0,0,0,0
420193,2,1,0,0,0,0,0,0,0,0,0,0
420194,1,1,0,0,0,0,0,0,0,0,0,0
420194,2,1,15,15,15,15,15,15,15,15,15,15
420195,0,1,23,0,0,17,0,14,0,0,0,0
420195,1,1,0,0,0,0,0,0,0,0,0,0
420196,1,1,0,0,0,0,0,0,0,0,0,0
420196,2,1,0,0,0,0,23,0,16,2,0,0
420197,1,1,0,0,0,0,0,0,0,0,0,0
420198,1,1,0,0,0,0,0,0,0,0,0,0
420199,1,1,0,0,0,0,0,0,0,0,0,0
420199,2,1,0,0,0,0,0,0,0,0,0,0
420200,1,1,0,0,0,0,0,0,0,0,0,0
420201,1,1,19,19,19,19,19,19,19,19,19,19
420202,1,1,2,2,2,2,2,2,2,2,2,2
420203,1,1,0,0,0,0,0,0,0,0,0,0
420203,2,1,0,0,0,0,0,0,0,0,0,0
420204,0,1,0,0,0,0,0,0,0,0,0,0
420204,1,1,0,0,0,0,0,0,0,0,0,0
420205,1,1,0,0,0,0,0,0,0,0,0,0
420206,0,1,13,13,13,13,13,13,13,13,13,13
420206,1,1,0,0,0,0,0,0,0,0,0,0
420207,1,1,0,0,0,0,3,0,0,0,0,0
420208,1,1,8,8,8,8,8,8,8,8,8,8
420209,1,1,0,0,0,0,0,0,0,0,0,0
420210,1,1,14,14,14,14,14,14,14,14,14,14
420211,1,1,0,0,0,0,0,0,0,0,0,0
420211,2,1,0,0,0,0,0,0,0,0,0,0
420212,1,1,0,0,0,0,0,0,0,0,0,0
420212,2,1,0,0,0,0,0,15,0,0,0,0
420213,1,1,0,0,0,0,0,0,0,0,0,0
420213,2,1,0,0,0,0,0,0,0,0,0,0
420214,1,1,18,18,18,18,18,18,18,18,18,18
420214,2,1,0,0,0,0,0,0,13,0,0,0
420215,1,1,31,31,31,31,31,31,31,31,31,31
420216,1,1,0,0,0,0,0,0,0,0,0,0
420216,2,1,0,0,0,19,10,17,0,13,0,0
420217,1,1,19,19,19,19,19,19,19,19,19,19
420218,1,1,0,0,0,14,13,0,0,0,0,0
420218,2,1,4,0,0,14,15,0,0,0,0,13
420219,1,1,0,0,0,0,0,0,0,0,0,0
420220,1,1,0,0,0,0,0,0,0,0,0,0
420221,1,1,0,4,0,0,0,0,0,0,0,0
420221,2,1,0,0,0,0,0,0,0,0,0,0
420222,1,1,0,0,0,0,0,0,0,0,0,0
420223,0,1,21,21,21,21,21,21,21,21,21,21
420223,1,1,0,22,0,0,0,24,0,0,0,0
420223,2,1,0,0,0,0,16,0,0,0,21,0
420224,1,1,0,0,0,0,2,0,5,0,0,0
420225,0,1,6,0,0,0,0,0,0,0,16,21
420225,0,2,0,0,0,0,0,0,0,0,0,0
420225,1,1,0,0,0,0,0,2,0,0,0,0
420226,0,1,3,3,3,3,3,3,3,3,3,3
420226,1,1,0,0,10,0,8,0,0,0,4,0
420227,1,1,2,2,2,2,2,2,2,2,2,2
420228,1,1,0,0,0,0,0,0,0,0,0,0
420229,0,1,0,0,0,0,0,0,0,19,0,0
420229,1,1,0,0,0,0,0,0,12,0,0,0
420230,1,1,11,29,0,6,20,17,10,10,19,18
420231,1,1,5,8,0,0,0,0,0,0,0,0
420231,2,1,0,0,0,0,0,0,0,0,0,0
420232,1,1,0,0,0,0,0,0,0,0,0,0
420232,2,2,0,0,0,0,0,17,0,0,0,0
420233,1,1,0,0,0,0,0,0,0,0,0,0
420233,2,1,0,0,0,27,0,0,0,0,0,0
420234,1,1,46,46,46,46,46,46,46,46,46,46
420234,2,1,0,0,0,0,0,0,0,0,0,0
420235,0,1,0,0,0,0,0,0,0,0,0,0
420235,1,1,0,0,0,0,17,0,0,0,0,0
420236,1,1,0,0,0,0,0,0,0,0,0,0
420237,0,1,0,0,0,0,0,0,0,0,0,0
420237,1,1,0,0,9,0,0,0,0,0,6,0
420238,1,1,0,0,0,0,0,0,0,0,0,15
420238,2,1,0,0,0,0,0,0,0,0,0,0
420239,1,1,22,20,6,21,10,17,10,17,27,15
420240,1,1,0,14,12,0,0,0,0,0,0,22
420240,2,1,0,0,0,0,0,0,3,0,0,0
420240,3,1,0,0,17,0,0,0,0,0,0,0
420241,1,1,15,15,15,15,15,15,15,15,15,15
420242,1,1,1,1,1,1,1,1,1,1,1,1
420243,1,1,15,15,15,15,15,15,15,15,15,15
420244,1,1,0,0,0,0,0,0,0,0,0,0
420245,1,1,16,16,16,16,16,16,16,16,16,16
420246,1,1,17,17,17,17,17,17,17,17,17,17
420247,1,1,0,0,0,0,0,0,0,0,0,0
420248,1,1,0,0,0,0,0,0,0,0,0,0
420249,1,1,0,0,0,0,0,0,0,0,0,0
420250,1,1,0,0,0,0,0,0,0,0,0,0
420251,1,1,18,18,18,18,18,18,18,18,18,18
420252,1,1,0,0,0,0,0,0,0,0,0,0
420252,2,1,0,0,0,0,0,0,0,0,0,0
420253,1,1,30,30,30,30,30,30,30,30,30,30
420253,2,1,0,0,0,0,0,0,0,0,0,0
420254,1,1,0,0,0,0,0,0,0,0,0,0
420254,2,1,0,0,0,0,0,0,0,24,0,0
420255,1,1,0,0,0,0,0,0,0,0,0,0
420255,2,1,0,0,0,0,0,0,0,0,0,0
420256,1,1,0,0,0,0,0,0,0,0,0,0
420257,1,1,0,0,0,0,0,0,0,0,0,0
420257,2,1,0,0,0,0,0,0,0,0,0,0
420258,1,1,0,0,0,0,0,0,0,0,0,0
420258,2,1,0,0,0,0,0,0,0,0,0,0
420259,1,1,24,24,24,24,24,24,24,24,24,24
420260,1,1,14,14,14,14,14,14,14,14,14,14
420261,1,1,0,0,0,0,0,0,0,0,0,0
420262,1,1,0,0,0,0,0,0,0,0,0,0
420262,2,1,0,0,0,0,0,0,0,0,0,0
420263,1,1,13,13,13,13,13,13,13,13,13,13
420264,1,1,0,13,0,0,16,0,0,0,0,0
420265,1,1,11,11,11,11,11,11,11,11,11,11
420266,1,1,0,0,0,0,0,0,0,0,0,0
420267,1,1,0,0,0,0,0,0,0,0,0,0
420267,2,1,0,0,0,0,0,0,0,0,0,0
420268,0,1,22,20,16,15,9,38,15,13,13,8
420268,1,1,0,0,0,0,0,0,0,0,0,0
420269,1,1,24,24,24,24,24,24,24,24,24,24
420271,1,1,0,0,0,0,0,0,0,0,0,0
420271,2,1,0,0,0,0,0,0,0,0,0,0
420272,1,1,9,9,9,9,9,9,9,9,9,9
420273,1,1,10,10,10,10,10,10,10,10,10,10
420274,1,1,0,0,0,0,0,0,0,0,0,0
420275,0,1,22,22,22,22,22,22,22,22,22,22
420275,1,1,22,22,22,22,22,22,22,22,22,22
420276,1,1,0,0,0,0,0,0,0,0,0,0
420276,2,1,0,0,0,0,0,0,0,0,0,0
420277,1,1,0,0,0,0,0,0,0,0,0,0
420277,2,1,0,0,0,0,0,0,0,0,0,0
420278,1,1,14,10,18,53,5,0,29,23,14,14
420278,2,1,0,0,0,0,0,0,0,0,0,0
420279,1,1,22,22,22,22,22,22,22,22,22,22
420280,1,1,0,0,0,0,0,0,0,0,0,0
420280,2,1,0,0,0,0,0,0,0,0,0,0
420281,1,1,0,0,0,0,0,0,0,0,0,0
420281,2,1,0,0,0,0,0,0,0,0,0,0
420282,1,1,0,0,0,0,0,0,0,0,0,0
420282,2,1,0,24,0,0,0,0,0,0,0,0
420283,1,1,0,0,0,0,0,0,18,0,0,0
420283,2,1,0,0,0,0,17,0,0,0,0,0
420284,1,1,0,0,0,0,0,0,0,0,0,0
420285,1,1,0,0,0,0,0,0,0,0,0,0
420285,2,1,0,0,0,0,0,0,0,0,0,0
420286,1,1,0,0,0,0,0,10,0,12,4,20
420287,1,1,0,0,0,0,0,0,0,0,0,0
420288,1,1,0,0,0,0,0,0,0,0,0,0
420288,2,1,0,0,0,0,0,0,0,0,0,0
420289,0,1,0,0,0,0,0,0,0,0,0,0
420289,0,2,0,0,0,0,0,0,0,0,0,0
420289,1,1,0,0,0,0,0,0,0,0,0,0
420290,1,1,20,23,15,10,14,29,10,13,30,23
420291,1,1,3,34,21,27,18,0,0,0,0,16
420292,0,1,0,0,0,0,0,0,0,0,0,0
420292,1,1,0,0,0,0,0,0,0,11,0,0
420293,0,1,0,0,0,0,0,0,0,0,0,0
420293,1,1,0,0,0,0,0,0,0,0,0,0
420294,0,1,0,0,0,8,0,0,0,0,0,13
420294,1,1,0,0,0,0,0,0,0,0,0,0
420295,0,1,0,0,0,0,0,0,0,0,0,0
420295,1,1,0,0,0,0,0,0,0,0,0,0
420296,1,1,7,7,7,7,7,7,7,7,7,7
420297,0,1,0,0,0,31,24,0,0,0,26,5
420297,0,2,0,0,0,10,0,0,0,20,0,0
420297,1,1,21,21,21,21,21,21,21,21,21,21
420298,1,1,0,0,0,0,0,0,0,0,0,0
420298,2,1,0,0,0,0,0,0,0,0,0,0
420299,1,1,6,6,6,6,6,6,6,6,6,6
420300,1,1,17,17,17,17,17,17,17,17,17,17
420301,1,1,6,6,6,6,6,6,6,6,6,6
420302,1,1,0,9,0,0,0,5,11,0,0,0
420303,1,1,2,2,2,2,2,2,2,2,2,2
420304,1,1,1,1,1,1,1,1,1,1,1,1
420305,1,1,0,0,0,0,0,0,0,0,0,0
420305,2,1,0,0,0,0,0,0,0,0,0,0
420306,1,1,0,0,0,0,0,0,0,0,0,0
420306,2,1,0,0,0,0,0,0,0,0,0,0
420307,1,1,7,10,20,10,26,19,32,9,14,32
420308,1,1,22,22,22,22,22,22,22,22,22,22
420309,1,1,0,0,0,0,0,0,0,0,0,0
420309,2,1,0,0,0,0,0,0,0,0,0,0
420310,1,1,12,12,12,12,12,12,12,12,12,12
420310,2,1,0,0,0,0,0,0,7,0,0,0
420311,1,1,0,0,0,0,0,0,0,0,0,0
420312,1,1,0,0,0,0,0,0,0,0,0,0
420313,1,1,0,0,0,0,0,0,0,0,0,0
420313,2,1,0,10,22,0,4,0,0,0,0,23
420314,1,1,0,0,0,0,0,0,0,0,0,0
420314,2,1,0,0,0,0,0,0,0,0,0,0
420315,1,1,0,0,0,0,0,0,0,0,0,0
420316,1,1,0,0,0,0,0,0,0,0,0,0
420317,1,1,22,22,22,22,22,22,22,22,22,22
420318,1,1,0,0,0,0,0,0,0,0,0,0
420318,2,1,0,0,0,0,0,0,0,0,0,0
420319,1,1,0,0,0,0,4,7,13,0,2,4
420319,2,1,0,0,0,0,0,0,0,0,0,0
420320,1,1,0,0,0,0,0,0,0,0,0,0
420320,2,1,13,13,13,13,13,13,13,13,13,13
420321,1,1,0,0,0,0,0,0,0,0,0,0
420321,2,1,0,0,0,0,0,0,0,0,0,0
420322,1,1,0,0,0,0,0,0,0,0,0,0
420322,2,1,0,0,0,0,0,0,0,0,0,0
420323,1,1,13,13,13,13,13,13,13,13,13,13
420324,1,1,0,0,0,0,0,3,8,0,0,0
420324,2,1,8,0,0,0,0,0,0,0,0,0
420325,1,1,0,0,0,0,0,0,0,0,0,0
420325,2,1,0,0,0,0,0,0,0,0,0,0
420326,1,1,0,0,0,0,0,0,0,0,0,0
420326,2,1,0,0,0,0,0,0,0,0,0,0
420327,1,1,0,4,0,0,0,0,0,19,0,0
420327,2,1,0,0,0,0,0,0,19,0,0,18
420328,1,1,0,0,0,0,0,0,0,0,0,0
420329,1,1,20,20,20,20,20,20,20,20,20,20
420330,1,1,0,0,0,0,0,0,0,0,0,0
420331,1,1,0,0,0,0,0,0,0,0,0,0
420331,4,1,0,0,0,0,0,0,0,0,0,0
420332,1,1,0,0,0,0,0,0,0,0,0,0
420333,0,1,0,18,0,0,0,0,0,0,0,0
420333,1,1,0,0,0,0,0,0,0,0,0,0
420334,0,1,0,0,0,0,0,0,0,24,0,0
420334,1,1,0,0,0,0,0,0,0,0,0,0
420335,1,1,0,11,0,0,0,0,6,28,18,20
420336,1,1,0,0,0,0,0,0,0,0,0,0
420336,2,1,0,0,0,9,0,0,0,0,0,0
420336,3,1,0,0,0,0,0,0,0,0,0,0
420337,1,1,13,13,13,13,13,13,13,13,13,13
420338,1,1,20,13,0,9,16,12,21,0,0,10
420339,1,1,0,0,0,0,0,0,0,0,0,0
420340,1,1,0,0,0,0,0,0,0,0,0,0
420340,2,1,0,0,0,0,24,0,0,0,0,0
420340,3,1,0,0,0,0,0,0,0,0,0,0
420341,1,1,0,0,0,0,0,0,0,0,0,0
420341,2,1,0,0,0,0,0,0,0,0,0,0
420341,3,1,0,0,0,0,0,0,0,0,0,0
420342,0,1,0,0,0,0,32,0,0,0,0,0
420342,0,2,0,0,0,0,0,0,0,0,0,0
420342,1,1,0,0,0,0,0,0,15,0,0,0
420342,2,1,0,0,0,0,0,0,0,0,0,0
420343,1,1,0,0,0,0,0,0,0,0,0,0
420344,1,1,0,0,0,0,0,0,0,0,0,0
420344,2,1,0,0,0,0,0,0,0,0,0,0
420344,3,1,0,0,0,0,0,0,0,0,0,0
420345,1,1,0,0,0,0,0,0,0,0,0,0
420345,2,1,0,0,0,0,0,0,0,0,0,0
420345,3,1,0,0,0,0,0,0,0,0,0,0
420346,1,1,0,0,0,0,0,19,0,0,0,0
420346,2,1,0,0,0,0,0,0,0,0,0,0
420346,3,1,0,0,0,0,0,0,0,0,0,0
420347,1,1,20,20,20,20,20,20,20,20,20,20
420348,0,1,0,0,0,0,0,0,0,0,0,0
420348,1,1,10,10,10,10,10,10,10,10,10,10
420349,1,1,0,0,0,0,0,0,0,0,0,0
420349,2,1,0,0,0,0,0,0,0,0,0,0
420350,1,1,14,14,14,14,14,14,14,14,14,14
420351,1,1,23,23,23,23,23,23,23,23,23,23
420352,1,1,0,0,0,0,0,0,0,0,0,0
420352,2,1,0,0,0,0,0,0,0,0,0,0
420352,3,1,0,0,0,0,0,0,0,0,0,0
420353,1,1,0,0,0,0,0,0,0,0,0,0
420354,1,1,0,0,0,0,0,0,0,0,0,0
420355,0,1,0,0,9,0,24,0,0,0,0,0
420355,1,1,0,0,0,0,0,0,0,0,0,0
420356,1,1,0,0,0,0,0,0,0,0,0,0
420356,2,1,0,0,0,0,0,0,0,0,0,0
420357,0,1,0,0,23,21,0,0,0,0,0,0
420357,1,1,0,0,0,0,0,0,0,0,0,0
420358,1,1,0,0,0,0,0,0,0,0,0,0
420358,2,1,0,0,0,0,15,0,0,0,4,0
420359,1,1,16,16,16,16,16,16,16,16,16,16
420359,2,1,0,0,0,0,0,0,10,0,0,0
420360,1,1,0,0,0,0,0,0,0,0,0,0
420360,2,1,0,0,0,0,0,0,0,0,0,0
420361,1,1,0,0,0,0,0,0,0,0,16,0
420361,2,1,0,0,0,0,0,0,0,0,0,0
420362,1,1,0,0,0,0,0,0,0,0,0,0
420363,1,1,0,0,0,0,0,0,0,0,0,0
420363,2,1,0,0,0,0,0,0,0,0,0,0