ST_CASE,VEH_NO,PER_NO,P1,P2,P3,P4,P5,P6,P7,P8,P9,P10
420363,3,1,0,0,0,0,0,0,0,0,0,0
420363,4,1,0,0,0,0,0,0,0,0,0,0
420363,5,1,0,0,0,0,0,0,0,0,0,0
420363,6,1,0,0,0,0,0,0,0,0,0,0
420364,1,1,0,0,0,0,0,0,0,0,0,0
420365,1,1,0,0,0,0,0,0,0,0,0,0
420365,2,1,0,0,0,0,0,0,0,0,0,0
420366,1,1,16,22,0,0,0,0,0,0,0,0
420367,1,1,0,0,0,0,0,0,0,0,0,0
420368,1,1,0,0,0,0,0,0,0,0,0,0
420369,0,1,7,7,7,7,7,7,7,7,7,7
420369,1,1,0,0,0,0,0,0,0,0,0,0
420370,1,1,0,0,0,0,0,0,0,16,0,0
420370,2,1,0,0,0,0,0,0,0,0,0,0
420371,1,1,13,0,32,0,22,11,29,0,19,22
420371,2,1,0,0,0,0,0,0,0,0,0,0
420372,1,1,0,0,0,0,0,0,0,0,0,0
420373,1,1,23,23,23,23,23,23,23,23,23,23
420374,1,1,15,15,15,15,15,15,15,15,15,15
420375,1,1,0,0,0,0,0,0,0,21,0,0
420375,2,1,14,0,0,0,11,0,0,0,0,0
420376,1,1,0,0,0,0,0,0,0,0,0,0
420376,2,1,0,0,0,0,0,0,0,0,0,0
420377,0,1,0,0,14,0,0,0,0,0,0,0
420377,1,1,0,0,0,0,0,0,0,0,0,0
420378,1,1,0,0,0,0,0,0,0,0,0,0
420378,2,1,0,0,0,0,0,0,0,0,0,0
420379,1,1,0,0,0,0,0,0,0,0,0,0
420380,1,1,17,17,17,17,17,17,17,17,17,17
420381,1,1,9,9,9,9,9,9,9,9,9,9
420382,1,1,16,10,9,14,20,24,31,29,19,6
420383,1,1,0,0,0,0,0,0,0,0,0,0
420383,2,1,0,0,0,0,0,0,0,25,0,0
420384,1,1,0,0,0,0,0,0,0,0,0,0
420384,2,1,0,0,0,0,0,0,0,0,0,0
420385,1,1,15,15,15,15,15,15,15,15,15,15
420386,1,1,0,0,0,0,0,0,0,0,0,0
420387,1,1,0,0,0,0,0,0,0,0,0,0
420388,1,1,0,0,0,0,0,0,0,0,0,0
420389,1,1,0,0,0,0,0,0,0,0,0,0
420390,0,1,0,0,0,0,0,0,0,0,0,0
420390,1,1,0,0,0,0,0,0,0,17,0,0
420391,0,1,0,0,6,0,0,0,20,0,0,16
420391,1,1,0,0,0,0,0,0,0,0,0,0
420392,0,1,0,0,0,0,0,0,0,0,0,0
420392,1,1,0,0,0,0,0,0,0,0,0,0
420393,1,1,0,0,0,0,0,0,0,0,0,0
420394,1,1,0,0,0,12,0,0,0,0,0,0
420395,1,1,0,0,0,0,0,0,0,0,0,0
420395,2,1,0,0,0,0,0,0,0,0,0,0
420396,1,1,0,0,0,10,0,0,0,0,0,0
420396,2,1,0,0,0,0,0,0,0,0,0,0
420397,1,1,0,9,0,29,0,21,15,0,4,10
420398,1,1,16,16,16,16,16,16,16,16,16,16
420399,1,1,0,0,0,0,0,0,0,0,0,0
420399,2,1,0,0,0,0,0,0,0,0,0,0
420400,1,1,16,16,16,16,16,16,16,16,16,16
420401,1,1,0,0,0,0,0,0,0,0,0,0
420402,1,1,0,0,0,0,0,0,0,0,17,0
420403,0,1,0,0,0,0,0,0,0,0,0,0
420403,1,1,0,0,0,0,0,0,0,0,0,0
420404,1,1,9,9,9,9,9,9,9,9,9,9
420405,1,1,0,0,0,0,0,0,0,0,0,0
420406,1,1,0,0,0,0,0,0,0,0,0,0
420407,1,1,0,0,0,0,0,0,0,0,0,0
420407,2,1,0,0,0,0,0,0,0,0,0,0
420408,1,1,15,15,15,15,15,15,15,15,15,15
420408,2,1,0,0,0,0,0,0,0,0,0,0
420409,1,1,0,0,0,0,0,0,0,12,0,0
420410,1,1,0,0,0,0,0,0,0,0,0,0
420411,1,1,0,0,0,0,0,0,0,0,0,0
420411,2,1,0,0,0,0,0,0,0,0,0,0
420412,1,1,0,0,0,0,0,0,0,0,0,0
420412,2,1,0,0,0,0,0,0,0,0,0,0
420413,1,1,0,0,0,0,0,0,0,0,0,0
420413,2,1,0,20,0,0,0,0,0,0,0,13
420414,1,1,0,0,0,0,0,0,0,0,0,0
420414,2,1,0,0,0,0,0,0,0,0,0,20
420415,1,1,3,11,21,10,19,26,16,36,29,12
420416,1,1,13,13,13,13,13,13,13,13,13,13
420417,1,1,11,11,11,11,11,11,11,11,11,11
420417,2,1,0,0,0,0,0,0,0,0,0,0
420418,1,1,0,0,0,0,0,0,0,0,0,0
420419,1,1,0,0,0,0,0,0,0,0,0,0
420419,2,1,10,0,0,0,0,34,14,0,0,0
420420,1,1,30,30,30,30,30,30,30,30,30,30
420421,1,1,0,0,0,0,0,0,0,0,0,0
420421,2,1,0,0,0,0,0,0,0,0,0,0
420422,1,1,0,0,0,0,0,0,0,0,0,0
420422,2,1,0,0,0,0,0,0,0,0,0,0
420423,1,1,0,0,0,0,0,0,0,0,0,0
420423,2,1,0,0,0,0,0,0,0,0,0,0
420424,1,1,0,0,0,0,0,0,0,0,0,0
420424,2,1,0,0,0,0,0,0,0,0,0,0
420425,1,1,0,0,0,0,0,0,0,0,0,0
420425,2,1,0,0,0,0,0,0,0,0,0,0
420426,1,1,0,0,0,0,0,0,0,0,0,0
420427,2,1,0,0,0,0,0,0,0,0,0,0
420428,1,1,0,0,10,0,0,0,0,0,0,0
420428,2,1,0,0,0,0,0,0,0,0,0,0
420429,0,1,0,0,0,0,0,0,0,0,0,0
420429,1,1,0,7,15,7,20,10,10,15,9,4
420430,1,1,20,0,0,0,0,0,0,0,0,11
420430,2,1,0,0,0,0,0,0,0,0,0,0
420431,1,1,5,5,5,5,5,5,5,5,5,5
420432,1,1,19,19,19,19,19,19,19,19,19,19
420432,2,1,0,0,0,0,22,0,0,0,0,0
420433,1,1,0,0,0,0,0,0,0,0,0,0
420434,1,1,1,1,1,1,1,1,1,1,1,1
420435,1,1,0,22,14,0,0,0,0,0,0,0
420436,1,1,0,0,0,0,0,0,0,0,0,0
420437,1,1,0,0,0,0,0,0,0,0,7,0
420437,2,1,0,0,0,0,0,0,12,0,0,0
420437,3,1,0,0,0,0,0,0,0,0,0,0
420438,1,1,24,24,24,24,24,24,24,24,24,24
420438,2,1,0,0,0,0,0,0,0,0,0,0
420439,1,1,0,0,0,0,0,0,0,0,0,0
420440,1,1,0,0,0,0,0,0,0,0,0,0
420440,2,1,0,0,0,0,0,0,0,0,0,0
420441,1,1,0,0,0,0,0,0,0,0,0,0
420441,2,1,0,0,0,0,0,0,0,0,0,0
420441,3,1,0,0,0,0,0,0,0,0,0,0
420442,1,1,29,29,29,29,29,29,29,29,29,29
420443,1,1,0,0,0,0,0,0,0,0,0,0
420444,1,1,15,15,15,15,15,15,15,15,15,15
420445,1,1,16,19,23,9,8,23,34,15,12,3
420446,1,1,0,0,0,0,0,0,0,0,0,0
420446,2,1,0,0,0,0,0,0,0,14,0,0
420447,0,1,0,0,0,0,0,0,0,0,0,0
420447,1,1,0,0,0,0,0,0,0,0,0,0
420448,1,1,8,8,8,8,8,8,8,8,8,8
420448,2,1,13,4,11,5,21,0,4,0,0,7
420449,0,1,28,11,31,0,15,0,13,0,10,28
420449,1,1,19,0,22,0,0,0,9,23,12,0
420450,1,1,0,0,0,0,0,0,0,0,0,0
420451,1,1,0,0,0,0,0,0,0,0,0,0
420451,2,1,0,0,0,0,0,0,0,0,0,0
420452,1,1,21,0,26,7,0,17,0,18,0,0
420453,0,1,0,0,0,0,11,0,0,0,0,0
420453,1,1,0,0,0,0,0,0,0,0,0,0
420454,1,1,0,0,0,0,0,0,0,0,0,0
420454,2,1,0,0,0,0,0,0,0,0,0,0
420455,1,1,0,0,0,0,0,0,0,0,0,0
420455,2,1,0,0,0,0,0,0,0,0,0,0
420455,3,1,0,0,0,0,0,0,0,0,0,0
420456,1,1,9,10,19,0,0,0,0,13,7,23
420456,2,1,0,0,0,0,0,0,0,15,0,0
420457,1,1,0,0,0,0,0,0,0,0,0,40
420458,1,1,0,0,0,0,0,0,0,0,0,0
420459,1,1,12,12,12,12,12,12,12,12,12,12
420460,0,1,0,0,0,0,0,0,0,0,0,0
420460,1,1,21,21,21,21,21,21,21,21,21,21
420461,1,1,26,0,20,10,0,13,17,0,0,14
420462,1,1,0,0,0,0,0,0,0,0,0,0
420463,1,1,0,0,0,0,0,0,0,0,0,0
420464,1,1,28,28,28,28,28,28,28,28,28,28
420464,2,1,28,0,0,0,0,0,0,0,25,0
420464,3,1,0,0,0,7,28,0,0,11,0,0
420464,4,1,0,0,0,0,0,0,0,0,0,0
420465,0,1,0,0,0,0,0,0,0,0,31,0
420465,1,1,0,0,0,0,0,0,0,0,0,0
420466,1,1,0,0,0,0,0,0,0,0,0,0
420466,2,1,0,0,0,0,0,0,0,0,0,0
420467,1,1,0,0,0,0,0,0,0,0,0,0
420467,2,1,0,0,0,0,0,0,0,0,0,0
420468,1,1,0,0,0,0,0,0,0,0,0,0
420468,2,1,0,0,0,0,0,0,0,0,0,0
420469,1,1,17,0,0,0,0,0,19,15,0,0
420469,2,1,0,0,0,0,0,0,0,0,0,0
420470,1,1,8,8,8,8,8,8,8,8,8,8
420471,1,1,0,0,0,0,0,0,0,0,0,0
420472,1,1,0,0,0,0,0,0,0,0,0,0
420473,1,1,0,0,0,0,0,0,0,0,0,0
420474,1,1,8,18,0,12,18,14,16,21,0,7
420475,1,1,25,25,25,25,25,25,25,25,25,25
420476,1,1,8,8,8,8,8,8,8,8,8,8
420477,1,1,0,0,0,0,0,0,0,0,0,0
420478,1,1,0,0,0,0,0,0,0,0,0,0
420478,2,1,0,0,0,0,0,0,0,0,0,0
420479,1,1,1,1,1,1,1,1,1,1,1,1
420479,2,1,4,0,0,0,0,0,0,0,0,0
420480,1,1,0,0,0,0,0,0,0,0,0,0
420480,2,1,0,0,0,0,0,0,0,0,0,0
420481,1,1,0,0,11,0,0,0,0,0,0,0
420481,2,1,10,10,10,10,10,10,10,10,10,10
420482,1,1,0,0,32,0,0,0,0,0,0,0
420482,2,1,0,0,0,0,0,0,0,0,0,0
420483,1,1,0,0,0,4,0,0,0,0,0,0
420483,2,1,0,0,0,9,0,0,0,0,11,0
420484,1,1,0,0,0,0,0,0,0,16,0,0
420484,2,1,0,0,0,0,0,0,0,0,0,0
420485,1,1,0,0,0,0,0,0,0,0,0,0
420485,2,1,0,0,0,0,0,0,0,0,11,0
420486,1,1,0,0,0,0,0,0,0,0,0,0
420486,2,1,12,12,12,12,12,12,12,12,12,12
420487,1,1,0,0,0,0,0,0,0,0,0,0
420487,2,1,0,0,0,0,0,10,0,0,0,13
420488,1,1,0,0,0,0,0,0,0,0,0,0
420488,2,1,0,0,0,0,0,0,0,0,0,0
420489,1,1,0,0,0,0,0,0,0,0,0,0
420489,2,1,0,0,0,0,0,0,0,0,0,0
420490,1,1,8,8,8,8,8,8,8,8,8,8
420490,2,1,0,0,0,0,0,0,0,0,0,14
420491,1,1,17,17,17,17,17,17,17,17,17,17
420491,2,1,0,0,0,0,0,0,0,0,0,0
420492,1,1,27,27,27,27,27,27,27,27,27,27
420493,1,1,0,0,0,0,0,0,0,0,0,0
420493,2,1,0,0,0,0,0,0,0,0,0,0
420494,0,1,0,0,0,0,0,0,0,0,0,0
420494,1,1,0,0,0,0,0,0,0,0,0,0
420495,1,1,0,4,0,0,0,0,0,0,0,16
420496,1,1,0,0,0,0,0,0,0,0,0,0
420497,0,1,14,14,14,14,14,14,14,14,14,14
420497,1,1,0,0,0,0,0,0,0,0,14,0
420498,1,1,23,0,13,0,0,0,0,7,0,11
420499,0,1,0,0,0,0,0,0,0,0,0,0
420499,1,1,0,0,0,0,0,0,0,0,0,0
420500,1,1,0,0,0,0,0,0,0,11,4,0
420500,2,1,0,0,0,0,0,0,0,0,0,0
420501,1,1,0,0,0,0,15,0,0,0,0,0
420502,1,1,41,29,23,27,29,16,17,36,28,0
420503,1,1,0,0,0,0,0,0,0,0,0,0
420504,0,1,10,9,6,28,21,13,12,7,24,0
420504,1,1,0,0,0,0,0,0,0,0,0,0
420505,1,1,0,0,0,0,0,0,0,0,0,0
420506,1,1,23,23,23,23,23,23,23,23,23,23
420507,1,1,17,17,17,17,17,17,17,17,17,17
420508,1,1,0,0,0,7,0,0,0,17,0,0
420509,1,1,0,0,0,0,0,0,0,0,0,0
420510,1,1,11,11,11,11,11,11,11,11,11,11
420511,1,1,0,0,0,0,0,0,0,0,0,0
420512,0,1,0,0,0,0,0,0,0,0,0,0
420512,1,1,0,0,0,0,0,0,0,0,0,0
420513,1,5,12,7,9,6,29,0,0,0,0,14
420514,1,1,0,0,0,0,0,0,0,0,0,0
420515,1,1,0,0,0,0,0,0,0,0,0,0
420515,2,1,0,0,0,0,0,0,0,0,0,0
420515,3,1,0,0,0,0,0,0,0,0,0,0
420516,1,1,19,19,19,19,19,19,19,19,19,19
420517,1,1,0,0,0,0,0,0,0,0,0,0
420518,1,1,0,0,0,0,0,0,0,0,0,0
420519,1,1,0,0,0,0,0,17,0,0,0,0
420520,1,1,0,0,0,0,0,0,0,0,0,0
420521,1,1,0,0,0,0,0,0,0,0,0,0
420522,1,1,0,0,0,0,0,0,0,0,0,0
420523,1,1,18,18,18,18,18,18,18,18,18,18
420524,0,1,0,0,0,0,0,0,0,0,0,0
420524,1,1,0,0,0,0,0,0,0,0,0,0
420525,1,1,0,0,0,0,0,0,0,0,0,0
420526,1,4,0,31,0,17,7,0,0,0,0,0
420527,1,1,20,20,20,20,20,20,20,20,20,20
420528,1,1,0,0,0,0,0,0,0,0,0,0
420529,1,1,25,25,25,25,25,25,25,25,25,25
420530,1,1,18,18,18,18,18,18,18,18,18,18
420531,1,1,9,9,9,9,9,9,9,9,9,9
420532,1,1,19,19,19,19,19,19,19,19,19,19
420533,0,1,0,0,0,0,23,0,0,26,24,31
420533,1,1,0,0,0,22,0,0,0,36,0,0
420534,1,1,1,1,1,1,1,1,1,1,1,1
420535,1,1,24,24,24,24,24,24,24,24,24,24
420536,0,1,21,21,21,21,21,21,21,21,21,21
420536,1,1,26,6,22,0,21,0,0,0,19,0
420537,1,1,10,10,10,10,10,10,10,10,10,10
420538,0,1,0,0,0,0,0,0,0,0,0,0
420538,1,1,11,0,0,0,0,0,0,0,0,17
420539,1,1,12,12,12,12,12,12,12,12,12,12
420540,1,1,17,38,0,0,26,20,11,16,27,25
420541,1,1,0,0,0,0,0,0,0,12,0,0
420542,1,1,15,25,0,15,8,9,45,13,0,0
420543,0,1,0,0,0,0,0,0,0,0,0,0
420543,1,1,0,0,0,0,0,0,0,0,0,0
420544,1,1,0,0,0,0,0,0,0,0,0,0
420545,0,1,0,0,0,0,0,0,0,0,0,0
420545,1,1,0,0,0,0,0,0,0,0,0,0
420546,1,1,0,12,0,0,19,0,0,0,0,0
420547,1,1,0,0,0,21,0,0,0,0,0,0
420548,0,1,0,0,0,0,0,0,0,14,0,0
420548,1,1,29,29,29,29,29,29,29,29,29,29
420549,1,1,0,0,0,0,0,0,0,0,0,0
420549,2,1,0,0,0,0,0,0,0,0,0,0
420550,1,1,0,0,0,0,0,0,0,0,0,0
420550,2,1,0,0,0,0,0,0,0,0,0,0
420550,3,1,0,0,0,0,16,0,0,0,0,0
420551,1,1,23,23,23,23,23,23,23,23,23,23
420552,1,1,11,0,0,0,0,7,0,0,0,8
420552,2,1,0,0,0,0,0,0,0,0,0,0
420553,1,1,0,0,0,0,0,0,0,0,0,0
420554,1,1,0,0,0,0,0,22,0,0,0,0
420555,1,1,0,0,0,0,0,0,0,0,0,0
420555,2,1,0,0,0,0,0,0,0,0,0,22
420555,3,1,0,0,0,0,0,0,0,0,0,0
420556,1,1,22,22,22,22,22,22,22,22,22,22
420556,2,1,0,0,0,0,22,0,0,0,0,0
420557,1,1,0,0,0,0,0,0,0,0,0,0
420557,2,1,0,0,0,0,0,0,0,0,0,0
420558,1,1,32,32,32,32,32,32,32,32,32,32
420558,2,1,0,0,0,0,0,0,0,0,0,0
420559,1,1,0,0,0,0,0,0,0,0,0,0
420560,1,1,0,0,0,0,0,0,0,0,0,0
420561,1,1,11,11,11,11,11,11,11,11,11,11
420562,1,1,0,0,0,0,0,0,0,0,0,0
420563,1,1,0,0,0,0,9,0,0,0,0,0
420563,2,1,7,0,0,21,0,0,0,0,0,0
420563,3,1,0,0,0,0,0,0,0,0,0,0
420564,1,1,0,0,0,0,0,0,0,0,0,0
420565,1,1,30,30,30,30,30,30,30,30,30,30
420566,1,1,0,0,0,0,0,0,0,0,0,0
420567,1,1,0,0,0,0,0,0,0,0,0,0
420568,1,1,0,0,0,29,0,0,0,0,0,0
420568,2,1,0,0,0,0,0,0,0,0,0,0
420568,3,1,0,0,0,0,0,0,0,0,0,0
420569,0,1,0,0,0,0,0,0,0,0,0,0
420569,1,1,0,0,0,0,0,2,0,0,0,0
420570,1,1,0,0,0,0,0,0,0,0,0,0
420571,1,1,8,8,8,8,8,8,8,8,8,8
420572,1,1,13,0,0,0,0,0,0,0,0,0
420572,2,1,0,0,0,0,0,0,0,0,0,0
420573,1,1,7,7,7,7,7,7,7,7,7,7
420573,2,1,0,0,0,0,0,0,9,0,10,0
420573,3,1,0,12,0,0,0,0,0,0,0,0
420574,1,1,20,20,20,20,20,20,20,20,20,20
420575,0,1,0,19,20,0,25,16,0,0,13,0
420575,1,1,0,0,0,0,0,0,6,0,0,9
420576,1,1,13,13,13,13,13,13,13,13,13,13
420577,0,1,0,29,19,9,43,31,28,22,0,26
420578,0,1,0,0,0,0,0,0,0,0,0,0
420578,1,1,0,0,0,0,0,0,0,0,0,0
420579,0,1,0,23,0,0,0,38,0,0,0,0
420579,1,1,0,0,0,0,0,0,0,12,0,0
420580,1,1,17,17,17,17,17,17,17,17,17,17
420581,1,1,0,0,0,0,0,0,0,0,0,0
420582,0,1,0,22,0,0,0,0,0,0,0,0
420582,1,1,0,0,0,9,0,0,0,0,0,0
420583,1,1,12,12,12,12,12,12,12,12,12,12
420584,1,1,23,23,23,23,23,23,23,23,23,23
420585,1,1,8,8,8,8,8,8,8,8,8,8
420586,1,1,17,17,17,17,17,17,17,17,17,17
420587,1,1,10,5,11,12,0,4,0,25,0,0
420588,1,1,6,6,6,6,6,6,6,6,6,6
420589,1,1,16,16,16,16,16,16,16,16,16,16
420590,1,1,18,18,18,18,18,18,18,18,18,18
420591,1,1,0,0,0,0,0,0,0,0,0,0
420592,1,1,0,10,18,0,23,6,0,0,0,12
420593,0,1,23,23,23,23,23,23,23,23,23,23
420593,1,1,0,0,0,0,0,0,0,0,0,0
420594,1,1,0,0,0,0,0,0,0,0,0,0
420595,1,1,0,0,0,0,0,0,0,0,0,0
420595,2,1,0,0,0,0,0,0,0,0,0,0
420596,1,1,3,3,3,3,3,3,3,3,3,3
420597,1,1,0,0,32,0,9,0,0,0,29,0
420597,2,1,0,0,0,0,0,0,0,0,0,0
420598,1,1,0,0,0,0,0,0,0,0,0,0
420598,2,1,0,0,0,0,0,0,0,0,0,0
420599,1,1,22,0,0,0,0,0,0,0,0,0
420599,2,1,0,0,0,0,0,0,0,0,0,0
420600,0,1,0,0,0,0,0,0,0,0,0,0
420600,1,1,0,0,0,0,0,0,0,0,0,0
420601,1,1,0,0,0,0,0,0,0,0,0,0
420601,2,1,0,0,0,0,0,0,9,0,0,0
420602,1,1,21,7,9,3,36,9,6,17,14,8
420603,0,1,0,0,0,0,0,0,0,0,0,0
420603,1,1,0,0,0,0,0,0,0,0,0,15
420604,1,1,16,16,16,16,16,16,16,16,16,16
420604,2,1,0,0,0,0,0,0,0,0,0,0
420605,1,1,0,0,0,0,0,0,0,0,0,0
420605,2,1,0,0,0,0,0,0,0,0,0,0
420606,1,1,20,20,20,20,20,20,20,20,20,20
420607,1,1,0,0,0,0,0,0,0,0,0,0
420607,2,1,0,0,0,0,0,0,0,0,0,0
420608,1,1,0,0,0,0,0,0,0,0,0,0
420608,2,1,0,0,0,0,0,0,0,0,0,0
420609,1,1,15,24,0,31,26,23,32,14,0,33
420610,1,1,0,0,0,0,0,0,0,0,0,0
420610,2,1,0,0,6,0,0,0,0,0,0,0
420611,1,1,1,1,1,1,1,1,1,1,1,1
420611,2,1,0,0,0,0,0,0,0,0,0,0
420612,1,1,29,18,25,16,4,19,4,0,18,15
420612,2,1,0,0,0,0,0,0,0,0,0,0
420613,1,1,0,0,0,0,16,8,9,22,16,0
420614,1,1,0,0,0,0,0,0,0,0,0,0
420615,1,1,16,16,16,16,16,16,16,16,16,16
420616,1,1,0,0,0,0,0,0,0,0,0,0
420617,1,1,0,0,0,0,0,0,0,0,0,0
420618,1,1,0,0,0,0,0,0,0,0,0,0
420619,1,1,0,0,0,0,0,0,0,0,0,0
420620,1,1,0,0,14,0,0,0,0,0,29,15
420620,2,1,0,0,0,0,0,0,0,0,0,0
420621,1,1,0,0,0,0,0,0,0,0,0,0
420621,2,1,0,0,0,0,0,8,0,0,0,0
420622,1,1,0,15,0,0,0,0,0,0,0,0
420623,1,1,16,16,16,16,16,16,16,16,16,16
420623,2,1,0,0,0,0,0,0,0,0,0,0
420624,1,1,0,0,0,0,0,0,0,0,0,0
420624,2,1,0,0,0,0,0,0,0,0,0,0
420625,1,1,0,0,0,0,0,0,0,0,0,0
420625,2,1,0,0,0,0,0,13,0,0,0,0
420626,1,1,0,0,0,0,0,0,0,0,0,0
420626,2,1,0,0,0,0,0,0,0,0,0,0
420627,1,1,0,0,0,0,0,12,0,0,0,0
420627,2,1,0,0,0,0,0,0,0,0,0,0
420628,0,1,18,15,11,15,19,22,35,17,5,21
420628,1,1,10,30,1,0,10,0,0,0,0,0
420629,1,1,21,21,21,21,21,21,21,21,21,21
420629,2,1,0,12,0,13,0,0,0,39,0,0
420630,1,1,1,1,1,1,1,1,1,1,1,1
420630,2,1,0,0,0,0,0,0,0,0,0,0
420631,1,1,15,15,15,15,15,15,15,15,15,15
420632,1,1,0,0,0,4,0,0,0,0,0,0
420632,2,1,0,0,0,0,0,0,0,0,0,0
420633,0,1,0,0,0,0,0,12,0,7,0,0
420633,1,1,0,0,0,0,0,0,7,0,0,0
420634,1,1,0,0,0,0,0,0,0,0,0,0
420635,1,1,0,0,0,0,0,0,0,0,0,0
420635,2,1,13,0,0,0,0,0,0,13,12,0
420636,1,1,23,23,23,23,23,23,23,23,23,23
420637,1,1,0,0,0,0,0,0,0,0,0,0
420637,2,1,0,0,0,0,0,0,0,0,20,0
420638,1,1,9,9,9,9,9,9,9,9,9,9
420639,1,1,22,22,22,22,22,22,22,22,22,22
420640,1,1,0,0,13,14,0,0,14,0,25,13
420640,2,1,16,0,0,0,0,0,0,0,0,0
420641,1,1,0,0,23,23,20,11,14,11,28,25
420641,2,1,0,22,0,0,0,0,15,0,0,0
420642,1,1,12,12,12,12,12,12,12,12,12,12
420643,1,1,0,0,0,25,0,0,26,0,0,0
420644,1,1,0,0,0,0,0,0,0,11,0,0
420644,2,1,0,0,0,0,0,0,0,0,0,0
420645,0,1,16,16,16,16,16,16,16,16,16,16
420645,1,1,0,0,0,3,0,0,0,0,0,0
420646,1,1,0,0,0,0,0,0,0,0,0,0
420647,1,1,39,39,39,39,39,39,39,39,39,39
420648,1,1,0,0,0,0,0,0,0,0,0,0
420648,2,1,0,0,0,0,0,0,0,0,0,0
420648,3,1,0,0,0,0,0,0,0,0,0,0
420648,4,1,0,0,0,0,0,0,0,0,0,0
420648,5,1,0,0,0,0,0,0,0,0,0,0
420649,1,1,0,0,0,0,0,0,0,0,0,0
420650,1,1,0,0,0,0,0,0,0,0,0,0
420650,2,1,15,0,0,6,0,24,0,0,0,0
420651,1,1,0,0,0,0,0,0,0,0,0,0
420651,2,1,0,0,0,0,0,0,0,0,0,0
420652,1,1,0,0,0,0,0,0,0,0,0,0
420652,2,1,0,0,0,0,0,0,0,0,7,0
420653,1,1,18,18,18,18,18,18,18,18,18,18
420653,2,1,0,0,0,38,0,0,0,0,0,0
420653,3,1,7,0,0,0,0,0,12,0,0,0
420653,4,1,0,0,0,0,0,0,0,0,0,0
420654,1,1,0,0,0,0,0,0,0,0,0,0
420654,2,1,0,0,0,0,0,0,0,0,0,0
420654,3,1,0,0,0,0,0,0,0,0,0,0
420654,4,1,0,0,0,0,0,0,0,0,0,0
420655,1,1,0,0,0,0,0,0,0,0,0,0
420656,1,1,15,15,15,15,15,15,15,15,15,15
420657,1,1,13,13,13,13,13,13,13,13,13,13
420658,1,1,18,18,18,18,18,18,18,18,18,18
420659,1,1,17,17,17,17,17,17,17,17,17,17
420660,1,1,0,0,0,0,0,0,0,0,0,0
420661,1,1,0,0,0,0,0,0,0,0,0,0
420661,2,1,0,0,0,0,10,0,0,0,0,0
420662,1,1,12,12,12,12,12,12,12,12,12,12
420663,1,1,15,15,15,15,15,15,15,15,15,15
420664,1,1,16,16,16,16,16,16,16,16,16,16
420665,1,1,26,26,26,26,26,26,26,26,26,26
420666,1,1,0,0,0,0,0,0,0,0,0,0
420667,1,1,4,4,4,4,4,4,4,4,4,4
420668,1,1,18,18,18,18,18,18,18,18,18,18
420669,1,1,0,0,0,0,0,0,0,0,0,0
420670,1,1,36,36,36,36,36,36,36,36,36,36
420671,1,1,21,21,21,21,21,21,21,21,21,21
420672,1,1,0,0,0,0,0,57,0,0,0,32
420673,1,1,0,0,0,0,0,34,0,0,0,0
420673,2,1,27,0,0,0,0,0,0,0,0,0
420674,1,1,18,18,18,18,18,18,18,18,18,18
420675,1,1,0,0,0,0,0,0,0,0,0,0
420676,1,1,25,25,25,25,25,25,25,25,25,25
420676,2,1,0,0,0,0,0,0,37,0,0,0
420677,1,1,0,0,0,0,0,0,0,0,0,0
420677,2,1,8,8,8,8,8,8,8,8,8,8
420678,1,1,0,0,11,0,0,0,0,0,17,0
420678,2,1,0,0,0,0,0,0,0,0,0,0
420679,0,1,0,0,0,0,0,0,0,0,0,0
420679,0,2,8,0,0,0,0,0,0,0,30,0
420679,1,1,16,16,16,16,16,16,16,16,16,16
420680,1,1,0,0,0,0,0,0,0,0,0,0
420680,2,1,0,0,0,0,0,0,0,0,0,0
420681,1,1,0,0,0,0,0,0,0,0,0,0
420681,2,1,0,0,0,0,0,0,0,0,0,0
420682,1,1,0,0,0,0,0,0,0,0,0,10
420682,2,1,0,0,0,0,0,0,0,0,0,0
420683,1,1,0,0,0,0,0,0,0,0,0,0
420683,2,1,0,13,0,0,0,0,0,0,0,0
420684,0,1,19,15,8,2,12,14,30,15,21,17
420684,1,1,14,5,0,15,0,0,7,11,16,17
420685,0,1,14,14,14,14,14,14,14,14,14,14
420685,1,1,0,0,0,0,0,0,0,0,0,0
420686,1,1,0,0,0,0,0,0,0,0,0,0
420686,2,1,0,0,0,0,0,0,0,0,0,0
420686,3,1,0,0,0,0,0,0,0,0,0,0
420687,0,1,0,0,0,0,0,0,0,0,0,0
420687,1,1,0,0,24,0,0,0,0,0,0,0
420688,1,1,9,20,17,51,14,13,3,15,12,4
420689,1,1,11,0,0,24,0,0,0,0,0,0
420689,2,1,0,0,0,0,0,0,14,11,0,0
420690,1,1,0,0,0,0,0,0,0,0,0,0