ST_CASE,VEH_NO,PER_NO,P1,P2,P3,P4,P5,P6,P7,P8,P9,P10
450121,2,1,8,8,8,8,8,8,8,8,8,8
450122,1,1,0,0,0,0,0,0,0,0,0,0
450122,2,1,0,0,17,0,0,0,0,0,0,0
450123,0,1,0,0,0,0,0,0,0,0,0,0
450123,2,1,0,0,0,0,0,0,0,4,0,11
450124,1,1,8,0,0,0,0,0,0,0,0,0
450125,1,1,0,0,0,0,0,0,0,0,0,0
450126,1,1,0,0,0,0,0,0,0,23,0,0
450126,2,1,0,0,0,0,0,0,0,0,0,0
450127,0,1,0,0,13,0,0,0,0,0,0,23
450127,1,1,0,0,0,0,7,0,0,0,0,0
450128,0,1,31,31,31,31,31,31,31,31,31,31
450128,1,1,0,0,0,0,0,0,0,0,0,24
450129,1,1,0,0,0,0,0,0,0,0,0,0
450130,1,1,16,16,16,16,16,16,16,16,16,16
450131,1,1,0,0,0,0,0,0,13,0,0,8
450131,2,1,19,19,19,19,19,19,19,19,19,19
450132,1,1,25,25,25,25,25,25,25,25,25,25
450133,1,1,0,13,20,0,0,0,5,0,0,0
450133,2,1,0,6,0,0,0,0,0,0,0,0
450134,1,1,21,21,21,21,21,21,21,21,21,21
450135,1,1,0,0,0,0,0,0,0,0,0,0
450136,1,1,0,0,0,0,0,0,0,0,0,0
450137,1,1,0,0,0,0,0,0,0,0,0,0
450137,2,1,29,29,29,29,29,29,29,29,29,29
450138,1,1,0,0,0,0,0,0,0,0,0,0
450139,1,1,23,23,23,23,23,23,23,23,23,23
450140,0,1,32,32,32,32,32,32,32,32,32,32
450140,1,1,0,0,0,0,0,0,0,8,13,0
450141,1,1,0,0,0,0,0,0,0,0,0,0
450141,2,1,0,0,0,0,0,0,0,0,0,0
450142,1,1,37,0,0,0,0,0,0,0,0,12
450142,2,1,0,0,0,0,0,0,0,0,0,0
450142,3,1,0,0,0,0,0,0,0,0,0,0
450143,1,1,17,17,17,17,17,17,17,17,17,17
450144,1,1,0,0,0,20,0,0,0,0,0,0
450145,1,1,0,0,0,0,0,0,0,0,0,0
450145,2,1,17,0,0,0,13,0,0,0,0,26
450145,3,1,0,0,0,0,0,0,0,0,0,0
450145,4,1,26,26,26,26,26,26,26,26,26,26
450146,1,1,0,0,0,0,0,0,0,0,0,0
450146,2,1,0,0,10,0,0,0,0,0,0,0
450146,3,1,0,0,0,0,0,0,0,0,0,0
450146,4,1,0,0,0,0,0,0,0,0,0,0
450147,1,1,0,0,0,0,0,0,0,0,0,0
450149,0,1,0,0,0,0,0,0,0,0,0,0
450149,1,1,0,0,0,0,0,0,0,0,0,0
450149,2,1,0,0,0,0,0,0,0,0,0,0
450150,1,1,0,0,0,0,0,0,0,0,0,0
450150,2,1,0,0,0,13,0,0,0,0,0,0
450150,3,1,0,0,0,0,0,0,0,0,0,0
450151,1,1,0,0,0,0,0,0,0,0,0,0
450151,2,1,0,0,0,0,0,0,0,0,0,34
450152,1,1,0,0,0,0,0,0,0,0,0,0
450152,2,1,0,0,0,0,0,0,0,0,0,0
450153,1,1,0,0,0,0,0,5,0,0,0,0
450153,2,1,0,0,0,0,0,0,0,0,0,0
450154,1,1,0,0,0,0,0,6,0,0,8,0
450154,2,1,20,20,20,20,20,20,20,20,20,20
450154,3,1,8,0,0,0,0,0,4,0,18,0
450154,4,1,0,0,0,9,0,0,0,14,0,10
450155,1,1,0,0,0,0,0,0,0,0,0,0
450155,2,1,0,0,0,0,0,0,8,0,0,0
450155,3,1,0,0,0,0,0,0,0,0,0,0
450155,4,1,0,0,0,0,0,0,0,0,0,0
450155,5,1,0,8,0,0,0,0,0,0,0,0
450156,1,1,8,8,8,8,8,8,8,8,8,8
450157,1,1,11,11,11,11,11,11,11,11,11,11
450158,1,1,0,0,0,0,0,0,0,0,0,0
450159,1,1,0,0,0,0,0,0,0,0,0,0
450160,0,1,9,9,0,7,0,0,0,0,29,25
450160,1,1,0,0,0,0,0,0,0,0,0,0
450161,1,1,0,0,0,0,0,0,0,0,0,0
450162,1,1,0,0,0,0,0,0,0,0,0,0
450162,2,1,0,0,0,0,0,0,0,0,0,0
450163,1,1,0,0,0,0,0,0,0,0,0,0
450163,2,1,15,15,15,15,15,15,15,15,15,15
450164,1,1,14,14,14,14,14,14,14,14,14,14
450165,1,1,15,15,18,9,9,15,12,6,27,18
450166,1,1,14,14,14,14,14,14,14,14,14,14
450167,0,1,0,0,0,0,17,0,0,0,0,0
450167,1,1,11,13,0,0,0,0,19,0,0,0
450168,1,1,19,0,0,0,0,0,14,0,0,0
450169,1,1,0,0,0,0,0,0,15,0,0,0
450170,1,1,0,0,0,0,0,0,0,0,0,0
450171,1,1,25,25,25,25,25,25,25,25,25,25
450172,1,1,0,0,0,0,0,0,0,0,0,0
450173,0,1,0,0,0,0,0,0,0,0,0,0
450173,1,1,0,0,0,0,0,0,0,0,0,0
450174,1,1,0,0,0,0,0,0,0,0,0,0
450174,2,1,0,0,0,0,0,0,0,0,0,0
450175,1,1,0,0,0,0,0,0,0,0,0,0
450175,2,1,0,0,0,0,0,0,0,0,0,0
450176,1,1,0,0,0,0,0,0,0,0,0,0
450176,2,1,0,0,0,0,0,0,0,0,0,0
450177,1,1,0,0,0,0,0,0,0,0,0,0
450177,2,1,0,0,0,0,0,0,0,0,0,0
450177,3,1,9,0,6,0,0,0,0,0,0,0
450177,4,1,0,0,0,0,0,0,0,0,0,0
450178,1,1,0,0,0,0,0,0,0,0,0,0
450178,2,1,0,0,0,0,0,0,0,0,0,0
450179,1,1,0,0,0,0,0,0,0,0,0,0
450179,2,1,0,0,0,0,0,0,0,0,0,0
450180,0,1,30,30,30,30,30,30,30,30,30,30
450180,1,1,0,0,0,12,2,0,0,0,10,11
450181,1,1,0,6,0,8,0,20,0,0,29,18
450182,1,1,0,0,0,0,0,0,0,0,0,0
450183,1,1,0,0,0,0,0,0,10,0,0,0
450183,2,1,0,0,0,0,0,0,0,0,0,0
450183,3,1,0,0,0,0,0,0,0,0,0,0
450184,1,1,0,0,0,0,0,0,0,0,0,0
450184,2,1,0,16,0,6,6,11,12,11,10,5
450185,1,1,0,0,0,0,0,0,0,0,0,0
450185,2,1,0,0,0,0,0,0,0,0,0,0
450186,1,1,0,0,0,0,0,0,9,0,0,0
450186,2,1,0,0,0,0,0,0,0,0,0,0
450187,1,1,15,15,15,15,15,15,15,15,15,15
450188,1,1,0,0,0,0,0,0,0,0,0,0
450188,2,1,0,0,0,0,0,0,0,12,0,0
450189,1,1,0,0,0,0,0,0,0,0,0,0
450190,1,1,4,4,4,4,4,4,4,4,4,4
450191,0,1,0,0,0,0,0,0,0,0,0,0
450191,1,1,0,0,0,0,0,0,0,0,0,0
450192,1,1,0,0,0,0,0,0,0,0,0,0
450193,1,1,0,0,0,0,0,0,0,0,0,0
450193,2,1,0,0,0,0,0,0,0,0,0,0
450194,1,1,0,0,0,0,11,0,0,10,0,0
450195,1,1,0,0,0,0,0,0,0,0,0,0
450195,2,1,0,0,0,0,0,0,0,13,16,0
450196,1,1,0,0,0,0,0,0,0,0,0,0
450196,2,1,0,0,0,0,0,0,0,0,0,0
450197,1,1,16,16,16,16,16,16,16,16,16,16
450198,1,1,14,14,14,14,14,14,14,14,14,14
450199,1,1,0,0,0,0,0,0,0,0,0,0
450199,2,1,0,0,0,0,0,0,0,0,0,0
450200,1,1,0,0,0,0,0,0,0,0,0,0
450200,2,1,0,0,0,0,6,0,0,0,0,0
450201,1,1,18,18,18,18,18,18,18,18,18,18
450202,1,1,22,22,22,22,22,22,22,22,22,22
450203,0,1,14,13,35,11,24,41,7,25,32,10
450203,1,1,0,0,0,0,0,0,0,0,0,5
450204,1,1,0,0,0,0,0,0,0,0,47,0
450204,2,1,13,13,13,13,13,13,13,13,13,13
450205,1,1,0,0,0,0,0,0,0,0,0,0
450205,2,1,0,0,4,0,0,0,0,5,0,0
450206,1,1,0,0,0,0,0,0,0,0,23,12
450206,2,1,18,18,18,18,18,18,18,18,18,18
450207,1,1,0,17,0,0,0,0,0,0,0,0
450208,0,1,0,0,0,0,0,0,0,0,0,0
450208,2,1,25,25,25,25,25,25,25,25,25,25
450209,1,1,0,0,0,0,0,0,0,0,0,0
450209,2,1,0,0,0,0,0,0,0,0,9,0
450210,1,1,0,0,0,0,0,0,0,0,0,0
450210,2,1,0,0,0,0,0,0,0,0,19,0
450210,3,1,15,10,21,7,16,24,9,15,25,5
450211,1,1,0,0,0,0,0,0,0,0,0,0
450211,2,1,0,0,0,0,0,0,0,0,0,0
450212,1,1,0,0,0,0,0,0,0,0,0,0
450212,2,1,0,0,0,0,0,0,0,0,0,0
450213,1,1,0,0,8,0,0,0,0,0,12,0
450214,1,1,0,0,0,0,0,0,0,0,0,0
450214,2,1,0,0,0,0,0,0,0,0,0,0
450215,1,1,0,0,0,0,0,0,0,0,0,0
450215,2,1,0,0,0,0,0,0,0,0,0,0
450216,1,1,0,0,0,0,0,0,0,0,0,0
450217,1,1,0,0,0,0,0,0,0,0,0,0
450218,1,1,0,0,0,0,0,0,0,0,0,0
450218,2,1,18,18,18,18,18,18,18,18,18,18
450219,0,1,0,0,0,0,0,0,0,0,0,0
450219,1,1,0,0,0,0,0,0,0,0,0,0
450220,1,1,17,17,17,17,17,17,17,17,17,17
450221,1,1,0,0,0,0,0,0,0,0,0,0
450221,2,1,10,10,10,10,10,10,10,10,10,10
450222,1,1,0,0,0,0,0,0,0,0,0,0
450223,1,1,0,0,0,0,0,0,0,0,0,0
450223,2,1,13,13,13,13,13,13,13,13,13,13
450224,1,1,21,21,21,21,21,21,21,21,21,21
450225,0,1,0,0,0,0,0,0,0,0,0,0
450225,1,1,0,0,0,0,0,0,0,0,0,0
450226,1,1,0,0,0,0,0,0,0,0,0,0
450227,1,1,3,3,3,3,3,3,3,3,3,3
450228,1,1,0,0,13,0,0,0,0,0,0,0
450229,0,1,0,0,0,0,0,0,0,0,0,0
450229,1,1,0,0,0,0,0,0,0,0,0,0
450230,1,1,0,15,0,0,0,0,0,0,32,0
450230,2,1,9,9,9,9,9,9,9,9,9,9
450231,0,1,21,21,21,21,21,21,21,21,21,21
450231,1,1,0,5,0,0,0,0,0,0,0,0
450232,1,1,0,0,0,0,0,0,0,0,0,0
450232,2,1,15,0,0,0,0,0,0,15,0,0
450232,3,1,0,0,0,0,0,0,0,0,0,0
450232,4,1,0,0,0,0,0,0,0,0,0,0
450233,1,1,0,0,0,0,0,0,0,0,0,0
450233,2,1,0,0,0,0,0,0,0,0,0,0
450234,1,1,0,0,0,0,0,0,0,0,0,0
450235,1,1,17,17,17,17,17,17,17,17,17,17
450236,1,1,0,0,0,0,0,0,0,0,0,0
450236,2,1,0,0,0,0,0,0,0,0,0,0
450237,1,1,6,6,6,6,6,6,6,6,6,6
450238,1,1,0,0,0,0,0,0,0,20,0,0
450238,2,1,0,0,0,0,0,0,0,0,0,0
450239,1,1,0,0,0,0,0,0,0,0,0,0
450240,1,1,34,34,34,34,34,34,34,34,34,34
450241,1,1,0,0,0,0,0,0,0,0,0,0
450241,2,1,0,0,0,0,0,15,0,0,0,0
450242,1,1,0,0,0,8,0,0,0,0,0,0
450242,2,1,0,0,0,0,0,0,0,0,0,0
450243,1,1,0,0,0,0,0,0,0,0,0,0
450243,2,1,0,12,0,0,0,0,0,0,0,0
450244,0,1,0,0,0,0,0,0,0,0,0,0
450244,1,1,0,0,0,0,0,0,0,0,21,0
450245,1,1,0,0,0,0,0,0,0,0,0,0
450246,1,1,0,0,0,0,0,0,0,0,0,0
450246,2,1,11,11,11,11,11,11,11,11,11,11
450247,1,1,0,0,0,0,0,0,0,0,0,0
450247,2,1,17,17,17,17,17,17,17,17,17,17
450248,0,1,39,39,39,39,39,39,39,39,39,39
450248,1,1,0,0,0,0,0,0,0,0,0,0
450249,1,1,0,0,0,0,0,0,0,0,0,0
450249,2,1,0,0,0,0,0,0,0,0,0,0
450250,1,1,13,13,13,13,13,13,13,13,13,13
450250,2,1,0,0,0,0,0,0,0,0,0,0
450251,1,1,0,0,0,0,0,0,0,0,0,0
450251,2,1,0,0,0,0,0,15,0,0,0,0
450252,1,1,0,0,0,0,0,0,0,0,0,0
450253,1,1,0,0,0,0,0,0,0,0,0,0
450254,1,1,25,25,25,25,25,25,25,25,25,25
450255,1,1,9,9,9,9,9,9,9,9,9,9
450256,1,1,18,2,12,6,8,24,13,13,15,13
450257,1,1,7,0,0,13,10,0,4,0,21,11
450258,1,1,25,25,25,25,25,25,25,25,25,25
450259,1,1,0,0,0,0,0,0,0,0,0,0
450259,2,1,0,0,0,0,0,0,10,0,0,0
450259,3,1,0,0,0,0,0,0,0,0,0,0
450260,1,1,7,7,7,7,7,7,7,7,7,7
450260,2,1,18,13,15,14,0,22,12,12,8,25
450261,1,1,8,8,8,8,8,8,8,8,8,8
450262,1,1,0,13,0,0,0,0,0,0,0,0
450262,2,1,0,0,0,0,0,0,0,0,0,0
450263,0,1,0,0,0,0,0,0,0,0,0,0
450263,1,1,6,6,6,6,6,6,6,6,6,6
450264,1,1,13,13,13,13,13,13,13,13,13,13
450265,1,1,2,2,2,2,2,2,2,2,2,2
450265,2,1,14,14,14,14,14,14,14,14,14,14
450266,1,1,0,0,0,0,0,0,0,0,0,0
450266,2,1,0,0,0,0,15,0,2,0,0,0
450267,1,1,0,0,0,0,0,0,0,0,0,0
450267,2,1,0,0,0,0,0,0,0,0,0,0
450268,1,1,0,0,0,0,0,0,0,0,0,0
450268,2,1,0,0,0,0,0,0,0,0,0,0
450268,3,1,0,0,0,0,0,0,0,0,0,0
450269,1,1,18,18,18,18,18,18,18,18,18,18
450270,1,1,0,0,0,0,0,0,16,0,5,0
450270,2,1,0,0,0,0,0,0,0,11,0,0
450271,1,1,13,6,24,16,6,12,9,35,14,18
450271,2,1,7,7,7,7,7,7,7,7,7,7
450272,2,1,0,22,13,0,0,0,0,0,0,0
450272,3,1,12,0,12,0,0,0,0,0,0,0
450273,1,1,15,15,15,15,15,15,15,15,15,15
450274,1,1,0,0,0,0,0,0,0,0,0,0
450275,1,1,13,13,13,13,13,13,13,13,13,13
450276,1,1,0,0,0,0,0,0,0,0,0,0
450276,2,1,0,0,0,0,0,0,0,0,0,0
450277,1,1,25,10,0,0,0,9,21,0,0,14
450278,1,1,17,17,17,17,17,17,17,17,17,17
450279,1,1,0,0,0,0,0,0,0,0,5,0
450279,2,1,0,0,0,0,0,0,0,0,0,0
450280,1,1,23,23,23,23,23,23,23,23,23,23
450281,1,1,0,0,0,0,0,0,0,0,0,0
450281,2,1,15,15,15,15,15,15,15,15,15,15
450282,1,1,0,0,0,0,0,0,0,0,0,0
450283,1,1,15,0,23,0,0,0,0,0,0,0
450284,1,1,20,5,4,0,0,0,0,0,0,0
450284,2,1,0,0,43,0,0,0,0,0,0,0
450285,1,1,0,0,0,0,0,0,0,0,0,0
450286,0,1,0,0,0,0,0,0,0,0,0,0
450286,3,1,0,0,0,0,0,0,0,0,0,0
450287,0,1,0,0,0,0,0,0,0,0,0,0
450287,1,1,0,0,0,0,0,0,0,0,19,0
450288,1,1,0,0,0,0,0,0,0,0,0,0
450288,2,1,0,0,0,0,0,0,0,0,0,0
450289,1,1,0,0,0,0,0,0,0,0,0,0
450289,2,1,0,0,0,0,0,0,0,0,0,0
450290,1,1,21,21,21,21,21,21,21,21,21,21
450291,1,1,0,0,11,0,0,0,0,0,0,0
450292,1,1,17,17,17,17,17,17,17,17,17,17
450293,1,1,19,19,19,19,19,19,19,19,19,19
450294,1,1,0,10,0,0,0,0,0,0,0,0
450294,2,1,0,0,0,0,0,0,0,0,0,0
450295,1,1,13,13,13,13,13,13,13,13,13,13
450295,2,1,0,0,0,0,0,0,0,0,0,0
450296,1,1,0,0,0,0,0,0,0,0,0,0
450296,2,1,0,0,0,0,0,0,0,0,0,9
450297,0,1,0,0,0,0,0,0,0,0,0,0
450297,1,1,0,0,0,0,0,0,0,0,0,0
450298,1,1,0,0,0,0,0,0,0,0,0,0
450298,2,1,30,30,30,30,30,30,30,30,30,30
450299,1,1,0,0,0,0,0,0,0,0,0,0
450300,1,1,0,0,0,0,0,0,15,0,0,0
450301,0,1,0,28,0,0,0,0,0,35,18,0
450301,1,1,0,0,0,0,0,0,0,0,0,0
450302,1,1,0,0,0,0,0,0,0,0,0,0
450302,2,1,0,0,6,10,0,0,0,11,0,0
450303,0,1,0,0,0,0,0,0,0,0,0,0
450303,1,1,0,0,0,0,3,0,0,0,0,0
450304,1,1,0,0,0,0,0,0,0,0,0,0
450305,1,1,0,0,0,0,0,0,0,0,0,0
450306,1,1,0,0,0,0,0,0,0,0,0,0
450307,1,1,0,0,0,0,0,0,0,0,38,0
450307,2,1,0,0,0,0,0,0,0,14,11,0
450308,1,1,0,0,0,0,0,0,0,0,0,0
450309,1,1,0,0,0,0,0,0,0,0,0,0
450310,1,1,0,0,0,0,0,0,0,0,0,0
450310,2,1,0,0,0,0,0,0,0,0,0,9
450311,1,1,0,0,0,0,0,0,0,0,0,7
450311,2,1,0,0,0,0,0,0,0,0,0,0
450312,1,1,0,0,0,0,0,0,0,0,0,0
450312,2,1,0,0,0,0,0,0,0,0,0,0
450313,1,1,17,17,17,17,17,17,17,17,17,17
450313,2,1,5,0,0,0,20,0,0,0,11,12
450313,3,1,0,0,0,0,0,0,0,0,8,0
450313,4,4,0,16,0,0,0,0,0,0,0,0
450314,1,1,10,10,10,10,10,10,10,10,10,10
450315,1,1,0,0,0,0,0,0,0,0,0,0
450316,1,1,25,7,15,4,18,8,23,13,9,8
450317,1,1,0,0,0,0,0,0,0,0,0,0
450317,2,1,0,0,0,36,0,0,0,0,0,0
450318,1,1,13,13,13,13,13,13,13,13,13,13
450319,1,1,2,15,10,4,13,4,0,11,13,22
450319,2,1,0,0,0,0,0,0,0,0,0,0
450320,1,1,0,0,0,0,0,0,0,0,0,0
450321,1,1,25,0,0,0,0,0,0,0,0,0
450321,2,1,24,0,0,0,0,0,4,0,0,0
450321,3,1,0,0,0,0,0,0,0,0,0,0
450321,4,1,23,23,23,23,23,23,23,23,23,23
450322,1,1,0,0,0,0,0,0,0,0,0,0
450323,1,1,0,0,0,0,0,0,0,0,0,0
450323,2,1,0,0,0,0,0,0,0,0,0,0
450324,1,1,0,0,0,0,0,0,0,0,0,0
450324,2,1,0,0,0,0,0,22,0,0,0,0
450325,1,1,0,0,0,0,0,0,0,0,0,0
450325,2,1,0,0,0,0,0,0,0,0,0,0
450326,1,1,19,19,19,19,19,19,19,19,19,19
450327,1,1,0,0,0,0,0,0,0,0,0,0
450328,1,1,0,0,0,0,0,0,0,0,0,0
450328,2,1,0,0,0,0,0,0,0,0,0,0
450329,1,1,0,0,0,0,0,0,0,0,0,0
450329,2,1,0,0,0,0,0,0,0,0,0,0
450330,1,1,0,0,0,0,0,0,0,0,0,0
450331,0,1,0,0,0,9,8,17,0,0,9,0
450331,0,2,0,0,0,0,0,0,0,0,0,0
450331,0,3,0,0,19,0,0,0,0,20,30,0
450331,1,1,0,0,0,0,0,0,0,26,0,0
450332,1,1,11,11,11,11,11,11,11,11,11,11
450333,1,1,0,0,0,0,0,0,0,0,0,0
450333,2,1,0,0,0,0,0,0,0,9,0,0
450334,1,1,0,0,0,0,0,0,0,0,0,0
450334,2,1,0,0,0,0,0,0,0,22,0,0
450335,1,1,0,0,0,0,0,0,0,0,0,0
450335,2,1,0,0,0,0,0,0,0,0,0,0
450336,1,1,0,0,0,0,0,0,0,0,0,0
450336,2,1,0,0,0,0,0,0,0,0,0,0
450337,0,1,7,7,7,7,7,7,7,7,7,7
450337,1,1,0,10,0,13,0,5,0,0,0,0
450338,0,1,32,32,32,32,32,32,32,32,32,32
450338,1,1,0,0,0,0,0,0,0,7,0,0
450339,1,1,13,13,13,13,13,13,13,13,13,13
450340,1,1,0,0,0,0,0,0,0,0,0,0
450340,2,1,0,0,0,0,0,0,0,0,0,0
450341,5,1,0,0,0,0,0,0,0,0,0,0
450342,0,1,0,0,0,0,0,0,0,0,0,0
450342,1,1,0,0,7,0,0,0,0,0,0,0
450343,1,1,0,0,0,0,0,0,0,0,0,0
450344,1,1,0,0,0,0,0,0,0,0,0,0
450345,1,1,0,0,0,0,0,0,0,0,0,0
450345,2,1,0,0,0,19,15,0,4,24,25,0
450346,1,1,0,0,0,0,0,0,0,0,0,0
450346,2,1,11,11,11,11,11,11,11,11,11,11
450347,1,1,16,16,16,16,16,16,16,16,16,16
450347,2,1,16,16,16,16,16,16,16,16,16,16
450348,1,1,23,23,23,23,23,23,23,23,23,23
450349,0,1,0,0,0,0,0,0,0,0,0,0
450349,1,1,0,0,0,0,0,0,0,0,0,0
450350,1,1,0,0,0,0,0,0,0,0,0,0
450351,1,1,0,0,0,0,0,0,0,0,0,0
450352,1,1,0,0,0,0,0,0,0,0,0,11
450352,2,1,0,0,0,12,0,0,0,0,0,0
450353,1,1,0,0,0,0,0,0,0,0,0,0
450353,2,1,0,0,0,0,0,0,0,0,0,0
450354,1,1,0,0,0,0,0,0,0,0,0,0
450354,2,1,0,0,0,0,0,0,0,0,0,0
450355,1,1,0,35,0,0,0,0,0,0,0,0
450355,2,1,0,0,0,0,0,0,0,0,0,0
450356,1,1,0,0,18,11,0,0,0,18,0,0
450356,2,1,4,4,4,4,4,4,4,4,4,4
450357,1,1,11,0,0,0,0,0,0,0,0,0
450357,2,1,0,0,14,0,0,0,0,15,0,17
450358,1,1,0,0,0,0,0,0,0,0,0,0
450359,1,1,23,23,23,23,23,23,23,23,23,23
450360,0,1,19,19,19,19,19,19,19,19,19,19
450360,1,1,0,0,0,0,10,12,0,0,0,0
450361,1,1,26,26,26,26,26,26,26,26,26,26
450362,1,1,15,15,15,15,15,15,15,15,15,15
450363,1,1,0,0,0,0,0,0,0,0,0,0
450364,1,1,5,5,5,5,5,5,5,5,5,5
450365,1,1,9,9,9,9,9,9,9,9,9,9
450366,1,1,0,0,0,0,0,0,0,0,0,0
450366,2,1,0,0,0,0,0,0,0,0,0,0
450367,1,1,0,0,0,9,16,15,0,0,0,0
450368,1,1,0,0,0,0,0,0,0,0,0,0
450368,2,1,0,0,0,0,0,0,0,0,0,0
450369,1,1,0,0,0,0,0,0,0,0,0,0
450369,2,1,0,0,0,0,0,0,0,0,0,0
450370,1,1,0,0,0,0,0,0,0,0,0,0
450371,1,1,0,0,0,0,0,0,0,0,0,0
450371,2,1,0,0,0,0,0,12,0,0,0,0
450372,0,1,0,0,0,0,0,0,0,0,0,0
450372,1,1,0,0,0,0,0,0,0,15,0,32
450372,2,1,0,0,0,0,0,0,0,0,0,0
450372,3,1,0,0,0,0,0,0,0,0,0,0
450373,1,1,10,10,10,10,10,10,10,10,10,10
450374,1,1,13,13,13,13,13,13,13,13,13,13
450375,1,1,0,0,0,0,0,0,0,0,0,0
450375,2,1,0,0,0,0,0,0,0,0,0,0
450376,1,1,0,0,0,0,0,0,0,0,0,0
450376,2,1,0,0,0,0,0,0,0,0,0,0
450377,1,1,0,0,0,0,0,0,0,0,0,0
450378,1,1,0,0,0,0,0,0,0,0,0,0
450378,2,1,0,0,0,0,0,0,0,0,0,0
450379,1,1,24,24,24,24,24,24,24,24,24,24
450380,2,1,0,0,0,0,0,0,0,0,0,0
450381,1,1,0,0,0,0,0,0,0,0,0,0
450381,2,1,19,19,19,19,19,19,19,19,19,19
450382,1,1,0,0,0,0,0,0,0,0,0,0
450382,2,1,0,0,0,0,0,0,0,0,0,0
450383,1,1,23,23,23,23,23,23,23,23,23,23
450384,1,1,20,20,20,20,20,20,20,20,20,20
450385,1,1,0,0,0,0,0,0,0,0,0,0
450385,2,1,0,0,0,0,0,0,0,0,0,0
450386,1,1,11,11,11,11,11,11,11,11,11,11
450387,1,1,0,0,0,0,0,0,0,0,0,0
450387,2,1,0,0,0,0,0,0,0,0,0,0
450388,1,1,22,22,22,22,22,22,22,22,22,22
450389,0,1,0,0,0,0,0,0,0,0,0,0
450389,1,1,0,0,0,0,0,0,0,0,0,0
450390,0,1,0,0,0,0,0,0,0,0,0,0
450390,1,1,0,0,0,0,0,0,0,0,0,0
450391,1,1,0,24,0,0,0,0,0,0,0,0
450392,1,1,2,2,2,2,2,2,2,2,2,2
450393,1,1,0,0,0,32,0,0,0,0,8,4
450394,0,1,33,33,33,33,33,33,33,33,33,33
450394,1,1,0,0,0,0,0,0,0,0,0,0
450395,0,1,0,0,0,0,0,0,0,0,0,0
450395,1,1,0,0,6,0,8,0,0,0,0,0
450396,1,1,0,0,0,0,0,0,0,0,0,0
450396,2,1,5,5,5,5,5,5,5,5,5,5
450397,1,1,20,30,21,8,23,20,13,12,12,23
450398,1,1,0,0,0,0,0,0,0,0,0,0
450398,2,1,0,0,0,0,0,0,0,0,0,0
450399,1,1,0,0,0,0,0,0,0,0,0,0
450399,2,1,0,0,0,0,0,0,0,0,0,0
450400,1,1,25,25,25,25,25,25,25,25,25,25
450401,1,1,0,0,0,0,0,0,10,0,0,0
450402,1,1,10,0,0,0,13,0,0,0,0,0
450403,1,1,0,0,0,0,0,0,0,0,0,0
450404,1,1,0,0,0,0,0,0,0,0,0,0
450405,1,1,0,0,0,0,0,0,9,0,0,0
450406,1,1,0,0,0,0,0,0,0,0,0,0
450407,0,1,30,30,30,30,30,30,30,30,30,30
450407,1,1,0,0,0,0,14,0,0,19,9,0
450408,1,1,16,0,0,0,0,0,18,0,0,29
450409,1,1,0,0,0,0,0,0,0,0,0,0
450409,2,1,0,0,0,0,0,0,0,0,0,0
450410,1,1,15,15,15,15,15,15,15,15,15,15
450411,0,1,34,34,34,34,34,34,34,34,34,34
450411,1,1,0,0,0,0,0,0,0,0,0,0
450412,1,1,2,21,9,0,10,13,4,7,31,18
450413,1,1,0,0,0,0,0,0,0,0,0,0
450413,2,1,0,0,0,0,0,0,0,0,0,0
450414,1,1,0,0,0,0,0,0,0,0,16,0
450414,2,1,16,16,16,16,16,16,16,16,16,16
450415,1,1,16,16,16,16,16,16,16,16,16,16
450416,1,1,0,0,0,0,0,0,0,0,0,0
450416,2,1,0,0,0,0,0,0,0,0,0,0
450416,3,1,0,0,0,0,0,0,0,0,0,0
450417,1,1,0,0,0,0,0,0,0,0,0,0
450417,2,1,0,0,0,0,0,0,0,0,0,0
450418,1,1,13,13,13,13,13,13,13,13,13,13
450419,1,1,0,0,0,0,0,0,0,0,0,0
450419,2,1,0,0,0,0,0,0,0,0,0,0
450420,1,1,0,0,0,0,0,0,0,0,0,0
450420,2,1,0,0,0,0,0,0,0,0,0,0
450421,1,1,28,28,28,28,28,28,28,28,28,28
450422,1,1,25,25,25,25,25,25,25,25,25,25
450423,1,1,41,21,12,26,0,27,9,12,14,17
450423,2,1,11,7,12,10,6,0,12,18,10,2
450424,1,1,13,13,13,13,13,13,13,13,13,13
450425,1,1,0,0,0,0,0,0,0,0,0,0
450425,2,1,0,0,0,10,0,0,0,0,0,0
450426,1,1,0,0,0,0,0,0,0,0,0,0
450426,2,1,0,0,0,0,0,0,0,16,0,0
450426,3,1,0,0,0,0,0,0,0,0,7,0
450427,2,1,0,0,0,0,0,0,0,0,0,0
450428,1,1,0,0,0,0,23,0,14,9,0,0