ST_CASE,VEH_NO,PER_NO,P1,P2,P3,P4,P5,P6,P7,P8,P9,P10
450428,2,1,0,0,0,0,0,0,0,0,0,0
450429,1,1,23,0,0,10,0,16,0,25,22,0
450430,1,1,0,0,0,0,0,0,0,0,0,0
450430,2,1,0,0,0,0,0,0,0,0,0,0
450431,1,1,0,0,0,0,0,0,0,0,0,7
450431,2,1,0,0,0,0,0,0,0,0,0,0
450432,1,1,0,0,0,0,0,0,0,0,0,0
450433,1,1,0,15,0,0,12,0,0,0,0,0
450434,0,1,0,0,0,0,0,0,0,0,0,0
450434,1,1,0,0,0,0,0,0,0,0,0,0
450435,1,1,0,0,0,0,0,0,0,0,0,0
450435,2,1,0,0,0,0,0,0,0,0,0,0
450436,1,1,0,0,0,0,0,0,0,0,0,0
450437,1,1,0,8,16,22,0,0,0,0,14,0
450438,1,1,18,18,18,18,18,18,18,18,18,18
450439,1,1,0,0,0,5,0,0,0,0,0,0
450440,1,1,22,12,0,0,0,20,0,0,0,0
450441,1,1,0,0,0,0,0,0,0,0,0,6
450441,2,1,13,13,13,13,13,13,13,13,13,13
450442,1,1,15,0,0,0,17,0,0,0,0,0
450443,1,1,18,18,18,18,18,18,18,18,18,18
450444,1,1,0,0,0,0,0,0,0,0,0,0
450444,2,1,0,0,0,0,0,0,0,0,0,0
450445,1,1,0,0,0,0,0,0,0,0,0,0
450445,2,1,0,0,0,0,0,0,0,0,0,0
450446,1,1,0,0,0,0,0,0,0,0,0,0
450446,2,1,0,0,0,0,0,0,0,0,0,0
450447,1,1,0,21,0,0,0,0,0,0,0,0
450447,2,1,0,0,0,0,0,0,0,0,0,0
450448,0,1,22,22,22,22,22,22,22,22,22,22
450448,1,1,0,10,0,0,0,0,0,0,0,0
450449,1,1,0,0,0,0,0,0,0,0,0,0
450449,2,1,0,0,0,0,0,0,0,0,0,0
450449,3,1,0,0,0,0,0,0,0,0,0,0
450450,1,1,15,15,15,15,15,15,15,15,15,15
450451,1,1,0,0,0,0,0,0,0,0,0,0
450451,2,1,0,0,0,0,0,0,0,0,0,0
450452,1,1,0,0,0,0,0,0,0,0,0,0
450453,1,1,0,0,0,0,0,0,0,0,0,0
450453,2,1,0,0,0,0,0,0,0,0,0,0
450454,1,1,0,23,5,0,0,0,20,0,0,12
450455,0,1,0,0,0,0,0,0,0,0,0,0
450455,1,1,0,0,0,0,0,0,0,0,0,14
450456,1,1,8,23,29,21,8,10,20,25,24,0
450456,2,1,0,0,23,0,0,0,0,0,0,0
450457,1,1,0,0,0,0,0,0,0,0,0,0
450457,2,1,0,0,0,0,0,0,0,0,0,0
450458,1,1,9,0,0,0,0,0,0,0,0,0
450458,2,1,0,0,0,0,0,0,0,0,0,0
450459,0,1,0,0,0,0,0,0,0,0,0,0
450459,1,1,0,0,0,0,0,0,0,0,0,0
450460,1,1,1,1,1,1,1,1,1,1,1,1
450461,1,1,0,0,0,0,0,0,0,0,0,0
450462,1,1,0,0,0,0,0,0,0,0,0,0
450463,0,1,12,12,12,12,12,12,12,12,12,12
450463,1,1,0,0,0,0,0,0,13,0,21,0
450464,1,1,0,0,0,0,0,0,0,0,0,0
450464,2,1,0,0,0,0,0,0,0,0,0,0
450465,1,1,11,11,11,11,11,11,11,11,11,11
450465,2,1,0,0,0,0,0,0,0,0,0,0
450466,1,1,0,0,0,0,0,0,0,0,0,0
450466,2,1,4,4,4,4,4,4,4,4,4,4
450467,1,1,0,0,0,0,0,0,0,0,0,0
450468,0,1,1,1,1,1,1,1,1,1,1,1
450468,1,1,9,3,6,0,21,0,0,0,0,0
450469,1,1,0,0,0,0,0,0,0,0,0,0
450469,2,1,0,0,0,0,0,0,0,0,0,0
450470,0,1,0,0,0,0,0,0,0,0,0,0
450470,1,1,0,11,0,0,0,0,0,0,0,0
450471,1,1,11,11,11,11,11,11,11,11,11,11
450472,1,1,22,13,30,17,8,12,7,12,13,17
450472,2,1,0,0,0,0,0,0,0,0,0,0
450473,1,1,0,0,0,0,0,0,0,0,0,0
450474,1,1,23,23,23,23,23,23,23,23,23,23
450474,2,1,0,0,0,0,0,0,0,0,0,0
450475,1,1,0,0,0,0,0,0,0,0,0,0
450476,1,1,20,26,16,11,22,0,9,10,12,9
450477,1,1,0,0,0,0,0,0,0,0,0,0
450477,2,1,0,0,8,0,0,0,0,0,0,0
450478,1,1,0,0,0,0,0,0,0,0,0,0
450479,1,1,0,0,0,0,0,0,0,0,0,0
450479,2,1,0,0,0,0,0,0,0,0,0,0
450479,3,1,0,0,0,5,0,0,0,0,0,0
450479,4,1,0,0,0,0,0,0,0,0,0,0
450480,1,1,0,0,0,0,0,0,0,0,0,0
450481,1,1,0,0,0,0,0,0,0,0,0,0
450482,1,1,0,0,0,27,0,0,0,0,0,0
450483,0,1,21,21,21,21,21,21,21,21,21,21
450483,1,1,0,7,0,2,0,0,0,0,9,0
450484,1,1,0,0,0,0,0,0,0,0,0,0
450484,2,1,0,0,0,0,0,0,0,0,0,0
450485,1,1,0,0,0,0,0,0,0,0,0,0
450485,2,1,9,0,0,0,0,0,0,0,0,0
450486,1,1,0,0,0,0,0,0,0,0,0,0
450486,2,1,0,0,0,0,0,0,0,0,0,0
450487,1,1,22,22,22,22,22,22,22,22,22,22
450488,1,1,5,5,5,5,5,5,5,5,5,5
450489,1,1,16,16,16,16,16,16,16,16,16,16
450490,1,1,12,12,12,12,12,12,12,12,12,12
450491,1,1,0,0,3,0,0,0,0,0,0,0
450491,2,1,0,8,0,0,0,9,0,0,0,0
450491,3,1,0,0,0,0,0,0,0,0,0,0
450492,1,1,27,27,27,27,27,27,27,27,27,27
450493,1,1,0,0,0,0,0,0,0,0,0,0
450493,2,1,0,0,0,0,0,0,0,0,0,0
450494,0,1,28,28,28,28,28,28,28,28,28,28
450494,1,1,0,0,0,0,20,0,0,0,29,0
450495,1,1,0,0,0,0,0,0,0,0,0,0
450496,1,1,0,0,0,0,0,0,0,0,0,0
450496,2,1,4,0,0,0,0,0,0,20,0,0
450497,1,1,10,10,10,10,10,10,10,10,10,10
450498,1,1,19,19,19,19,19,19,19,19,19,19
450499,1,1,0,0,0,0,0,0,0,0,0,0
450499,2,1,0,0,0,0,0,0,0,0,0,0
450500,1,1,0,0,16,0,0,0,0,0,0,0
450501,1,1,0,0,0,0,0,0,0,0,0,0
450501,2,1,0,0,0,0,0,0,0,10,0,0
450502,1,1,0,0,0,0,0,0,0,0,0,0
450502,2,1,0,0,0,0,0,0,0,0,0,0
450503,0,1,11,11,11,11,11,11,11,11,11,11
450503,1,1,0,0,0,0,0,0,0,0,0,0
450504,1,1,0,0,0,0,0,0,0,0,0,0
450504,2,1,0,0,0,0,0,0,0,0,0,0
450505,1,1,0,0,0,0,0,0,0,0,0,0
450505,2,1,0,0,0,0,0,0,0,0,0,0
450506,0,1,0,0,0,0,0,0,0,0,0,0
450506,1,1,0,0,0,0,0,0,0,0,0,0
450507,1,1,0,0,0,0,0,0,0,0,0,0
450507,2,1,0,0,0,0,0,0,0,0,0,0
450507,3,1,0,0,0,0,0,0,0,0,0,0
450508,1,1,0,0,0,0,0,0,0,0,0,0
450509,1,1,0,0,0,0,0,0,0,0,0,0
450510,1,1,15,15,15,15,15,15,15,15,15,15
450511,0,1,0,0,0,0,0,0,0,0,0,0
450511,1,1,4,3,12,22,3,10,10,30,6,8
450512,0,1,1,1,1,1,1,1,1,1,1,1
450512,1,1,0,0,0,0,0,0,0,16,0,0
450513,1,1,9,9,9,9,9,9,9,9,9,9
450513,2,1,0,0,0,0,0,0,0,0,0,0
450514,1,1,0,0,0,0,0,0,0,0,0,0
450515,1,1,0,0,0,0,0,0,0,0,0,0
450515,2,1,0,0,16,3,0,13,0,0,0,0
450516,1,1,9,9,9,9,9,9,9,9,9,9
450517,1,1,0,0,60,0,0,0,0,0,0,0
450517,2,1,0,0,0,0,0,0,0,0,0,0
450518,1,1,0,0,0,0,0,0,0,0,0,0
450519,1,1,5,5,5,5,5,5,5,5,5,5
450520,1,1,0,0,0,0,0,0,0,0,7,0
450520,2,1,0,0,0,0,0,0,0,0,0,0
450521,1,1,0,17,13,0,0,0,0,0,0,0
450522,1,1,13,13,13,13,13,13,13,13,13,13
450523,1,1,10,10,10,10,10,10,10,10,10,10
450524,1,1,0,0,0,0,0,0,0,13,0,0
450524,2,1,0,0,0,0,0,0,0,0,0,0
450525,1,1,0,0,0,0,0,0,0,0,0,0
450526,1,1,10,10,10,10,10,10,10,10,10,10
450527,1,1,0,0,0,0,0,0,0,0,0,0
450528,1,1,24,24,24,24,24,24,24,24,24,24
450529,1,1,0,0,0,0,0,0,0,0,0,0
450529,2,1,0,0,0,0,0,0,0,0,0,0
450530,1,1,13,13,13,13,13,13,13,13,13,13
450531,1,1,17,0,24,9,13,9,21,5,16,24
450531,2,1,0,0,0,0,0,0,0,0,0,0
450532,1,1,0,0,0,0,0,0,0,0,0,0
450532,2,1,0,0,0,0,0,0,0,0,0,0
450533,1,1,0,0,0,0,12,0,0,0,0,0
450533,2,1,0,0,0,0,0,0,0,0,0,0
450534,1,1,15,15,15,15,15,15,15,15,15,15
450535,1,1,22,22,22,22,22,22,22,22,22,22
450536,0,1,0,0,0,0,0,0,0,0,0,0
450536,1,1,0,11,0,0,0,0,0,0,0,0
450537,1,1,0,0,0,0,0,0,0,17,0,0
450537,2,1,0,0,0,0,0,0,0,0,0,0
450538,1,1,11,11,11,11,11,11,11,11,11,11
450539,1,1,20,20,20,20,20,20,20,20,20,20
450540,1,1,0,0,0,0,0,0,0,0,0,0
450541,1,1,0,0,0,0,0,0,0,0,0,0
450542,1,1,0,0,0,0,0,0,0,0,0,0
450543,0,1,0,0,0,0,0,0,0,0,0,0
450543,1,1,0,0,0,0,0,0,0,4,0,0
450544,0,1,0,0,0,0,0,0,0,0,0,0
450544,1,1,0,0,0,0,0,0,0,0,20,0
450545,1,1,0,0,0,0,0,0,0,0,0,0
450545,2,1,0,0,0,0,0,0,0,0,0,0
450546,1,1,0,0,23,0,0,0,0,0,0,0
450546,2,1,0,0,0,0,0,0,0,0,0,11
450547,0,1,41,41,41,41,41,41,41,41,41,41
450547,1,1,0,5,0,0,7,0,5,0,0,0
450548,1,1,0,0,0,0,0,0,0,0,0,0
450549,1,1,0,0,0,0,0,0,0,0,0,0
450549,2,1,0,0,0,0,0,0,0,0,0,0
450550,1,1,16,16,16,16,16,16,16,16,16,16
450551,1,1,33,33,33,33,33,33,33,33,33,33
450552,0,1,29,29,29,29,29,29,29,29,29,29
450552,1,1,18,0,13,21,0,15,27,3,16,25
450553,1,1,0,0,0,0,0,0,0,0,0,0
450553,2,1,0,0,0,0,0,0,0,0,0,0
450553,3,1,11,11,11,11,11,11,11,11,11,11
450554,1,1,24,24,24,24,24,24,24,24,24,24
450555,1,1,0,14,0,0,34,0,0,0,0,0
450555,2,1,22,22,22,22,22,22,22,22,22,22
450556,1,1,0,0,0,0,0,0,0,0,0,0
450556,2,1,0,0,0,0,0,0,0,0,0,0
450557,0,1,0,16,0,0,0,0,0,0,25,0
450557,1,1,24,17,12,7,11,12,17,25,23,16
450558,1,1,0,0,0,0,0,0,0,0,0,0
450559,1,1,0,0,0,0,0,0,0,0,0,0
450559,2,1,0,0,0,0,0,0,0,0,0,0
450560,0,1,10,10,28,19,42,0,0,21,22,25
450560,1,1,0,0,0,0,0,0,0,0,0,0
450561,1,1,14,18,14,18,13,22,9,15,19,10
450562,1,1,15,15,15,15,15,15,15,15,15,15
450563,1,1,0,0,0,0,0,0,0,0,0,0
450563,2,1,0,0,0,0,0,0,0,0,0,0
450564,1,1,0,0,0,0,0,0,0,0,0,0
450565,1,1,0,0,0,0,0,0,0,0,0,0
450565,2,1,0,0,0,0,0,0,0,0,0,0
450565,3,1,0,0,17,0,0,0,0,0,0,0
450566,1,1,14,14,14,14,14,14,14,14,14,14
450567,1,1,0,0,0,0,0,0,0,0,0,0
450568,1,1,2,2,2,2,2,2,2,2,2,2
450569,1,1,0,0,0,0,0,0,0,0,0,0
450569,2,1,0,16,0,0,0,0,16,0,0,0
450570,0,1,0,0,0,0,0,0,0,0,0,0
450570,1,1,0,0,0,0,0,0,0,0,0,0
450571,1,1,0,0,0,0,0,0,0,0,0,0
450571,2,1,12,12,12,12,12,12,12,12,12,12
450572,1,1,0,0,0,0,0,0,0,0,0,0
450573,0,1,0,0,0,0,0,0,0,0,0,0
450573,1,1,0,0,0,0,0,0,0,0,0,0
450574,1,1,0,0,0,0,0,0,0,0,0,0
450574,2,1,0,0,0,0,0,0,0,0,0,0
450575,1,1,0,0,0,0,0,0,0,0,0,0
450575,2,1,0,0,0,0,0,0,0,0,0,0
450575,3,1,0,0,0,0,0,0,0,0,0,0
450576,1,1,0,0,0,0,0,0,0,16,0,0
450577,0,1,12,12,12,12,12,12,12,12,12,12
450577,1,1,0,0,0,0,0,0,0,0,0,0
450578,1,1,0,0,0,0,0,0,0,0,12,0
450578,2,1,0,0,0,0,0,0,0,0,0,0
450579,1,1,13,13,13,13,13,13,13,13,13,13
450580,0,1,0,0,0,31,0,0,0,0,0,0
450580,1,1,0,0,0,0,0,0,0,0,0,0
450581,0,1,58,58,58,58,58,58,58,58,58,58
450581,1,1,17,0,0,0,0,0,0,0,0,0
450582,1,1,0,0,0,0,0,36,0,0,0,0
450583,1,1,28,28,28,28,28,28,28,28,28,28
450584,1,1,0,0,0,0,0,0,0,0,0,0
450585,1,1,0,0,0,0,0,0,0,0,0,0
450585,2,1,0,0,0,0,0,4,0,0,0,0
450586,1,1,0,0,0,0,0,0,0,0,0,0
450586,2,1,0,0,0,0,0,0,0,0,0,0
450587,1,1,0,0,0,0,11,0,0,0,0,0
450587,2,1,0,0,0,0,0,0,0,0,0,0
450587,3,1,0,0,0,0,0,0,0,0,0,9
450588,1,1,0,0,0,0,0,0,0,0,0,0
450588,2,1,0,34,0,0,0,0,0,20,0,4
450588,3,1,0,0,0,0,0,0,0,0,0,0
450589,1,1,17,17,17,17,17,17,17,17,17,17
450590,1,1,0,0,0,0,0,0,0,0,0,0
450590,2,1,0,0,0,0,0,0,0,0,0,0
450591,1,1,0,0,0,5,0,0,0,0,0,19
450591,2,1,0,0,0,0,0,0,0,0,0,0
450592,1,1,28,28,28,28,28,28,28,28,28,28
450593,1,1,26,26,26,26,26,26,26,26,26,26
450594,1,1,0,0,0,0,0,0,0,0,0,0
450594,2,1,0,0,0,0,0,0,20,0,0,0
450595,1,1,0,0,0,0,0,0,22,0,0,0
450595,2,1,0,0,0,0,0,0,0,0,0,0
450595,3,1,0,0,0,14,0,0,0,0,0,0
450595,4,1,0,0,0,0,0,0,0,0,0,0
450596,1,1,0,6,0,0,0,0,0,0,0,0
450597,1,1,24,24,24,24,24,24,24,24,24,24
450598,1,1,15,23,30,17,12,23,20,17,20,8
450599,1,1,0,0,0,0,0,0,0,0,0,22
450600,0,1,21,0,7,0,0,0,0,20,0,0
450600,1,1,0,0,0,0,0,0,0,0,0,0
450601,1,1,35,35,35,35,35,35,35,35,35,35
450601,2,1,0,0,0,0,0,0,27,0,0,0
450602,1,1,0,0,0,0,0,0,0,0,0,0
450602,2,1,10,0,0,0,0,0,0,0,0,0
450603,1,1,0,0,0,0,0,0,0,0,0,0
450603,2,1,0,11,0,0,0,0,8,0,0,5
450603,3,1,0,0,0,18,0,0,0,16,0,0
450604,1,1,0,0,0,0,0,0,0,0,0,0
450604,2,1,0,0,0,0,0,0,0,0,0,0
450604,3,1,0,0,0,0,0,0,0,0,0,0
450605,1,1,0,0,0,0,0,0,0,0,0,0
450605,2,1,14,5,13,3,0,9,30,0,11,17
450606,1,1,20,20,20,20,20,20,20,20,20,20
450607,0,1,0,0,0,0,0,0,0,0,0,0
450607,1,1,0,0,0,0,0,0,0,0,0,0
450608,1,1,16,16,16,16,16,16,16,16,16,16
450609,1,1,23,23,23,23,23,23,23,23,23,23
450610,1,1,0,0,0,0,0,0,0,0,0,0
450610,2,1,0,0,0,0,0,0,0,0,0,0
450610,3,1,0,0,0,0,0,0,0,0,0,0
450611,1,1,16,0,13,14,10,7,4,25,6,22
450612,1,1,21,5,0,0,0,0,0,0,0,0
450612,2,1,0,0,0,0,0,0,0,0,0,0
450613,1,1,19,19,19,19,19,19,19,19,19,19
450614,1,1,0,0,0,0,0,0,0,0,0,0
450614,2,1,0,0,0,0,0,0,0,0,0,0
450614,3,1,0,0,0,0,0,0,0,0,0,0
450615,1,1,15,15,15,15,15,15,15,15,15,15
450616,1,1,0,0,0,0,0,0,0,0,0,0
450617,1,1,0,0,0,0,0,0,0,0,0,0
450618,0,1,0,0,0,0,0,0,0,0,0,0
450618,1,1,0,0,0,0,0,0,0,0,0,0
450619,1,1,0,0,0,0,0,0,0,0,0,0
450619,2,1,0,0,0,0,0,0,0,0,0,0
450619,3,1,0,0,0,0,0,0,0,0,0,0
450620,1,1,0,0,0,0,0,0,0,0,0,0
450620,2,1,0,0,0,0,0,0,0,0,0,0
450621,1,1,0,0,0,0,0,0,0,0,0,0
450622,1,1,0,0,0,0,0,0,0,0,0,0
450623,1,1,0,0,0,13,0,9,4,19,38,7
450623,2,1,0,0,0,0,0,0,0,0,0,0
450624,1,1,0,0,0,0,0,0,0,0,0,0
450624,2,1,0,0,0,0,0,28,18,0,14,0
450625,1,1,0,0,0,0,0,0,0,0,0,0
450625,2,1,17,17,17,17,17,17,17,17,17,17
450626,1,1,0,0,0,0,0,0,0,0,0,0
450626,2,1,0,0,0,12,0,0,8,11,0,7
450627,1,1,0,0,0,21,0,11,8,0,18,0
450628,1,1,0,0,0,0,0,0,0,0,0,0
450628,2,1,0,0,0,0,0,0,0,0,0,0
450629,0,1,0,0,0,0,0,0,0,0,0,0
450629,1,1,0,0,0,0,0,0,0,0,0,0
450630,1,1,0,0,0,0,0,0,0,0,0,0
450630,2,1,0,0,0,0,0,0,0,0,0,0
450631,1,1,24,24,24,24,24,24,24,24,24,24
450632,0,1,0,0,0,0,0,22,0,0,0,0
450632,1,1,0,0,0,0,0,0,0,0,0,0
450633,1,1,0,0,0,0,0,0,0,0,0,0
450634,1,1,17,0,0,0,0,0,0,20,0,0
450634,2,1,0,0,0,0,0,0,0,0,0,0
450635,1,1,0,0,0,0,0,0,0,0,0,0
450635,2,1,0,0,0,0,0,0,0,0,0,0
450636,1,1,6,0,5,0,4,0,7,0,0,13
450636,2,1,11,11,11,11,11,11,11,11,11,11
450637,0,1,25,14,0,14,0,0,0,0,30,0
450637,1,1,0,0,27,0,11,0,18,0,0,6
450638,0,1,24,24,24,24,24,24,24,24,24,24
450638,1,1,0,0,0,0,0,0,0,0,0,0
450639,1,1,0,6,0,0,0,0,13,0,0,14
450640,1,1,38,0,0,0,0,0,0,0,0,0
450640,2,1,0,0,0,0,0,0,0,0,0,0
450641,1,1,0,4,15,15,7,11,10,0,37,14
450641,2,1,0,0,0,0,0,26,0,0,0,0
450642,0,1,0,0,0,0,0,0,0,0,0,0
450642,1,1,0,0,0,0,0,0,0,0,0,20
450643,1,1,0,0,0,8,0,12,0,0,0,21
450644,1,1,0,0,0,0,0,0,0,0,0,0
450645,1,1,0,0,0,0,0,0,0,0,0,0
450645,2,1,0,0,0,0,0,0,0,0,0,0
450646,1,1,0,0,0,21,0,0,0,0,0,0
450646,2,1,0,0,0,0,5,0,0,0,0,0
450647,1,1,0,0,0,0,0,0,0,0,0,21
450647,2,1,0,0,0,16,0,19,0,0,0,0
450648,1,1,0,0,0,0,0,13,0,0,0,0
450649,0,1,2,2,2,2,2,2,2,2,2,2
450649,1,1,0,0,0,0,0,0,0,0,0,0
450650,1,1,14,14,14,14,14,14,14,14,14,14
450651,1,1,0,0,0,0,0,0,0,0,0,0
450651,2,1,0,0,0,0,0,0,0,0,0,0
450652,1,1,0,0,0,0,0,0,0,0,0,0
450652,2,1,7,7,7,7,7,7,7,7,7,7
450653,1,1,8,0,0,0,0,17,35,0,0,0
450653,2,1,14,2,12,11,13,4,14,0,0,27
450654,1,1,19,9,32,25,6,23,20,35,29,10
450655,1,1,17,10,13,0,10,12,0,32,21,24
450656,1,1,9,9,9,9,9,9,9,9,9,9
450657,0,1,0,0,0,0,0,0,0,0,0,0
450657,1,1,0,0,0,0,0,0,0,0,0,0
450658,0,1,40,40,40,40,40,40,40,40,40,40
450658,1,1,0,0,0,0,0,0,0,0,0,0
450659,1,1,12,12,12,12,12,12,12,12,12,12
450660,1,1,32,4,9,13,15,12,13,14,14,14
450660,2,1,0,0,0,0,0,0,0,0,0,0
450661,1,1,13,13,13,13,13,13,13,13,13,13
450662,1,1,0,0,0,0,0,0,0,0,0,0
450662,2,1,0,0,0,0,0,0,0,0,0,0
450663,1,1,0,0,0,0,0,0,0,0,0,0
450664,1,1,27,27,27,27,27,27,27,27,27,27
450665,1,1,0,0,0,0,0,0,0,0,0,0
450666,0,1,0,0,0,0,0,0,0,0,0,0
450666,1,1,0,0,29,0,0,0,0,0,0,0
450667,1,1,0,0,0,0,0,0,0,0,0,0
450667,2,1,0,0,0,0,0,5,0,0,0,0
450667,3,1,0,0,0,0,0,0,0,0,0,0
450668,1,1,0,0,0,0,0,0,0,0,0,0
450669,1,1,0,0,0,0,0,0,0,0,0,0
450670,1,1,15,15,15,15,15,15,15,15,15,15
450671,1,1,0,0,0,0,0,0,0,0,0,0
450671,2,1,0,0,0,0,0,0,0,0,0,0
450672,1,1,0,0,0,0,0,0,0,0,0,0
450673,1,1,17,17,17,17,17,17,17,17,17,17
450674,1,1,0,0,0,8,0,0,0,0,0,0
450674,2,1,0,0,0,0,0,0,0,0,0,0
450674,3,1,0,0,0,0,0,0,0,0,0,0
450675,1,1,0,0,0,0,0,17,0,0,0,30
450675,2,1,0,0,0,0,0,0,0,0,0,0
450676,1,1,0,0,0,0,0,0,0,0,0,0
450677,0,1,0,0,0,0,0,0,0,0,0,0
450677,1,1,0,0,0,0,0,0,0,0,0,0
450678,1,1,0,0,0,0,0,0,0,0,0,0
450679,1,1,68,68,68,68,68,68,68,68,68,68
450680,1,1,0,0,0,0,0,0,0,0,0,0
450681,1,1,9,9,9,9,9,9,9,9,9,9
450682,1,1,0,0,0,0,0,0,0,0,0,0
450683,0,1,0,0,0,0,0,0,0,0,0,0
450683,1,1,0,0,0,0,0,0,0,0,0,0
450684,0,1,17,17,17,17,17,17,17,17,17,17
450684,1,1,0,0,0,0,0,0,0,0,0,0
450685,0,1,2,2,2,2,2,2,2,2,2,2
450685,1,1,0,0,0,0,0,0,0,0,0,0
450686,1,1,0,0,12,0,0,0,7,0,0,0
450686,2,1,0,0,0,0,0,0,0,0,0,0
450687,0,1,0,0,0,0,0,0,0,0,0,0
450687,1,1,12,12,12,12,12,12,12,12,12,12
450688,1,1,0,0,0,0,0,0,0,0,0,0
450688,2,1,0,0,0,0,6,0,0,0,0,0
450689,1,1,29,0,19,5,0,11,0,18,0,0
450689,2,1,0,0,0,0,0,0,0,0,0,0
450689,3,1,0,0,0,0,7,0,0,6,0,0
450689,4,1,0,0,0,0,0,0,0,0,0,0
450690,1,1,0,0,0,0,0,0,0,0,0,0
450690,2,1,0,0,0,0,0,0,0,0,0,0
450690,3,1,0,0,0,0,0,0,0,0,0,0
450691,0,1,0,0,0,0,0,0,0,0,0,0
450691,1,1,0,0,0,0,0,0,0,0,0,0
450691,2,1,0,0,0,0,0,0,0,0,0,0
450692,1,1,0,0,0,0,0,0,0,0,0,0
450692,2,1,0,0,4,0,0,0,0,0,0,0
450693,1,1,0,0,0,0,0,0,0,0,0,0
450693,2,1,0,0,0,0,0,0,0,0,0,0
450694,1,1,0,0,0,0,0,0,0,0,0,0
450694,2,1,0,0,0,0,0,0,0,0,0,0
450695,1,1,0,0,0,0,0,0,0,7,0,0
450695,2,1,13,13,13,13,13,13,13,13,13,13
450695,3,1,0,0,10,0,0,0,0,0,0,0
450696,0,1,35,35,35,35,35,35,35,35,35,35
450696,1,1,0,0,0,0,0,0,0,0,0,0
450697,1,1,28,28,28,28,28,28,28,28,28,28
450698,1,1,0,0,0,0,0,0,0,0,0,0
450699,0,1,21,21,21,21,21,21,21,21,21,21
450699,1,1,0,0,0,0,0,0,0,0,0,0
450700,1,1,0,25,0,13,0,0,0,9,12,0
450700,2,1,0,0,0,0,0,0,0,0,0,0
450701,1,1,0,0,0,0,0,0,0,0,0,0
450701,2,1,0,0,0,0,0,0,0,0,0,0
450702,1,1,0,0,0,0,0,0,0,0,0,0
450702,2,1,0,0,0,0,0,0,0,0,0,0
450703,1,1,19,19,19,19,19,19,19,19,19,19
450704,1,1,0,6,0,0,0,0,0,0,0,0
450704,2,1,0,0,0,0,0,0,0,0,0,0
450705,1,1,0,0,0,0,0,0,0,0,0,0
450705,2,1,15,15,20,0,14,14,12,15,14,13
450706,1,1,0,0,0,0,0,0,0,0,0,0
450707,1,1,1,1,1,1,1,1,1,1,1,1
450707,2,1,0,0,0,0,0,0,0,0,0,0
450708,1,1,0,20,0,0,0,0,0,0,0,0
450708,2,1,0,0,0,0,0,0,0,0,0,0
450708,3,1,0,0,0,0,0,0,0,0,0,0
450709,1,1,7,7,7,7,7,7,7,7,7,7
450710,1,1,16,16,16,16,16,16,16,16,16,16
450711,1,1,12,12,12,12,12,12,12,12,12,12
450712,1,1,7,7,7,7,7,7,7,7,7,7
450712,2,1,0,0,0,0,0,0,0,0,0,0
450712,3,1,0,0,0,0,0,0,0,0,0,0
450713,1,1,0,0,0,0,0,0,0,0,0,0
450713,2,1,0,0,0,0,0,0,0,0,0,0
450713,3,1,0,0,0,0,0,0,0,0,0,0
450714,1,1,0,0,0,0,0,0,0,0,0,0
450714,2,1,0,0,0,0,0,14,0,0,0,0
450715,1,1,17,17,17,17,17,17,17,17,17,17
450716,1,1,0,0,0,0,0,0,0,0,0,0
450716,2,1,0,0,0,0,0,0,0,0,0,0
450717,1,1,0,0,0,0,0,0,0,0,0,0
450717,2,1,0,0,18,0,0,0,0,0,0,0
450718,1,1,19,19,19,19,19,19,19,19,19,19
450719,0,1,21,21,21,21,21,21,21,21,21,21
450719,1,1,0,0,0,0,0,0,0,0,0,0
450720,0,1,35,35,35,35,35,35,35,35,35,35
450720,1,1,15,5,14,15,14,0,18,10,5,21
450721,1,1,0,0,0,0,0,0,0,0,0,0
450721,2,1,0,0,0,0,0,0,0,0,0,0
450722,1,1,22,22,22,22,22,22,22,22,22,22
450722,2,1,0,7,0,23,0,0,0,0,0,0
450723,1,1,0,0,0,0,0,0,0,0,0,0
450723,2,1,0,0,0,0,0,0,0,0,0,0
450724,0,1,2,2,2,2,2,2,2,2,2,2
450724,1,1,21,12,0,0,0,26,0,0,0,14
450725,1,1,10,0,18,20,0,0,30,0,0,0
450726,1,1,0,0,0,0,0,0,24,0,0,0
450727,0,1,0,0,0,0,0,0,0,0,0,0
450727,1,1,0,0,0,0,0,0,0,0,0,0
450728,0,1,0,0,0,0,0,12,0,0,0,20
450728,1,1,0,0,0,0,0,0,0,0,0,0
450729,1,1,0,0,0,0,0,0,0,0,0,0
450729,2,1,0,0,0,0,0,0,0,0,0,0
450730,1,1,0,0,0,0,0,0,0,0,0,0
450730,2,1,0,0,0,0,0,0,0,0,0,0
450731,1,1,0,0,0,0,0,13,0,0,6,11
450731,2,1,4,4,4,4,4,4,4,4,4,4