ST_CASE,VEH_NO,PER_NO,P1,P2,P3,P4,P5,P6,P7,P8,P9,P10
450732,1,1,0,0,0,0,0,0,0,0,0,0
450732,2,1,10,10,10,10,10,10,10,10,10,10
450733,1,1,17,17,17,17,17,17,17,17,17,17
450734,1,1,0,0,0,0,0,0,6,0,0,0
450735,1,1,0,0,0,0,0,0,0,0,0,0
450735,2,1,0,0,0,0,0,0,0,0,0,0
450736,1,1,29,22,15,0,25,14,0,0,19,0
450737,1,1,0,16,0,29,0,13,0,23,0,0
450738,1,1,0,0,0,0,0,0,0,0,0,0
450738,2,1,0,0,0,0,0,0,0,0,0,0
450738,3,1,0,0,0,0,0,0,0,0,0,0
450739,1,1,23,23,23,23,23,23,23,23,23,23
450740,1,1,18,18,18,18,18,18,18,18,18,18
450741,1,1,0,0,0,0,0,0,0,0,0,0
450741,2,1,0,0,0,0,0,0,0,0,0,0
450742,1,1,0,0,0,0,0,0,0,0,0,0
450742,2,1,0,0,0,0,0,0,0,0,0,0
450743,0,1,0,0,0,0,0,0,0,0,0,0
450743,1,1,0,0,0,0,0,0,0,0,0,0
450744,1,1,0,0,0,0,0,0,0,0,0,0
450744,2,1,0,0,0,0,0,0,0,0,0,0
450745,0,1,0,0,0,0,0,0,0,0,0,0
450745,1,1,0,0,0,3,0,11,0,0,0,15
450746,1,1,30,30,30,30,30,30,30,30,30,30
450747,1,1,0,0,0,0,0,0,0,0,0,0
450747,2,1,0,0,0,0,0,0,22,0,0,0
450747,3,1,0,0,0,0,0,0,0,0,0,0
450748,0,1,8,8,8,8,8,8,8,8,8,8
450748,1,1,0,0,0,0,0,0,0,0,0,0
450749,1,1,0,0,0,0,0,0,0,0,0,0
450749,2,1,0,0,0,0,0,0,0,0,0,0
450750,1,1,0,9,17,0,0,0,0,0,0,0
450750,2,1,0,0,0,0,0,0,0,0,0,0
450751,0,1,25,25,25,25,25,25,25,25,25,25
450751,1,1,0,0,0,0,0,0,0,0,0,0
450752,1,1,0,0,0,0,0,0,0,0,0,0
450752,2,1,0,0,0,0,0,0,0,0,0,0
450753,1,1,0,0,0,0,0,0,0,0,0,0
450753,2,1,0,0,0,0,0,0,0,0,0,0
450753,3,1,0,0,0,0,0,0,0,0,0,0
450753,4,1,0,0,0,0,0,0,0,0,0,0
450754,1,1,0,0,0,0,0,0,0,0,0,0
450754,2,1,0,0,0,0,0,0,0,0,0,0
450754,3,1,0,0,0,0,5,0,0,0,0,0
450755,1,1,0,0,0,0,0,0,0,0,0,0
450755,2,1,0,0,0,0,38,0,0,0,0,0
450756,1,1,4,4,4,4,4,4,4,4,4,4
450757,1,1,3,3,3,3,3,3,3,3,3,3
450758,1,1,0,0,0,0,0,0,0,0,0,0
450758,2,1,0,0,0,0,0,12,0,0,0,0
450759,0,1,0,0,0,0,0,0,0,0,0,0
450759,1,1,0,0,0,0,0,0,0,0,0,0
450760,0,1,0,0,0,0,0,0,0,0,0,0
450760,1,1,0,0,0,0,0,0,0,0,0,0
450761,1,1,0,0,0,0,0,0,0,0,0,0
450761,2,1,23,0,0,0,0,0,0,15,0,0
450762,1,1,0,0,0,0,0,0,0,0,0,0
450762,2,1,0,0,0,0,0,0,0,0,0,0
450763,1,1,0,0,0,0,0,0,0,0,0,0
450763,2,1,0,0,0,0,0,0,0,0,0,0
450763,3,1,0,0,0,0,0,0,0,0,0,0
450764,1,1,0,0,0,0,0,0,0,0,0,0
450765,1,1,0,0,0,0,0,0,0,0,0,0
450765,2,1,0,0,0,0,0,0,0,0,0,0
450766,1,1,0,0,0,0,0,0,0,0,0,0
450766,2,1,0,0,0,0,0,0,0,0,0,0
450767,1,1,23,23,23,23,23,23,23,23,23,23
450767,2,1,0,0,0,0,0,0,0,0,0,0
450768,1,1,20,20,20,20,20,20,20,20,20,20
450769,1,1,0,0,0,0,0,0,0,0,0,16
450769,2,1,0,0,0,0,0,0,0,0,0,0
450770,1,1,15,15,15,26,24,11,20,36,17,17
450770,2,1,21,0,0,7,0,0,0,0,0,0
450771,1,1,0,0,0,20,0,0,0,0,0,0
450771,2,1,0,0,0,0,0,0,0,0,0,0
450772,1,1,0,0,0,0,0,7,0,0,0,0
450772,2,1,0,0,0,0,0,0,0,0,0,0
450773,1,1,0,0,0,0,0,0,0,0,0,0
450774,1,1,0,0,18,0,3,0,6,0,0,0
450775,0,1,34,34,34,34,34,34,34,34,34,34
450775,1,1,0,0,0,0,0,0,0,0,0,0
450776,1,1,0,0,10,0,0,0,0,4,0,0
450776,2,1,0,0,0,0,0,0,0,0,0,0
450777,1,1,18,18,18,18,18,18,18,18,18,18
450778,1,1,0,0,0,0,0,0,0,0,0,0
450778,2,1,0,0,0,0,0,0,0,0,0,0
450779,1,1,34,34,34,34,34,34,34,34,34,34
450780,0,1,18,18,18,18,18,18,18,18,18,18
450780,1,1,0,0,0,0,0,0,9,0,0,0
450781,1,1,17,6,0,0,0,0,0,0,0,0
450781,2,1,0,0,0,0,0,0,0,0,0,0
450782,0,1,0,0,0,0,0,0,0,0,0,0
450782,1,1,0,0,0,0,0,0,0,0,0,0
450782,2,1,0,0,0,21,0,0,0,0,0,0
450783,1,1,0,0,0,0,0,0,0,0,0,0
450783,2,1,0,0,0,0,0,0,0,0,0,0
450784,0,1,22,22,22,22,22,22,22,22,22,22
450784,1,1,0,0,11,0,0,0,0,34,0,7
450785,1,1,0,0,0,0,0,0,0,0,0,0
450785,2,1,0,0,0,0,0,0,0,0,0,0
450786,0,1,0,0,0,0,0,0,0,0,0,0
450786,1,1,0,0,0,0,0,0,0,0,0,0
450787,1,1,0,0,0,0,0,0,0,0,0,0
450787,2,1,0,0,0,0,0,0,0,0,0,0
450788,0,1,0,0,0,0,0,0,0,0,0,0
450788,1,1,0,0,25,0,0,14,0,0,7,0
450789,0,1,0,0,0,0,0,0,0,0,0,0
450789,1,1,0,0,0,0,0,0,0,0,0,0
450790,1,1,0,0,0,0,0,0,0,0,0,0
450790,2,1,0,0,0,0,0,0,0,0,0,0
450790,3,1,0,0,0,0,0,0,0,0,0,0
450791,1,1,0,0,0,0,0,0,0,0,0,0
450791,2,1,0,0,0,0,0,0,0,0,0,22
450791,3,1,0,0,0,0,0,0,0,0,0,0
450791,4,1,0,0,0,0,0,0,0,0,0,0
450792,1,1,1,1,1,1,1,1,1,1,1,1
450793,1,1,0,0,0,0,0,0,0,0,0,0
450794,1,1,0,9,0,0,0,0,0,0,0,0
450795,1,1,18,18,18,18,18,18,18,18,18,18
450796,1,1,0,0,0,0,0,0,0,0,0,0
450796,2,1,0,0,0,0,0,0,0,0,0,0
450797,1,1,0,0,0,0,0,0,13,0,2,0
450798,1,1,0,0,0,0,0,0,0,0,0,0
450798,2,1,0,0,0,0,0,0,0,0,0,0
450799,1,1,0,0,0,0,0,0,0,0,0,0
450799,2,1,0,0,0,0,0,0,0,0,0,0
450800,1,1,16,16,16,16,16,16,16,16,16,16
450801,1,1,27,27,27,27,27,27,27,27,27,27
450802,0,1,13,13,13,13,13,13,13,13,13,13
450802,1,1,0,0,0,0,0,0,0,0,0,0
450803,1,1,15,15,15,15,15,15,15,15,15,15
450804,1,1,0,0,0,0,0,0,0,0,0,0
450805,1,1,12,12,12,12,12,12,12,12,12,12
450806,1,1,0,0,0,0,0,0,0,0,0,0
450806,2,1,6,6,6,6,6,6,6,6,6,6
450807,0,1,0,0,0,0,0,0,0,0,0,0
450807,1,1,0,0,7,0,0,0,0,0,11,0
450808,0,1,27,27,27,27,27,27,27,27,27,27
450808,1,1,0,0,0,0,0,0,0,0,0,0
450809,0,1,1,1,1,1,1,1,1,1,1,1
450809,1,1,0,18,20,0,0,0,12,0,0,0
450810,1,1,0,0,0,0,0,0,0,0,0,0
450811,1,1,0,0,0,0,0,0,0,0,0,0
450811,2,1,0,0,0,0,0,0,0,0,0,0
450811,3,1,0,0,0,0,0,0,0,0,0,0
450812,1,1,12,12,12,12,12,12,12,12,12,12
450813,0,1,2,2,2,2,2,2,2,2,2,2
450813,1,1,0,0,12,0,0,0,0,0,3,0
450814,1,1,0,0,0,0,12,0,0,0,0,16
450814,2,1,0,0,0,0,0,0,0,0,0,0
450815,1,1,0,0,0,0,0,0,0,0,0,0
450815,2,1,0,0,0,0,0,0,0,0,0,0
450815,3,1,0,0,0,0,0,0,0,0,0,0
450816,1,1,2,2,2,2,2,2,2,2,2,2
450817,0,1,0,0,0,0,26,19,11,0,0,0
450817,2,1,0,0,0,0,0,20,0,0,0,0
450818,1,1,0,0,0,0,0,0,0,0,0,0
450818,2,1,0,18,0,0,0,0,0,0,0,0
450818,3,1,0,0,0,0,0,0,0,0,0,0
450819,1,1,9,0,0,0,0,0,0,0,0,0
450820,1,1,0,0,0,0,0,0,0,0,0,0
450820,2,1,0,0,0,0,0,0,0,0,0,0
450820,3,1,0,0,0,0,0,0,0,0,0,0
450821,1,1,0,0,0,0,0,0,0,0,0,0
450821,2,1,0,0,0,0,0,0,0,0,0,0
450822,1,1,0,0,0,0,0,0,0,0,0,19
450822,2,1,0,0,0,0,0,0,0,0,0,11
450823,1,1,0,0,0,0,0,0,0,0,0,0
450823,2,1,23,23,23,23,23,23,23,23,23,23
450824,1,1,0,0,0,0,0,0,0,0,0,0
450824,2,1,0,0,0,0,0,0,0,0,0,0
450825,1,1,0,0,0,0,0,0,0,0,0,0
450825,2,1,0,0,0,0,0,0,0,0,0,10
450826,1,1,0,0,0,0,0,0,0,0,0,0
450826,2,1,0,0,0,0,0,0,0,0,0,0
450827,1,1,0,0,0,0,0,0,0,10,0,0
450827,2,1,0,0,0,0,12,0,0,0,0,0
450828,1,1,0,0,0,0,0,0,0,0,0,0
450829,1,1,0,0,0,0,17,0,0,12,0,0
450830,1,1,22,22,22,22,22,22,22,22,22,22
450831,1,1,15,15,15,15,15,15,15,15,15,15
450832,1,1,0,0,0,0,0,0,0,0,0,0
450832,2,1,0,0,0,0,0,0,0,0,0,0
450832,3,1,0,0,0,0,0,0,0,0,0,0
450833,0,1,11,11,11,11,11,11,11,11,11,11
450833,1,1,10,0,0,0,0,0,0,0,0,0
450834,1,1,18,18,18,18,18,18,18,18,18,18
450834,2,1,0,0,14,0,0,0,0,0,16,6
450834,3,1,0,3,0,0,0,0,0,0,19,0
450834,4,1,19,0,0,0,0,0,0,0,0,0
450835,0,1,37,16,22,30,38,16,20,0,9,20
450835,1,1,16,14,25,10,11,9,10,14,18,2
450836,1,1,0,0,0,0,0,0,0,0,0,0
450836,2,1,0,19,0,0,31,15,0,0,0,0
450837,1,1,4,19,12,20,7,20,16,18,16,10
450838,0,1,0,0,0,0,16,0,9,0,54,14
450838,1,1,0,0,0,0,19,0,0,0,0,0
450839,1,1,0,0,0,0,0,0,0,0,0,0
450839,2,1,0,0,0,0,0,0,0,0,0,0
450840,1,1,0,0,0,5,0,0,0,0,0,0
450841,1,1,0,0,0,0,0,0,0,0,0,0
450841,2,1,0,0,0,0,0,0,0,0,0,0
450841,3,1,0,0,0,0,17,0,0,0,0,0
450842,1,1,14,0,0,0,12,0,0,0,0,0
450842,2,1,0,0,0,0,0,0,0,0,0,0
450843,1,1,0,0,0,0,0,0,0,0,0,0
450843,2,1,0,0,0,0,0,0,0,0,0,0
450845,1,1,0,0,0,0,0,0,0,0,0,0
450845,2,1,0,0,0,0,0,0,0,0,0,0
450845,3,1,0,0,0,3,0,0,0,0,0,0
450846,1,1,0,0,0,0,0,0,0,0,0,0
450846,2,1,0,0,0,0,0,0,0,0,0,12
450847,1,1,17,17,17,17,17,17,17,17,17,17
450848,1,1,0,0,0,0,0,32,0,0,0,0
450848,2,1,0,0,0,0,0,0,16,0,0,0
450849,1,1,0,0,0,0,0,0,0,0,0,0
450849,2,1,0,0,0,0,0,0,0,18,0,0
450850,1,1,37,0,0,22,0,14,0,0,0,0
450850,2,1,0,0,0,0,0,0,0,0,0,0
450851,0,1,0,0,0,0,0,0,11,0,0,0
450851,1,1,0,0,0,0,0,0,18,0,0,0
450852,1,1,8,6,8,18,17,15,5,11,17,20
450853,1,1,0,19,0,0,0,0,0,0,0,0
450853,2,1,9,9,9,9,9,9,9,9,9,9
450854,0,1,0,0,0,0,0,0,0,0,0,0
450855,1,1,0,0,0,0,0,0,0,0,0,0
450855,2,1,0,0,0,0,0,0,0,0,0,0
450855,3,1,0,0,0,0,0,0,0,0,0,12
450856,1,1,0,0,0,0,0,0,0,0,0,0
450857,1,1,0,0,0,0,0,0,0,0,0,0
450857,2,1,0,0,0,0,0,0,0,0,0,0
450857,3,1,0,0,0,0,0,0,0,0,0,0
450858,1,1,0,0,0,0,0,0,0,0,0,0
450858,2,1,0,0,0,0,0,0,0,0,0,0
450859,1,1,0,0,0,0,0,0,0,0,0,0
450860,0,1,18,18,18,18,18,18,18,18,18,18
450860,1,1,0,0,0,0,0,0,0,0,0,0
450861,1,1,24,24,24,24,24,24,24,24,24,24
450862,1,1,15,0,0,4,0,0,0,0,0,0
450863,1,1,16,16,16,16,16,16,16,16,16,16
450864,1,1,0,0,0,14,25,0,0,0,0,0
450864,2,1,29,0,0,18,0,0,12,0,0,0
450865,1,1,20,20,20,20,20,20,20,20,20,20
450866,0,1,28,28,28,28,28,28,28,28,28,28
450866,1,1,0,0,0,0,0,0,0,0,0,0
450866,2,1,0,0,0,0,0,0,0,0,0,0
450867,1,1,21,21,21,21,21,21,21,21,21,21
450868,1,1,0,0,0,0,0,0,0,0,0,6
450868,2,1,0,0,0,0,0,0,0,0,0,0
450869,1,1,0,0,9,0,0,0,10,0,0,0
450869,2,1,0,0,0,0,0,0,0,0,0,0
450869,3,1,0,0,0,0,0,0,0,0,15,0
450869,4,1,0,0,0,0,0,0,0,0,0,0
450870,1,1,14,14,14,14,14,14,14,14,14,14
450871,1,1,0,0,0,0,0,0,0,0,0,0
450871,2,1,0,0,0,0,0,0,0,0,0,0
450872,1,1,0,0,0,0,0,0,0,0,0,0
450872,2,1,0,0,0,0,0,0,0,0,12,0
450873,1,1,0,0,0,0,0,0,0,0,4,0
450874,0,1,0,0,0,0,0,0,0,0,0,0
450874,1,1,6,0,0,0,0,0,0,0,0,0
450875,1,1,0,0,0,0,0,0,0,0,0,7
450875,2,1,0,0,0,0,0,0,0,0,0,0
450875,3,1,0,0,0,0,0,0,0,0,0,0
450876,1,1,53,53,53,53,53,53,53,53,53,53
450876,2,1,0,0,0,0,0,0,0,0,0,5
450877,0,1,0,0,0,0,0,0,0,0,0,0
450877,1,1,0,0,0,0,0,0,0,0,0,0
450878,1,1,0,0,0,0,0,0,0,0,0,0
450878,2,1,0,0,0,0,0,0,0,0,0,0
450879,0,1,0,0,0,0,0,0,0,0,0,0
450879,1,1,21,0,27,0,0,0,0,0,0,0
450880,4,1,11,11,11,11,11,11,11,11,11,11
450881,1,1,0,10,0,17,10,13,10,18,2,6
450881,2,1,0,0,9,0,0,0,0,0,0,0
450882,1,1,0,19,0,0,0,0,0,0,0,0
450883,1,1,0,0,0,0,0,0,0,0,0,0
450883,2,1,0,0,0,0,0,0,0,0,0,0
450884,1,1,0,0,0,0,0,0,0,0,0,0
450884,2,1,0,0,0,0,0,0,0,0,0,0
450885,1,1,0,0,0,0,0,0,0,0,0,0
450886,1,1,0,33,0,21,0,0,0,0,0,0
450887,1,1,0,0,0,0,0,0,0,0,0,0
450887,2,1,0,0,0,0,0,0,0,0,0,0
450888,1,1,0,14,0,0,0,21,0,0,0,0
450889,1,1,0,0,0,0,0,0,0,0,0,0
450889,2,1,0,0,0,0,0,0,0,0,0,0
450889,3,1,0,0,0,0,0,0,0,0,0,0
450890,0,1,29,29,29,29,29,29,29,29,29,29
450890,1,1,0,0,0,0,0,0,0,0,0,0
450891,1,1,0,0,0,0,0,0,0,0,0,0
450891,2,1,0,5,0,0,0,0,0,0,0,0
450892,1,1,12,5,24,14,20,5,15,26,5,29
450893,1,1,22,22,22,22,22,22,22,22,22,22
450894,1,1,0,0,0,0,0,0,0,0,0,0
450894,2,1,0,0,0,0,0,0,0,0,0,0
450894,3,1,0,0,0,0,0,0,0,0,0,24
450895,1,1,17,17,17,17,17,17,17,17,17,17
450896,1,1,0,0,0,0,0,0,0,0,0,0
450896,2,1,0,0,0,0,0,0,0,0,0,0
450897,1,1,28,28,28,28,28,28,28,28,28,28
450898,1,1,48,9,11,10,45,26,15,13,10,29
450898,2,1,0,0,19,0,0,0,27,0,0,0
450899,1,1,0,0,0,0,0,0,0,0,0,0
450900,1,1,18,18,18,18,18,18,18,18,18,18
450900,2,1,0,0,0,0,6,13,0,0,12,0
450901,1,1,0,0,0,0,0,0,0,12,0,0
450901,2,1,0,0,12,0,0,0,0,0,0,0
450902,1,1,0,0,0,0,0,0,0,0,0,0
450903,1,1,0,0,0,0,0,0,0,0,0,0
450904,0,1,23,23,23,23,23,23,23,23,23,23
450904,1,1,0,0,0,0,0,0,0,0,0,0
450905,1,1,0,0,0,0,0,0,0,0,0,0
450905,2,1,0,0,0,0,0,0,0,0,0,0
450906,0,1,0,0,0,0,0,0,0,0,0,0
450906,1,1,0,0,0,0,0,0,0,0,0,0
450907,1,1,0,28,24,0,13,8,4,14,24,27
450907,2,1,0,0,0,0,0,0,0,0,0,0
450908,1,1,9,9,9,9,9,9,9,9,9,9
450909,0,1,38,6,13,17,13,18,14,27,23,23
450909,1,1,8,0,0,10,4,0,0,16,0,12
450910,0,1,16,16,16,16,16,16,16,16,16,16
450910,1,1,0,0,0,0,0,0,0,0,0,0
450910,2,1,16,16,16,16,16,16,16,16,16,16
450910,3,1,0,0,0,0,0,0,0,11,0,2
450910,4,1,0,0,0,0,0,7,0,0,0,0
450911,1,1,0,0,0,0,0,0,0,0,0,6
450911,2,1,0,0,0,0,0,0,0,0,0,0
450912,1,1,0,0,0,0,0,0,0,0,7,0
450912,2,1,0,0,0,0,0,0,0,0,0,0
450913,1,1,2,2,2,2,2,2,2,2,2,2
450914,1,1,0,0,0,0,0,0,0,0,0,0
450914,2,1,17,0,0,0,0,0,0,0,0,0
460001,1,1,0,0,0,0,0,0,0,0,0,0
460002,1,1,30,30,30,30,30,30,30,30,30,30
460003,1,1,0,0,0,0,0,0,0,0,0,0
460003,2,1,0,0,0,0,0,0,0,0,0,0
460004,1,1,0,0,0,0,0,0,0,0,0,0
460005,1,1,27,27,27,27,27,27,27,27,27,27
460006,1,1,0,0,0,0,0,0,0,0,0,0
460007,1,1,19,19,19,19,19,19,19,19,19,19
460008,1,1,0,0,0,0,0,0,0,0,0,0
460008,2,1,0,0,0,0,0,0,0,0,0,0
460008,3,1,0,0,0,0,0,0,0,0,0,0
460009,0,1,0,0,0,0,0,0,0,0,0,0
460009,1,1,0,0,0,0,0,0,0,0,0,0
460010,1,1,0,0,0,0,0,0,0,0,0,0
460010,2,1,0,0,0,0,0,0,0,0,0,0
460011,1,1,32,32,32,32,32,32,32,32,32,32
460012,1,1,14,14,14,14,14,14,14,14,14,14
460013,1,1,24,24,24,24,24,24,24,24,24,24
460014,1,1,0,0,0,0,0,0,0,0,0,0
460015,1,1,27,27,27,27,27,27,27,27,27,27
460016,1,1,0,0,0,0,0,0,0,0,0,0
460017,1,1,0,0,0,0,0,0,0,0,0,0
460017,2,1,0,0,0,0,0,0,0,0,0,0
460018,1,1,0,0,0,0,0,0,0,0,0,0
460018,2,1,0,0,0,0,0,0,0,0,0,0
460019,1,1,0,0,0,0,0,0,0,0,0,0
460020,1,1,48,48,48,48,48,48,48,48,48,48
460021,1,1,0,0,0,0,0,0,0,0,0,0
460022,1,1,0,0,0,0,0,0,0,0,0,0
460022,2,1,0,0,0,0,0,0,0,0,0,0
460023,1,1,12,12,12,12,12,12,12,12,12,12
460023,2,1,0,0,0,0,0,0,0,0,0,0
460024,1,1,23,23,23,23,23,23,23,23,23,23
460025,1,1,0,0,0,0,0,0,0,0,0,22
460025,2,1,0,0,0,0,0,0,0,0,0,0
460026,1,1,16,16,16,16,16,16,16,16,16,16
460027,1,1,0,0,0,0,0,0,0,0,0,0
460027,2,1,0,0,0,0,0,0,0,0,0,0
460028,1,1,34,34,34,34,34,34,34,34,34,34
460029,1,1,10,10,10,10,10,10,10,10,10,10
460030,1,1,0,0,0,0,0,0,0,0,0,0
460031,1,1,0,0,0,0,0,0,0,0,0,0
460031,2,1,11,11,11,11,11,11,11,11,11,11
460032,1,1,0,0,0,0,0,0,0,0,0,0
460032,2,1,0,0,0,0,0,0,0,0,0,0
460033,1,1,0,0,0,0,0,0,0,0,0,0
460034,1,1,0,2,0,0,0,0,0,6,11,0
460034,2,1,0,0,15,0,0,0,11,0,0,0
460035,1,1,18,18,18,18,18,18,18,18,18,18
460036,1,1,0,0,0,0,0,0,0,0,0,0
460036,2,1,0,0,0,0,15,0,0,22,0,17
460037,1,1,15,0,0,0,0,0,0,0,0,0
460038,1,1,15,15,15,15,15,15,15,15,15,15
460040,1,1,0,0,0,0,0,0,0,0,0,0
460040,2,1,0,0,0,0,0,0,0,0,0,0
460041,1,1,0,0,0,0,0,0,0,0,0,0
460041,2,1,0,0,0,0,0,0,0,0,0,0
460042,1,1,25,25,25,25,25,25,25,25,25,25
460043,1,1,0,0,0,0,0,0,0,0,0,0
460043,2,1,0,0,0,0,0,0,0,0,0,0
460044,1,1,5,5,5,5,5,5,5,5,5,5
460045,1,1,0,0,0,0,0,0,0,0,0,0
460046,1,1,0,0,0,0,0,0,0,0,0,0
460046,2,1,0,0,0,0,0,0,0,0,0,0
460047,1,1,0,0,0,0,0,0,0,0,0,0
460047,2,1,0,0,0,0,0,0,0,0,0,0
460048,1,1,0,0,0,0,0,0,0,0,0,0
460048,2,1,0,0,0,0,0,0,0,0,0,0
460049,1,1,0,0,0,0,0,0,0,0,0,0
460050,1,1,0,0,0,0,0,0,0,0,0,0
460050,2,1,0,0,0,0,0,0,0,0,0,0
460051,1,1,0,0,0,0,0,0,0,0,0,0
460052,1,1,15,15,15,15,15,15,15,15,15,15
460053,1,1,0,0,0,0,0,0,0,0,0,0
460053,2,1,0,0,0,0,0,0,0,0,0,0
460053,3,1,0,0,0,0,0,0,0,0,0,0
460054,1,1,0,0,0,0,0,0,0,0,0,0
460055,1,1,0,0,0,0,0,0,0,0,0,0
460055,2,1,0,0,0,0,0,0,0,0,0,0
460056,1,1,0,0,0,0,0,0,0,0,0,0
460057,1,1,0,0,0,0,0,0,0,0,0,0
460058,1,1,0,0,0,0,0,0,0,0,0,0
460058,2,1,0,0,0,0,0,0,0,0,0,0
460058,3,1,0,0,0,0,0,0,0,0,0,0
460059,1,1,0,0,0,0,0,0,0,0,0,0
460060,1,1,0,0,0,0,0,0,0,0,0,0
460060,2,1,0,0,0,0,0,0,0,0,0,0
460061,1,1,12,12,12,12,12,12,12,12,12,12
460062,1,1,12,12,12,12,12,12,12,12,12,12
460062,2,1,0,0,0,0,0,0,0,0,0,0
460063,1,1,0,0,0,0,0,0,0,0,0,0
460064,1,1,0,0,0,0,0,0,0,0,0,0
460064,2,1,0,0,0,0,0,0,0,0,0,0
460064,3,1,0,0,0,0,0,0,0,0,0,0
460065,1,1,0,0,0,0,0,0,0,0,0,0
460065,2,1,0,0,0,0,0,0,0,0,0,0
460066,1,1,0,0,0,0,0,0,0,0,0,0
460067,1,1,0,0,0,0,0,0,0,0,0,0
460067,2,1,0,0,0,0,0,0,0,0,0,0
460068,1,1,0,0,0,0,0,0,0,0,0,0
460068,2,1,0,0,0,0,0,0,0,0,0,0
460069,1,1,19,19,19,19,19,19,19,19,19,19
460070,1,1,0,0,0,0,0,0,0,0,0,0
460071,1,1,18,18,18,18,18,18,18,18,18,18
460072,1,1,0,0,0,0,0,0,0,0,0,0
460073,1,1,0,0,0,0,0,0,0,0,0,0
460073,2,1,0,0,0,0,0,0,0,0,0,0
460074,1,1,0,0,0,0,0,0,0,0,0,0
460074,2,1,0,0,0,0,0,0,0,0,0,0
460074,3,1,0,0,0,0,0,0,0,0,0,0
460075,1,1,0,0,0,0,0,0,0,0,0,0
460075,2,1,0,0,0,0,0,0,0,0,0,0
460076,1,1,30,30,30,30,30,30,30,30,30,30
460076,2,1,0,0,0,0,0,0,0,0,0,0
460077,1,1,0,0,0,0,0,0,0,0,0,0
460078,1,1,0,0,0,0,0,0,0,0,0,0
460079,1,1,0,0,0,0,0,0,0,0,0,0
460080,1,1,0,7,0,0,0,0,21,4,0,27
460081,1,1,24,24,24,24,24,24,24,24,24,24
460081,2,1,0,0,0,0,0,0,0,0,0,0
460082,1,1,18,18,18,18,18,18,18,18,18,18
460083,1,1,0,0,0,0,0,0,0,0,0,0
460084,1,1,0,0,0,0,0,0,0,0,0,0
460084,2,1,21,21,21,21,21,21,21,21,21,21
460085,1,1,28,28,28,28,28,28,28,28,28,28
460086,1,1,21,21,21,21,21,21,21,21,21,21
460087,1,1,0,0,0,0,0,0,0,0,0,0
460087,2,1,0,0,0,0,0,0,0,0,0,0
460088,1,1,0,0,0,0,0,0,0,0,0,0
460089,1,1,0,0,0,0,21,0,3,0,8,0
460089,2,1,0,0,0,0,0,0,0,0,0,0
460090,1,1,0,0,0,0,0,0,0,0,0,0
460090,2,1,0,0,0,0,0,0,0,0,0,0
460091,1,1,0,0,0,0,0,0,0,0,0,0
460091,2,1,0,0,0,0,0,0,0,0,0,0
460092,1,1,32,32,32,32,32,32,32,32,32,32
460093,1,1,22,22,22,22,22,22,22,22,22,22
460093,2,1,0,0,0,0,0,0,0,0,0,0
460094,1,1,0,0,0,0,0,0,0,0,0,0
460095,0,1,8,19,0,0,0,7,16,47,0,0
460095,1,1,0,0,0,0,0,0,0,0,0,0
460096,0,1,23,23,23,23,23,23,23,23,23,23
460096,1,1,0,0,0,0,0,0,0,0,0,0
460096,2,1,4,4,4,4,4,4,4,4,4,4
460097,1,1,0,0,0,0,0,0,0,0,0,0
460098,1,1,29,29,29,29,29,29,29,29,29,29
460099,1,1,34,34,34,34,34,34,34,34,34,34
460100,1,1,14,14,14,14,14,14,14,14,14,14
460101,1,1,24,24,24,24,24,24,24,24,24,24
460102,1,1,0,0,0,0,0,0,0,0,0,0
460102,2,1,0,0,0,0,0,0,0,0,0,0
460103,1,1,0,0,0,0,0,0,0,0,0,0
460104,1,1,18,18,18,18,18,18,18,18,18,18
460104,2,1,0,0,0,0,0,0,0,0,0,0
460105,1,1,0,0,0,0,0,0,0,0,0,0
460106,1,1,22,22,22,22,22,22,22,22,22,22
460106,2,1,0,0,0,27,28,0,0,6,0,0
460106,3,1,0,0,0,18,0,0,0,15,0,0
460106,4,1,0,0,0,0,0,0,0,0,0,0
460107,0,1,14,0,29,0,0,0,8,19,0,0
460107,1,1,0,0,0,0,0,0,0,0,0,0
460108,1,1,0,0,0,0,0,0,0,0,0,0
460108,2,1,0,0,0,0,0,0,0,0,0,0
460109,1,1,0,0,0,0,0,0,0,0,0,0
460109,2,1,0,0,0,0,0,0,0,0,0,0
460110,1,1,0,0,0,0,0,0,0,0,0,0
460111,1,1,0,0,0,0,0,0,0,0,0,0
460112,0,1,0,0,0,0,0,0,0,0,0,0
460112,1,1,0,0,0,0,0,0,0,0,0,0
460113,0,1,0,0,0,0,0,0,0,0,0,0
460114,1,1,0,0,0,0,0,0,0,0,0,0
460115,1,1,0,0,0,0,0,0,0,0,0,0
460116,1,1,14,14,14,14,14,14,14,14,14,14
460117,0,1,0,0,0,24,0,0,0,0,42,0