ST_CASE,VEH_NO,PER_NO,P1,P2,P3,P4,P5,P6,P7,P8,P9,P10
460117,1,1,0,24,12,11,14,14,13,6,0,23
470001,1,1,27,27,27,27,27,27,27,27,27,27
470001,2,1,0,0,0,0,0,0,0,0,0,0
470001,3,1,0,0,0,0,0,0,0,0,0,0
470002,1,1,0,0,0,0,0,0,0,0,0,0
470003,1,1,0,0,0,0,0,0,0,0,0,0
470004,1,1,0,0,0,26,0,0,0,0,0,0
470004,2,1,0,0,0,14,0,0,0,0,0,0
470005,1,1,0,0,0,0,0,0,0,0,0,0
470005,2,1,0,0,0,0,0,0,0,0,0,0
470006,0,1,0,0,0,0,0,0,0,0,0,0
470006,1,1,0,0,0,0,0,0,0,0,0,0
470007,1,1,0,0,0,0,0,0,0,0,0,0
470007,2,1,0,0,0,0,0,0,0,0,0,0
470008,1,1,0,0,0,0,0,0,0,0,0,0
470008,2,1,0,0,0,0,0,0,0,0,0,0
470009,1,1,10,10,10,10,10,10,10,10,10,10
470010,1,1,0,0,16,0,0,15,31,30,15,25
470011,1,1,29,33,0,13,11,13,0,0,12,0
470012,1,1,0,0,0,0,0,0,0,0,0,0
470013,1,1,0,0,0,0,0,0,0,0,0,0
470013,2,1,27,0,0,0,0,0,0,0,0,0
470013,3,1,0,0,0,0,0,0,0,16,0,0
470014,1,1,0,0,0,0,0,17,0,0,0,0
470014,2,1,14,14,14,14,14,14,14,14,14,14
470015,0,1,14,15,0,24,0,0,0,24,0,0
470015,1,1,0,0,0,0,0,0,0,0,0,0
470016,1,1,0,8,0,0,0,0,0,0,0,0
470017,1,1,18,18,18,18,18,18,18,18,18,18
470017,2,1,0,15,0,0,0,0,0,0,0,0
470018,1,1,14,14,14,14,14,14,14,14,14,14
470019,1,1,25,25,25,25,25,25,25,25,25,25
470019,2,1,0,0,0,0,0,0,0,0,0,0
470020,0,1,26,26,26,26,26,26,26,26,26,26
470020,1,1,0,0,0,0,0,0,0,0,0,0
470020,2,1,0,0,0,0,0,0,0,0,0,0
470021,0,1,0,0,0,0,0,0,0,0,0,0
470021,1,1,0,0,0,0,0,0,0,0,0,0
470022,1,1,0,0,0,0,0,0,0,0,0,0
470022,2,1,0,0,0,0,0,0,0,0,0,0
470023,0,1,23,23,23,23,23,23,23,23,23,23
470023,1,1,10,0,0,0,0,0,0,14,0,10
470024,1,1,7,7,7,7,7,7,7,7,7,7
470025,1,1,0,0,0,0,0,0,0,0,0,0
470025,2,1,0,0,0,0,0,0,0,0,0,0
470025,3,1,0,0,0,0,0,0,0,0,0,0
470025,4,1,0,0,0,0,0,0,0,7,0,0
470026,1,1,14,14,14,14,14,14,14,14,14,14
470026,2,1,0,0,0,0,0,0,0,0,0,0
470027,1,1,0,0,0,0,0,0,0,0,0,0
470027,2,1,0,0,0,0,0,0,0,0,0,0
470028,1,1,4,4,4,4,4,4,4,4,4,4
470029,1,1,18,18,18,18,18,18,18,18,18,18
470029,2,1,0,0,0,0,0,0,0,0,0,0
470030,1,1,11,11,11,11,11,11,11,11,11,11
470031,1,1,0,0,0,0,0,0,0,0,0,0
470032,1,1,0,0,0,0,0,0,0,0,0,0
470032,2,1,0,0,0,0,0,0,0,0,0,0
470033,1,1,0,0,0,36,0,0,0,0,19,0
470034,1,1,0,0,0,0,0,0,0,0,0,0
470034,2,1,0,0,0,0,0,0,0,0,0,0
470035,1,1,0,0,19,12,0,0,0,0,26,0
470036,0,1,0,0,0,0,0,0,0,0,0,0
470036,0,2,0,0,0,0,0,0,0,0,0,0
470036,1,1,0,0,0,0,0,0,0,0,0,0
470037,1,1,3,3,3,3,3,3,3,3,3,3
470038,1,1,20,20,20,20,20,20,20,20,20,20
470039,1,1,0,0,0,0,0,0,0,0,0,0
470040,1,1,18,0,32,0,0,0,0,11,0,0
470041,1,1,0,0,0,0,0,0,0,0,0,0
470041,2,1,0,0,0,0,0,0,0,0,0,0
470043,1,1,0,0,0,0,0,0,0,0,0,0
470044,1,1,0,0,0,0,0,0,0,0,0,0
470044,2,1,0,0,0,0,0,0,0,0,0,0
470045,1,1,10,10,10,10,10,10,10,10,10,10
470047,1,1,0,0,0,0,0,0,0,0,0,0
470047,2,1,0,0,0,0,0,0,0,0,0,0
470049,0,1,14,14,14,14,14,14,14,14,14,14
470049,2,1,8,8,8,8,8,8,8,8,8,8
470051,1,1,17,18,25,0,15,23,32,9,7,34
470051,2,1,0,0,0,0,0,0,0,0,0,0
470052,1,1,17,17,17,17,17,17,17,17,17,17
470053,1,1,0,0,0,0,0,0,0,0,0,0
470054,0,1,18,18,18,18,18,18,18,18,18,18
470054,1,1,0,0,0,0,0,0,0,0,0,0
470055,1,1,0,0,0,0,0,0,0,0,0,0
470055,2,1,0,0,0,0,0,0,0,0,0,0
470056,1,1,11,11,11,11,11,11,11,11,11,11
470056,2,1,0,0,0,0,0,0,0,0,0,0
470057,0,1,0,0,0,0,0,0,0,0,0,0
470057,1,1,0,0,0,0,0,0,0,0,0,0
470058,1,1,0,0,0,0,0,0,0,0,0,0
470058,2,1,0,0,0,0,0,0,0,0,0,0
470059,1,1,0,0,0,0,0,0,0,0,0,0
470059,2,1,0,0,0,0,0,0,0,0,0,0
470060,0,1,6,22,0,0,0,0,16,10,0,0
470060,1,1,0,3,0,0,0,0,0,0,0,0
470062,1,1,0,0,0,0,0,0,0,0,0,0
470062,2,1,0,0,0,0,0,0,0,0,0,0
470063,1,1,0,0,0,0,0,0,0,0,0,0
470063,2,1,0,0,0,0,0,0,27,0,0,0
470064,1,1,0,0,0,0,0,0,0,0,0,0
470064,2,1,0,0,0,0,0,0,0,0,0,0
470064,3,1,0,0,0,0,0,0,0,0,0,0
470065,1,1,23,23,23,23,23,23,23,23,23,23
470066,1,1,22,22,22,22,22,22,22,22,22,22
470066,2,1,0,0,0,0,0,0,0,0,0,0
470067,1,1,24,24,24,24,24,24,24,24,24,24
470068,1,1,0,0,0,0,0,0,0,0,0,0
470068,2,1,0,0,0,0,0,0,0,0,0,0
470068,3,1,0,0,0,0,0,0,0,0,2,0
470069,1,1,0,0,0,0,0,0,0,0,0,0
470069,2,1,0,0,0,0,0,0,0,0,0,0
470070,1,1,0,0,0,0,0,0,0,0,0,0
470071,1,1,0,0,0,0,0,0,0,0,0,0
470071,2,1,0,0,0,0,0,0,0,0,0,0
470072,1,1,0,0,0,0,0,0,0,0,0,0
470073,1,1,0,0,0,0,0,0,0,0,0,0
470074,1,1,0,0,0,0,0,0,0,0,0,0
470074,2,1,0,0,0,0,0,0,0,0,0,0
470075,1,1,0,0,0,0,0,0,0,0,0,0
470076,1,1,0,0,0,0,0,0,0,0,0,0
470076,2,1,0,0,14,0,0,0,0,0,13,0
470077,1,1,15,0,0,0,0,0,0,0,0,0
470078,1,1,0,0,0,0,0,0,0,0,0,0
470079,0,1,14,14,14,14,14,14,14,14,14,14
470079,1,1,0,0,0,0,0,0,27,0,0,0
470080,1,1,28,28,28,28,28,28,28,28,28,28
470080,2,1,0,0,0,0,0,0,0,0,0,0
470081,0,1,0,0,0,0,0,0,0,0,3,0
470081,1,1,0,0,0,0,0,0,0,0,0,0
470083,1,1,0,0,0,0,0,0,0,0,0,0
470083,2,1,0,0,0,0,0,0,0,0,0,0
470084,1,1,0,0,0,0,0,0,0,0,0,0
470084,2,1,0,0,0,0,0,0,0,0,0,0
470085,1,1,0,0,0,0,0,0,0,0,0,0
470085,2,1,0,0,0,0,0,0,0,0,0,0
470086,0,1,14,14,14,14,14,14,14,14,14,14
470086,1,1,0,0,0,0,0,0,0,0,0,0
470087,1,1,0,0,0,0,0,0,0,0,0,0
470087,2,1,0,0,0,0,0,0,0,0,0,0
470088,1,1,22,22,22,22,22,22,22,22,22,22
470089,1,1,0,0,0,0,0,0,0,0,0,0
470089,2,1,0,0,0,0,0,0,0,0,0,0
470090,1,1,0,0,0,0,0,0,0,0,0,0
470091,1,1,7,7,7,7,7,7,7,7,7,7
470092,1,1,0,0,0,0,0,0,0,0,0,0
470093,1,1,19,15,20,35,11,16,31,5,21,11
470094,1,1,13,13,13,13,13,13,13,13,13,13
470095,1,1,0,0,0,0,0,0,0,0,0,0
470095,2,1,0,0,0,0,0,0,0,0,0,0
470096,0,1,0,0,0,0,0,0,0,0,0,0
470096,1,1,0,12,0,0,0,0,0,6,11,25
470097,1,1,25,25,25,25,25,25,25,25,25,25
470098,1,1,0,0,0,0,11,0,0,0,0,0
470098,2,1,0,0,0,0,0,0,0,0,0,0
470099,1,1,13,13,13,13,13,13,13,13,13,13
470100,1,1,14,20,0,0,0,5,0,0,0,4
470101,1,1,0,0,0,0,0,0,0,0,0,0
470101,2,1,0,5,25,0,0,8,7,0,0,0
470102,1,1,22,22,22,22,22,22,22,22,22,22
470103,0,1,0,0,0,0,0,0,0,0,0,0
470103,0,2,0,0,0,0,0,0,0,0,0,0
470103,0,3,0,0,0,0,0,0,0,0,0,0
470103,0,4,0,0,0,0,0,0,0,0,0,0
470103,1,1,0,0,0,0,0,0,0,0,0,0
470103,2,1,0,0,0,0,0,0,0,0,0,0
470104,1,1,0,0,0,0,0,0,0,0,0,0
470104,2,1,0,0,0,0,0,0,0,0,0,0
470104,3,1,0,0,0,0,0,0,0,0,0,0
470104,4,1,0,0,0,0,0,0,0,0,0,0
470106,0,1,0,0,0,0,0,0,0,0,0,0
470106,1,1,0,0,0,0,0,0,0,0,0,0
470107,1,1,0,0,0,0,0,0,0,0,0,0
470107,2,1,0,0,0,0,0,0,0,0,0,0
470108,1,1,0,0,0,0,0,0,0,0,0,0
470108,2,1,4,4,4,4,4,4,4,4,4,4
470109,1,1,0,0,0,0,0,0,0,0,0,0
470109,2,1,0,0,0,0,0,0,0,0,0,0
470109,3,1,0,0,0,0,0,0,0,0,0,0
470109,4,1,0,0,0,0,0,0,0,0,0,0
470109,5,1,0,0,0,0,0,0,0,0,0,0
470110,0,1,9,11,0,24,16,0,15,0,14,48
470110,1,1,0,0,0,0,0,0,0,0,0,6
470112,0,1,0,0,0,0,0,0,0,0,0,0
470112,0,2,0,0,0,0,24,0,0,9,0,0
470112,1,1,0,0,0,0,0,0,0,0,0,0
470113,1,1,0,0,0,0,0,0,0,0,0,0
470113,2,1,0,0,0,0,0,0,0,0,0,0
470113,3,1,0,0,0,0,0,0,0,0,0,0
470114,1,1,0,0,0,0,0,0,0,0,0,0
470114,2,1,0,0,0,0,0,0,0,0,0,0
470115,1,1,4,4,4,4,4,4,4,4,4,4
470116,0,1,0,0,0,23,0,0,0,0,42,28
470116,0,2,12,12,12,12,12,12,12,12,12,12
470116,1,1,0,0,0,0,0,0,0,0,0,0
470117,1,1,12,24,0,0,0,0,0,0,0,0
470117,2,1,0,0,0,0,0,0,0,0,0,0
470117,3,1,0,0,0,0,0,0,0,0,0,0
470117,4,1,0,0,0,0,0,0,0,0,0,0
470118,1,1,0,0,0,0,0,0,0,0,0,0
470119,1,1,0,0,0,0,0,0,0,0,0,0
470119,2,1,0,0,0,0,0,0,0,0,0,0
470120,1,1,0,0,0,0,0,0,0,0,0,0
470121,1,1,23,23,23,23,23,23,23,23,23,23
470122,1,1,29,29,29,29,29,29,29,29,29,29
470122,2,1,0,0,0,0,0,0,0,0,0,0
470123,1,1,0,0,0,0,0,0,0,0,0,0
470123,2,1,0,0,0,0,0,0,0,0,0,0
470125,0,1,17,17,17,17,17,17,17,17,17,17
470125,1,1,0,11,0,0,0,0,0,0,8,0
470126,1,1,26,26,26,26,26,26,26,26,26,26
470127,1,1,11,11,11,11,11,11,11,11,11,11
470127,2,1,0,0,0,0,0,0,0,0,0,0
470128,1,1,0,0,0,0,0,0,0,0,0,6
470128,2,1,0,0,0,0,0,0,0,0,0,0
470129,1,1,11,18,32,26,23,19,5,16,8,16
470130,1,1,0,0,0,0,0,0,0,0,0,0
470130,2,1,0,0,0,0,0,0,0,0,0,0
470131,1,1,0,0,0,0,0,0,0,0,0,0
470131,2,1,0,0,0,0,0,0,0,0,0,0
470131,3,1,0,0,0,0,0,0,0,0,0,0
470132,1,1,0,0,16,0,0,0,0,0,0,7
470133,1,1,0,0,0,0,0,0,0,0,0,0
470134,1,1,0,0,0,0,0,0,0,0,0,0
470134,2,1,0,0,0,0,0,0,0,0,0,0
470135,1,1,30,30,30,30,30,30,30,30,30,30
470136,1,1,0,0,0,0,0,0,0,0,0,0
470137,0,1,27,27,27,27,27,27,27,27,27,27
470137,1,1,13,0,0,0,0,0,0,0,0,0
470139,1,1,18,18,18,18,18,18,18,18,18,18
470140,1,1,0,0,0,0,0,0,0,0,0,0
470140,2,1,0,0,0,0,0,0,0,0,0,0
470141,1,1,20,20,20,20,20,20,20,20,20,20
470142,1,1,0,0,0,0,0,0,0,0,0,0
470142,2,1,0,0,0,0,0,0,0,0,0,0
470143,1,1,0,0,0,0,0,0,0,0,0,0
470144,1,1,0,0,0,0,0,0,0,0,0,0
470145,1,1,0,0,0,13,0,0,0,0,0,0
470146,1,1,0,0,0,0,0,0,0,0,0,0
470147,1,1,0,0,0,0,0,0,0,0,0,0
470147,2,1,0,0,0,0,0,0,0,0,0,0
470148,1,1,0,0,0,0,0,0,0,0,0,0
470149,1,1,7,7,7,7,7,7,7,7,7,7
470149,2,1,0,0,0,0,0,0,0,0,0,0
470150,1,1,0,0,0,0,0,0,0,0,0,0
470151,1,1,0,0,0,0,0,0,0,0,0,0
470151,2,1,0,0,0,0,0,0,0,0,0,0
470152,1,1,28,28,28,28,28,28,28,28,28,28
470153,1,1,0,0,0,0,0,0,0,0,0,0
470154,0,1,0,0,0,0,0,0,0,0,0,0
470154,1,1,0,0,0,0,0,0,0,0,0,17
470155,1,1,24,24,24,24,24,24,24,24,24,24
470156,1,1,0,0,0,0,0,0,0,0,0,0
470156,2,1,0,0,0,0,0,0,0,0,0,0
470157,1,1,0,0,0,0,0,0,0,0,0,0
470157,2,1,0,0,0,0,0,0,0,0,0,0
470158,1,1,10,10,10,10,10,10,10,10,10,10
470158,2,1,0,0,0,0,0,0,0,0,0,0
470159,1,1,0,0,0,0,0,0,0,0,0,0
470159,2,1,0,0,0,0,24,0,0,0,0,0
470160,1,1,19,19,19,19,19,19,19,19,19,19
470161,1,1,0,0,0,0,0,0,0,0,0,0
470162,1,1,0,0,0,26,0,0,0,0,0,0
470163,0,1,0,21,22,15,23,0,39,12,42,0
470163,1,1,0,0,0,0,0,0,0,0,0,0
470164,1,1,0,0,0,0,0,0,0,0,0,0
470165,1,1,0,0,0,0,0,0,0,0,0,0
470166,1,1,20,20,20,20,20,20,20,20,20,20
470167,1,1,0,0,0,0,0,0,0,0,0,0
470167,2,1,0,0,0,0,0,0,0,0,0,0
470167,3,1,0,0,0,0,0,0,0,0,0,0
470167,4,1,0,0,0,0,0,0,0,0,0,0
470169,1,1,0,0,0,0,0,0,0,0,0,0
470169,2,1,0,0,0,0,0,0,0,0,0,0
470170,1,1,0,0,0,10,0,0,0,0,7,0
470170,2,1,0,0,0,0,0,0,0,0,0,0
470170,3,1,0,0,0,0,0,0,0,11,0,0
470171,1,1,0,0,0,0,0,0,0,9,0,0
470171,2,1,10,10,10,10,10,10,10,10,10,10
470171,3,1,0,0,0,0,0,0,0,0,0,0
470172,1,1,0,0,0,0,0,0,0,0,0,0
470172,2,1,0,0,0,0,0,0,0,0,0,0
470173,0,1,2,2,2,2,2,2,2,2,2,2
470173,1,1,0,0,0,0,0,0,0,0,0,0
470173,2,1,0,0,0,0,0,0,0,0,0,0
470174,1,1,0,0,0,0,0,0,0,0,0,0
470175,1,1,12,12,12,12,12,12,12,12,12,12
470175,2,1,0,0,0,0,0,0,0,0,0,0
470176,1,1,20,20,20,20,20,20,20,20,20,20
470177,1,1,0,0,0,0,0,0,0,0,0,0
470177,2,1,0,0,19,0,0,0,0,0,0,0
470177,3,1,14,14,14,14,14,14,14,14,14,14
470178,1,1,3,3,3,3,3,3,3,3,3,3
470179,1,1,10,10,10,10,10,10,10,10,10,10
470180,1,1,0,0,0,0,0,0,0,0,0,0
470181,1,1,12,12,12,12,12,12,12,12,12,12
470182,1,1,0,0,32,0,0,0,0,0,0,0
470182,2,1,0,0,0,0,0,0,0,0,0,0
470183,1,1,9,9,9,9,9,9,9,9,9,9
470183,2,1,6,6,6,6,6,6,6,6,6,6
470184,1,1,0,0,0,0,0,0,0,0,0,0
470184,2,1,0,0,0,0,0,0,0,0,0,0
470185,1,1,0,0,0,0,30,30,0,0,0,0
470185,2,1,0,0,0,0,0,0,0,0,0,0
470186,1,1,22,22,22,22,22,22,22,22,22,22
470187,1,1,0,0,0,0,0,0,0,0,0,0
470188,1,1,20,20,20,20,20,20,20,20,20,20
470189,1,1,0,0,0,0,0,0,0,0,0,0
470190,1,1,0,0,0,0,0,0,0,0,0,0
470190,2,1,0,0,9,0,0,0,0,0,0,0
470191,0,1,0,0,0,0,0,0,0,0,0,0
470191,1,1,0,0,0,0,0,0,0,0,0,0
470192,1,1,0,0,0,0,0,0,0,0,0,0
470192,2,1,0,0,0,0,0,0,0,0,0,0
470193,1,1,0,0,0,0,0,0,0,28,0,0
470194,1,1,31,31,31,31,31,31,31,31,31,31
470195,1,1,0,0,0,0,0,0,0,0,0,0
470195,2,1,0,0,0,0,0,0,0,0,0,0
470196,1,1,3,0,19,0,0,0,17,0,13,0
470197,1,1,0,0,0,0,0,0,0,0,0,0
470197,2,1,0,0,0,0,0,0,0,0,0,0
470198,1,1,0,14,0,0,0,0,0,0,0,0
470200,1,1,0,0,0,0,0,0,0,0,0,0
470200,2,1,0,0,0,0,0,0,0,0,0,0
470201,1,1,0,16,24,11,0,0,18,29,10,0
470202,1,1,0,0,0,0,0,0,0,0,0,0
470202,2,1,0,0,0,32,0,0,0,0,0,0
470203,1,1,0,0,0,0,0,0,0,0,0,0
470203,2,1,0,0,0,0,0,0,0,0,0,0
470204,1,1,0,0,0,0,0,0,0,0,0,0
470205,1,1,0,0,0,0,0,0,0,0,0,0
470206,1,1,0,0,0,0,0,0,0,0,0,0
470206,2,1,0,0,0,0,0,0,0,0,0,0
470207,1,1,0,0,0,0,0,0,0,0,0,0
470207,2,1,0,0,0,0,0,0,0,0,0,0
470208,1,1,0,0,0,0,0,0,0,0,0,0
470208,2,1,0,24,0,0,0,0,0,0,0,0
470209,1,1,0,0,0,0,0,0,0,0,0,0
470210,1,1,0,0,0,0,0,0,0,0,0,0
470211,1,1,0,0,0,0,0,0,0,0,0,0
470211,2,1,0,0,0,0,0,0,0,0,0,0
470212,1,1,0,0,0,0,0,0,0,0,0,0
470212,2,1,0,0,0,0,0,0,0,0,0,0
470213,1,1,0,0,0,0,0,0,0,0,0,0
470213,2,1,0,0,0,0,0,0,0,0,0,0
470214,1,1,10,10,10,10,10,10,10,10,10,10
470215,0,1,0,0,0,0,0,0,0,0,0,0
470215,1,1,10,10,10,10,10,10,10,10,10,10
470216,1,1,0,0,0,0,0,0,0,0,0,0
470216,2,1,0,0,0,0,0,0,7,0,0,0
470217,1,1,20,20,20,20,20,20,20,20,20,20
470217,2,1,7,7,7,7,7,7,7,7,7,7
470218,1,1,0,0,0,0,0,0,0,0,0,0
470219,0,1,0,0,0,0,0,0,0,0,0,0
470219,1,1,16,0,0,27,0,6,0,3,0,8
470220,1,1,0,0,0,0,0,0,0,0,0,0
470221,1,1,3,3,3,3,3,3,3,3,3,3
470222,1,1,0,0,0,0,0,0,0,0,0,0
470223,1,1,9,9,9,9,9,9,9,9,9,9
470224,1,1,0,0,0,0,0,0,0,0,0,0
470224,2,1,0,0,0,0,0,0,0,0,0,0
470225,1,1,0,11,6,0,39,9,0,25,20,0
470226,1,1,0,0,0,0,0,0,0,0,0,0
470226,2,1,0,0,0,0,0,0,0,0,0,0
470227,1,1,0,0,0,0,0,0,0,0,0,0
470227,2,1,0,0,0,0,0,0,0,0,0,0
470227,3,1,0,0,0,0,0,0,0,0,0,0
470228,1,1,0,0,0,0,0,0,0,0,0,0
470228,2,1,0,0,0,0,0,0,0,0,0,0
470229,0,1,0,5,0,13,0,25,30,0,11,22
470229,1,1,0,0,0,0,13,0,0,0,16,0
470230,1,1,0,0,0,0,0,0,0,0,0,0
470230,2,1,0,0,0,0,0,0,0,0,0,0
470231,1,1,0,0,0,0,0,0,0,0,0,0
470231,2,1,0,0,0,0,0,0,0,0,0,0
470232,1,1,0,0,0,0,0,0,0,0,0,0
470232,2,1,0,0,0,0,0,0,0,0,0,0
470233,1,1,0,0,0,0,0,0,0,0,0,0
470233,2,1,0,0,0,0,0,0,0,0,0,0
470234,1,1,39,0,0,10,0,0,0,0,0,0
470234,2,1,5,5,5,5,5,5,5,5,5,5
470235,1,1,0,0,0,0,0,0,0,0,0,0
470235,2,1,0,0,0,0,0,0,0,0,0,0
470235,3,1,0,0,0,0,0,0,0,0,0,0
470236,1,1,0,0,0,0,0,0,0,0,0,0
470236,2,1,4,4,4,4,4,4,4,4,4,4
470237,1,1,0,0,0,0,0,0,0,0,0,0
470238,1,1,0,0,0,0,0,0,0,0,0,0
470238,2,1,0,0,0,0,0,0,0,0,0,0
470239,0,1,0,0,0,0,0,0,0,0,0,0
470239,1,1,0,0,0,0,0,0,0,0,0,0
470240,1,1,0,0,0,0,0,0,0,0,0,0
470241,1,1,0,0,0,0,0,0,0,0,0,0
470241,2,1,0,0,0,0,0,0,0,0,0,0
470242,1,1,0,0,0,0,0,0,0,0,0,0
470242,2,1,0,0,0,0,0,0,0,0,0,0
470243,1,1,0,0,0,0,0,0,0,0,0,0
470243,2,1,0,0,0,0,0,0,0,0,0,0
470244,1,1,0,0,0,0,0,0,0,9,0,0
470244,2,1,0,0,0,0,0,0,0,0,0,0
470244,3,1,0,0,0,0,0,0,6,0,0,0
470245,1,1,0,0,0,0,0,0,0,0,0,0
470245,2,1,0,0,0,9,0,0,0,0,0,0
470246,1,1,0,0,0,0,0,0,0,0,0,0
470246,2,1,20,20,20,20,20,20,20,20,20,20
470247,1,1,0,9,0,8,0,0,0,0,0,0
470248,1,1,25,25,25,25,25,25,25,25,25,25
470248,2,1,0,0,0,0,0,0,0,0,0,0
470249,1,1,0,0,13,0,0,0,0,0,11,0
470249,2,1,0,0,0,0,0,0,0,0,0,0
470250,1,1,25,25,25,25,25,25,25,25,25,25
470251,1,1,0,0,0,0,0,0,0,0,0,0
470252,1,1,0,0,0,0,0,0,0,0,0,0
470252,2,1,0,0,0,0,0,0,0,0,0,0
470253,1,1,23,23,23,23,23,23,23,23,23,23
470254,0,1,0,17,5,23,8,0,0,0,0,0
470254,1,1,0,0,0,0,0,0,0,0,0,0
470255,1,1,0,0,0,12,0,0,0,0,0,0
470255,2,1,0,0,0,0,0,0,0,0,0,0
470255,3,1,0,0,0,0,0,0,0,0,0,0
470256,0,1,0,0,0,0,0,0,0,0,0,0
470256,1,1,3,3,3,3,3,3,3,3,3,3
470257,1,1,0,0,0,0,0,0,0,0,0,0
470257,2,1,0,0,0,0,0,0,0,0,0,0
470258,1,1,0,0,0,0,0,0,0,0,0,0
470259,1,1,0,0,0,0,0,0,0,0,0,0
470259,2,1,0,0,0,0,0,0,0,0,0,0
470260,1,1,0,17,0,0,0,14,0,6,0,0
470260,2,1,0,0,0,0,0,0,0,0,0,0
470261,1,1,0,0,0,0,0,0,0,0,0,0
470261,2,1,0,0,0,0,0,0,0,0,0,0
470261,3,1,17,0,0,0,0,0,0,0,0,0
470261,4,1,0,0,0,0,0,0,0,0,0,0
470262,1,1,25,25,25,25,25,25,25,25,25,25
470263,1,1,0,0,0,0,0,0,0,0,0,0
470263,2,1,13,0,0,0,0,0,17,0,0,0
470264,1,1,0,0,0,0,0,0,0,0,0,0
470264,2,1,0,0,0,0,0,0,33,0,0,0
470264,3,1,0,0,0,0,0,0,0,0,0,0
470265,1,1,0,9,0,24,0,13,20,0,0,0
470265,2,1,0,0,0,0,12,0,0,0,0,0
470266,0,1,32,32,32,32,32,32,32,32,32,32
470266,1,1,0,0,0,0,0,0,0,0,0,0
470267,1,1,0,0,0,0,0,0,0,0,0,0
470268,0,1,34,0,24,22,0,0,0,0,0,0
470268,0,2,8,8,8,8,8,8,8,8,8,8
470268,1,1,0,0,0,0,0,0,0,0,0,0
470269,1,1,21,21,21,21,21,21,21,21,21,21
470270,1,1,0,0,0,0,0,0,0,0,0,0
470271,1,1,0,9,0,0,0,0,0,0,0,0
470271,2,1,0,0,0,0,0,0,0,0,0,0
470271,3,1,0,0,0,0,0,0,0,0,0,0
470271,4,1,0,0,0,0,0,0,0,0,0,0
470272,1,1,0,0,0,0,0,0,0,0,0,0
470272,2,1,0,0,0,0,0,0,0,0,0,0
470273,1,1,18,18,18,18,18,18,18,18,18,18
470273,2,1,5,5,5,5,5,5,5,5,5,5
470273,3,1,27,0,17,0,0,0,0,0,0,0
470274,1,1,18,18,18,18,18,18,18,18,18,18
470276,1,1,0,0,0,0,0,0,0,0,0,0
470276,2,1,0,0,0,0,0,0,0,0,0,0
470278,1,1,0,0,0,0,0,0,0,0,0,0
470279,1,1,2,2,2,2,2,2,2,2,2,2
470280,1,1,6,18,14,0,10,0,11,24,12,22
470281,1,1,0,0,0,0,0,7,0,0,0,0
470281,2,1,0,0,0,0,0,0,0,0,0,0
470282,1,1,0,0,0,0,0,0,0,0,0,0
470282,2,1,0,0,0,0,0,0,0,0,0,0
470283,1,1,0,0,0,0,0,0,0,0,0,0
470283,2,1,0,0,0,0,0,0,0,0,0,0
470284,0,1,0,0,0,22,26,0,27,0,9,0
470284,1,1,0,0,0,0,0,0,0,6,0,0
470285,1,1,0,0,0,0,0,0,0,0,0,0
470285,2,1,0,0,0,0,0,0,0,0,0,0
470285,3,1,0,0,0,0,0,0,0,0,0,0
470286,0,1,8,8,8,8,8,8,8,8,8,8
470286,1,1,0,0,0,0,8,0,15,0,12,0
470286,2,1,0,0,0,0,0,0,0,0,0,0
470287,1,1,0,0,0,0,0,0,0,0,0,0
470288,1,1,0,0,0,0,0,0,0,0,0,0
470289,1,1,0,0,0,0,0,0,0,0,0,0
470289,2,1,0,0,0,0,0,0,0,0,0,0
470290,1,1,9,0,0,0,15,0,0,0,0,0
470291,1,1,0,0,0,0,0,0,0,0,0,0
470291,2,1,0,0,0,15,0,0,0,0,0,0
470293,1,1,11,11,11,11,11,11,11,11,11,11
470293,2,1,0,0,0,0,0,12,0,0,0,0
470294,1,1,0,0,0,0,0,0,0,0,0,0
470294,2,1,0,0,0,0,0,0,0,0,0,0
470294,3,1,0,0,0,0,0,0,0,0,0,0
470295,0,1,0,0,0,0,0,0,0,20,0,12
470295,2,1,0,0,0,0,0,0,0,0,0,0
470296,1,1,0,0,0,0,0,0,0,0,0,0
470296,3,1,0,0,0,0,13,0,0,6,0,0
470296,4,1,0,0,0,0,0,0,0,0,0,0
470296,6,1,0,0,0,0,0,0,0,0,0,0
470297,1,1,0,0,0,0,0,0,0,0,0,0
470297,2,1,0,0,0,0,0,0,0,0,0,0
470298,1,1,0,0,0,0,0,0,0,0,0,0
470298,2,1,0,0,0,0,0,0,0,0,0,0
470299,1,1,0,0,0,0,0,0,0,0,0,0
470300,1,1,39,39,39,39,39,39,39,39,39,39
470301,1,1,0,0,0,0,0,0,0,0,0,0
470301,2,1,0,0,0,0,0,0,0,0,0,0
470302,1,1,0,0,0,0,0,0,0,0,0,0
470303,1,1,0,0,0,0,0,0,0,0,0,0
470304,1,1,22,22,22,22,22,22,22,22,22,22
470305,1,1,0,0,0,0,0,0,0,0,0,0
470306,1,1,0,0,0,0,0,0,0,0,0,0
470307,1,1,0,0,0,0,0,0,0,0,0,0
470307,2,1,0,0,0,0,0,0,0,0,0,0
470308,1,1,0,0,0,0,0,0,0,0,0,0