ST_CASE,VEH_NO,PER_NO,P1,P2,P3,P4,P5,P6,P7,P8,P9,P10
470308,2,1,0,0,0,0,0,0,0,0,0,0
470309,1,1,17,17,17,17,17,17,17,17,17,17
470310,1,1,0,0,0,5,0,0,0,0,0,0
470311,1,1,0,0,0,0,0,0,0,0,0,0
470312,1,1,15,15,15,15,15,15,15,15,15,15
470313,1,1,22,22,22,22,22,22,22,22,22,22
470314,1,1,0,0,0,0,0,0,0,0,0,0
470315,1,1,0,0,0,19,19,0,0,0,0,0
470315,2,1,0,0,0,0,0,0,0,0,0,0
470315,3,1,0,0,0,0,0,0,0,0,0,0
470316,1,1,0,0,0,0,0,0,0,0,0,0
470316,2,1,0,0,0,0,0,0,0,0,0,0
470316,3,1,0,0,0,0,0,0,0,0,0,0
470316,4,1,0,10,0,0,0,0,0,0,0,0
470316,5,1,0,0,0,0,0,0,0,0,0,0
470317,1,1,0,0,0,0,0,0,0,0,0,0
470318,1,1,0,0,0,0,0,0,0,0,0,0
470318,2,1,0,0,0,0,0,0,0,0,0,0
470319,1,1,27,27,27,27,27,27,27,27,27,27
470319,2,1,0,0,0,0,0,0,0,0,0,0
470320,1,1,0,0,0,0,0,0,0,0,0,0
470321,1,1,0,0,0,0,0,0,0,0,0,0
470321,2,1,0,0,0,0,0,0,0,0,0,0
470321,3,1,0,0,0,12,0,0,0,0,0,0
470322,1,1,0,0,0,0,0,0,0,0,0,0
470322,2,1,0,0,0,0,0,0,0,0,0,0
470323,0,1,0,0,0,0,0,0,0,0,0,0
470323,1,1,0,0,0,0,0,0,0,0,0,0
470324,1,1,33,33,33,33,33,33,33,33,33,33
470325,1,1,0,15,0,10,10,0,17,21,0,0
470326,1,1,0,0,0,0,0,0,0,0,0,0
470327,1,1,0,0,0,0,0,0,0,0,0,0
470327,2,1,0,0,0,0,0,0,0,0,0,0
470328,1,1,11,11,11,11,11,11,11,11,11,11
470329,1,1,0,0,0,0,0,0,0,0,0,0
470330,1,1,0,0,0,0,0,0,0,0,0,0
470331,1,1,0,0,0,0,0,0,0,0,0,0
470332,1,1,0,0,0,0,0,0,0,0,0,0
470333,1,1,0,0,0,0,0,0,0,0,0,0
470333,2,1,0,0,0,0,0,0,0,0,0,0
470334,0,1,0,0,0,0,0,0,0,0,0,0
470334,1,1,0,0,0,0,0,0,0,0,0,0
470335,0,1,0,0,0,0,0,0,0,0,0,0
470335,1,1,0,0,0,0,0,0,0,0,0,0
470335,2,1,0,6,0,0,0,0,0,0,0,0
470336,1,1,0,0,0,0,0,0,0,0,0,0
470336,2,1,0,0,0,0,0,0,0,0,0,0
470337,1,1,0,0,0,0,0,0,0,0,0,0
470338,1,1,19,19,19,19,19,19,19,19,19,19
470339,0,1,0,0,0,0,0,0,0,0,0,0
470339,1,1,0,0,0,0,0,0,0,0,0,0
470340,0,1,0,0,0,0,0,0,0,0,0,0
470340,1,1,0,0,0,0,0,0,0,0,0,0
470341,1,1,0,0,0,0,0,0,0,0,0,0
470342,1,1,29,29,29,29,29,29,29,29,29,29
470343,1,1,0,0,0,0,0,0,0,0,0,0
470343,2,1,26,26,26,26,26,26,26,26,26,26
470344,1,1,0,0,0,0,0,0,0,0,0,0
470344,2,1,0,0,0,0,0,0,0,0,0,0
470344,3,1,0,0,0,0,0,0,0,0,0,0
470345,1,1,0,0,0,0,0,0,0,0,0,0
470345,2,1,0,0,0,0,0,0,14,0,0,0
470345,3,1,0,0,0,0,0,0,0,0,10,0
470346,1,1,25,0,0,0,0,0,30,0,0,21
470347,1,1,8,8,8,8,8,8,8,8,8,8
470348,1,1,0,0,0,0,0,0,0,0,0,0
470349,1,1,0,0,0,0,0,0,0,0,0,0
470349,2,1,0,0,0,0,0,0,0,0,0,0
470350,1,1,0,0,0,0,0,0,0,0,0,0
470350,2,1,0,0,0,0,0,0,0,0,0,0
470351,1,1,13,13,13,13,13,13,13,13,13,13
470352,1,1,0,0,0,0,0,0,0,0,0,0
470352,2,1,0,0,0,0,0,0,0,0,0,0
470353,1,1,27,27,27,27,27,27,27,27,27,27
470354,1,1,0,0,0,0,0,0,0,0,0,0
470354,2,1,0,0,0,0,0,0,0,0,0,0
470355,1,1,0,0,0,0,0,0,0,0,0,0
470356,1,1,3,3,3,3,3,3,3,3,3,3
470356,2,1,0,0,0,0,0,0,0,0,0,0
470357,0,1,20,20,20,20,20,20,20,20,20,20
470357,1,1,0,0,0,0,0,0,3,0,0,0
470357,2,1,0,1,0,0,0,0,0,0,0,0
470358,1,1,28,28,28,28,28,28,28,28,28,28
470359,1,1,0,0,0,0,0,0,0,0,0,0
470360,1,1,0,0,0,0,0,0,0,0,0,0
470361,1,1,0,0,0,0,0,0,0,0,0,0
470362,1,1,0,0,0,0,0,0,0,0,0,0
470363,1,1,0,0,0,0,0,0,0,0,0,0
470364,1,1,0,0,0,0,0,0,0,0,0,0
470364,2,1,0,0,0,0,0,0,0,0,0,0
470364,3,1,0,0,0,0,0,0,0,0,0,0
470365,1,1,0,0,0,0,0,0,0,0,0,0
470366,0,1,16,16,16,16,16,16,16,16,16,16
470366,1,1,0,0,0,0,0,0,0,0,0,13
470368,1,1,0,8,18,24,0,11,0,0,0,0
470369,1,1,11,11,11,11,11,11,11,11,11,11
470370,1,1,12,13,0,19,7,37,10,0,7,14
470371,0,1,0,17,0,0,0,20,29,0,42,0
470371,1,1,4,0,14,0,0,0,21,9,9,0
470372,1,1,0,0,0,0,0,0,0,0,0,0
470373,1,1,0,0,0,0,0,0,0,0,0,0
470373,2,1,0,0,0,0,0,0,0,0,0,0
470374,1,1,13,13,13,13,13,13,13,13,13,13
470374,2,1,0,0,0,13,0,0,0,0,0,0
470375,0,1,0,0,0,0,0,0,0,0,0,0
470375,1,1,0,17,0,0,0,0,0,0,0,0
470376,1,1,0,0,0,0,0,0,0,0,0,0
470376,2,1,0,0,11,0,0,0,0,0,0,0
470377,1,1,0,0,0,0,0,0,0,0,0,0
470377,2,1,0,0,0,0,0,0,0,0,0,0
470378,1,1,0,0,0,0,0,0,0,0,0,0
470378,2,1,0,0,0,0,0,0,0,0,0,0
470378,3,1,0,0,0,0,0,0,9,0,0,0
470378,4,1,0,0,0,0,0,0,0,0,0,0
470379,1,1,0,0,0,0,0,0,0,0,0,0
470379,2,1,0,0,0,0,0,0,0,0,0,0
470380,1,1,14,14,14,14,14,14,14,14,14,14
470382,1,1,2,2,2,2,2,2,2,2,2,2
470383,1,1,0,0,0,0,0,0,0,0,0,0
470383,2,1,0,0,0,0,0,0,0,0,0,0
470384,1,1,0,0,0,0,0,0,0,0,0,0
470385,1,1,0,0,0,0,0,0,0,0,0,0
470385,2,1,0,0,0,0,0,0,0,0,0,0
470386,1,1,0,0,0,0,0,0,0,0,0,0
470387,1,1,0,0,0,0,0,0,0,0,0,0
470387,2,1,0,0,0,0,0,0,0,0,0,2
470388,1,1,0,3,22,0,29,10,15,31,41,9
470388,2,1,0,0,0,0,0,0,5,0,0,0
470389,1,1,0,0,0,0,0,0,0,0,0,0
470389,2,1,0,0,0,0,0,0,0,0,0,0
470389,3,1,0,0,0,0,0,0,0,0,0,0
470389,4,1,0,0,0,0,0,0,0,0,0,0
470389,5,1,0,0,0,0,0,0,0,0,0,12
470389,6,1,0,0,0,22,0,0,0,0,0,0
470389,7,1,0,0,0,0,0,0,0,0,0,0
470389,8,1,0,0,0,0,0,0,0,0,0,13
470389,9,1,0,0,0,0,0,0,0,0,0,0
470390,1,1,25,25,25,25,25,25,25,25,25,25
470391,1,1,2,2,2,2,2,2,2,2,2,2
470391,2,1,0,0,0,0,0,0,0,0,0,0
470392,1,1,29,29,29,29,29,29,29,29,29,29
470393,1,1,0,17,22,0,29,6,8,0,0,0
470393,2,1,0,0,0,0,0,0,0,0,0,0
470394,1,1,19,19,19,19,19,19,19,19,19,19
470395,1,1,20,20,20,20,20,20,20,20,20,20
470395,2,1,7,7,7,7,7,7,7,7,7,7
470396,1,1,0,0,0,0,0,0,0,0,0,0
470397,1,1,0,0,0,0,0,0,0,0,0,0
470397,2,1,0,0,0,0,0,0,0,0,0,0
470398,1,1,0,0,0,0,0,0,0,0,0,0
470399,1,1,20,20,20,20,20,20,20,20,20,20
470400,1,1,0,0,0,0,0,0,0,0,0,0
470401,1,1,15,17,24,28,29,9,0,39,23,12
470402,1,1,18,18,18,18,18,18,18,18,18,18
470403,1,1,0,0,0,0,0,0,0,0,0,0
470404,1,1,0,0,0,0,0,0,0,0,0,0
470405,1,1,0,0,0,0,0,0,0,0,0,0
470406,1,1,14,14,14,14,14,14,14,14,14,14
470407,1,1,0,0,0,0,0,0,0,0,0,0
470408,1,1,0,0,0,0,0,0,0,0,0,0
470409,1,1,0,0,0,0,0,0,0,0,0,0
470409,2,1,19,0,0,0,8,0,24,0,0,0
470409,3,1,0,3,15,0,16,0,0,0,0,0
470410,1,1,0,0,0,0,0,0,0,0,0,0
470411,1,1,0,0,0,0,0,0,0,0,0,0
470411,2,1,0,0,0,0,0,0,0,0,0,0
470412,1,1,13,13,13,13,13,13,13,13,13,13
470413,1,1,24,24,24,24,24,24,24,24,24,24
470414,1,1,15,15,15,15,15,15,15,15,15,15
470414,2,1,0,0,0,0,0,0,0,0,0,0
470414,3,1,0,0,0,0,0,0,0,0,0,0
470415,1,1,1,1,1,1,1,1,1,1,1,1
470415,2,1,0,0,0,0,0,0,0,0,0,0
470416,1,1,0,0,0,0,0,0,0,0,0,0
470417,1,1,0,0,0,0,0,0,0,0,0,0
470418,1,1,0,0,0,0,0,0,0,0,0,0
470421,0,1,0,0,0,0,0,0,0,0,0,0
470421,0,2,0,0,0,0,0,0,0,0,0,0
470421,1,1,0,0,0,0,0,0,0,0,0,0
470422,1,1,16,16,16,16,16,16,16,16,16,16
470422,2,1,0,0,0,0,0,0,0,0,0,0
470423,1,1,0,0,0,0,0,0,0,0,0,0
470424,1,1,4,4,4,4,4,4,4,4,4,4
470425,1,1,4,4,4,4,4,4,4,4,4,4
470425,2,1,0,0,0,0,0,0,0,0,0,0
470426,1,1,0,0,0,0,0,0,0,0,0,0
470426,2,1,0,0,0,0,0,0,0,0,0,0
470427,1,1,0,0,0,0,0,0,0,0,0,0
470428,1,1,22,22,22,22,22,22,22,22,22,22
470429,1,1,0,0,0,0,0,0,0,0,0,0
470430,1,1,0,0,0,0,0,0,0,0,0,0
470431,1,1,0,0,0,0,0,0,0,0,0,21
470431,2,1,10,0,0,0,0,0,0,0,0,0
470432,1,1,0,0,0,0,0,0,0,0,0,0
470432,2,1,0,0,0,0,0,0,0,0,0,0
470432,3,1,0,0,0,0,0,0,0,0,0,0
470432,4,1,0,0,0,0,0,0,0,0,0,0
470433,0,1,0,0,0,0,0,0,0,0,0,0
470433,1,1,0,0,0,0,0,0,21,0,0,0
470433,2,1,0,0,0,0,6,0,0,0,0,0
470434,0,1,22,22,22,22,22,22,22,22,22,22
470434,1,1,0,0,0,0,0,0,0,0,0,0
470435,1,1,0,0,0,0,0,0,0,0,0,0
470435,2,1,10,0,0,0,0,0,0,0,0,0
470435,3,1,0,0,0,0,0,0,0,12,0,0
470437,1,1,0,0,0,0,0,0,0,0,0,0
470437,2,1,20,0,10,23,0,11,0,0,0,0
470438,1,1,0,0,0,0,0,11,0,0,0,0
470439,1,1,0,0,0,0,0,0,0,0,0,0
470439,2,1,0,0,0,0,0,0,0,0,0,0
470440,1,1,0,0,0,0,0,0,0,0,0,0
470441,0,1,9,9,9,9,9,9,9,9,9,9
470441,1,1,0,12,0,0,0,0,0,0,0,0
470442,1,1,0,0,0,0,0,0,0,0,0,0
470442,2,1,0,0,0,0,0,0,0,0,0,0
470443,1,1,0,0,0,0,0,0,32,0,0,0
470443,2,1,0,0,0,0,14,0,0,0,0,0
470445,1,1,0,0,0,0,0,0,0,0,0,0
470447,1,1,20,20,20,20,20,20,20,20,20,20
470448,1,1,0,0,0,0,0,0,0,0,0,0
470448,2,1,0,0,0,0,0,0,0,0,0,0
470450,1,1,0,0,0,0,0,0,0,0,0,0
470450,2,1,0,0,0,0,0,0,0,0,0,0
470451,1,1,0,0,0,0,0,0,0,0,0,0
470453,1,1,10,10,10,10,10,10,10,10,10,10
470454,1,1,28,28,28,28,28,28,28,28,28,28
470455,1,1,0,0,0,0,0,0,0,0,0,0
470455,2,1,0,0,0,0,0,0,0,0,0,0
470456,0,1,29,29,29,29,29,29,29,29,29,29
470456,1,1,0,0,0,0,0,0,0,0,0,0
470457,1,1,0,0,0,0,0,0,0,0,0,0
470457,2,1,0,0,0,0,0,0,0,0,0,0
470458,1,1,0,0,0,0,0,0,0,0,0,0
470459,1,1,6,6,6,6,6,6,6,6,6,6
470461,0,1,0,0,0,0,0,0,0,0,0,0
470461,1,1,0,0,0,0,0,0,0,0,0,0
470462,1,1,0,0,0,0,17,0,0,0,0,0
470463,1,1,0,0,0,0,0,0,0,0,0,0
470463,2,1,0,0,0,0,0,0,0,0,0,0
470464,1,1,0,0,0,0,0,0,0,0,0,0
470465,1,1,10,8,10,34,3,10,15,2,17,11
470466,1,1,22,22,22,22,22,22,22,22,22,22
470467,0,1,19,19,19,19,19,19,19,19,19,19
470467,1,1,0,18,0,0,0,0,0,0,0,0
470468,1,1,3,3,3,3,3,3,3,3,3,3
470468,2,1,0,0,0,0,0,0,0,0,0,0
470469,1,1,0,0,0,0,0,0,0,0,0,0
470469,2,1,0,0,0,0,0,0,0,0,0,0
470469,3,1,0,0,0,0,0,0,0,0,0,0
470469,4,1,0,0,0,0,0,0,0,0,0,0
470470,0,1,0,0,0,0,0,0,0,0,0,0
470470,0,2,0,0,0,16,0,0,0,0,0,0
470470,1,1,0,0,0,0,0,0,0,0,0,0
470471,1,1,26,26,26,26,26,26,26,26,26,26
470472,1,1,0,22,0,0,0,8,0,27,0,0
470473,1,1,0,0,0,0,0,0,0,0,0,0
470473,2,1,0,0,0,0,0,0,0,0,0,0
470473,3,1,0,0,0,0,0,0,0,0,0,22
470474,1,1,0,0,0,0,0,0,0,0,0,0
470474,2,1,0,0,0,0,0,0,0,0,0,0
470474,3,1,0,0,0,0,0,0,0,0,0,0
470475,0,1,13,13,13,13,13,13,13,13,13,13
470475,1,1,0,0,0,0,0,0,0,0,0,0
470476,1,1,0,0,0,0,0,0,0,0,0,0
470476,2,1,1,1,1,1,1,1,1,1,1,1
470477,1,1,0,0,0,0,0,0,0,0,0,0
470477,2,1,0,0,0,0,0,0,0,0,0,0
470478,1,1,0,0,0,0,0,0,0,0,0,0
470478,2,1,0,0,0,0,0,0,0,0,0,0
470479,1,1,0,0,0,0,0,0,0,0,0,0
470480,1,1,0,6,29,0,0,0,0,0,0,14
470480,2,1,0,0,0,0,0,0,0,0,0,0
470481,1,1,0,0,0,0,20,35,0,15,11,12
470482,1,1,25,0,41,21,0,8,0,0,19,13
470483,1,1,19,19,19,19,19,19,19,19,19,19
470484,1,1,19,19,19,19,19,19,19,19,19,19
470484,2,1,0,0,0,0,0,0,0,0,0,0
470485,1,1,0,0,0,0,0,9,0,0,0,0
470485,2,1,0,0,0,0,0,0,0,0,0,0
470486,1,1,0,0,0,0,0,0,0,0,0,0
470487,1,1,13,13,13,13,13,13,13,13,13,13
470488,1,1,0,0,0,0,0,0,0,0,0,0
470488,2,1,0,0,0,0,0,0,0,0,0,0
470489,1,1,11,11,11,11,11,11,11,11,11,11
470490,1,1,0,0,0,0,0,0,8,0,0,0
470491,1,1,5,10,17,8,25,13,21,42,24,14
470492,1,1,2,2,2,2,2,2,2,2,2,2
470493,1,1,27,27,27,27,27,27,27,27,27,27
470494,1,1,0,0,0,0,0,0,0,0,0,0
470494,2,1,0,0,0,0,0,0,0,0,0,0
470495,1,1,0,0,0,0,0,0,0,0,0,0
470496,1,1,0,0,0,0,0,0,0,0,0,0
470496,2,1,0,0,0,0,0,0,0,0,0,0
470496,3,1,0,0,0,0,0,0,0,0,0,0
470497,0,1,0,0,0,0,0,0,0,0,0,0
470497,1,1,0,0,0,0,13,0,0,0,0,0
470498,1,1,0,0,0,0,0,0,0,0,0,0
470499,1,1,6,6,6,6,6,6,6,6,6,6
470499,2,1,0,0,0,0,0,0,0,0,0,0
470500,1,1,0,0,0,0,0,0,0,0,0,0
470500,2,1,0,0,0,0,0,0,0,0,0,0
470501,1,1,6,6,6,6,6,6,6,6,6,6
470501,2,1,0,0,0,0,0,0,0,0,0,0
470502,1,1,0,0,0,0,0,0,0,0,0,0
470503,1,1,0,0,0,0,0,0,0,0,0,0
470504,1,1,0,32,0,0,0,9,0,0,0,20
470505,1,1,15,15,15,15,15,15,15,15,15,15
470506,1,1,0,0,0,0,0,0,0,0,0,0
470506,2,1,0,0,0,0,0,0,0,0,0,0
470507,1,1,0,0,0,0,0,0,0,0,0,0
470507,2,1,0,0,0,0,0,0,0,0,0,0
470508,1,1,0,0,0,0,0,0,0,0,0,0
470509,1,1,19,19,19,19,19,19,19,19,19,19
470510,1,1,0,0,0,0,0,0,0,0,0,0
470510,2,1,0,0,0,0,0,0,0,0,0,0
470511,1,1,0,0,0,0,0,0,0,0,0,0
470511,2,1,0,0,0,0,0,0,0,0,0,0
470512,1,1,10,10,10,10,10,10,10,10,10,10
470513,1,1,16,16,16,16,16,16,16,16,16,16
470514,1,1,0,0,0,0,0,0,0,0,0,0
470514,2,1,0,0,0,0,0,0,0,0,0,0
470515,1,1,20,20,20,20,20,20,20,20,20,20
470516,1,1,5,5,5,5,5,5,5,5,5,5
470517,1,1,0,0,0,0,0,0,0,0,0,0
470517,2,1,0,0,0,0,0,0,0,0,0,0
470518,1,1,0,0,0,0,20,0,0,0,0,0
470519,1,1,0,0,0,0,0,0,0,0,0,0
470519,2,1,0,0,0,0,0,0,0,0,0,0
470520,1,1,0,0,0,0,0,0,0,0,0,0
470521,1,1,0,0,0,0,0,0,0,0,0,0
470521,2,1,0,0,0,0,0,0,0,0,0,0
470522,0,1,16,16,16,16,16,16,16,16,16,16
470522,1,1,0,0,0,0,0,0,0,0,0,0
470524,1,1,0,0,0,0,0,0,0,0,0,0
470525,1,1,0,0,0,0,0,0,0,0,0,0
470525,2,1,0,0,0,0,0,0,0,0,0,0
470526,1,1,13,13,13,13,13,13,13,13,13,13
470527,1,1,0,0,0,0,21,0,18,0,0,0
470527,2,1,13,0,0,0,0,0,0,0,0,0
470527,3,1,0,0,0,0,0,0,0,0,0,0
470528,0,1,28,14,0,0,0,17,2,0,0,20
470528,1,1,0,0,0,0,0,0,0,0,0,0
470529,1,1,0,0,0,0,0,0,0,0,0,0
470529,2,1,0,0,22,0,0,0,0,0,0,0
470530,1,1,0,0,0,0,0,0,0,0,0,0
470530,2,1,0,0,0,0,0,0,0,0,0,0
470531,0,1,18,18,18,18,18,18,18,18,18,18
470531,1,1,0,0,0,0,0,0,0,4,0,0
470532,1,1,0,0,0,0,12,11,0,0,0,0
470533,1,1,0,0,0,0,13,0,12,0,15,0
470533,2,1,0,0,0,0,0,0,0,0,0,22
470534,1,1,33,21,0,0,22,0,0,17,0,30
470534,2,1,0,0,0,0,0,0,0,0,0,0
470535,1,1,5,5,5,5,5,5,5,5,5,5
470536,1,1,9,9,9,9,9,9,9,9,9,9
470537,1,1,0,0,0,0,0,0,0,0,0,0
470537,2,1,0,0,0,0,0,0,0,0,0,0
470537,3,1,10,0,0,0,0,0,0,0,0,0
470538,1,1,0,0,0,0,0,0,0,0,0,0
470539,1,1,7,7,7,7,7,7,7,7,7,7
470540,1,1,0,0,0,0,0,0,0,0,0,0
470541,1,1,7,7,7,7,7,7,7,7,7,7
470542,1,1,22,19,0,0,11,19,10,19,0,25
470543,1,1,21,21,21,21,21,21,21,21,21,21
470544,1,1,8,8,8,8,8,8,8,8,8,8
470545,1,1,0,0,0,0,0,0,0,0,13,0
470545,2,1,0,0,0,0,0,0,0,0,0,0
470546,1,1,23,23,23,23,23,23,23,23,23,23
470547,1,1,0,0,0,0,0,0,0,0,0,0
470548,0,1,31,0,0,20,0,0,22,0,19,23
470548,0,2,0,0,0,0,0,0,0,0,0,0
470548,1,1,0,0,0,0,0,0,0,0,0,0
470549,0,1,0,0,0,33,21,0,0,0,25,6
470549,0,2,35,11,14,0,7,18,0,0,0,10
470549,1,1,0,0,0,0,0,0,0,0,0,0
470550,1,1,0,0,0,0,0,0,0,0,0,0
470550,2,1,0,0,0,0,0,0,0,0,0,0
470551,1,1,0,0,0,0,0,0,0,0,0,0
470552,1,1,22,22,22,22,22,22,22,22,22,22
470552,2,1,0,0,0,0,0,0,0,0,0,0
470553,1,1,19,33,16,23,11,13,18,14,8,26
470554,1,1,26,26,26,26,26,26,26,26,26,26
470555,0,1,20,20,20,20,20,20,20,20,20,20
470555,1,1,0,0,11,0,6,0,13,0,0,0
470556,1,1,0,0,0,0,0,0,0,0,0,0
470556,2,1,0,0,0,0,0,0,0,0,0,0
470557,1,1,0,0,0,0,0,0,0,0,0,0
470557,2,1,0,0,0,0,0,0,0,0,0,0
470558,1,1,0,0,0,0,0,0,0,0,0,0
470559,1,1,0,0,0,0,0,0,0,0,0,0
470561,1,1,0,0,0,0,0,0,0,0,0,0
470562,1,1,24,24,24,24,24,24,24,24,24,24
470563,1,1,12,12,12,12,12,12,12,12,12,12
470563,2,1,0,0,0,0,0,0,0,0,0,0
470564,1,1,19,19,19,19,19,19,19,19,19,19
470565,1,1,20,20,20,20,20,20,20,20,20,20
470566,1,1,0,0,0,0,0,0,0,0,0,0
470567,1,1,0,0,0,0,0,0,0,0,0,0
470568,1,1,0,0,0,0,0,0,0,0,0,0
470568,2,1,0,0,0,0,0,0,0,0,0,0
470568,3,1,0,0,0,0,0,0,0,0,0,0
470569,1,1,0,0,0,0,0,0,0,0,0,0
470570,1,1,0,0,0,0,0,0,0,0,0,0
470571,1,1,15,15,15,15,15,15,15,15,15,15
470572,1,1,0,0,0,0,0,0,0,16,0,0
470572,2,1,22,22,22,22,22,22,22,22,22,22
470573,1,1,0,0,0,0,0,0,0,0,0,0
470574,1,1,14,14,14,14,14,14,14,14,14,14
470575,1,1,0,0,0,0,0,0,0,0,0,0
470575,2,1,0,0,0,0,0,0,0,0,0,0
470576,1,1,0,0,0,0,0,0,0,0,0,0
470576,2,1,0,0,0,0,0,0,0,0,0,0
470577,1,1,16,16,16,16,16,16,16,16,16,16
470578,0,1,0,0,0,0,0,0,0,0,0,0
470578,1,1,0,0,0,0,0,0,0,0,0,0
470579,1,1,0,0,0,0,0,0,0,0,0,0
470579,2,1,0,0,0,0,0,0,0,0,0,0
470580,1,1,0,0,0,0,0,0,0,0,0,0
470580,2,1,0,0,0,0,0,0,0,0,0,0
470581,1,1,0,36,0,0,22,0,0,0,0,0
470582,1,1,0,0,0,0,0,0,20,0,0,23
470583,1,1,0,0,0,0,0,0,0,0,0,0
470584,1,1,9,9,9,9,9,9,9,9,9,9
470585,0,1,0,0,0,0,0,0,0,0,0,0
470585,1,1,0,0,0,0,0,0,0,0,0,15
470586,1,1,17,17,17,17,17,17,17,17,17,17
470587,1,1,1,1,1,1,1,1,1,1,1,1
470587,2,1,0,0,0,0,0,0,0,0,0,0
470587,3,1,0,0,0,0,0,0,0,0,0,0
470588,1,1,18,18,18,18,18,18,18,18,18,18
470589,1,1,16,16,16,16,16,16,16,16,16,16
470590,1,1,11,11,11,11,11,11,11,11,11,11
470591,1,1,14,14,14,14,14,14,14,14,14,14
470592,1,1,0,0,0,0,0,0,0,0,0,0
470593,1,1,0,0,0,0,0,0,0,0,0,0
470594,1,1,0,0,0,0,0,0,0,0,0,0
470594,2,1,0,0,0,0,0,0,0,0,0,0
470594,3,1,0,0,0,0,0,0,0,0,0,0
470595,1,1,0,0,0,0,0,0,0,0,0,0
470595,2,1,0,0,0,0,0,0,0,0,0,0
470596,1,1,0,0,0,0,0,0,0,0,0,0
470597,1,1,20,0,0,8,27,0,17,0,0,4
470598,0,1,0,0,0,0,0,0,0,0,0,0
470598,1,1,0,0,0,0,0,0,0,0,0,0
470599,1,1,0,0,0,0,0,0,0,0,0,0
470600,1,1,0,0,0,0,0,0,0,0,0,0
470601,0,1,11,15,16,21,18,12,32,2,17,21
470601,1,1,0,0,0,0,0,0,0,0,0,0
470602,1,1,0,0,0,0,0,0,0,0,0,0
470603,1,1,0,0,0,0,0,0,0,0,0,0
470603,2,1,0,0,0,0,0,0,0,0,0,14
470604,1,1,0,0,0,0,0,0,0,0,0,0
470605,1,1,0,0,0,0,0,0,0,0,0,0
470605,2,1,0,0,0,0,0,0,0,0,0,0
470606,1,1,0,0,0,0,0,0,0,0,0,0
470607,1,1,24,24,24,24,24,24,24,24,24,24
470608,1,1,36,18,19,0,17,14,16,10,0,13
470609,0,1,0,0,0,0,0,0,0,0,0,0
470609,1,1,0,0,0,0,0,0,0,0,0,0
470610,0,1,0,0,0,0,0,0,0,0,0,0
470610,1,1,0,0,0,0,0,0,0,0,0,0
470611,1,1,23,23,23,23,23,23,23,23,23,23
470611,2,1,6,6,6,6,6,6,6,6,6,6
470612,0,1,24,24,24,24,24,24,24,24,24,24
470612,1,1,8,0,0,0,0,10,1,0,0,0
470612,2,1,0,10,0,0,0,0,0,0,0,0
470613,0,1,0,0,0,0,0,0,0,0,0,0
470613,1,1,0,0,0,0,0,0,0,0,0,0
470614,1,1,0,0,0,0,0,0,0,0,0,0
470615,1,1,0,0,0,0,0,0,0,0,0,0
470615,2,1,0,0,0,0,0,0,0,0,0,0
470615,3,1,0,0,0,0,0,0,0,0,0,0
470616,1,1,0,0,0,0,0,0,0,0,0,0
470616,2,1,1,1,1,1,1,1,1,1,1,1
470617,1,1,12,12,12,12,12,12,12,12,12,12
470618,1,1,24,24,24,24,24,24,24,24,24,24
470619,1,1,0,0,0,0,0,0,0,0,0,0
470620,0,1,0,0,0,0,0,0,0,0,0,0
470620,1,1,0,0,0,0,0,7,0,0,0,0
470621,1,1,13,13,13,13,13,13,13,13,13,13
470622,1,1,0,0,0,0,0,0,0,0,0,0
470623,1,1,0,0,0,0,0,0,0,0,0,0
470623,2,1,0,0,0,0,0,0,0,0,0,0
470624,0,1,17,17,17,17,17,17,17,17,17,17
470624,1,1,0,0,0,0,0,0,0,0,0,0
470625,1,1,19,19,19,19,19,19,19,19,19,19
470626,1,1,6,6,6,6,6,6,6,6,6,6
470627,1,1,0,0,0,0,0,0,3,8,0,0
470627,2,1,0,0,0,0,0,0,0,0,0,0
470628,1,1,16,0,0,0,0,0,0,0,0,0
470629,1,1,0,0,0,0,0,0,0,0,0,0
470629,2,1,0,0,0,0,0,0,0,0,0,0
470630,1,1,0,0,0,0,0,0,0,0,0,0
470630,2,1,0,0,0,0,0,0,0,0,0,0
470631,1,1,0,0,0,0,0,0,0,0,0,0
470631,2,1,0,0,0,0,0,0,0,0,0,0
470632,1,1,0,0,0,0,0,0,0,0,0,0
470632,2,1,0,0,0,0,0,0,0,0,0,0
470632,3,1,0,0,0,0,0,0,0,0,0,0
470633,1,1,0,19,0,13,0,23,0,0,0,0
470633,2,1,0,0,0,6,0,0,0,0,0,0
470634,1,1,0,0,0,0,0,0,0,0,0,0
470635,1,1,0,0,0,0,0,0,0,0,0,0
470635,2,1,0,0,0,0,2,0,0,11,0,0
470637,1,1,0,0,0,0,0,0,0,0,0,0
470637,2,1,0,0,0,0,0,0,0,0,0,0
470638,1,1,0,0,0,0,0,0,0,0,0,0
470638,2,1,0,0,0,0,0,0,0,0,0,0
470639,1,1,0,0,0,0,0,0,0,0,0,0