ST_CASE,VEH_NO,PER_NO,P1,P2,P3,P4,P5,P6,P7,P8,P9,P10
470639,2,1,0,0,0,0,0,0,0,0,0,0
470640,1,1,15,15,15,15,15,15,15,15,15,15
470641,1,1,17,17,17,17,17,17,17,17,17,17
470642,1,1,0,0,0,0,0,0,0,0,0,0
470643,1,1,0,0,0,0,0,0,0,0,0,0
470643,2,1,0,0,0,0,0,0,0,0,0,0
470644,1,1,0,0,0,0,0,0,0,0,0,0
470645,1,1,0,0,0,0,0,0,0,0,0,0
470645,2,1,0,0,0,0,0,0,0,0,0,0
470646,0,1,0,0,0,0,0,0,0,0,0,0
470646,1,1,0,0,0,0,0,0,0,0,0,0
470647,1,1,0,0,0,0,0,0,0,0,0,0
470648,1,1,0,0,0,0,0,0,0,0,0,0
470650,1,1,0,0,0,0,0,0,0,0,0,0
470651,1,1,0,0,0,0,0,0,0,0,0,0
470651,2,1,0,0,0,0,0,0,0,0,0,0
470652,1,1,0,0,0,0,0,0,0,0,0,0
470652,2,1,0,0,0,0,0,0,0,0,0,0
470653,1,1,0,0,0,0,0,0,0,0,0,0
470653,2,1,24,24,24,24,24,24,24,24,24,24
470654,1,1,0,0,0,0,0,0,0,0,0,0
470655,1,1,13,13,13,13,13,13,13,13,13,13
470656,1,1,0,0,0,0,0,0,0,0,0,0
470658,1,1,0,0,0,0,0,0,0,0,0,0
470658,2,1,0,0,0,0,0,0,0,0,0,0
470660,1,1,0,0,0,0,0,0,0,0,0,0
470660,2,1,0,0,0,0,0,0,0,0,0,0
470661,0,1,0,0,0,0,0,0,0,0,0,0
470661,1,1,0,0,0,0,0,0,0,0,0,0
470662,0,1,0,0,0,0,31,0,0,0,6,0
470662,1,1,0,0,0,0,10,0,0,0,0,0
470663,1,1,0,0,0,0,0,0,0,0,0,0
470663,2,1,0,22,0,0,0,0,0,0,0,0
470664,1,1,0,14,0,0,0,23,0,16,5,0
470664,2,1,0,0,7,5,6,0,0,0,0,0
470665,0,1,0,0,0,0,0,0,0,0,0,0
470665,1,1,4,14,25,12,0,9,4,7,13,13
470666,1,1,0,0,0,0,0,0,0,0,0,0
470667,1,1,10,0,8,0,22,0,0,0,0,0
470668,1,1,0,0,0,0,0,0,0,0,0,0
470669,1,1,26,26,26,26,26,26,26,26,26,26
470669,2,1,0,0,0,0,0,0,0,0,0,0
470670,1,1,0,0,0,0,0,0,0,0,0,0
470671,0,1,8,8,8,8,8,8,8,8,8,8
470671,1,1,14,10,15,13,28,23,11,16,2,7
470672,1,1,25,25,25,25,25,25,25,25,25,25
470673,1,1,23,23,23,23,23,23,23,23,23,23
470674,1,1,12,0,11,21,0,8,0,0,3,14
470675,1,1,8,8,8,8,8,8,8,8,8,8
470675,2,1,0,0,0,0,0,0,0,0,0,0
470676,1,1,6,6,6,6,6,6,6,6,6,6
470676,2,1,0,0,0,0,0,0,0,0,0,0
470677,1,1,0,0,0,0,0,0,0,0,0,0
470677,2,1,0,0,0,0,0,0,0,0,0,0
470678,1,1,0,0,0,0,0,0,0,0,0,0
470678,2,1,12,12,12,12,12,12,12,12,12,12
470679,1,1,12,12,12,12,12,12,12,12,12,12
470679,2,1,0,0,0,0,0,0,0,0,0,0
470679,3,1,0,0,0,0,0,0,0,0,0,0
470680,1,1,0,0,0,0,0,0,0,0,0,0
470680,2,1,0,0,0,0,0,0,0,0,0,0
470681,0,1,0,0,0,0,0,0,0,9,0,0
470681,1,1,0,0,0,0,0,0,22,0,0,0
470682,1,1,0,0,0,0,0,0,0,0,0,0
470683,1,1,0,0,0,0,0,0,0,0,0,0
470684,1,1,0,0,0,0,0,0,0,0,0,0
470685,1,1,3,3,3,3,3,3,3,3,3,3
470686,0,1,0,0,0,0,0,0,0,0,0,0
470686,1,1,0,0,0,0,0,0,0,0,0,0
470686,2,1,0,0,0,25,0,0,0,16,7,7
470687,1,1,0,0,0,0,0,0,0,0,0,0
470687,2,1,0,0,0,0,0,0,0,0,0,0
470687,3,1,0,0,0,0,0,0,0,0,0,0
470687,4,1,0,13,4,0,0,0,0,0,0,0
470688,1,1,1,1,1,1,1,1,1,1,1,1
470689,1,1,0,0,0,0,0,0,0,0,0,0
470689,2,1,0,0,0,0,0,0,0,0,0,0
470690,1,1,0,0,0,0,0,0,0,0,0,0
470691,1,1,26,11,0,19,0,0,0,13,0,30
470692,1,1,11,11,11,11,11,11,11,11,11,11
470692,2,1,0,0,0,25,0,5,12,9,29,0
470693,1,1,0,0,0,0,0,0,0,0,0,0
470693,2,1,0,0,0,14,0,0,0,0,0,0
470694,0,1,16,0,0,0,0,0,19,0,0,0
470694,1,1,0,0,0,0,0,0,0,0,0,0
470695,1,1,16,16,16,16,16,16,16,16,16,16
470695,2,1,0,0,0,0,0,0,0,0,0,0
470696,1,1,0,0,0,0,0,0,0,0,0,0
470697,1,1,18,18,18,18,18,18,18,18,18,18
470698,0,1,0,0,0,0,0,0,0,0,0,0
470698,1,1,0,0,0,31,0,0,0,0,0,0
470699,1,1,0,0,0,0,0,0,0,0,0,0
470700,0,1,0,0,0,0,0,0,0,0,0,0
470700,1,1,0,0,0,0,0,0,0,0,0,0
470701,1,1,0,0,0,0,0,0,0,0,0,0
470701,2,1,0,0,0,0,0,0,0,0,0,0
470702,0,1,0,0,0,0,0,0,0,0,0,0
470702,1,1,0,0,0,0,0,0,0,0,0,0
470702,2,1,0,0,0,0,0,0,0,9,0,6
470702,3,1,0,0,20,0,0,0,0,0,0,15
470703,1,1,0,0,0,0,0,0,0,0,0,0
470703,2,1,0,0,0,0,0,0,0,0,0,0
470704,1,1,0,0,0,0,0,0,0,0,0,0
470704,2,1,0,0,0,0,0,0,0,0,0,0
470705,1,1,2,2,2,2,2,2,2,2,2,2
470705,2,1,0,0,0,0,0,0,0,0,0,0
470705,3,1,0,0,0,0,0,0,0,0,13,9
470705,4,1,0,0,0,0,0,0,0,0,0,0
470706,1,1,0,0,0,0,0,0,0,0,0,0
470706,2,1,0,0,0,0,0,0,0,0,0,0
470707,1,1,18,18,18,18,18,18,18,18,18,18
470708,1,1,18,18,18,18,18,18,18,18,18,18
470710,1,1,0,0,0,0,0,0,0,0,0,0
470711,1,1,0,8,0,0,0,0,12,0,11,0
470711,2,1,0,0,0,0,0,0,0,0,0,18
470712,1,1,0,0,0,0,0,0,0,0,0,0
470713,1,1,0,0,0,0,0,0,0,0,0,0
470713,2,1,0,0,0,0,0,0,0,0,0,0
470713,3,1,0,0,0,0,0,0,0,0,18,0
470714,1,1,10,10,10,10,10,10,10,10,10,10
470715,1,1,36,0,26,21,0,15,30,7,0,20
470716,1,1,0,0,0,0,0,0,0,0,0,0
470716,2,1,0,0,0,0,0,0,0,0,0,0
470717,1,1,0,0,0,0,0,0,0,0,0,17
470717,2,1,0,0,0,0,0,0,0,0,0,0
470718,1,1,0,0,0,0,0,0,0,0,0,0
470718,2,1,0,0,0,6,0,0,0,0,0,0
470719,1,1,0,0,0,0,0,0,0,0,0,0
470719,2,1,0,0,0,0,0,0,0,0,0,0
470720,1,1,0,0,0,0,0,0,0,0,0,0
470720,2,1,0,0,0,0,0,0,0,0,0,0
470720,3,1,0,0,0,0,0,0,0,0,0,0
470721,1,1,0,0,0,0,0,0,0,0,0,0
470722,1,1,15,15,15,15,15,15,15,15,15,15
470722,2,1,0,0,0,0,0,0,0,0,0,0
470723,1,1,5,5,5,5,5,5,5,5,5,5
470724,1,1,28,28,28,28,28,28,28,28,28,28
470726,1,1,1,1,1,1,1,1,1,1,1,1
470726,2,1,0,0,0,0,0,0,0,0,0,0
470727,1,1,0,0,0,0,0,0,0,0,0,0
470727,2,1,0,0,0,0,0,0,0,0,0,0
470728,1,1,28,21,13,14,9,13,17,20,11,18
470729,1,1,19,19,19,19,19,19,19,19,19,19
470730,0,1,0,0,0,0,0,0,0,0,0,0
470730,1,1,0,0,0,0,0,0,0,0,0,0
470731,1,1,12,12,12,12,12,12,12,12,12,12
470731,2,1,0,0,0,0,0,0,0,0,0,0
470732,1,1,0,0,0,0,0,0,0,0,0,0
470732,2,1,0,0,0,0,0,0,0,0,0,0
470733,1,1,0,0,0,0,0,0,0,0,0,0
470734,1,1,0,0,0,0,0,0,0,0,0,0
470734,2,1,11,11,11,11,11,11,11,11,11,11
470735,1,1,2,2,2,2,2,2,2,2,2,2
470736,1,1,0,0,0,0,0,0,0,0,0,0
470736,2,1,0,0,0,18,0,0,0,0,0,0
470736,3,1,0,0,0,0,0,0,0,0,0,0
470737,1,1,4,4,4,4,4,4,4,4,4,4
470738,1,1,0,0,0,0,0,0,0,0,0,0
470740,1,1,0,10,0,0,0,0,0,0,0,0
470741,1,1,0,0,0,0,0,0,0,0,0,0
470742,1,1,3,3,3,3,3,3,3,3,3,3
470742,2,1,0,0,0,0,0,0,0,0,0,0
470743,1,1,0,0,0,0,0,0,0,0,0,0
470744,1,1,20,20,20,20,20,20,20,20,20,20
470745,0,1,0,0,0,0,0,0,0,0,0,0
470745,1,1,0,0,0,0,0,0,15,0,0,14
470746,0,1,0,0,0,0,0,0,0,0,0,0
470746,1,1,0,0,0,0,0,0,0,0,0,0
470747,1,1,0,0,0,0,0,0,0,13,0,29
470747,2,1,0,0,0,0,0,0,0,0,0,0
470748,0,1,0,0,0,0,21,0,0,0,29,0
470748,1,1,0,0,0,0,0,0,0,0,0,0
470749,0,1,0,0,0,0,0,0,0,0,0,0
470749,0,2,0,0,0,0,0,0,0,0,0,0
470749,1,1,0,0,0,0,0,0,0,0,0,0
470749,2,1,0,0,0,0,0,0,0,0,0,0
470750,1,1,0,0,0,0,0,0,0,0,0,0
470750,2,1,0,0,0,0,0,0,0,0,0,0
470750,3,1,0,0,0,0,0,0,0,0,0,0
470750,4,1,0,0,0,0,0,13,0,0,0,0
470750,5,1,0,14,0,0,0,0,0,0,0,0
470751,1,1,25,0,11,23,19,0,41,24,27,0
470752,1,1,0,0,0,0,0,0,0,0,0,0
470752,2,1,0,0,0,0,0,0,0,0,0,0
470753,0,1,0,0,0,0,0,0,0,0,0,0
470753,1,1,0,0,0,0,0,0,0,0,0,0
470754,1,1,0,0,0,0,0,0,0,0,0,0
470754,2,1,0,0,0,0,0,0,0,0,0,0
470755,1,1,0,0,0,0,0,0,0,0,0,0
470755,2,1,0,0,0,0,0,0,0,0,0,16
470756,1,1,0,0,0,0,0,0,0,0,0,0
470757,0,1,0,0,0,0,0,0,0,0,0,0
470757,1,1,0,0,0,0,0,0,0,0,0,0
470758,0,1,28,28,28,28,28,28,28,28,28,28
470758,1,1,17,17,17,17,17,17,17,17,17,17
470759,0,1,0,0,0,20,0,0,0,0,0,0
470759,0,2,0,0,0,0,0,0,0,0,0,0
470759,1,1,0,0,0,0,0,0,0,0,0,0
470760,1,1,0,0,0,0,0,0,0,0,0,0
470760,2,1,0,0,0,0,0,0,0,0,0,0
470761,1,1,0,17,0,30,14,23,14,14,11,12
470761,2,1,0,0,0,0,0,0,0,0,0,0
470763,1,1,0,0,0,0,0,0,18,0,0,0
470764,1,1,17,17,17,17,17,17,17,17,17,17
470764,2,1,0,0,0,0,0,0,0,0,0,0
470765,0,1,0,0,0,0,0,0,0,0,0,0
470765,1,1,0,0,0,0,0,0,0,0,0,0
470766,1,1,0,0,0,0,0,0,0,0,0,0
470767,1,1,0,0,0,0,0,0,0,0,0,0
470768,1,1,0,0,0,0,0,0,0,0,0,0
470768,2,1,0,0,0,0,0,0,0,0,0,0
470769,1,1,12,12,12,12,12,12,12,12,12,12
470770,1,1,14,14,14,14,14,14,14,14,14,14
470771,1,1,19,19,19,19,19,19,19,19,19,19
470772,1,1,0,0,0,0,0,0,0,0,0,0
470773,1,1,11,20,21,12,31,9,16,13,6,14
470774,1,1,16,16,16,16,16,16,16,16,16,16
470774,2,1,0,0,0,0,0,0,0,0,0,0
470775,1,1,0,0,0,0,0,0,0,0,0,0
470776,1,1,0,0,0,0,0,0,0,0,0,0
470777,1,1,0,0,0,0,0,0,0,0,0,0
470778,1,1,0,0,0,0,0,0,0,0,0,0
470779,1,1,0,0,0,0,0,0,0,0,0,0
470780,1,1,19,19,19,19,19,19,19,19,19,19
470781,1,1,0,0,0,0,0,0,0,0,0,0
470782,1,1,0,0,0,0,0,0,0,0,0,0
470782,2,1,0,0,0,0,0,0,11,0,0,0
470783,1,1,0,0,0,0,0,0,0,0,0,0
470783,2,1,0,16,0,0,0,0,0,0,0,0
470784,1,1,0,0,0,0,0,0,0,0,0,0
470785,0,1,20,20,20,20,20,20,20,20,20,20
470785,1,1,0,0,0,0,0,0,0,0,0,0
470786,1,1,9,4,19,15,24,20,14,11,19,11
470786,2,1,0,0,0,0,0,0,0,0,0,0
470787,0,1,11,11,11,11,11,11,11,11,11,11
470787,1,1,14,14,14,14,14,14,14,14,14,14
470788,1,1,0,0,0,0,0,0,0,0,0,0
470788,2,1,0,0,0,0,0,0,0,0,0,0
470788,3,1,0,0,0,0,0,0,0,0,0,0
470789,0,1,0,0,0,0,0,0,0,0,0,0
470789,1,1,0,0,12,0,5,13,0,0,0,0
470790,0,1,17,17,17,17,17,17,17,17,17,17
470790,1,1,0,0,0,0,0,0,0,0,0,0
470790,2,1,0,5,0,0,12,0,0,0,0,0
470791,1,1,0,0,0,0,0,0,0,0,0,0
470792,0,1,0,0,0,0,0,0,0,0,0,0
470792,1,1,0,0,0,0,0,0,0,0,0,0
470792,2,1,0,0,0,0,0,0,0,0,0,0
470793,1,1,31,31,31,31,31,31,31,31,31,31
470794,1,1,14,14,14,14,14,14,14,14,14,14
470794,2,1,2,2,2,2,2,2,2,2,2,2
470795,1,1,0,0,0,0,0,0,0,0,0,0
470796,1,1,0,0,0,0,0,14,0,0,0,0
470797,1,1,0,0,0,0,0,0,0,0,0,0
470797,2,1,0,0,0,0,0,0,0,0,0,0
470798,1,1,20,20,20,20,20,20,20,20,20,20
470799,0,1,0,0,0,0,0,0,0,0,0,0
470799,1,1,0,0,0,0,0,0,0,0,0,0
470801,1,1,0,0,0,0,0,0,0,0,0,0
470801,2,1,22,22,22,22,22,22,22,22,22,22
470802,1,1,0,0,0,0,0,0,0,0,0,0
470802,2,1,0,0,0,0,0,0,0,0,0,0
470803,1,1,21,21,21,21,21,21,21,21,21,21
470804,1,1,27,36,26,14,21,8,14,18,19,34
470805,1,1,0,0,0,0,0,0,0,0,0,0
470805,2,1,0,0,0,0,0,0,0,0,0,0
470806,0,1,0,0,0,0,0,0,0,0,0,0
470806,1,1,0,0,0,0,0,0,0,0,0,0
470807,1,1,0,0,0,0,0,0,0,4,0,0
470808,1,1,0,0,0,0,0,0,0,0,0,0
470808,2,1,0,0,0,0,0,0,0,0,0,0
470808,3,1,0,0,0,0,0,0,0,0,0,0
470809,1,1,0,0,0,0,0,0,0,0,0,0
470809,2,1,0,0,0,0,0,0,0,0,0,0
470810,1,1,0,0,0,0,0,0,0,0,0,0
470810,2,1,0,0,0,0,0,0,0,0,0,0
470811,1,1,11,11,11,11,11,11,11,11,11,11
470812,1,1,0,0,0,0,0,0,0,0,0,0
470812,2,1,0,0,0,0,0,0,0,0,0,0
470813,1,1,0,0,20,0,0,0,0,0,0,28
470813,2,1,0,0,0,0,0,0,0,0,0,0
470814,1,1,33,33,33,33,33,33,33,33,33,33
470815,1,1,0,0,0,0,0,0,0,0,0,0
470815,2,1,0,0,0,0,0,0,0,0,0,0
470816,1,1,17,17,17,17,17,17,17,17,17,17
470817,0,1,0,0,0,0,0,0,0,0,0,0
470817,1,1,0,0,0,0,0,0,0,0,0,0
470818,1,1,0,0,0,0,0,0,0,0,0,0
470818,2,1,0,0,0,0,0,0,0,0,0,0
470819,1,1,0,0,0,0,0,0,0,0,0,0
470820,1,1,0,0,0,0,0,0,0,0,0,0
470820,2,1,0,0,0,0,31,0,0,0,0,0
470820,3,1,0,0,0,0,0,0,0,0,0,0
470821,0,1,0,0,0,0,0,0,0,0,0,0
470821,1,1,0,0,0,0,0,0,0,0,0,0
470822,1,1,0,0,0,0,0,0,0,0,0,4
470822,2,1,0,0,0,0,0,0,0,0,0,0
470823,1,1,14,14,14,14,14,14,14,14,14,14
470824,0,1,28,28,28,28,28,28,28,28,28,28
470824,1,1,0,0,0,0,0,0,0,0,0,0
470825,0,1,6,6,6,6,6,6,6,6,6,6
470825,1,1,0,0,0,0,0,0,0,0,0,0
470826,1,1,0,0,14,0,0,0,0,0,0,0
470826,2,1,0,0,0,0,0,0,0,0,0,0
470826,3,1,0,0,0,32,0,15,0,0,0,0
470827,1,1,16,0,0,0,0,13,0,19,0,0
470828,0,1,17,7,0,20,36,0,6,13,0,0
470828,1,1,0,0,0,0,0,0,0,0,28,0
470829,1,1,25,0,21,0,0,27,0,0,0,0
470829,2,1,16,16,16,16,16,16,16,16,16,16
470830,1,1,0,0,0,12,11,0,0,0,0,0
470831,1,1,0,0,0,0,0,0,0,0,0,0
470831,2,1,0,0,0,0,0,0,0,0,0,0
470832,1,1,28,28,28,28,28,28,28,28,28,28
470832,2,1,0,0,0,0,0,0,0,0,0,0
470833,1,1,0,0,0,0,0,0,0,0,0,0
470833,2,1,0,0,0,0,0,0,0,0,0,0
470834,1,1,0,0,0,0,0,0,0,0,0,0
470834,2,1,0,0,0,0,0,0,0,0,0,0
470835,0,1,28,18,0,0,27,16,0,0,0,36
470835,1,1,0,0,0,0,0,0,0,0,2,0
470836,1,1,0,0,0,0,0,0,0,0,0,0
470837,1,1,11,11,11,11,11,11,11,11,11,11
470838,1,1,0,0,0,0,0,0,0,0,0,0
470839,1,1,0,0,0,0,0,0,0,0,0,0
470839,2,1,13,13,13,13,13,13,13,13,13,13
470840,1,1,19,19,19,19,19,19,19,19,19,19
470840,2,1,0,0,0,0,0,0,0,0,0,0
470841,0,1,0,27,0,0,0,22,25,36,8,39
470841,1,1,0,0,0,0,23,0,0,0,0,0
470842,1,1,1,1,1,1,1,1,1,1,1,1
470843,1,1,0,0,0,0,0,0,0,0,0,0
470844,0,1,0,0,0,0,0,0,0,0,0,0
470844,1,1,0,0,0,0,0,0,0,0,0,0
470845,1,1,0,0,0,0,0,0,0,0,0,0
470846,1,1,12,12,12,12,12,12,12,12,12,12
470847,0,1,25,25,25,25,25,25,25,25,25,25
470847,1,1,0,0,0,0,0,0,0,0,0,0
470848,1,1,0,0,0,0,0,0,0,0,0,0
470848,2,1,0,0,0,0,0,0,0,0,0,0
470849,1,1,0,0,0,0,0,0,0,0,0,0
470849,2,1,0,0,0,0,0,0,0,0,0,0
470850,1,1,0,0,0,0,16,0,11,15,0,0
470851,0,1,22,22,22,22,22,22,22,22,22,22
470851,1,1,0,0,0,0,0,0,0,0,0,0
470852,1,1,0,0,0,0,0,0,0,0,0,0
470852,2,1,0,0,0,0,0,0,0,0,0,0
470853,1,1,0,0,0,0,0,0,0,0,0,0
470853,2,1,0,0,0,0,0,0,0,0,0,0
470853,3,1,0,0,0,0,0,0,0,0,0,0
470854,1,1,0,0,0,0,0,0,0,0,0,0
470854,2,1,0,0,0,0,0,0,0,0,0,0
470855,1,1,0,0,0,0,0,0,0,0,0,0
470855,2,1,0,0,0,0,0,0,0,0,0,0
470856,1,1,0,0,0,0,0,0,0,24,0,0
470856,2,1,0,0,0,0,0,0,0,0,0,0
470857,1,1,0,0,0,0,0,0,0,0,0,0
470857,2,1,0,0,0,0,0,0,0,0,0,0
470858,0,1,0,0,0,0,0,0,0,0,0,0
470858,1,1,0,0,10,8,10,0,14,15,0,4
470859,1,1,0,0,0,0,0,0,0,0,0,0
470859,2,1,0,0,0,0,0,0,0,0,0,0
470860,1,1,0,0,0,0,0,0,0,0,0,0
470861,1,1,0,0,0,0,0,0,0,0,0,0
470861,2,1,0,0,0,0,0,0,0,0,0,0
470862,1,1,10,10,10,10,10,10,10,10,10,10
470862,2,1,0,0,11,0,0,0,0,0,0,0
470863,1,1,0,0,0,0,0,0,0,0,0,0
470864,1,1,0,0,0,0,0,0,0,0,0,0
470865,0,1,0,0,0,0,0,0,16,0,0,0
470865,1,1,0,0,0,0,0,0,0,0,0,0
470866,1,1,10,10,10,10,10,10,10,10,10,10
470867,0,1,26,26,26,26,26,26,26,26,26,26
470867,1,1,0,0,0,0,0,0,0,0,0,0
470868,1,1,0,0,0,0,0,0,0,0,0,0
470869,1,1,0,0,0,0,0,0,0,0,0,0
470869,2,1,0,0,0,0,0,0,0,0,0,0
470870,1,1,0,0,0,0,0,0,0,0,0,0
470871,1,1,0,0,0,0,0,0,0,0,26,20
470872,1,3,0,9,0,7,0,0,0,35,19,0
470873,1,1,0,0,0,0,0,0,0,0,0,0
470874,1,1,0,0,0,0,0,0,0,0,24,0
470874,2,1,0,0,0,0,0,0,9,0,0,0
470875,0,1,0,0,0,0,0,0,0,46,0,0
470875,1,1,0,0,0,0,0,0,14,0,0,0
470876,1,1,26,26,26,26,26,26,26,26,26,26
470877,1,1,0,13,0,0,0,12,0,0,0,0
470878,1,1,0,0,0,0,0,0,0,0,0,0
470879,1,1,0,0,0,0,0,0,0,0,0,0
470879,2,1,0,0,0,0,0,0,0,0,0,0
470880,1,1,0,0,0,0,0,0,0,0,0,0
470880,2,1,0,0,0,0,0,0,0,0,0,0
470881,0,1,0,0,0,0,0,0,0,0,0,0
470881,1,1,9,4,0,0,0,19,12,0,0,0
470882,1,1,0,0,0,0,0,0,0,0,0,0
470882,2,1,0,0,0,0,0,0,0,0,0,0
470883,1,1,0,0,0,0,0,0,0,0,0,0
470883,2,1,0,0,0,0,0,0,0,0,0,0
470884,1,1,0,0,0,0,0,0,0,0,0,0
470884,2,1,0,0,0,0,0,0,0,0,0,0
470884,3,1,0,0,0,0,0,0,0,0,0,0
470884,4,1,0,0,0,0,0,0,0,0,0,0
470885,1,1,0,0,0,0,0,0,0,0,0,0
470886,1,1,0,0,0,0,0,0,0,0,0,0
470886,2,1,0,0,0,24,0,0,0,0,0,0
470887,1,1,0,0,0,0,0,0,0,0,0,0
470888,1,1,31,31,31,31,31,31,31,31,31,31
470889,0,1,0,0,0,0,0,0,0,0,0,0
470889,1,1,15,0,0,0,0,18,0,0,0,0
470890,1,1,20,20,20,20,20,20,20,20,20,20
470890,2,1,0,0,5,0,0,0,0,0,0,17
470891,1,1,0,0,0,0,0,0,0,0,0,0
470891,2,1,0,0,0,0,0,0,0,8,0,0
470892,1,1,12,12,12,12,12,12,12,12,12,12
470892,2,1,0,0,0,0,0,0,0,0,0,0
470893,1,1,0,0,0,0,0,0,0,0,0,0
470893,2,1,0,0,0,0,0,0,0,0,0,0
470894,1,1,0,0,0,0,0,0,0,0,0,0
470894,2,1,0,0,0,0,0,0,0,0,0,0
470895,1,1,0,0,0,0,0,0,0,0,0,0
470895,2,1,0,0,0,0,0,0,0,0,0,0
470895,3,1,0,0,0,0,0,0,0,0,0,0
470896,1,1,0,0,0,0,0,0,0,0,0,0
470897,1,1,25,25,25,25,25,25,25,25,25,25
470897,2,1,0,0,0,0,0,0,0,0,0,0
470898,1,1,0,0,0,0,0,0,0,0,0,0
470899,1,1,0,0,0,0,0,0,0,0,0,0
470900,1,1,0,0,0,0,0,0,0,0,0,0
470900,2,1,0,0,0,0,0,0,0,0,0,0
470901,1,1,15,15,15,15,15,15,15,15,15,15
470902,1,1,20,20,20,20,20,20,20,20,20,20
470903,1,1,0,0,0,0,0,0,0,0,0,0
470904,0,1,0,0,0,0,0,0,0,0,0,0
470904,1,1,0,0,0,0,0,0,0,0,0,0
470905,1,1,0,12,0,0,0,0,0,10,0,0
470906,1,1,20,20,20,20,20,20,20,20,20,20
470907,1,1,0,0,0,0,0,0,0,0,0,0
470907,2,1,0,0,0,0,0,0,0,0,0,0
470908,1,1,0,0,0,5,21,0,13,0,0,0
470908,2,1,0,0,0,0,0,0,0,0,0,0
470909,1,1,0,0,0,0,0,0,0,0,0,0
470909,2,1,0,0,0,0,0,0,0,0,0,0
470910,1,1,0,0,0,0,0,0,0,0,0,0
470911,1,1,0,0,0,0,0,0,0,0,0,0
470912,1,1,8,8,8,8,8,8,8,8,8,8
470913,1,1,0,0,0,0,0,0,0,0,0,0
470914,1,1,0,0,0,0,0,0,0,30,0,0
470915,1,1,0,0,0,0,0,0,0,0,0,0
470915,2,1,0,0,0,0,0,0,0,0,0,0
470916,1,1,0,0,0,0,0,0,0,0,0,0
470917,1,1,0,17,0,0,0,0,0,0,0,0
470917,2,1,0,0,0,0,0,0,0,0,0,0
470918,1,1,15,15,15,15,15,15,15,15,15,15
470919,1,1,0,0,0,0,0,0,0,0,0,0
470919,2,1,0,0,0,0,0,0,0,0,0,0
470920,1,1,0,0,0,0,0,0,0,0,0,0
470921,1,1,23,20,0,10,10,0,0,8,16,31
470922,1,1,0,0,0,0,18,0,0,0,0,0
470923,1,1,10,0,0,0,0,0,0,0,0,0
470923,2,1,0,0,0,0,23,0,0,0,0,0
470924,1,1,0,0,0,0,0,0,0,0,0,0
470924,2,1,94,94,94,94,94,94,94,94,94,94
470924,3,1,0,7,0,0,0,0,0,0,0,0
480001,1,1,39,0,0,19,9,27,14,0,16,0
480001,2,1,0,0,0,9,0,0,35,17,0,0
480002,1,1,10,10,10,10,10,10,10,10,10,10
480003,1,1,22,22,22,22,22,22,22,22,22,22
480004,1,1,20,20,20,20,20,20,20,20,20,20
480005,0,1,0,22,0,0,0,19,0,0,23,0
480005,2,1,0,0,0,0,20,19,22,26,0,0
480006,1,1,0,0,0,0,0,0,0,0,0,0
480007,0,1,0,19,0,19,0,0,0,0,7,0
480007,1,1,0,0,0,0,0,12,0,0,0,0
480008,1,1,9,9,9,9,9,9,9,9,9,9
480009,1,1,21,21,21,21,21,21,21,21,21,21
480010,0,1,19,19,19,19,19,19,19,19,19,19
480010,1,1,0,21,0,19,0,0,8,0,0,0
480011,1,1,17,17,17,17,17,17,17,17,17,17
480012,1,1,0,0,0,0,0,0,0,0,0,0
480013,1,1,0,0,0,0,0,0,23,0,0,0
480013,2,1,0,0,0,0,0,0,0,18,0,0
480014,1,1,0,0,0,0,0,60,0,0,0,0
480014,2,1,0,0,38,14,0,12,0,0,0,0
480015,1,1,15,15,15,15,15,15,15,15,15,15
480016,1,1,8,0,0,17,0,0,21,29,18,0
480017,1,1,0,0,0,0,0,0,0,0,0,0
480017,2,1,0,0,0,0,0,12,0,0,0,0
480018,1,1,0,13,24,0,26,0,0,0,0,0
480019,0,1,20,0,0,0,14,0,0,25,0,0
480019,1,1,0,0,0,0,9,0,0,14,0,0
480020,1,1,20,27,0,13,18,6,8,11,6,6
480020,2,1,0,0,0,0,0,0,0,0,0,0
480021,0,1,30,30,30,30,30,30,30,30,30,30
480021,1,1,0,0,0,0,0,0,0,0,2,0
480022,1,1,0,0,0,0,0,0,10,0,0,0
480022,2,1,11,25,0,0,0,0,0,0,0,0
480023,0,1,0,0,0,0,16,0,0,0,0,0
480023,0,2,0,0,35,0,11,0,0,0,0,0
480023,1,1,0,7,30,0,0,20,12,0,0,5
480024,0,1,0,0,0,0,0,0,0,0,0,0
480024,1,1,0,0,0,0,0,12,0,0,8,0
480025,1,1,26,26,26,26,26,26,26,26,26,26
480026,1,1,12,12,12,12,12,12,12,12,12,12
480027,1,1,21,21,21,21,21,21,21,21,21,21
480027,2,1,0,0,0,0,13,0,0,0,0,0
480028,1,1,18,18,18,18,18,18,18,18,18,18
480029,1,1,5,5,5,5,5,5,5,5,5,5
480030,1,1,0,0,0,0,0,0,0,0,0,0