ST_CASE,VEH_NO,PER_NO,P1,P2,P3,P4,P5,P6,P7,P8,P9,P10
481206,1,1,28,0,0,0,21,0,0,13,27,0
481206,2,1,0,0,0,0,0,0,0,0,0,0
481207,1,1,0,0,0,0,0,0,0,0,0,0
481207,2,1,0,0,0,0,0,0,0,0,0,0
481207,3,1,0,0,8,0,0,0,0,0,0,0
481207,4,1,0,0,0,0,0,0,0,0,0,0
481207,5,1,0,0,20,0,0,0,0,17,0,0
481207,6,1,0,0,0,0,0,0,0,0,0,0
481209,0,1,0,0,0,0,0,0,34,0,0,0
481209,1,1,0,24,0,0,0,0,0,0,0,0
481210,1,1,0,0,0,0,0,0,0,0,0,0
481210,2,1,6,6,6,6,6,6,6,6,6,6
481211,0,1,0,0,14,0,0,0,0,19,0,0
481211,1,1,4,0,0,10,0,0,0,0,0,0
481212,1,1,0,22,0,0,0,0,0,4,0,0
481212,2,1,2,2,2,2,2,2,2,2,2,2
481213,1,1,0,0,0,0,0,0,0,0,0,0
481214,1,1,6,6,6,6,6,6,6,6,6,6
481215,1,1,0,19,0,0,0,0,0,0,0,0
481215,2,1,9,0,0,0,0,0,0,0,0,16
481215,3,1,0,0,0,0,0,0,0,0,0,0
481216,1,1,0,0,0,0,0,0,0,0,0,0
481216,2,1,22,22,22,22,22,22,22,22,22,22
481217,1,1,4,28,13,8,15,12,24,3,22,33
481218,0,1,0,0,0,0,0,0,0,0,0,0
481218,1,1,11,11,11,11,11,11,11,11,11,11
481219,0,1,22,22,22,22,22,22,22,22,22,22
481219,1,1,11,0,5,15,0,0,15,7,0,13
481220,1,1,0,30,0,0,21,0,0,0,0,0
481220,2,1,0,0,0,11,0,0,0,0,0,22
481221,1,1,20,20,20,20,20,20,20,20,20,20
481221,2,1,4,0,16,15,8,0,22,0,0,0
481222,1,1,18,18,18,18,18,18,18,18,18,18
481223,1,1,0,0,0,0,0,0,0,0,0,0
481224,0,1,0,22,0,0,0,0,0,0,0,0
481224,1,1,0,0,0,0,0,0,0,0,12,0
481225,0,1,19,19,19,19,19,19,19,19,19,19
481225,1,1,12,0,0,25,15,0,0,0,0,0
481226,1,1,8,0,0,0,20,0,12,19,0,15
481226,2,1,18,10,12,32,24,22,17,24,17,17
481227,1,1,38,38,38,38,38,38,38,38,38,38
481228,0,1,2,2,2,2,2,2,2,2,2,2
481228,1,1,8,0,0,4,0,0,0,0,0,0
481229,0,1,16,16,16,16,16,16,16,16,16,16
481229,1,1,12,12,12,12,12,12,12,12,12,12
481230,0,1,0,0,0,0,0,0,0,0,0,0
481230,1,1,0,14,0,7,0,0,0,12,5,7
481231,0,1,10,10,10,10,10,10,10,10,10,10
481231,1,1,0,0,0,0,0,0,0,0,7,16
481232,1,1,15,15,15,15,15,15,15,15,15,15
481232,2,1,0,19,0,0,0,5,11,0,0,10
481232,3,1,17,8,0,0,15,2,0,26,0,15
481233,1,1,0,0,0,0,0,0,0,0,0,0
481233,2,1,0,0,0,0,0,11,15,0,0,24
481234,0,1,0,0,0,0,0,0,0,0,0,0
481234,1,1,0,7,13,0,9,0,0,8,23,0
481235,1,1,17,17,17,17,17,17,17,17,17,17
481236,1,1,4,19,19,18,7,28,7,0,0,15
481237,1,1,23,23,23,23,23,23,23,23,23,23
481238,1,1,0,0,0,0,0,0,0,0,0,0
481238,3,1,0,0,0,0,0,0,0,0,0,0
481239,1,1,0,26,0,0,0,24,0,0,0,0
481239,2,1,0,12,0,0,0,0,3,5,0,0
481241,1,1,0,0,0,0,0,0,0,0,22,0
481241,2,1,0,0,0,0,17,0,0,0,0,0
481242,1,1,0,0,0,15,0,0,0,0,0,12
481243,1,1,14,7,19,0,0,0,0,15,13,0
481244,1,1,11,8,0,0,0,0,0,0,0,0
481244,2,1,15,15,15,15,15,15,15,15,15,15
481245,1,1,23,23,23,23,23,23,23,23,23,23
481246,0,1,0,0,0,0,0,0,0,0,0,0
481247,1,1,24,24,24,24,24,24,24,24,24,24
481248,1,1,2,2,2,2,2,2,2,2,2,2
481248,2,1,0,22,0,9,0,8,19,0,0,0
481248,3,1,0,8,19,31,0,0,0,0,0,0
481249,1,1,18,18,18,18,18,18,18,18,18,18
481250,1,1,14,21,16,27,10,10,0,8,0,16
481250,2,1,0,15,21,11,35,9,0,5,21,40
481251,1,1,0,0,0,0,0,0,0,15,0,10
481251,2,1,20,11,0,0,0,0,0,0,0,30
481252,1,1,0,0,0,5,0,0,0,0,0,19
481252,2,1,0,21,0,0,0,0,0,0,28,0
481253,1,1,0,0,0,0,0,0,0,0,0,0
481254,1,1,9,9,9,9,9,9,9,9,9,9
481255,1,1,13,13,13,13,13,13,13,13,13,13
481255,2,1,0,0,0,23,0,0,18,0,0,0
481256,1,1,24,14,37,15,14,22,34,12,21,17
481257,1,1,0,0,0,0,0,0,0,0,0,0
481257,2,1,0,0,0,0,0,0,0,0,0,0
481257,3,1,0,0,0,0,0,0,0,0,0,0
481257,4,1,0,0,0,0,0,0,0,0,0,29
481257,5,1,0,0,0,0,0,0,0,0,20,0
481257,6,1,0,0,0,0,0,0,0,0,0,0
481257,7,1,0,17,0,0,0,0,0,0,0,0
481257,8,1,0,0,0,0,0,0,9,24,13,0
481257,9,1,0,0,0,0,0,0,28,0,17,0
481258,0,1,0,0,0,0,0,0,0,0,0,0
481258,1,1,0,0,0,0,0,0,0,0,0,0
481259,1,1,0,21,0,0,0,0,7,0,0,0
481260,1,1,0,0,0,0,0,0,0,0,0,0
481260,2,1,0,0,0,0,0,0,0,0,0,0
481260,3,1,0,22,5,0,0,0,0,0,0,0
481261,1,1,0,0,0,0,0,0,0,0,0,0
481261,2,1,13,0,18,7,8,12,6,0,0,0
481262,1,1,0,0,0,0,0,0,0,0,0,0
481262,2,1,0,0,0,8,0,0,0,11,0,0
481263,1,1,26,26,26,26,26,26,26,26,26,26
481264,1,1,20,20,20,20,20,20,20,20,20,20
481265,0,1,34,34,34,34,34,34,34,34,34,34
481265,1,1,18,20,10,0,0,0,11,0,0,0
481266,1,1,17,17,17,17,17,17,17,17,17,17
481266,2,1,0,0,0,0,0,0,0,0,15,0
481267,1,1,0,0,0,0,0,0,0,0,0,0
481267,2,1,16,15,15,0,0,9,0,8,5,10
481267,3,1,0,0,0,0,0,0,0,0,0,18
481268,1,1,0,0,10,0,0,35,23,0,17,0
481268,2,1,0,0,0,14,0,0,27,12,0,0
481269,1,1,1,1,1,1,1,1,1,1,1,1
481269,2,1,18,0,0,0,0,0,0,0,0,0
481270,1,1,27,27,27,27,27,27,27,27,27,27
481270,2,1,0,0,0,0,0,0,0,0,0,0
481271,1,1,15,15,15,15,15,15,15,15,15,15
481272,1,1,0,18,0,13,0,0,21,43,6,15
481273,0,1,25,25,25,25,25,25,25,25,25,25
481273,1,1,23,0,9,0,4,0,3,11,0,0
481274,0,1,36,36,36,36,36,36,36,36,36,36
481274,1,1,0,0,0,0,15,0,0,5,0,0
481275,1,1,7,7,7,7,7,7,7,7,7,7
481276,1,1,0,0,0,0,0,0,0,0,0,0
481277,1,1,7,7,7,7,7,7,7,7,7,7
481277,2,1,0,28,0,0,0,0,15,16,0,0
481278,0,1,0,0,0,0,0,0,0,0,0,0
481278,1,1,15,0,0,0,0,20,0,0,0,0
481279,1,1,0,0,0,0,0,0,0,0,0,0
481279,2,1,0,0,0,0,0,0,0,0,0,0
481280,1,1,0,0,0,0,0,0,0,0,0,0
481280,2,1,0,0,21,9,0,0,0,0,0,19
481280,3,1,0,0,0,0,0,0,0,0,0,0
481280,4,1,0,0,13,0,0,0,0,0,0,0
481281,0,1,0,0,0,0,0,0,0,0,0,0
481281,1,1,0,0,0,0,0,0,0,0,0,0
481282,1,1,12,12,12,12,12,12,12,12,12,12
481283,1,1,0,0,0,0,0,27,0,0,0,0
481283,2,1,0,32,9,0,8,0,0,0,0,0
481283,3,1,0,0,0,0,18,16,0,0,0,0
481284,0,1,33,33,33,33,33,33,33,33,33,33
481284,0,2,22,25,0,26,0,15,0,22,12,23
481284,1,1,0,0,18,0,0,0,13,0,0,19
481285,1,1,29,29,29,29,29,29,29,29,29,29
481286,1,1,0,0,0,0,0,0,0,0,0,0
481286,2,1,0,0,0,0,0,0,0,0,0,0
481288,1,1,16,3,19,12,29,18,23,10,14,30
481289,1,1,0,0,0,0,0,0,0,0,0,0
481289,2,1,0,0,0,0,0,0,0,0,9,0
481290,1,1,18,11,21,26,0,0,0,22,13,0
481291,1,1,17,17,17,17,17,17,17,17,17,17
481291,2,1,13,13,13,13,13,13,13,13,13,13
481292,1,1,12,12,12,12,12,12,12,12,12,12
481293,1,1,12,12,12,12,12,12,12,12,12,12
481294,1,1,18,18,18,18,18,18,18,18,18,18
481295,1,1,0,0,0,0,0,0,0,0,0,0
481296,0,1,28,28,28,28,28,28,28,28,28,28
481296,1,1,0,0,22,0,0,9,0,25,24,0
481297,1,1,0,13,23,0,0,0,0,10,11,7
481298,1,1,0,0,0,0,0,0,0,0,0,0
481298,2,1,0,0,0,0,0,0,0,0,0,0
481298,3,1,0,12,15,0,0,10,0,24,0,0
481299,1,1,5,0,12,0,0,0,0,13,0,11
481299,2,1,0,27,0,5,18,12,7,12,0,0
481300,1,1,18,0,25,0,10,22,0,12,0,0
481300,2,1,13,13,10,0,10,22,10,13,8,13
481300,3,1,0,0,4,0,8,0,6,0,22,0
481301,1,1,19,19,19,19,19,19,19,19,19,19
481301,2,1,0,0,0,0,0,6,0,25,7,18
481302,1,1,0,0,0,0,0,0,0,0,0,0
481302,2,1,0,0,8,0,0,0,0,7,19,0
481303,0,1,0,0,0,0,0,0,0,0,0,0
481303,1,1,0,0,12,0,0,0,0,17,0,0
481304,1,1,0,0,17,0,0,0,34,0,0,0
481304,2,1,0,0,0,0,0,0,18,0,0,0
481305,1,1,7,7,7,7,7,7,7,7,7,7
481306,0,1,0,8,15,0,0,0,0,0,24,24
481306,1,1,0,0,0,0,0,0,0,0,15,0
481307,1,1,0,0,0,0,0,0,0,0,0,0
481307,2,1,0,0,0,39,0,0,0,0,0,0
481308,1,1,0,0,0,0,0,0,0,0,0,0
481308,2,1,0,0,0,0,0,0,0,11,6,0
481308,3,1,0,0,0,0,0,0,19,0,0,0
481309,1,1,15,0,0,0,0,20,0,0,0,0
481311,1,1,15,14,23,11,8,28,27,12,4,17
481311,2,1,0,0,11,0,0,4,7,0,0,0
481312,1,1,0,0,0,0,0,0,0,0,0,0
481312,2,1,0,0,0,0,0,0,0,0,0,0
481312,3,1,0,0,0,16,0,0,0,0,0,0
481313,0,1,13,13,13,13,13,13,13,13,13,13
481313,1,1,0,0,0,0,0,0,0,0,0,0
481314,1,1,5,0,0,6,0,5,0,15,0,0
481314,2,1,0,0,0,15,0,0,0,0,0,0
481315,0,1,0,28,0,21,25,0,0,13,0,7
481315,1,1,16,15,13,0,0,0,8,0,11,0
481316,0,1,11,11,11,11,11,11,11,11,11,11
481316,1,1,0,0,0,0,0,0,0,0,0,0
481317,1,1,0,0,0,0,31,13,0,0,20,0
481318,1,1,0,0,18,5,0,0,0,0,0,0
481318,2,1,0,0,0,0,0,0,14,0,0,0
481319,1,1,22,22,22,22,22,22,22,22,22,22
481320,1,1,0,0,0,2,5,0,0,0,0,0
481320,2,1,0,0,0,20,7,0,0,0,0,19
481321,1,1,0,0,0,0,0,0,0,0,36,0
481322,1,1,17,17,17,17,17,17,17,17,17,17
481322,2,1,19,7,11,0,0,0,0,16,0,3
481323,1,1,24,24,24,24,24,24,24,24,24,24
481324,1,1,10,10,10,10,10,10,10,10,10,10
481325,1,1,18,36,14,29,13,32,7,19,10,24
481326,1,1,0,0,0,0,0,0,0,0,0,0
481326,2,1,0,0,0,0,18,18,0,17,0,15
481327,1,1,13,0,0,12,6,21,14,4,0,0
481327,2,1,0,13,0,6,0,12,9,0,7,0
481328,1,1,0,0,0,0,0,0,0,0,0,0
481328,2,1,0,0,15,8,0,0,16,0,0,0
481329,1,1,0,0,0,0,0,0,0,0,0,0
481329,2,1,0,0,0,0,0,15,0,0,0,0
481330,1,1,0,0,0,26,19,11,0,8,0,0
481330,2,1,0,0,0,0,0,0,0,0,0,0
481331,1,1,20,6,0,19,0,0,0,34,16,9
481331,2,1,20,21,0,20,18,0,22,12,0,21
481332,1,1,16,16,16,16,16,16,16,16,16,16
481333,1,1,0,0,0,0,0,0,0,0,0,0
481333,2,1,0,0,0,0,0,0,0,0,0,0
481333,3,1,0,24,0,0,0,0,0,0,0,0
481333,4,1,12,13,0,0,0,0,0,0,0,38
481333,5,1,0,0,0,0,0,0,0,0,0,0
481334,1,1,0,0,0,0,0,0,0,0,0,0
481334,2,1,0,15,0,0,0,14,0,0,0,0
481335,1,1,5,5,2,9,13,14,9,13,11,22
481336,1,1,0,0,0,0,0,0,0,0,20,0
481336,2,1,0,0,0,0,21,0,0,0,0,0
481336,3,1,0,12,0,0,0,0,0,0,0,0
481337,1,1,0,0,0,0,0,0,0,0,0,0
481338,1,1,20,20,20,20,20,20,20,20,20,20
481339,1,1,9,9,9,9,9,9,9,9,9,9
481340,1,1,0,0,8,12,32,4,0,0,0,0
481341,0,1,3,3,3,3,3,3,3,3,3,3
481341,1,1,0,0,0,0,0,0,0,0,0,0
481342,1,1,0,0,0,0,0,0,0,0,0,0
481342,2,1,0,27,0,0,1,0,0,0,0,0
481343,1,1,0,0,0,0,0,0,0,0,0,0
481343,2,1,25,25,25,25,25,25,25,25,25,25
481344,1,1,0,0,0,0,10,0,0,0,0,0
481344,2,1,0,0,0,0,0,0,0,0,0,0
481345,1,1,0,0,0,0,0,0,15,0,0,0
481345,2,1,0,9,0,26,0,0,0,19,0,0
481346,1,1,0,0,0,0,0,0,0,0,0,0
481347,1,1,0,0,0,0,0,0,0,0,0,0
481348,1,1,13,2,0,11,0,6,0,20,0,4
481348,2,1,8,0,12,0,6,9,12,0,0,0
481349,1,1,0,0,4,0,0,0,13,0,0,0
481349,2,1,0,26,0,0,0,0,0,0,0,0
481350,1,1,0,0,0,0,0,0,0,0,0,0
481350,2,1,0,0,0,0,0,0,0,0,0,0
481351,1,1,0,0,0,0,0,0,0,0,0,0
481352,1,1,12,12,12,12,12,12,12,12,12,12
481352,2,1,7,7,7,7,7,7,7,7,7,7
481353,1,1,0,0,0,0,0,0,0,0,0,0
481354,1,1,0,0,0,0,4,0,4,0,0,0
481354,2,1,0,0,6,0,0,0,0,0,0,0
481355,1,1,0,0,0,0,0,0,0,0,0,0
481356,1,1,0,0,0,0,9,6,20,0,0,0
481356,2,1,14,0,0,0,14,0,0,0,12,0
481356,3,1,12,0,9,0,0,0,15,12,0,14
481357,1,1,17,17,17,17,17,17,17,17,17,17
481357,2,1,0,0,2,17,0,0,0,0,0,16
481358,0,1,0,0,35,0,0,0,0,0,0,10
481358,1,1,0,0,0,0,0,0,5,0,7,0
481359,1,1,0,15,0,0,0,31,0,35,0,0
481360,1,1,0,0,0,14,12,0,0,0,23,0
481360,2,1,0,0,0,0,0,0,0,0,0,0
481361,1,1,0,0,0,0,0,0,0,0,0,0
481361,2,1,0,0,0,0,5,0,0,0,0,0
481362,1,1,16,16,16,16,16,16,16,16,16,16
481363,0,1,0,0,0,0,0,32,0,0,44,0
481363,1,1,0,7,0,3,0,3,0,0,0,11
481364,1,1,0,0,0,24,0,0,0,0,9,4
481364,2,1,0,0,0,0,0,0,5,0,15,0
481365,1,1,27,27,27,27,27,27,27,27,27,27
481366,1,1,0,0,0,0,0,0,0,0,0,0
481366,2,1,0,0,0,0,0,0,0,0,0,0
481367,1,1,0,0,0,30,0,0,16,0,0,0
481368,1,1,17,0,13,0,14,0,12,0,0,0
481369,1,1,0,0,0,0,0,0,0,0,18,23
481369,2,1,0,0,0,0,0,0,0,0,0,0
481370,1,1,0,0,0,0,0,0,0,36,10,0
481371,0,1,15,0,0,0,19,11,0,34,0,0
481371,1,1,0,0,0,0,0,9,0,0,0,17
481372,1,1,72,0,0,0,0,0,0,0,0,0
481372,2,1,0,0,0,0,0,0,0,0,0,0
481373,1,1,0,0,0,0,21,0,0,25,15,0
481373,2,1,0,0,0,0,0,0,0,0,0,7
481374,0,1,0,0,4,18,27,29,0,0,26,0
481374,1,1,6,5,17,19,20,6,28,19,0,7
481375,1,1,0,0,0,0,0,0,0,0,0,61
481375,2,1,13,13,13,13,13,13,13,13,13,13
481376,1,1,4,0,0,0,18,0,0,0,0,13
481376,2,1,0,0,0,0,0,0,0,0,0,0
481377,1,1,0,0,17,11,0,0,17,10,0,9
481377,2,1,0,0,0,6,0,0,0,0,26,0
481377,3,1,0,0,0,0,0,0,0,0,0,0
481378,1,1,0,0,0,0,0,0,0,0,0,0
481378,2,1,0,0,0,0,0,0,0,0,0,0
481379,1,1,18,18,18,18,18,18,18,18,18,18
481380,1,1,0,0,0,0,0,0,0,0,0,0
481380,2,1,0,10,0,0,0,0,10,0,0,0
481381,0,1,0,0,0,0,0,0,0,0,0,0
481381,1,1,0,0,0,0,0,0,8,0,21,0
481382,1,1,0,0,0,0,0,0,0,0,0,0
481382,2,1,0,0,0,0,0,0,0,0,0,0
481383,1,1,0,0,0,0,0,0,0,0,0,0
481384,1,1,11,0,13,23,0,10,14,25,17,28
481385,0,1,0,0,0,0,0,0,0,0,0,0
481385,0,2,13,0,0,14,7,0,0,0,0,0
481385,0,3,0,0,0,18,0,15,0,23,18,12
481385,1,1,7,7,7,7,7,7,7,7,7,7
481385,2,1,0,0,0,2,0,0,0,24,0,7
481386,1,1,5,5,5,5,5,5,5,5,5,5
481386,2,1,0,0,0,0,0,0,17,0,0,0
481386,3,1,0,0,0,0,0,0,0,0,0,7
481387,1,1,21,21,21,21,21,21,21,21,21,21
481388,1,1,0,0,0,0,1,19,14,0,0,19
481389,1,1,0,0,0,0,0,0,13,0,0,0
481389,2,1,0,0,0,0,12,0,0,0,0,0
481390,1,1,0,0,0,0,0,0,0,0,0,0
481390,2,1,0,31,0,21,0,8,12,26,0,0
481391,1,1,21,21,21,21,21,21,21,21,21,21
481391,2,1,10,10,10,10,10,10,10,10,10,10
481392,1,1,38,38,38,38,38,38,38,38,38,38
481392,2,1,0,0,0,0,42,0,0,0,0,0
481393,0,1,0,0,0,0,0,0,4,0,0,0
481393,1,1,0,0,0,0,0,0,0,0,0,23
481395,1,1,0,0,0,0,0,0,0,0,0,0
481395,2,1,0,8,0,11,12,4,0,0,28,10
481396,1,1,0,0,0,0,0,0,0,0,0,0
481396,2,1,0,0,0,0,0,0,0,0,0,0
481397,1,1,0,0,0,0,0,0,0,0,0,0
481399,1,1,0,0,0,0,0,0,0,0,0,0
481399,2,1,0,12,20,0,0,20,14,0,15,0
481400,1,1,0,0,0,0,0,0,0,0,0,0
481402,0,1,27,27,27,27,27,27,27,27,27,27
481402,1,1,0,0,8,0,0,0,0,18,2,0
481403,1,1,0,30,20,0,0,0,8,0,0,0
481403,2,1,9,12,17,0,21,0,0,0,17,21
481403,3,1,0,11,8,0,19,25,16,7,0,0
481404,1,1,0,0,0,0,0,0,0,0,0,0
481404,2,1,0,0,0,0,0,0,0,0,16,0
481405,1,1,50,50,50,50,50,50,50,50,50,50
481406,1,1,1,1,1,1,1,1,1,1,1,1
481407,1,1,0,0,0,0,0,0,0,0,0,0
481407,2,1,0,0,0,0,0,0,0,0,0,0
481408,1,1,0,0,0,4,7,0,25,0,5,16
481408,2,1,0,0,0,0,0,0,0,0,0,5
481409,1,1,0,0,0,0,0,0,0,0,0,0
481409,2,1,0,0,0,0,11,18,0,8,0,0
481410,1,1,22,31,0,0,0,23,15,0,23,0
481411,1,1,13,22,18,17,11,4,21,14,15,7
481412,1,1,1,1,1,1,1,1,1,1,1,1
481413,1,1,6,0,10,14,0,4,0,0,0,10
481414,0,1,7,7,7,7,7,7,7,7,7,7
481414,1,1,0,0,0,0,0,0,0,0,0,0
481415,1,1,0,0,0,0,0,0,0,0,0,0
481416,1,1,0,0,0,0,0,0,0,0,0,0
481416,2,1,15,15,15,15,15,15,15,15,15,15
481417,1,1,12,12,12,12,12,12,12,12,12,12
481417,2,1,0,11,0,0,0,0,22,0,0,0
481418,0,1,12,12,12,12,12,12,12,12,12,12
481418,1,1,9,0,0,0,20,14,19,0,24,0
481419,1,1,28,28,28,28,28,28,28,28,28,28
481420,1,1,0,0,0,0,0,0,0,0,0,0
481420,2,1,0,0,0,0,0,0,0,0,0,0
481420,3,1,0,0,0,0,8,0,0,0,10,0
481421,1,1,28,13,14,13,22,19,0,21,21,0
481422,1,1,0,0,31,11,0,0,17,0,0,0
481423,0,1,19,0,0,0,28,0,24,36,0,9
481423,1,1,20,0,0,0,18,14,0,0,0,0
481424,1,1,0,0,0,0,0,0,0,0,0,0
481424,2,1,0,0,0,0,21,0,0,0,0,0
481425,1,1,0,0,0,0,0,0,0,0,0,0
481425,2,1,0,0,0,0,0,0,0,17,0,0
481425,3,1,0,0,7,15,4,0,0,0,0,0
481426,0,1,0,0,33,16,29,22,0,36,15,0
481426,1,1,17,12,0,20,11,19,0,3,18,8
481427,0,1,0,0,0,0,0,0,0,0,0,0
481427,1,1,11,0,14,17,0,8,0,0,10,0
481428,0,1,14,27,0,0,0,0,0,9,28,32
481428,1,1,14,29,14,17,8,37,24,14,7,7
481429,1,1,0,24,0,0,0,0,0,18,0,13
481429,2,1,0,0,0,0,0,0,0,0,0,0
481430,1,1,25,25,25,25,25,25,25,25,25,25
481430,2,1,0,0,0,0,0,0,0,0,0,0
481431,1,1,15,15,15,15,15,15,15,15,15,15
481432,1,1,0,0,0,0,0,0,0,0,0,0
481433,0,1,0,0,0,0,0,0,0,0,0,0
481433,1,1,9,9,9,9,9,9,9,9,9,9
481434,1,1,15,15,15,15,15,15,15,15,15,15
481434,2,1,14,0,21,15,0,0,18,0,0,0
481435,1,1,0,0,0,0,0,0,0,0,0,0
481436,1,1,0,0,0,0,0,0,0,0,0,0
481436,2,1,0,22,0,0,0,16,12,0,0,20
481437,1,1,14,14,14,14,14,14,14,14,14,14
481438,0,1,0,0,0,0,0,0,0,0,0,0
481438,1,1,0,0,0,0,0,0,0,0,0,0
481439,0,1,11,0,0,6,0,12,0,0,0,14
481439,1,1,0,3,0,0,0,0,14,0,0,0
481440,1,1,0,0,0,0,0,10,0,0,0,0
481440,2,1,0,0,22,0,0,0,18,0,0,0
481441,1,1,0,0,0,0,0,0,0,0,0,0
481441,2,1,0,0,0,6,0,12,0,10,0,0
481442,1,1,9,0,0,0,11,0,0,11,0,0
481442,2,1,0,0,0,26,0,0,0,9,0,47
481443,1,1,0,7,0,0,0,0,23,0,0,15
481444,1,1,0,0,0,19,15,40,26,0,0,1
481445,1,1,0,0,0,0,0,0,0,4,0,0
481446,1,1,0,0,0,0,0,35,16,0,0,12
481446,2,1,23,23,23,23,23,23,23,23,23,23
481447,1,1,13,0,0,0,0,20,0,0,0,0
481448,1,1,18,0,14,3,12,17,0,13,0,0
481448,2,1,0,24,25,0,0,0,0,14,0,15
481449,1,1,0,0,0,0,0,22,0,6,16,0
481450,0,1,0,35,9,0,9,7,0,0,26,0
481450,1,1,0,0,29,25,11,18,6,13,0,0
481450,2,1,0,0,0,9,0,0,0,0,0,0
481451,0,1,0,0,0,14,0,0,0,0,0,0
481451,1,1,12,0,0,0,0,0,11,0,8,0
481452,0,1,13,9,0,0,0,0,0,0,0,0
481452,1,1,0,17,0,0,0,0,0,0,0,0
481453,1,1,17,15,33,0,15,16,0,17,0,0
481454,0,1,0,0,0,0,0,0,0,0,0,0
481454,1,1,0,0,0,0,0,0,0,0,0,0
481455,1,1,7,0,19,23,0,0,10,16,10,0
481455,2,1,0,11,0,17,0,31,0,17,0,13
481456,1,1,0,0,0,0,0,0,0,0,0,0
481456,2,1,0,0,0,0,0,0,0,0,0,0
481457,1,1,0,0,14,0,6,13,0,0,0,17
481457,2,1,0,5,0,0,0,0,0,0,9,0
481458,1,1,22,22,22,22,22,22,22,22,22,22
481459,1,1,0,0,0,0,0,0,0,0,0,0
481460,1,1,0,0,0,0,0,0,0,0,0,0
481460,2,1,0,0,0,0,0,0,0,0,0,0
481461,1,1,0,0,0,0,0,0,0,0,0,0
481462,1,1,20,20,20,20,20,20,20,20,20,20
481463,1,1,0,0,12,11,32,17,13,11,14,17
481464,1,1,0,0,0,0,0,0,0,0,0,0
481465,1,1,21,21,21,21,21,21,21,21,21,21
481466,1,1,0,0,0,0,0,0,0,18,0,10
481466,2,1,0,0,0,0,0,0,0,0,0,0
481467,1,1,0,0,0,0,0,0,0,0,16,0
481467,2,1,0,0,0,0,0,0,0,0,0,0
481468,1,1,0,0,16,0,15,8,16,0,0,0
481468,2,1,0,0,0,0,0,0,0,0,0,0
481470,0,1,0,0,0,0,0,0,0,0,0,0
481470,1,1,0,0,0,0,8,0,0,0,0,0
481471,1,1,18,17,22,2,21,3,21,17,19,9
481472,1,1,10,6,7,0,0,7,0,22,11,13
481473,1,1,23,23,23,23,23,23,23,23,23,23
481474,0,1,0,0,0,0,0,0,0,0,18,0
481474,1,1,0,0,0,0,0,0,0,0,0,0
481475,1,1,0,0,0,0,0,0,0,0,0,0
481476,1,1,0,10,0,0,11,12,0,0,0,0
481476,2,1,0,0,0,0,0,11,0,0,0,0
481477,1,1,0,0,0,0,16,10,0,15,12,0
481477,2,1,0,0,0,0,0,25,0,0,0,0
481478,1,1,0,21,0,7,0,28,6,14,0,17
481479,1,1,0,11,0,0,0,12,0,0,0,18
481479,2,1,0,0,0,0,0,0,0,0,0,10
481480,1,1,11,11,11,11,11,11,11,11,11,11
481481,1,1,0,0,0,0,0,0,0,0,0,0
481481,2,1,0,0,0,0,0,0,0,0,0,0
481482,0,1,0,0,0,40,0,0,0,21,0,0
481482,1,1,0,0,0,0,0,0,0,0,0,0
481483,1,1,25,25,25,25,25,25,25,25,25,25
481484,1,1,0,0,3,0,0,0,0,0,0,0
481484,2,1,0,0,0,0,0,0,0,0,16,0
481485,0,1,11,11,11,11,11,11,11,11,11,11
481485,1,1,0,0,0,0,0,6,0,6,0,0
481486,1,1,0,0,0,0,0,0,0,0,0,0
481487,1,1,0,0,0,0,0,0,70,0,0,0
481487,2,1,21,5,0,0,0,0,0,10,12,0
481488,1,1,0,0,0,0,0,0,0,0,0,0
481489,0,1,0,18,0,0,20,0,34,18,0,14
481489,1,1,0,0,0,0,0,0,0,0,0,0
481490,1,1,0,0,0,10,0,22,0,30,0,0
481490,2,1,0,0,0,0,0,0,0,0,0,0
481491,1,1,0,0,13,11,0,0,13,0,0,0
481491,2,1,19,0,18,30,0,16,0,0,0,21
481492,0,1,0,0,0,0,0,0,0,0,0,0
481492,1,1,0,22,7,0,17,0,0,0,0,26
481493,1,1,5,5,5,5,5,5,5,5,5,5