ST_CASE,VEH_NO,PER_NO,P1,P2,P3,P4,P5,P6,P7,P8,P9,P10
482650,2,1,13,18,16,0,11,0,0,0,0,0
482651,1,1,8,20,0,17,10,0,0,0,11,44
482652,1,1,12,0,0,6,8,21,23,0,26,0
482653,1,1,0,0,0,0,0,0,0,0,0,0
482654,1,1,0,0,0,0,0,0,0,0,0,0
482655,1,1,4,4,4,4,4,4,4,4,4,4
482657,0,1,0,0,0,13,0,0,0,0,0,0
482657,1,1,14,14,14,14,14,14,14,14,14,14
482658,0,1,11,11,11,11,11,11,11,11,11,11
482658,1,1,15,15,0,0,0,9,0,0,0,0
482659,1,1,0,0,0,0,11,0,23,0,0,0
482660,0,1,0,0,0,0,0,11,0,0,0,0
482660,0,2,0,0,32,0,0,0,0,16,0,0
482660,1,1,23,0,0,6,0,0,0,3,0,6
482661,1,1,15,15,15,15,15,15,15,15,15,15
482661,2,1,0,15,0,0,0,0,10,0,0,0
482661,3,1,18,11,18,20,17,0,14,22,6,9
482662,0,1,27,17,16,31,20,14,11,8,24,5
482662,1,1,14,24,10,7,14,18,20,2,8,12
482663,1,1,22,22,22,22,22,22,22,22,22,22
482664,1,1,0,0,18,8,0,0,0,10,0,0
482664,2,1,0,0,21,24,0,0,0,9,0,0
482665,0,1,0,0,0,0,15,0,0,0,0,0
482665,1,1,0,0,0,0,14,0,0,0,0,0
482666,1,1,4,19,14,18,35,23,31,11,12,17
482666,2,1,0,18,0,16,28,4,9,0,6,0
482667,0,1,0,0,0,0,0,0,0,0,0,0
482667,1,1,16,0,0,0,0,6,0,0,0,0
482668,1,1,34,0,37,0,0,0,0,0,0,0
482668,2,1,3,0,0,0,0,10,0,0,0,0
482668,3,1,0,0,5,0,0,0,0,0,0,0
482668,4,1,6,0,0,12,17,0,8,0,18,0
482668,5,1,0,0,0,0,0,0,0,0,0,0
482669,1,1,10,0,29,7,16,0,0,0,9,8
482670,1,1,0,0,0,0,0,0,0,0,0,0
482671,0,1,15,0,0,0,0,0,0,12,30,0
482671,0,2,0,20,0,0,16,0,0,0,0,14
482671,1,1,0,16,0,0,0,24,0,0,22,0
482672,1,1,0,0,0,0,0,47,0,0,0,0
482672,2,1,0,0,0,0,0,0,0,0,0,0
482673,1,1,20,0,0,0,0,0,0,0,0,0
482673,2,1,0,0,0,0,0,0,0,0,0,0
482674,1,1,0,0,0,0,0,0,0,0,0,0
482674,2,1,0,4,0,0,0,0,0,0,0,0
482675,0,1,18,0,0,24,0,0,0,0,0,0
482675,1,1,0,0,0,0,0,0,0,0,0,0
482676,1,1,0,0,0,0,0,10,12,0,0,0
482676,2,1,0,0,14,0,0,0,0,0,0,0
482677,1,1,17,11,24,16,7,9,11,7,17,9
482677,2,1,16,12,7,0,12,0,0,16,14,0
482677,3,1,11,0,0,0,5,0,0,0,0,0
482678,1,1,3,3,3,3,3,3,3,3,3,3
482679,0,1,14,0,11,0,13,22,0,0,0,20
482679,1,1,0,17,0,13,14,0,30,0,0,10
482680,0,1,31,31,31,31,31,31,31,31,31,31
482680,1,1,0,0,0,14,0,0,0,0,0,0
482681,0,1,0,0,0,0,0,0,0,0,0,0
482681,1,1,0,0,0,0,0,0,0,19,18,0
482682,1,1,13,13,13,13,13,13,13,13,13,13
482682,2,1,0,17,0,0,5,26,0,27,0,0
482682,3,1,13,0,0,0,6,0,0,13,3,0
482682,4,1,20,8,0,4,0,0,0,0,0,9
482683,1,1,0,0,0,0,0,0,0,0,0,0
482684,0,1,19,13,0,0,0,0,15,0,0,0
482684,1,1,0,0,0,6,0,0,0,0,0,0
482685,0,1,8,0,0,0,0,0,0,0,0,0
482685,1,1,0,7,0,0,0,0,0,0,0,0
482686,1,1,22,22,22,22,22,22,22,22,22,22
482687,1,1,18,7,8,25,19,42,8,16,19,25
482688,1,1,0,0,8,0,19,9,0,18,0,0
482689,0,1,0,0,0,0,25,0,0,33,0,39
482689,1,1,0,0,21,0,0,3,9,0,0,21
482690,0,1,0,0,0,13,19,0,12,0,0,0
482690,1,1,0,6,0,0,0,0,0,8,0,0
482691,0,1,0,0,0,0,0,0,0,0,0,0
482691,1,1,0,0,0,0,0,0,0,0,0,0
482691,3,1,0,0,12,15,0,0,0,0,0,0
482692,1,1,0,0,0,0,0,0,0,0,0,0
482692,2,1,0,0,0,0,0,0,0,0,0,0
482692,3,1,0,0,14,0,0,0,0,0,0,0
482692,4,1,0,0,0,0,0,0,0,0,0,0
482693,0,1,0,0,0,0,0,0,0,0,0,0
482693,1,1,0,0,8,0,0,0,0,0,0,0
482694,1,1,16,16,16,16,16,16,16,16,16,16
482694,2,1,0,0,0,0,0,0,0,0,0,0
482694,3,1,0,3,3,0,13,0,0,0,0,0
482695,1,1,0,0,0,0,0,0,0,0,0,0
482695,2,1,0,0,8,0,0,0,0,0,17,0
482695,3,1,0,0,0,4,0,0,12,0,16,0
482695,4,1,0,0,0,0,0,0,0,0,0,0
482696,1,1,20,20,20,20,20,20,20,20,20,20
482697,1,1,23,26,12,22,11,23,0,0,12,18
482698,1,1,22,0,0,0,0,0,0,0,0,0
482698,2,1,0,0,0,0,0,0,0,0,0,0
482699,0,1,0,0,0,0,0,0,0,0,0,0
482699,1,1,25,0,10,0,0,0,0,0,0,0
482700,1,1,0,8,21,0,15,0,17,16,0,0
482700,2,1,0,6,0,0,0,0,0,0,0,0
482701,1,1,0,0,0,0,0,0,11,0,0,3
482701,2,1,0,0,0,0,0,0,0,0,0,0
482702,1,1,17,0,20,0,7,0,0,24,0,13
482704,1,1,0,9,0,0,0,0,8,12,0,0
482705,0,1,1,1,1,1,1,1,1,1,1,1
482705,0,2,2,2,2,2,2,2,2,2,2,2
482705,1,1,13,13,13,13,13,13,13,13,13,13
482705,2,1,11,0,0,0,14,0,0,19,0,8
482706,1,1,20,20,20,20,20,20,20,20,20,20
482707,1,1,20,20,20,20,20,20,20,20,20,20
482708,1,1,0,0,0,0,0,0,0,0,0,0
482708,2,1,0,0,0,0,0,0,0,0,0,0
482709,0,1,45,45,45,45,45,45,45,45,45,45
482709,1,1,29,0,0,10,0,0,6,19,0,0
482710,1,1,0,0,0,0,0,0,0,0,0,0
482711,1,1,0,0,0,0,0,0,0,0,0,0
482711,2,1,0,0,0,0,0,21,0,0,0,0
482712,1,1,0,0,0,12,0,0,10,0,0,0
482712,2,1,0,7,0,0,14,5,0,0,0,0
482713,1,1,0,0,0,0,0,0,0,4,13,0
482713,2,1,0,0,0,2,0,0,0,25,0,0
482714,1,1,0,0,0,0,0,0,0,0,0,0
482714,2,1,0,0,0,0,0,0,0,0,0,0
482715,1,1,0,0,0,0,0,23,0,0,0,0
482715,2,1,0,0,22,0,0,0,0,0,0,0
482715,3,1,0,2,0,0,0,0,33,0,0,0
482716,1,1,0,0,0,0,0,0,0,0,0,0
482716,2,1,0,0,0,0,0,0,16,0,0,0
482717,1,1,0,0,0,0,0,0,0,0,0,0
482718,1,1,0,0,0,0,0,0,22,0,0,0
482720,1,1,0,0,14,0,16,0,10,5,10,0
482720,2,1,0,15,0,0,9,0,8,17,13,0
482721,1,1,0,0,0,0,0,0,0,0,0,0
482722,1,1,0,0,0,22,0,0,14,0,12,3
482722,2,1,0,0,0,3,0,31,23,0,0,0
482723,0,1,0,0,0,0,0,0,0,0,0,0
482723,1,1,0,0,21,0,0,0,0,0,13,0
482724,0,1,0,0,16,0,0,0,11,0,30,0
482724,1,1,0,3,0,0,8,6,0,0,0,0
482725,1,1,0,0,0,14,0,0,0,0,0,9
482726,0,1,0,0,0,0,0,0,0,0,0,0
482726,1,1,0,0,0,0,0,0,0,0,0,0
482726,2,1,0,12,14,27,0,8,0,0,0,0
482727,0,1,9,9,9,9,9,9,9,9,9,9
482727,1,1,0,0,0,0,0,0,0,0,15,0
482728,1,1,0,0,0,0,0,0,0,0,0,0
482729,1,1,0,18,0,0,0,21,0,0,0,0
482729,2,1,0,0,0,0,0,0,0,0,0,0
482730,1,1,0,0,0,0,0,0,0,18,0,0
482731,1,1,0,0,0,19,0,0,14,0,0,0
482731,2,1,37,0,6,0,0,0,0,0,0,0
482732,1,1,0,0,0,0,16,0,0,0,0,0
482732,2,1,0,0,0,0,0,0,0,0,0,0
482733,1,1,0,14,0,21,0,0,0,0,0,0
482733,2,1,0,0,0,0,0,0,0,0,0,0
482734,1,1,0,0,0,0,0,0,0,0,0,0
482735,1,1,10,0,16,0,14,17,0,0,0,0
482736,1,1,0,0,0,0,0,0,0,0,0,0
482736,2,1,0,0,0,0,0,0,0,0,0,0
482737,1,1,0,0,0,0,0,0,0,0,0,0
482737,2,1,0,0,0,0,0,0,0,0,0,0
482737,3,1,0,0,0,0,0,2,0,6,17,0
482737,4,1,0,0,0,0,0,5,0,0,0,0
482737,5,1,0,0,21,0,0,0,0,0,0,0
482737,6,1,17,0,0,0,0,0,0,13,0,0
482738,0,1,15,15,15,15,15,15,15,15,15,15
482738,1,1,0,6,15,0,0,9,0,0,11,23
482739,1,1,0,0,0,0,0,0,0,0,0,0
482739,2,1,0,0,0,0,0,0,0,0,0,0
482740,1,1,0,0,0,0,0,0,0,0,0,0
482740,2,1,0,0,0,0,0,0,0,0,0,0
482741,0,1,35,19,0,0,0,0,0,14,0,0
482741,1,1,0,0,0,25,7,0,0,4,11,2
482741,2,1,10,0,11,0,15,0,0,0,11,0
482742,1,1,0,0,0,0,0,0,0,0,0,0
482742,2,1,7,6,21,8,17,4,30,21,13,25
482743,0,1,20,20,20,20,20,20,20,20,20,20
482743,1,1,0,9,0,0,0,0,0,0,0,0
482744,1,1,13,13,13,13,13,13,13,13,13,13
482745,1,1,0,0,0,0,0,0,0,0,11,0
482746,1,1,13,13,13,13,13,13,13,13,13,13
482747,1,1,0,0,10,12,0,27,28,0,15,9
482748,1,1,0,0,0,0,0,0,0,0,0,0
482748,2,1,0,0,0,0,0,0,0,0,0,0
482749,1,1,0,0,0,0,0,0,0,0,0,0
482750,1,1,0,0,0,0,0,0,0,0,0,22
482750,2,1,0,0,0,0,0,0,20,0,0,0
482751,1,1,20,20,20,20,20,20,20,20,20,20
482752,1,1,0,0,0,0,0,0,14,0,0,0
482752,2,1,0,0,0,0,0,0,0,0,0,0
482753,1,1,12,24,16,0,0,0,0,0,0,12
482754,1,1,36,7,0,9,8,0,0,0,0,10
482754,2,1,0,0,0,0,0,0,21,0,0,0
482754,3,1,0,19,0,0,0,0,0,0,0,0
482755,1,1,0,0,0,0,0,0,0,0,0,0
482755,2,1,0,0,0,0,0,16,0,0,0,0
482755,3,1,0,0,17,0,0,22,21,0,0,0
482756,1,1,0,18,0,0,22,0,0,22,0,0
482756,2,1,0,0,0,0,0,0,0,0,0,0
482757,1,1,0,0,0,0,0,0,0,0,2,0
482757,2,1,0,0,0,0,0,0,0,0,0,16
482757,3,1,0,7,20,0,5,16,5,12,0,30
482757,4,1,0,25,0,0,0,0,0,8,0,0
482758,1,1,0,0,0,0,0,0,0,0,0,0
482758,2,1,0,0,7,0,0,0,0,0,0,0
482759,0,1,0,0,0,0,0,0,0,0,0,0
482759,1,1,32,9,0,9,11,0,0,0,10,4
482760,1,1,0,21,0,23,0,0,0,16,0,0
482760,2,1,0,24,21,0,0,0,11,24,0,0
482761,0,1,0,12,29,0,0,0,0,0,33,0
482761,1,1,0,0,0,0,21,0,0,0,0,0
482762,1,1,0,0,0,0,0,0,0,0,0,0
482762,2,1,0,0,31,29,20,0,0,0,0,0
482763,0,1,0,0,0,0,0,0,0,0,0,0
482763,1,1,0,0,0,24,0,0,7,16,0,0
482764,1,1,0,12,0,0,0,0,0,0,0,23
482765,1,1,0,0,0,0,0,0,0,0,0,0
482765,2,1,0,17,21,0,0,15,0,0,0,0
482766,1,1,11,11,11,11,11,11,11,11,11,11
482767,1,1,0,0,0,0,0,0,0,0,0,0
482768,1,1,0,0,0,0,0,21,16,7,0,6
482769,1,1,0,0,17,0,0,22,0,0,0,0
482769,2,1,0,0,24,8,0,0,0,0,0,0
482770,0,1,31,22,18,39,5,0,13,0,25,31
482770,0,2,0,26,10,33,12,6,43,29,15,32
482770,1,1,5,5,5,5,5,5,5,5,5,5
482771,1,1,20,0,26,24,7,11,19,0,0,0
482771,2,1,1,1,1,1,1,1,1,1,1,1
482772,0,1,23,23,23,23,23,23,23,23,23,23
482772,1,1,22,12,0,0,0,11,0,0,0,0
482774,1,1,10,10,10,10,10,10,10,10,10,10
482775,1,1,0,0,0,0,0,0,0,0,0,0
482775,2,1,0,5,0,0,0,0,0,0,0,0
482776,1,1,14,12,0,13,10,26,0,11,0,30
482777,0,1,33,0,10,0,0,0,4,0,19,0
482777,0,2,0,0,0,0,27,0,0,0,0,0
482777,1,1,0,0,0,0,0,0,0,0,0,0
482778,1,1,28,28,28,28,28,28,28,28,28,28
482779,1,1,24,0,11,32,15,0,20,0,0,19
482780,1,1,21,21,21,21,21,21,21,21,21,21
482780,2,1,28,0,16,0,9,0,0,0,0,19
482781,1,1,0,0,0,0,0,0,0,0,0,0
482782,1,1,0,0,0,0,0,0,0,0,0,0
482782,2,1,0,27,0,0,0,0,0,0,0,0
482782,3,1,0,0,0,0,0,0,0,43,0,0
482782,4,1,0,0,0,0,29,0,0,0,0,0
482782,5,1,0,68,0,0,0,0,0,0,0,0
482783,1,1,0,0,0,0,12,0,0,0,16,21
482784,0,1,0,0,0,0,0,0,0,0,0,0
482784,1,1,0,0,0,0,6,0,0,0,5,6
482785,1,1,0,0,0,0,0,0,0,0,0,0
482785,2,1,0,0,0,0,0,0,0,0,0,0
482786,1,1,0,0,0,0,7,0,0,0,28,0
482787,0,1,0,0,0,0,31,0,0,0,35,8
482787,1,1,11,0,0,0,0,16,0,13,0,0
482788,1,1,14,0,0,0,10,0,0,0,0,8
482788,2,1,0,0,20,0,7,11,17,0,0,0
482789,1,1,11,11,11,11,11,11,11,11,11,11
482790,0,1,25,25,25,25,25,25,25,25,25,25
482790,1,1,0,0,0,0,0,0,0,9,0,7
482791,1,1,0,0,0,0,0,3,0,0,0,0
482791,2,1,0,0,0,0,0,0,0,0,0,0
482792,1,1,36,4,0,0,15,14,17,18,22,13
482793,1,1,0,0,0,0,0,0,0,0,0,0
482793,2,1,0,0,0,0,0,0,0,0,0,0
482793,3,1,0,0,0,0,9,0,0,0,0,0
482793,4,1,0,0,0,0,0,0,0,0,0,11
482794,1,1,0,0,15,0,15,0,29,0,0,0
482794,2,1,0,0,0,0,0,0,0,0,0,0
482795,1,1,21,0,0,13,17,0,0,20,13,0
482796,1,1,6,15,11,20,30,29,18,23,8,8
482797,1,1,0,0,0,0,0,0,0,0,13,0
482797,2,1,0,0,0,0,0,0,0,0,0,0
482798,1,1,0,0,0,0,0,0,0,0,0,0
482798,2,1,0,0,0,0,0,0,0,0,13,0
482799,1,1,0,0,0,0,0,0,0,0,0,0
482799,2,1,0,0,0,0,0,0,0,0,0,0
482801,1,1,0,0,0,0,0,16,0,0,0,5
482801,2,1,15,12,0,0,0,0,0,26,15,0
482801,3,1,7,33,0,0,16,0,0,0,0,0
482802,1,1,0,0,0,0,0,0,0,0,0,0
482802,2,1,3,3,3,3,3,3,3,3,3,3
482802,3,1,10,15,0,0,0,8,0,0,0,0
482803,1,1,0,0,0,0,0,0,0,0,0,0
482803,2,1,1,1,1,1,1,1,1,1,1,1
482804,1,1,0,12,0,0,0,0,0,0,0,0
482804,2,1,0,0,0,0,0,0,0,0,0,0
482805,1,1,0,0,0,0,0,0,0,0,0,0
482805,2,1,0,0,0,0,0,0,0,0,0,0
482806,0,1,0,0,0,22,31,21,33,33,5,22
482806,1,1,0,0,0,0,0,0,5,0,20,8
482807,1,1,0,0,0,0,0,0,0,0,0,0
482807,2,1,0,0,0,0,0,0,0,0,0,0
482808,0,1,15,8,19,20,10,15,26,13,42,34
482808,1,1,7,0,17,22,4,0,0,14,17,0
482809,0,1,20,28,41,0,0,0,0,15,0,0
482809,1,1,0,0,8,0,0,18,0,0,20,0
482810,1,1,0,0,18,9,0,0,28,15,8,0
482810,2,1,36,42,0,24,17,42,0,15,0,0
482811,0,1,27,0,13,23,0,24,17,0,0,16
482811,1,1,0,0,0,0,0,0,0,0,0,0
482811,2,1,0,17,0,8,19,0,10,26,18,0
482812,1,1,0,16,0,0,0,0,0,0,0,0
482813,1,1,0,0,0,0,0,0,0,0,0,7
482814,1,1,0,0,0,13,0,17,0,8,6,0
482815,1,1,16,0,11,0,0,0,0,0,0,17
482815,2,1,0,0,0,0,0,0,13,0,0,0
482815,3,1,4,23,0,27,8,9,13,0,10,16
482816,1,1,0,0,0,0,0,0,0,0,0,0
482816,2,1,0,0,0,0,0,0,0,0,18,0
482817,1,1,25,25,25,25,25,25,25,25,25,25
482818,1,1,0,0,0,12,0,0,0,0,0,0
482819,1,1,9,9,9,9,9,9,9,9,9,9
482820,1,1,20,0,0,0,0,0,0,0,27,0
482820,2,1,10,10,10,10,10,10,10,10,10,10
482821,0,1,0,0,0,0,0,0,0,0,0,0
482821,1,1,0,23,0,0,0,0,0,0,0,0
482822,1,1,0,0,0,0,0,0,0,0,0,0
482822,2,1,0,14,0,0,0,0,0,0,0,0
482823,1,1,0,0,0,0,0,0,0,0,0,0
482823,2,1,0,0,0,0,0,0,0,0,0,0
482824,1,1,0,0,0,0,0,0,15,0,0,0
482824,2,1,21,0,0,0,16,23,34,14,0,0
482825,0,1,0,0,0,12,20,19,0,0,0,19
482825,1,1,0,0,0,0,10,0,0,0,0,0
482826,1,1,0,17,0,0,18,0,10,21,0,0
482826,2,1,0,27,0,0,0,0,0,0,0,0
482827,1,1,0,0,0,0,0,0,0,0,0,0
482827,2,1,0,0,0,0,0,3,0,0,0,0
482828,1,1,6,21,25,0,0,0,0,0,14,4
482828,2,1,0,0,0,0,0,0,0,0,0,3
482829,0,1,27,27,27,27,27,27,27,27,27,27
482829,1,1,16,0,0,0,15,0,0,0,0,0
482830,1,1,0,0,0,0,0,0,0,0,0,0
482830,2,1,0,0,0,0,0,0,0,0,0,11
482831,1,1,15,18,17,0,13,9,5,25,26,22
482832,0,1,10,0,0,0,13,0,0,0,0,0
482832,1,1,0,0,0,0,0,0,13,0,4,0
482832,2,1,0,0,0,0,7,0,14,0,0,0
482833,1,1,13,13,13,13,13,13,13,13,13,13
482834,0,1,16,16,16,16,16,16,16,16,16,16
482834,1,1,21,0,0,31,10,0,14,18,18,14
482835,0,1,0,0,0,0,0,0,0,0,0,0
482835,1,1,0,0,0,0,0,0,12,0,0,0
482836,1,1,0,0,0,0,0,0,0,0,0,0
482836,2,1,0,3,0,15,0,0,0,7,15,0
482837,1,1,19,19,19,19,19,19,19,19,19,19
482838,0,1,11,11,11,11,11,11,11,11,11,11
482838,1,1,20,35,0,29,0,10,0,26,0,0
482840,0,1,20,6,0,0,3,19,0,18,0,26
482840,1,1,0,0,0,0,6,0,15,10,18,0
482841,0,1,28,28,28,28,28,28,28,28,28,28
482841,1,1,17,13,19,0,0,0,0,0,0,12
482842,0,1,40,40,40,40,40,40,40,40,40,40
482842,1,1,0,4,0,0,0,0,0,0,0,0
482843,1,1,0,36,13,0,12,0,0,0,0,0
482843,2,1,20,20,20,20,20,20,20,20,20,20
482844,0,1,18,18,18,18,18,18,18,18,18,18
482844,1,1,0,0,20,0,0,0,16,0,9,0
482845,1,1,0,0,0,0,0,0,0,0,15,0
482845,2,1,0,10,0,0,0,0,0,15,12,0
482846,1,1,15,15,15,15,15,15,15,15,15,15
482846,2,1,0,0,0,0,0,0,0,0,0,0
482847,1,1,0,0,0,0,0,0,0,0,0,0
482849,0,1,35,0,0,41,0,4,0,0,56,12
482849,1,1,0,24,0,0,0,0,0,0,7,0
482850,0,1,28,28,28,28,28,28,28,28,28,28
482850,1,1,0,0,0,0,0,0,4,0,7,0
482851,1,1,0,22,0,0,0,0,0,0,0,0
482851,2,1,0,0,0,0,0,0,0,0,0,0
482852,1,1,0,0,0,0,0,18,0,0,0,0
482853,1,1,0,14,0,0,0,0,0,0,0,0
482853,2,1,0,0,0,0,0,0,0,0,0,0
482854,1,1,0,0,0,17,0,0,15,0,0,19
482855,1,1,16,16,16,16,16,16,16,16,16,16
482855,2,1,0,0,0,0,0,0,0,0,0,0
482856,1,1,19,19,19,19,19,19,19,19,19,19
482856,2,1,0,0,0,0,0,0,0,0,0,24
482856,3,1,0,0,0,11,0,0,0,0,14,0
482857,1,1,12,12,12,12,12,12,12,12,12,12
482857,2,1,0,0,0,0,0,0,0,0,0,0
482858,0,1,0,20,0,29,0,0,0,0,0,0
482858,1,1,0,0,0,0,11,0,0,0,0,0
482859,1,1,0,0,0,0,0,0,30,0,0,0
482859,2,1,0,0,0,0,0,0,0,0,0,0
482859,3,1,14,0,16,0,0,0,11,20,0,0
482860,1,1,0,19,8,0,11,0,10,0,0,0
482860,2,1,0,0,0,0,0,0,0,0,0,0
482861,1,1,21,21,21,21,21,21,21,21,21,21
482862,1,1,0,0,0,0,0,0,0,0,0,21
482862,2,1,0,0,0,0,0,19,21,0,19,0
482863,0,1,0,0,0,0,0,0,0,10,0,0
482863,1,1,0,0,0,0,0,0,0,0,5,0
482864,1,1,0,0,0,0,0,0,7,0,0,0
482864,2,1,0,0,0,0,0,0,0,0,0,5
482865,1,1,0,0,0,0,0,0,0,0,13,0
482865,2,1,26,0,0,0,0,0,0,0,0,0
482866,1,1,2,2,2,2,2,2,2,2,2,2
482866,2,1,22,5,20,4,0,0,33,22,14,14
482867,1,1,17,0,0,11,0,0,0,0,0,0
482867,2,1,0,0,0,0,0,0,0,0,0,0
482868,1,1,0,0,0,0,0,0,0,9,4,0
482868,2,1,0,0,0,16,12,0,0,16,0,0
482869,1,1,0,0,0,0,0,0,0,0,0,0
482869,2,1,0,0,0,0,0,0,0,0,0,0
482869,3,1,0,0,0,0,0,0,0,0,0,0
482870,1,1,0,0,0,0,0,0,30,25,11,0
482870,2,1,0,0,0,19,0,0,0,0,30,0
482870,3,1,0,19,10,0,21,0,0,0,0,0
482871,1,1,0,0,28,25,11,0,3,21,23,31
482871,2,1,0,0,19,0,22,6,0,0,21,0
482872,1,1,0,0,0,0,0,9,0,18,0,0
482872,2,1,0,0,0,0,0,0,0,0,0,0
482872,3,1,0,0,0,15,0,0,0,0,30,0
482873,0,1,0,0,0,0,0,0,0,0,0,0
482873,1,1,9,0,21,0,23,13,18,0,25,14
482874,1,1,20,20,20,20,20,20,20,20,20,20
482874,2,1,0,0,0,0,0,0,0,0,0,0
482875,1,1,0,0,0,0,24,0,0,0,26,0
482875,2,1,0,0,0,0,0,0,0,0,0,0
482876,1,1,6,6,6,6,6,6,6,6,6,6
482877,1,1,0,0,12,0,0,0,0,0,0,0
482877,2,1,0,0,0,0,0,0,0,14,0,0
482878,1,1,20,0,0,7,24,0,0,0,0,11
482878,2,1,0,8,17,15,0,0,0,24,18,0
482879,1,1,0,0,0,0,27,0,0,0,0,0
482879,2,1,0,0,0,0,0,7,20,0,0,0
482879,3,1,0,0,0,0,0,0,0,0,0,0
482880,1,1,0,0,0,0,0,0,0,0,0,0
482880,2,1,0,0,0,0,0,0,0,0,0,0
482881,1,1,0,0,0,0,0,0,0,0,0,0
482881,2,1,0,0,0,0,0,0,0,0,0,0
482882,1,1,5,5,5,5,5,5,5,5,5,5
482882,2,1,0,0,0,0,0,0,0,0,0,0
482883,1,1,0,0,0,0,0,0,0,14,0,0
482884,1,1,0,0,0,0,18,0,0,0,0,0
482884,2,1,0,0,0,0,0,0,0,0,38,0
482885,1,1,0,0,0,0,0,0,0,26,0,0
482885,2,1,0,0,20,0,0,0,20,0,0,0
482885,3,1,17,0,0,0,22,0,0,0,0,0
482885,4,1,0,0,0,0,0,0,0,0,0,0
482886,1,1,14,26,16,5,0,12,16,7,12,8
482886,2,1,0,17,0,0,0,12,0,20,0,0
482887,1,1,0,0,0,0,0,0,0,0,0,0
482887,2,1,0,0,0,0,0,0,0,0,0,0
482888,0,1,34,0,0,21,0,0,0,15,20,0
482888,1,1,0,0,14,11,0,0,0,0,0,0
482889,1,1,0,0,0,0,0,19,0,0,0,0
482889,2,1,3,3,3,3,3,3,3,3,3,3
482890,1,1,0,0,0,0,0,0,0,0,0,0
482890,2,1,0,0,0,0,0,0,0,0,0,0
482891,0,1,0,0,0,0,0,0,0,0,0,0
482891,1,1,0,15,0,0,5,18,9,0,10,0
482892,1,1,13,0,10,13,0,0,0,0,0,0
482892,2,1,0,0,5,0,0,0,0,0,0,0
482893,1,1,19,19,19,19,19,19,19,19,19,19
482894,0,1,0,0,0,0,0,0,0,0,0,0
482894,1,1,0,0,0,0,0,0,0,0,0,0
482895,1,1,0,30,0,0,0,0,0,0,0,0
482896,1,1,17,0,0,10,11,0,0,0,12,8
482896,2,1,0,0,11,0,0,0,0,11,21,18
482897,1,1,0,0,14,22,15,0,0,0,0,0
482898,1,1,24,0,0,0,0,27,12,17,0,0
482900,1,1,16,16,16,16,16,16,16,16,16,16
482901,1,1,0,0,0,0,13,0,0,0,0,0
482901,2,1,0,0,0,0,0,0,0,0,0,0
482902,1,1,0,0,0,34,0,0,14,0,0,0
482902,2,1,9,0,0,0,0,0,0,13,0,0
482903,1,1,26,22,17,22,36,0,23,54,16,35
482904,0,1,0,0,0,0,0,0,0,0,0,0
482904,0,2,20,0,0,31,0,0,26,0,0,0
482904,1,1,0,8,40,15,0,0,19,0,0,0
482905,1,1,30,30,30,30,30,30,30,30,30,30
482906,0,1,0,0,0,0,0,0,0,0,0,0
482906,1,1,0,0,18,20,0,0,9,12,0,14
482907,1,1,0,0,0,13,0,0,0,0,13,0
482907,2,1,0,0,25,14,25,0,11,0,14,0
482908,1,1,0,0,11,22,0,10,0,0,0,0
482908,2,1,0,0,9,0,0,0,20,0,0,0
482909,0,1,0,0,0,0,0,0,0,0,0,0
482909,1,1,0,17,0,0,0,0,0,0,0,0
482910,1,1,0,16,0,0,0,0,0,0,0,0
482910,2,1,0,0,0,0,0,0,0,0,0,0
482911,1,1,0,0,0,0,0,0,0,0,0,0
482911,2,1,0,7,0,9,7,0,0,12,0,0
482912,1,1,21,21,21,21,21,21,21,21,21,21
482913,0,1,0,24,19,40,0,0,9,0,0,0
482913,1,1,0,0,0,0,0,11,0,5,0,0
482914,0,1,0,0,0,0,0,0,0,0,0,0
482914,1,1,0,0,0,0,0,0,0,0,0,0
482915,1,1,0,0,0,0,0,0,11,0,0,0
482915,2,1,0,0,0,0,0,0,0,0,0,0
482916,1,1,0,11,0,0,17,22,0,24,11,14
482916,2,1,0,23,20,16,14,0,0,0,7,0
482917,1,1,19,19,19,19,19,19,19,19,19,19
482918,1,1,0,0,0,0,0,0,0,0,0,0
482918,2,1,0,0,0,0,0,0,0,0,0,0
482919,1,1,0,0,0,0,0,0,0,0,0,0
482920,1,1,28,28,28,28,28,28,28,28,28,28
482922,1,1,24,24,24,24,24,24,24,24,24,24
482923,1,1,22,22,22,22,22,22,22,22,22,22
482923,2,1,24,11,0,0,5,0,14,0,0,13