ST_CASE,VEH_NO,PER_NO,P1,P2,P3,P4,P5,P6,P7,P8,P9,P10
482924,0,1,21,21,21,21,21,21,21,21,21,21
482924,1,1,0,0,0,0,0,0,0,0,0,0
482925,1,1,0,0,0,0,0,0,0,0,0,0
482925,2,1,0,0,0,0,0,0,0,0,0,0
482926,0,1,25,26,26,7,21,21,31,29,20,10
482926,1,1,0,0,0,0,0,0,0,9,0,0
482927,1,1,27,0,0,0,0,19,9,19,0,18
482928,1,1,22,22,22,22,22,22,22,22,22,22
482929,0,1,0,0,0,0,0,0,0,0,0,0
482929,1,1,0,0,0,0,0,0,0,0,0,0
482929,2,1,0,23,0,0,22,14,0,0,0,0
482929,3,1,0,10,0,0,13,38,13,0,8,0
482929,4,1,0,0,0,0,0,27,0,0,0,0
482929,5,1,0,0,0,0,0,0,11,21,18,0
482930,1,1,0,0,24,0,0,0,0,0,0,7
482930,2,1,0,0,0,0,0,0,0,0,0,18
482931,1,1,0,0,0,0,0,0,0,0,0,0
482931,2,1,0,0,0,0,0,0,0,0,0,0
482932,1,1,20,20,20,20,20,20,20,20,20,20
482933,0,1,10,0,0,0,0,0,8,0,0,0
482933,1,1,0,0,0,0,0,0,10,2,0,0
482934,1,1,0,0,0,0,12,5,0,0,0,0
482934,2,1,25,25,25,25,25,25,25,25,25,25
482935,1,1,26,26,26,26,26,26,26,26,26,26
482936,1,1,0,0,0,0,0,0,0,0,0,0
482936,2,1,0,0,0,0,0,0,0,0,0,0
482937,1,1,0,0,0,0,0,0,0,0,0,0
482937,2,1,0,0,0,0,14,17,0,0,0,0
482938,0,1,24,0,0,0,0,0,20,45,31,0
482938,1,1,0,0,0,0,0,0,0,0,0,0
482939,1,1,9,22,4,17,4,13,11,11,19,22
482940,1,1,18,18,18,18,18,18,18,18,18,18
482941,1,1,0,0,0,0,0,0,0,0,0,0
482942,1,1,0,0,0,0,0,0,0,0,0,0
482942,2,1,0,0,0,0,0,0,0,0,0,0
482943,1,1,0,0,0,0,0,0,0,13,0,0
482943,3,1,0,0,0,0,0,0,0,0,0,0
482944,1,1,0,0,0,0,0,0,0,0,0,0
482945,1,1,0,12,9,0,16,0,0,10,28,0
482946,1,1,2,2,2,2,2,2,2,2,2,2
482947,1,1,8,0,0,0,0,0,0,17,0,0
482947,2,1,10,0,17,21,0,0,0,0,17,0
482948,1,1,0,0,0,0,0,0,0,0,0,0
482949,0,1,0,0,0,0,0,0,0,0,0,0
482949,1,1,8,0,0,0,4,0,0,0,0,25
482950,0,1,20,20,20,20,20,20,20,20,20,20
482950,1,1,0,0,0,0,0,0,0,0,0,0
482951,0,1,0,0,0,0,0,0,0,0,0,0
482951,1,1,0,0,0,0,0,0,0,0,0,0
482952,0,1,0,0,0,27,0,15,0,13,0,0
482952,1,1,0,0,0,0,0,0,0,0,0,0
482953,1,1,0,0,0,19,0,0,16,0,0,0
482953,2,1,0,0,0,0,0,0,0,0,5,17
482954,1,1,23,23,23,23,23,23,23,23,23,23
482956,1,1,0,0,0,0,0,9,0,0,0,0
482957,1,1,0,23,14,18,16,0,0,0,17,0
482958,0,1,0,0,0,0,0,0,0,0,0,0
482958,1,1,0,0,0,25,0,13,0,15,0,26
482959,1,1,0,0,0,0,0,0,0,0,0,0
482960,1,1,0,0,32,15,15,17,18,0,35,0
482960,2,1,0,0,0,0,0,0,0,0,0,0
482961,0,1,0,0,20,0,0,23,28,0,16,0
482961,1,1,0,0,0,0,0,12,0,22,10,0
482962,1,1,0,0,0,0,0,48,0,0,0,0
482962,2,1,0,0,0,0,0,0,0,0,0,0
482963,1,1,11,11,11,11,11,11,11,11,11,11
482963,2,1,0,0,9,0,14,22,0,5,13,0
482964,1,1,0,0,0,0,0,0,0,0,0,0
482964,2,1,3,3,3,3,3,3,3,3,3,3
482965,0,1,0,9,12,0,0,0,13,35,0,0
482965,1,1,0,0,0,0,0,0,0,0,0,0
482966,1,1,0,17,0,0,0,0,0,0,15,0
482967,1,1,16,0,0,0,0,0,0,17,20,0
482967,2,1,15,0,0,3,0,0,0,15,0,10
482968,1,1,0,0,0,0,0,0,0,0,0,0
482968,2,1,17,17,17,17,17,17,17,17,17,17
482969,1,1,0,0,0,0,0,0,0,0,0,0
482970,1,1,0,0,0,0,0,0,0,0,0,0
482970,2,1,0,0,0,0,0,0,19,0,0,0
482971,1,1,5,5,5,5,5,5,5,5,5,5
482972,1,1,25,25,25,25,25,25,25,25,25,25
482973,1,1,14,14,14,14,14,14,14,14,14,14
482974,1,1,0,0,0,0,0,0,0,0,0,0
482975,0,1,21,0,11,20,19,22,9,0,13,0
482975,1,1,0,0,0,0,0,14,0,0,0,26
482976,1,1,10,0,17,32,16,10,7,6,21,11
482977,1,1,23,23,23,23,23,23,23,23,23,23
482977,2,1,0,0,0,0,0,0,0,0,0,0
482978,1,1,13,13,13,13,13,13,13,13,13,13
482979,1,1,0,0,0,0,0,6,0,0,26,0
482979,2,1,12,0,0,0,0,0,0,0,30,0
482980,1,1,0,0,0,0,40,0,0,0,0,0
482981,0,1,26,26,26,26,26,26,26,26,26,26
482981,1,1,0,0,15,0,10,9,10,0,0,0
482982,1,1,0,0,0,0,0,0,0,0,11,0
482982,2,1,0,0,0,0,0,4,0,0,0,0
482983,0,1,8,0,0,0,39,29,18,17,10,0
482983,1,1,0,16,0,15,8,7,34,0,21,0
482984,1,1,16,16,16,16,16,16,16,16,16,16
482985,0,1,19,0,25,14,28,0,0,0,0,14
482985,1,1,3,0,4,0,0,8,4,23,15,0
482986,0,1,19,0,0,18,0,0,0,22,0,0
482986,1,1,6,0,9,0,0,0,0,0,0,30
482987,0,1,0,0,0,0,0,0,0,0,0,0
482987,1,1,0,0,0,0,0,13,14,20,0,0
482988,1,1,13,6,10,17,13,16,0,0,17,4
482989,1,1,25,7,0,0,25,3,16,0,7,0
482990,1,1,0,0,0,0,12,0,18,36,9,0
482991,1,1,0,0,0,0,20,0,0,0,0,0
482991,2,1,0,22,6,0,19,0,0,0,0,0
482992,1,1,0,0,0,0,0,0,0,0,25,0
482992,2,1,0,0,0,0,0,0,0,0,0,0
482993,0,1,0,0,0,0,0,0,0,0,0,0
482993,1,1,0,0,0,0,0,0,0,11,0,0
482994,1,1,14,0,0,0,0,5,12,0,0,0
482994,2,1,0,0,15,0,0,0,4,0,0,0
482995,1,1,0,0,0,0,0,0,0,0,0,0
482995,2,1,0,0,0,0,0,0,0,0,0,0
482995,3,1,0,0,0,0,0,6,0,0,0,0
482996,1,1,0,0,0,0,0,0,0,7,0,0
482997,0,1,33,0,0,0,0,0,0,0,0,0
482997,1,1,13,23,0,0,0,10,0,0,0,0
482998,1,1,0,0,0,0,0,0,0,0,0,6
482999,1,1,0,0,0,0,0,0,0,0,0,0
482999,2,1,0,0,0,0,0,0,0,0,0,0
483000,0,1,0,0,0,0,0,0,0,43,0,0
483000,0,2,0,0,15,0,0,0,0,0,0,0
483000,0,3,0,0,29,0,0,0,0,0,0,0
483000,1,1,0,0,0,0,0,0,0,0,0,0
483001,1,1,0,0,0,0,0,0,0,0,0,13
483001,2,1,0,0,0,0,0,0,0,0,0,0
483002,1,1,0,0,0,0,0,0,0,0,0,0
483003,1,1,0,0,0,0,0,0,0,0,0,0
483004,1,1,6,6,6,6,6,6,6,6,6,6
483005,1,1,21,5,0,0,0,0,0,33,0,0
483005,2,1,0,0,3,0,0,0,0,0,0,0
483005,3,1,0,0,18,0,0,0,0,0,0,0
483005,4,1,0,0,0,0,10,26,0,0,0,0
483006,1,1,0,0,0,0,0,0,0,0,0,0
483007,1,1,9,11,16,0,9,0,5,28,13,8
483007,2,1,0,0,0,0,0,0,0,0,0,0
483008,1,1,27,27,27,27,27,27,27,27,27,27
483008,2,1,0,0,25,0,0,0,0,0,0,0
483009,1,1,21,21,21,21,21,21,21,21,21,21
483010,0,1,0,19,0,19,0,0,0,17,0,22
483010,1,1,0,0,0,0,0,0,0,0,0,0
483011,1,1,0,0,0,0,0,0,0,0,0,0
483011,2,1,23,23,23,23,23,23,23,23,23,23
483012,1,1,9,0,11,6,33,58,0,19,17,11
483013,1,1,3,0,0,15,13,8,7,0,0,0
483013,2,1,24,0,2,0,0,0,24,21,0,41
483014,1,1,0,13,7,0,0,15,0,16,24,11
483015,1,1,0,0,0,0,0,0,0,0,0,0
483015,2,1,0,0,22,0,0,0,9,6,0,0
483016,1,1,23,23,23,23,23,23,23,23,23,23
483017,0,1,0,18,0,21,18,0,0,0,29,0
483017,1,1,0,0,0,0,0,0,0,0,0,0
483017,2,1,0,23,0,0,0,0,4,33,0,7
483018,1,1,0,0,0,0,0,0,0,0,0,6
483019,1,1,8,0,0,19,0,0,12,10,8,0
483019,2,1,19,19,19,19,19,19,19,19,19,19
483020,1,1,21,0,6,27,0,0,0,0,0,0
483020,2,1,0,0,0,0,0,0,0,0,0,0
483021,0,1,23,23,23,23,23,23,23,23,23,23
483021,1,1,9,12,0,0,0,0,9,0,0,12
483021,2,1,0,0,0,0,14,0,0,0,0,0
483022,1,1,0,0,0,0,0,14,0,0,0,0
483022,2,1,0,16,0,32,0,0,10,16,0,0
483022,3,1,2,0,0,0,0,0,0,0,10,0
483023,0,1,0,0,0,0,0,0,0,0,0,0
483023,1,1,0,22,0,0,13,0,0,14,3,0
483024,0,1,18,18,18,18,18,18,18,18,18,18
483024,1,1,0,6,0,0,0,6,0,12,0,10
483025,0,1,0,0,0,0,0,0,0,0,0,0
483025,1,1,0,15,0,0,0,0,15,0,0,13
483026,1,1,19,13,6,0,8,0,39,24,18,23
483027,1,1,19,19,19,19,19,19,19,19,19,19
483028,1,1,10,17,28,20,15,17,24,6,20,27
483029,1,1,0,17,25,25,0,0,7,23,21,26
483030,1,1,23,23,23,23,23,23,23,23,23,23
483031,1,1,0,0,0,0,0,0,0,31,0,0
483033,1,1,15,15,15,15,15,15,15,15,15,15
483034,0,1,20,20,20,20,20,20,20,20,20,20
483034,1,1,14,0,0,0,10,0,0,0,10,0
483035,1,1,0,0,0,0,0,0,0,0,0,0
483035,2,1,16,17,38,21,9,8,28,10,0,0
483036,1,1,0,11,0,0,0,0,0,0,20,0
483036,2,1,0,0,0,17,10,15,0,25,31,17
483037,0,1,26,26,26,26,26,26,26,26,26,26
483037,1,1,0,13,0,24,3,28,0,0,5,0
483038,1,1,14,19,0,16,0,0,12,0,23,0
483039,1,1,0,0,0,0,0,0,0,0,0,0
483039,2,1,0,0,12,24,0,0,0,0,0,0
483040,1,1,0,0,0,0,0,0,0,0,0,0
483040,2,1,0,0,0,0,0,0,0,0,0,0
483040,3,1,0,0,0,0,0,0,0,0,0,0
483041,1,1,14,23,15,10,5,26,14,8,13,24
483041,2,1,0,0,6,0,0,0,0,0,0,23
483042,0,1,0,0,0,0,0,0,0,0,0,0
483042,1,1,0,11,0,0,0,12,10,20,14,20
483043,1,1,0,0,0,0,0,0,0,0,0,0
483043,2,1,0,12,10,0,7,0,23,16,0,22
483044,1,1,11,11,11,11,11,11,11,11,11,11
483045,0,1,18,14,11,0,0,30,14,33,23,0
483045,1,1,17,0,0,0,18,0,0,0,0,0
483046,1,1,0,0,0,0,0,0,0,0,5,14
483046,2,1,11,4,8,7,9,19,0,8,0,10
483047,1,1,0,0,0,0,8,14,0,0,0,0
483047,2,1,0,26,4,0,37,0,0,0,0,0
483048,1,1,27,0,0,22,15,0,14,0,5,14
483049,0,1,25,0,0,0,18,0,0,28,0,0
483049,1,1,0,0,0,0,0,14,0,0,0,0
483050,1,1,13,13,13,13,13,13,13,13,13,13
483051,1,1,0,0,18,0,0,0,3,0,31,19
483051,2,1,0,0,0,0,19,0,0,0,0,0
483052,1,1,0,0,0,0,0,0,0,0,14,0
483052,2,1,14,0,0,13,0,0,0,0,0,0
483053,1,1,0,0,0,0,14,0,40,0,15,14
483053,2,1,0,27,30,0,7,0,0,0,0,0
483054,0,1,0,0,0,25,15,0,0,0,8,0
483054,1,1,29,0,0,0,11,0,0,0,0,0
483054,2,1,0,4,19,0,0,0,0,12,7,18
483055,1,1,0,0,0,0,0,0,0,0,0,0
483055,2,1,0,0,0,0,0,0,0,0,0,0
483056,0,1,0,0,0,0,0,16,18,0,0,11
483056,1,1,0,5,0,0,0,0,0,7,13,7
483057,1,1,0,0,0,0,0,0,0,0,0,0
483057,2,1,0,0,0,0,0,0,0,0,0,0
483058,1,1,21,17,14,14,5,15,10,29,10,12
483059,1,1,0,0,0,0,18,0,0,0,0,0
483060,0,1,3,3,3,3,3,3,3,3,3,3
483060,1,1,0,0,0,0,0,0,0,0,0,0
483061,0,1,0,0,0,0,0,0,0,0,0,0
483061,1,1,0,0,0,0,0,0,0,0,0,0
483062,1,1,10,10,10,10,10,10,10,10,10,10
483063,1,1,0,0,0,0,0,0,22,0,0,0
483063,2,1,0,0,0,0,0,0,0,0,0,0
483064,1,1,0,0,0,0,0,0,0,0,0,0
483064,2,1,0,0,0,0,0,0,0,0,0,0
483064,3,1,0,0,0,0,0,0,0,0,0,0
483065,1,1,0,0,0,0,0,0,0,0,0,0
483066,1,1,28,28,28,28,28,28,28,28,28,28
483067,1,1,0,0,0,0,0,0,0,0,0,0
483067,2,1,2,2,2,2,2,2,2,2,2,2
483068,1,1,0,0,0,7,0,0,0,0,0,0
483069,1,1,0,0,0,0,0,0,0,0,0,0
483069,2,1,0,0,0,0,0,0,0,0,0,0
483070,1,1,28,13,37,11,16,19,25,18,13,0
483071,0,1,0,0,0,0,0,0,0,0,0,0
483071,1,1,0,0,19,18,15,0,0,0,0,0
483072,0,1,0,0,0,0,0,0,0,0,31,0
483072,1,1,0,0,0,0,0,0,41,19,0,0
483073,1,1,0,0,0,0,0,7,0,0,0,0
483073,2,1,0,0,0,0,0,0,0,0,12,15
483074,1,1,0,0,0,0,0,0,0,0,0,0
483075,1,1,4,0,14,0,0,5,0,12,8,0
483076,1,1,0,6,0,0,0,0,0,0,0,0
483077,1,1,0,0,0,0,0,0,0,0,0,0
483078,1,1,0,0,0,0,0,0,0,0,0,0
483078,2,1,0,22,0,10,0,0,0,12,0,0
483079,0,1,0,0,22,10,18,0,24,0,0,0
483079,1,1,0,0,0,0,0,0,0,0,0,0
483080,1,1,31,12,10,25,8,14,10,3,21,18
483080,2,1,0,0,0,0,0,0,0,0,0,0
483081,1,1,0,0,0,10,17,0,0,0,0,16
483082,1,1,27,0,12,0,0,8,0,0,0,0
483082,2,1,0,0,0,0,2,0,0,0,0,0
483083,0,1,6,6,6,6,6,6,6,6,6,6
483083,1,1,0,0,0,0,0,0,4,0,0,0
483084,1,1,16,20,23,14,21,23,21,13,7,13
483085,1,1,0,0,0,0,0,0,0,0,0,0
483085,2,1,0,0,0,0,0,0,0,19,0,0
483086,1,1,0,22,0,33,0,0,0,0,0,0
483087,1,1,19,19,19,19,19,19,19,19,19,19
483088,1,1,0,0,0,0,0,0,0,0,0,0
483089,0,1,13,13,13,13,13,13,13,13,13,13
483089,1,1,0,0,0,0,11,0,0,0,0,9
483090,1,1,0,0,0,0,0,0,0,0,0,0
483090,2,1,0,0,17,7,15,0,0,10,0,0
483090,3,1,16,0,0,7,18,0,24,0,0,5
483091,1,1,27,27,27,27,27,27,27,27,27,27
483092,1,1,0,0,0,0,0,0,0,0,0,0
483092,2,1,0,0,0,0,0,0,20,0,0,0
483093,0,1,18,18,18,18,18,18,18,18,18,18
483093,1,1,0,0,27,19,11,11,2,0,0,16
483094,1,1,16,16,16,16,16,16,16,16,16,16
483095,1,1,17,0,20,0,0,0,0,0,0,0
483096,1,1,11,0,0,0,0,11,0,0,0,0
483096,2,1,0,10,0,0,0,0,0,0,0,0
483097,1,1,0,0,0,0,0,0,0,0,0,0
483097,2,1,0,0,0,0,0,0,0,0,0,0
483098,1,1,0,0,0,0,11,0,0,0,0,0
483098,2,1,0,0,25,11,0,0,0,0,0,0
483099,1,1,19,19,19,19,19,19,19,19,19,19
483100,1,1,0,5,0,21,0,0,7,17,16,18
483101,0,1,0,0,0,0,0,18,0,0,0,20
483101,1,1,0,0,0,0,0,0,0,0,0,0
483102,0,1,0,0,0,23,0,0,0,0,0,20
483102,1,1,5,0,0,0,9,0,27,0,0,9
483103,1,1,0,15,10,6,45,31,19,17,12,25
483103,2,1,0,11,0,0,0,7,0,0,0,0
483104,1,1,4,4,4,4,4,4,4,4,4,4
483105,1,1,11,11,11,11,11,11,11,11,11,11
483106,0,1,0,0,11,0,0,0,0,0,0,3
483106,0,2,7,0,0,0,18,27,0,0,0,49
483106,0,3,8,0,0,0,0,0,13,0,0,0
483106,1,1,0,0,0,0,0,0,0,0,0,0
483107,1,1,0,0,0,0,0,0,0,0,0,0
483107,2,1,0,0,0,0,0,0,0,0,0,0
483108,1,1,16,0,8,10,0,33,30,3,0,0
483109,1,1,7,19,43,16,17,16,11,14,27,6
483110,0,1,5,0,0,35,0,14,0,25,29,22
483110,1,1,0,31,0,0,0,0,0,0,0,0
483111,1,1,0,0,0,0,0,5,0,0,0,10
483111,2,1,0,0,0,0,0,0,11,24,8,2
483112,1,1,0,0,0,0,0,0,0,0,0,0
483112,2,1,0,0,0,0,0,0,0,21,0,13
483113,1,1,0,0,0,0,0,0,0,0,0,0
483113,2,1,0,0,0,0,11,16,0,0,0,0
483114,1,1,0,0,0,0,0,0,0,0,0,0
483114,2,1,0,0,0,0,0,0,0,0,0,0
483115,0,1,18,6,0,9,33,0,0,0,0,0
483115,1,1,13,6,19,0,20,18,0,9,0,3
483116,1,1,0,0,14,0,0,27,0,18,0,0
483116,2,1,0,0,0,0,0,0,0,0,0,0
483118,1,1,14,0,10,0,0,0,22,27,30,42
483118,2,1,21,0,0,17,0,8,7,0,0,12
483119,1,1,0,0,15,0,0,0,18,17,0,21
483120,1,1,14,4,0,0,17,18,0,25,13,24
483120,2,1,16,0,0,18,0,0,0,0,0,14
483121,1,1,0,0,0,0,0,0,0,0,0,0
483122,1,1,28,0,0,0,0,0,0,35,0,0
483123,0,1,0,0,0,0,0,0,0,0,0,0
483123,1,1,0,0,0,3,0,0,0,11,0,0
483124,0,1,0,19,16,9,28,22,35,25,35,0
483124,1,1,0,0,24,0,0,0,12,0,0,0
483125,1,1,0,0,0,0,0,0,0,0,0,0
483125,2,1,0,0,0,0,0,0,0,5,0,0
483125,3,1,0,0,0,0,0,0,0,0,0,0
483125,4,1,0,0,0,0,0,0,0,0,0,0
483126,0,1,0,0,0,0,0,0,0,0,0,0
483126,1,1,0,0,0,0,0,0,0,0,0,0
483127,1,1,0,0,0,0,0,0,0,0,0,0
483128,0,1,0,0,0,0,0,0,0,0,0,0
483128,1,1,0,0,0,0,0,0,0,0,18,27
483129,1,1,0,11,21,0,0,6,0,0,0,0
483129,2,1,19,0,0,0,0,0,0,0,0,0
483130,1,1,18,18,18,18,18,18,18,18,18,18
483130,2,1,0,0,0,10,0,0,0,0,0,13
483131,1,1,9,9,9,9,9,9,9,9,9,9
483132,1,1,8,8,8,8,8,8,8,8,8,8
483132,2,1,0,4,0,0,0,0,0,0,16,14
483133,1,1,0,0,0,0,0,0,0,0,0,0
483133,2,1,0,0,0,0,0,27,0,36,0,29
483134,1,1,0,0,0,0,0,0,0,0,0,0
483134,2,1,15,24,18,32,9,17,26,9,21,6
483135,1,1,0,0,0,0,0,0,0,0,0,0
483135,2,1,0,0,0,0,0,0,0,0,0,0
483136,1,1,23,0,0,0,12,0,0,0,0,0
483136,2,1,0,0,0,0,0,7,0,0,0,0
483137,1,1,0,15,0,0,0,0,0,25,0,0
483138,1,1,0,0,0,0,0,0,0,0,0,0
483139,1,1,27,27,27,27,27,27,27,27,27,27
483140,0,1,40,0,9,14,0,0,20,0,59,0
483140,1,1,0,0,6,0,0,0,0,0,17,0
483141,1,1,0,0,0,6,14,0,0,0,0,13
483141,2,1,0,0,14,0,0,0,0,0,0,4
483142,1,1,0,0,0,20,0,0,12,0,0,0
483143,1,1,0,8,0,0,0,0,9,0,0,0
483143,2,1,0,0,0,0,0,0,24,0,0,20
483143,3,1,12,13,0,0,11,0,21,18,14,10
483144,1,1,0,9,0,0,0,0,0,32,0,0
483144,2,1,0,0,0,0,0,0,0,0,0,0
483145,0,1,31,31,31,31,31,31,31,31,31,31
483145,1,1,0,0,0,11,17,0,0,0,14,18
483146,1,1,0,0,0,0,0,0,0,10,0,0
483146,2,1,0,0,0,0,0,0,0,0,13,0
483147,0,1,8,20,20,13,15,0,0,0,24,42
483147,1,1,0,0,0,0,0,0,17,0,0,0
483148,1,1,15,9,11,11,6,14,13,5,39,2
483149,1,1,0,0,0,0,0,0,0,0,0,4
483150,1,1,32,23,0,0,0,0,22,0,0,0
483150,2,1,0,0,0,0,0,17,0,0,0,0
483151,0,1,0,0,0,0,0,0,0,0,0,0
483151,1,1,0,0,33,0,0,13,0,0,0,0
483152,1,1,0,0,0,0,0,0,0,0,30,0
483152,2,1,0,0,24,0,24,20,0,0,0,0
483153,1,1,33,0,20,0,0,0,6,17,0,0
483153,2,1,3,3,3,3,3,3,3,3,3,3
483154,1,1,20,4,20,5,15,8,6,0,20,11
483155,1,1,0,0,0,0,13,14,0,0,0,0
483155,2,1,0,0,0,0,0,0,0,0,0,0
483156,1,1,0,0,0,0,0,0,0,0,0,0
483157,1,1,0,0,0,0,0,0,0,0,0,0
483157,2,1,0,0,13,0,8,0,0,10,0,0
483158,1,1,10,10,10,10,10,10,10,10,10,10
483159,1,1,0,0,0,24,0,0,14,0,0,0
483160,1,1,0,0,12,0,0,0,0,0,18,0
483160,2,1,0,15,0,0,0,0,0,0,0,0
483160,3,1,0,2,0,0,0,9,37,0,0,0
483161,0,1,26,42,0,0,0,28,11,15,0,15
483161,1,1,19,0,17,19,14,6,0,7,0,8
483162,1,1,14,0,18,0,26,0,0,22,0,0
483162,2,1,7,7,7,7,7,7,7,7,7,7
483163,1,1,0,0,0,0,0,0,0,0,0,0
483163,2,1,0,0,0,0,0,0,0,0,0,0
483164,1,1,7,0,37,25,0,7,0,20,26,0
483165,1,1,0,0,0,0,0,0,0,0,0,0
483165,2,1,6,0,0,0,0,5,20,0,0,0
483166,1,1,16,0,0,16,0,0,22,0,0,0
483166,2,1,6,0,0,0,0,0,0,0,0,16
483166,3,1,0,0,0,0,0,0,0,0,13,0
483167,1,1,12,0,0,0,0,0,9,0,0,0
483167,2,1,0,23,21,0,16,0,0,0,0,0
483168,1,1,0,0,0,0,0,0,0,0,0,0
483168,2,1,23,23,23,23,23,23,23,23,23,23
483169,1,1,31,31,31,31,31,31,31,31,31,31
483170,1,1,0,0,0,0,0,0,0,0,0,0
483172,0,1,0,0,0,0,0,0,0,0,0,0
483172,1,1,0,0,5,0,0,5,0,0,0,12
483173,1,1,0,0,0,0,0,0,0,0,14,0
483173,2,1,0,0,0,0,0,0,0,0,0,0
483174,0,1,0,12,0,0,16,10,0,0,0,0
483174,1,1,12,17,7,13,0,0,0,0,0,0
483175,1,1,0,0,0,0,0,0,0,0,0,0
483176,1,1,15,15,15,15,15,15,15,15,15,15
483176,2,1,0,0,0,0,0,0,0,0,0,0
483177,1,1,0,0,0,0,0,0,0,0,36,0
483177,2,1,0,0,0,0,0,0,0,0,19,0
483178,1,1,5,18,0,32,17,19,10,8,0,0
483179,1,1,0,2,0,0,0,0,0,0,0,0
483179,2,1,8,8,8,8,8,8,8,8,8,8
483180,1,1,0,0,12,16,9,17,25,15,0,18
483180,2,1,0,0,0,0,0,0,0,0,0,0
483181,0,1,0,0,0,0,0,0,10,0,0,0
483181,1,1,0,0,0,0,0,0,0,0,0,0
483182,1,1,15,0,0,15,34,0,0,23,0,15
483183,1,1,0,0,0,0,0,0,0,0,0,0
483183,2,1,0,0,0,26,0,22,0,26,0,0
483184,1,1,18,14,29,0,0,0,0,0,0,8
483184,2,1,0,0,10,0,0,0,0,3,0,0
483185,0,1,0,21,0,0,0,22,0,0,31,0
483185,1,1,0,0,10,0,0,12,14,0,0,0
483185,2,1,3,20,0,0,21,0,23,0,0,0
483186,1,1,8,36,0,0,0,0,0,0,0,0
483186,2,1,0,0,0,0,0,0,0,0,4,0
483186,3,1,0,0,0,0,0,0,0,0,0,0
483187,1,1,0,0,0,0,0,0,0,0,62,0
483187,2,1,0,0,0,0,0,0,0,0,0,0
483188,0,1,20,20,20,20,20,20,20,20,20,20
483188,1,1,0,0,0,0,0,0,0,0,0,0
483189,1,1,0,0,0,0,0,0,0,0,0,0
483190,1,1,29,40,17,13,30,14,11,13,20,14
483190,2,1,8,7,7,25,21,20,7,18,14,34
483191,1,1,14,0,0,0,0,0,0,0,0,0
483191,2,1,0,26,0,19,21,7,0,0,30,27
483192,1,1,0,0,0,0,0,0,0,0,0,0
483192,2,1,11,10,12,0,12,0,13,12,0,7
483193,1,1,10,0,11,0,12,12,7,0,0,0
483194,1,1,9,9,9,9,9,9,9,9,9,9
483194,2,1,0,7,19,0,0,0,0,0,0,10
483195,1,1,0,0,0,0,0,0,0,0,0,0
483196,0,1,4,0,0,0,0,0,0,0,11,0
483196,1,1,0,0,11,0,0,0,0,0,9,22
483197,0,1,0,0,41,17,27,0,17,21,20,0
483197,1,1,0,0,0,10,0,8,8,0,0,7
483198,1,1,0,0,0,0,0,0,0,0,0,5
483198,2,1,0,0,0,0,0,0,0,0,0,0
483199,1,1,0,0,0,26,4,0,0,0,25,0
483199,2,1,0,0,0,20,12,7,15,14,0,0
483200,1,1,10,10,10,10,10,10,10,10,10,10
483201,1,1,19,0,11,5,0,19,14,11,16,18
483201,2,1,24,0,15,0,0,18,0,0,0,0
483202,1,1,0,14,9,19,0,0,0,17,0,15
483202,2,1,0,0,0,0,4,0,0,0,0,7
483203,1,1,0,12,0,0,0,16,22,0,0,0
483203,2,1,0,0,0,0,0,0,0,0,0,0
483204,1,1,3,3,3,3,3,3,3,3,3,3
483204,2,1,0,13,12,0,25,0,28,11,14,16
483205,0,1,25,34,0,14,23,0,13,6,0,15
483205,1,1,0,0,22,0,17,19,13,0,0,15
483206,0,1,0,0,0,23,0,18,0,14,0,0
483206,1,1,0,0,0,0,0,0,0,0,0,0
483206,2,1,0,2,0,13,11,0,0,0,0,0
483207,1,1,9,9,9,9,9,9,9,9,9,9
483208,1,1,0,0,0,0,0,0,0,0,0,0
483209,1,1,21,21,21,21,21,21,21,21,21,21
483210,0,1,41,26,0,13,10,0,12,0,0,0
483210,1,1,10,0,0,20,0,0,15,0,0,0
483211,1,1,0,0,0,0,0,0,0,0,0,0
483212,1,1,0,12,20,0,0,0,20,21,28,21
483213,1,1,0,0,0,0,0,0,0,0,0,0
483214,1,1,0,0,0,0,17,0,0,0,0,0
483214,2,1,29,0,0,0,4,15,0,11,9,0
483215,1,1,0,31,0,0,0,0,0,18,24,0
483215,2,1,0,0,0,0,31,0,0,14,0,0
483215,3,1,0,0,0,0,0,0,0,0,0,0
483216,1,1,12,14,0,0,0,0,10,23,18,0
483216,2,1,6,0,25,0,0,0,15,17,0,0