ST_CASE,VEH_NO,PER_NO,P1,P2,P3,P4,P5,P6,P7,P8,P9,P10
490244,2,1,0,0,0,0,0,0,0,0,0,0
490244,3,1,0,0,0,8,16,0,0,0,0,0
490244,4,1,0,0,0,0,0,7,0,0,0,0
490245,1,1,0,0,0,0,0,0,0,0,0,0
490246,1,1,0,0,0,0,0,0,0,0,0,0
490246,2,1,0,0,15,0,0,18,0,0,0,0
490246,3,1,0,0,0,21,14,0,0,0,31,0
490247,1,1,0,0,0,4,0,0,0,0,13,0
490247,2,1,0,0,0,0,0,0,0,0,0,0
490248,1,1,0,0,0,0,0,0,0,0,0,0
490248,2,1,0,0,0,0,0,0,0,0,0,0
490249,0,1,0,0,0,0,0,0,0,0,0,0
490249,1,1,0,0,0,0,0,0,0,0,0,0
490249,2,1,0,0,0,0,0,0,0,0,0,0
490250,1,1,0,0,0,0,0,0,0,0,0,0
490250,2,1,0,0,0,0,0,0,0,0,0,0
490250,3,1,0,0,0,0,0,0,0,0,0,0
490250,4,1,0,0,0,0,0,0,0,0,0,0
490250,5,1,0,0,0,7,0,0,0,0,0,0
490251,1,1,0,0,0,0,0,0,0,0,0,0
490251,2,1,0,0,0,0,0,0,0,0,0,0
490251,3,1,0,0,0,0,0,0,0,0,0,0
490252,1,1,0,0,0,0,0,0,0,0,0,0
490253,1,1,0,0,0,20,0,0,0,0,0,0
490253,2,1,0,0,0,0,0,0,0,0,0,0
490254,1,1,0,0,0,0,0,15,0,6,5,0
490255,1,1,0,0,0,0,0,0,0,0,0,0
490256,0,1,0,0,0,0,0,0,0,0,0,0
490256,1,1,0,0,0,0,0,0,0,0,0,0
490257,1,1,0,0,0,0,0,0,0,0,0,0
490257,2,1,0,0,0,0,0,0,0,0,0,0
490257,3,1,0,0,0,0,0,0,0,0,0,0
490258,0,1,0,0,0,0,0,0,0,0,0,0
490258,1,1,0,0,0,0,0,0,0,0,0,0
490259,0,1,0,25,19,21,0,0,15,0,0,0
490259,1,1,0,0,8,0,0,0,0,20,0,0
490260,1,1,0,0,0,0,0,0,0,0,0,0
490260,2,1,0,0,0,17,0,0,0,0,0,0
490261,1,1,19,19,0,0,0,0,0,0,0,0
490261,2,1,0,0,0,0,0,0,0,0,0,0
490261,3,1,0,0,0,0,0,0,0,0,0,0
490262,0,1,0,13,7,7,0,23,39,0,32,0
490262,1,1,0,0,0,0,0,0,0,0,0,0
500001,1,1,20,20,20,20,20,20,20,20,20,20
500001,2,1,0,18,0,0,0,0,0,0,0,17
500002,1,1,0,0,0,0,0,0,0,0,0,0
500002,2,1,0,0,0,0,0,0,0,0,0,0
500003,1,1,15,15,15,15,15,15,15,15,15,15
500003,2,1,0,0,0,0,0,0,0,8,0,0
500004,1,1,0,0,0,0,0,0,0,0,0,0
500005,0,1,0,19,0,5,0,28,0,0,0,0
500005,1,1,10,10,10,10,10,10,10,10,10,10
500006,0,1,0,0,0,0,0,0,0,0,0,0
500006,1,1,0,0,0,0,0,0,0,0,0,0
500007,1,1,18,18,18,18,18,18,18,18,18,18
500008,1,1,16,16,16,16,16,16,16,16,16,16
500009,1,1,0,0,0,0,0,0,0,0,0,0
500010,1,1,0,0,0,0,0,0,0,0,0,0
500011,1,1,0,0,0,0,0,0,0,0,0,0
500011,2,1,0,0,0,0,0,0,0,0,0,0
500012,1,1,10,10,10,10,10,10,10,10,10,10
500013,1,1,0,0,0,0,0,0,0,0,0,0
500013,2,1,0,0,0,0,0,0,0,0,0,0
500014,0,1,0,0,0,0,0,0,0,0,0,0
500014,1,1,12,12,12,12,12,12,12,12,12,12
500015,1,3,0,0,0,0,9,0,3,0,0,11
500016,0,1,0,0,0,0,0,0,0,0,0,0
500016,1,1,0,0,0,0,0,0,0,0,0,0
500017,1,1,0,0,0,0,0,0,0,0,0,0
500018,1,1,0,0,0,0,0,0,0,0,0,0
500018,2,1,0,0,0,0,0,0,0,0,0,0
500019,1,1,0,0,0,0,0,0,0,0,0,0
500020,1,1,8,8,8,8,8,8,8,8,8,8
500020,2,1,0,0,0,0,0,0,0,0,0,0
500021,1,1,0,0,0,0,0,0,0,0,0,0
500021,2,1,0,7,0,0,0,0,0,0,0,0
500022,1,1,0,0,0,0,0,0,0,0,0,0
500022,2,1,0,0,0,0,0,0,0,0,0,0
500023,1,1,0,0,0,0,0,0,0,0,0,0
500024,1,1,0,0,0,0,0,0,0,0,0,0
500025,1,1,0,0,0,0,0,0,0,0,0,0
500025,2,1,0,0,0,0,0,0,0,0,0,0
500026,1,1,0,0,0,0,0,0,0,0,0,0
500027,0,1,16,22,20,16,37,20,27,24,21,0
500027,1,1,0,0,0,0,0,0,0,0,0,0
500028,1,1,11,11,11,11,11,11,11,11,11,11
500029,1,1,0,0,0,0,0,0,0,0,0,0
500030,1,1,0,0,0,0,0,0,0,0,0,0
500030,2,1,0,0,0,0,0,0,0,0,0,0
500031,1,1,0,0,0,0,0,0,0,0,0,0
500031,2,1,0,0,0,0,0,0,0,8,0,0
500032,0,1,0,0,0,0,0,21,0,0,0,0
500032,1,1,0,0,0,0,0,0,0,18,0,0
500033,1,1,0,0,0,0,0,0,0,0,0,0
500033,2,1,0,0,0,0,0,0,0,0,0,0
500034,1,1,0,0,0,0,0,0,0,0,0,0
500034,2,1,5,0,0,0,0,0,0,17,17,10
500035,1,1,0,0,0,0,0,0,0,0,0,0
500036,1,1,0,0,0,0,0,0,0,0,0,0
500037,1,1,0,0,0,0,0,0,0,0,0,0
500037,2,1,0,0,0,0,0,0,0,0,0,0
500038,1,1,0,0,0,0,0,0,0,0,0,0
500039,0,1,0,0,0,0,0,0,0,0,0,0
500039,1,1,0,0,0,0,0,0,0,0,0,0
500039,2,1,0,0,0,0,0,0,0,0,0,11
500039,3,1,13,0,0,0,0,0,17,0,0,0
500040,1,1,0,0,0,0,0,0,0,0,0,0
500040,2,1,0,0,0,0,0,0,0,0,0,0
500040,3,1,0,0,0,0,0,0,0,0,0,0
500041,1,1,9,9,9,9,9,9,9,9,9,9
500042,1,1,24,24,24,24,24,24,24,24,24,24
500043,0,1,7,7,7,7,7,7,7,7,7,7
500043,1,1,0,0,0,0,0,0,0,0,0,0
500044,1,1,13,13,13,13,13,13,13,13,13,13
500045,1,1,0,0,0,0,0,0,0,17,0,0
500046,1,1,0,0,0,0,0,0,0,0,0,0
500047,1,1,14,14,14,14,14,14,14,14,14,14
500048,0,1,11,11,11,11,11,11,11,11,11,11
500048,1,1,0,0,12,0,0,0,0,0,0,0
500049,1,1,0,0,0,0,0,0,0,0,0,0
500050,1,1,0,0,0,0,0,0,0,0,0,0
500050,2,1,0,0,0,0,0,0,0,0,0,0
510001,1,1,10,10,10,10,10,10,10,10,10,10
510002,0,1,0,0,0,0,0,0,0,0,0,0
510002,1,1,0,0,0,0,0,0,0,0,0,0
510003,1,1,0,0,0,0,0,0,0,0,0,0
510004,1,1,15,15,15,15,15,15,15,15,15,15
510004,2,1,0,0,0,0,0,0,0,0,0,0
510005,1,1,0,0,0,0,0,0,0,0,0,0
510006,1,1,0,0,0,0,0,0,0,0,0,0
510007,1,1,0,0,0,0,0,0,0,0,0,0
510008,1,1,14,14,14,14,14,14,14,14,14,14
510009,1,1,0,0,0,0,0,0,0,0,0,0
510009,2,1,0,0,0,13,0,0,0,0,0,0
510010,0,1,0,0,0,0,0,0,0,0,0,0
510010,1,1,0,0,0,0,0,0,0,13,10,0
510011,1,1,0,0,0,0,0,0,0,0,20,0
510012,1,1,0,0,0,0,0,0,0,0,0,0
510012,2,1,5,0,0,0,0,0,0,0,0,0
510013,1,1,0,0,0,0,0,0,9,0,0,0
510014,1,1,0,0,0,0,0,0,0,0,0,0
510015,1,1,0,0,0,0,0,0,0,0,0,0
510016,1,1,0,0,0,0,0,0,0,0,0,0
510017,1,1,22,22,22,22,22,22,22,22,22,22
510018,0,1,23,23,23,23,23,23,23,23,23,23
510018,1,1,0,6,0,5,0,0,0,0,14,4
510019,1,1,0,0,0,0,0,0,0,0,0,0
510019,2,1,0,0,0,0,0,0,0,0,0,0
510020,1,1,0,0,0,0,0,0,0,0,0,0
510020,2,1,0,0,0,0,0,0,0,0,0,0
510021,1,1,0,0,0,0,0,0,0,0,0,0
510022,1,1,0,0,0,0,44,18,53,10,0,0
510023,0,1,20,20,20,20,20,20,20,20,20,20
510023,1,1,0,5,0,0,0,0,0,0,7,4
510023,2,1,10,5,0,0,0,0,3,0,7,20
510024,1,1,0,0,0,0,0,0,0,0,0,0
510024,2,1,0,0,0,0,0,0,0,0,0,0
510025,1,1,0,0,0,0,0,0,0,0,0,0
510026,1,1,0,0,0,0,0,0,0,0,0,0
510026,2,1,0,0,0,0,0,6,0,0,0,0
510027,1,1,0,14,0,0,0,33,0,0,0,0
510028,1,1,0,0,0,0,0,0,0,0,0,0
510029,1,1,0,0,0,0,0,0,0,0,0,0
510030,1,1,31,0,0,0,0,13,0,0,21,0
510031,0,1,23,23,23,23,23,23,23,23,23,23
510031,0,2,15,4,14,12,3,35,18,16,7,21
510031,1,1,9,26,10,13,14,14,0,10,0,4
510032,1,1,0,0,0,0,0,0,0,0,0,0
510032,2,1,0,0,0,0,0,0,0,0,0,0
510033,1,1,0,0,0,0,0,0,0,0,0,0
510033,2,1,0,0,0,0,0,0,0,0,0,0
510034,1,1,0,0,0,0,0,0,0,0,0,0
510034,2,1,0,0,0,0,0,0,0,0,0,0
510035,1,1,22,0,0,17,21,0,11,19,0,17
510035,2,1,0,0,0,0,0,0,0,0,0,0
510035,3,1,0,0,0,0,0,0,0,0,0,0
510036,0,1,0,0,0,0,0,0,0,0,0,0
510036,1,1,0,0,0,0,0,0,0,0,0,0
510037,1,1,1,1,1,1,1,1,1,1,1,1
510038,1,1,21,7,28,23,6,37,19,18,8,23
510039,1,1,0,0,0,0,0,0,0,0,0,0
510040,1,1,0,0,0,0,0,0,0,0,0,0
510040,2,1,0,0,0,0,0,0,0,0,0,0
510041,1,1,0,0,0,0,0,0,0,0,0,0
510042,1,1,0,0,0,0,0,0,0,0,0,0
510042,2,1,0,0,0,43,0,0,0,0,0,0
510043,1,1,0,0,0,0,0,0,0,0,0,0
510043,2,1,0,0,0,0,0,0,0,0,0,0
510044,1,1,14,14,14,14,14,14,14,14,14,14
510045,1,1,32,32,32,32,32,32,32,32,32,32
510046,1,1,0,0,0,0,0,0,0,0,0,0
510047,1,1,0,0,0,0,0,0,0,0,0,0
510047,2,1,0,0,0,0,0,0,0,0,0,0
510048,1,1,0,0,0,0,0,0,0,0,0,0
510049,0,1,14,0,0,0,0,0,0,25,0,0
510049,1,1,0,0,0,0,0,0,0,0,0,0
510050,0,1,0,0,0,0,0,0,0,0,0,0
510050,1,1,0,0,0,0,0,0,0,0,0,0
510051,1,1,0,0,0,0,0,0,0,0,0,0
510051,2,1,0,0,0,6,0,0,0,0,0,0
510052,1,1,0,0,0,0,0,0,0,0,0,0
510053,1,1,0,0,0,0,0,0,0,0,0,0
510054,1,1,15,15,15,15,15,15,15,15,15,15
510054,2,1,0,0,0,0,0,0,0,0,0,0
510055,1,1,23,23,23,23,23,23,23,23,23,23
510056,1,1,0,0,0,0,0,0,0,0,0,0
510057,1,1,22,22,22,22,22,22,22,22,22,22
510058,1,1,0,0,0,0,0,24,0,0,0,0
510058,2,1,0,0,0,0,0,0,0,0,0,0
510059,1,1,12,0,7,9,0,26,0,0,18,18
510059,2,1,0,0,0,0,0,0,0,0,0,0
510060,1,1,24,24,24,24,24,24,24,24,24,24
510060,2,1,0,11,0,0,0,0,0,0,0,0
510061,1,1,0,0,0,0,0,0,0,0,0,0
510062,0,1,18,0,0,0,0,0,0,0,0,0
510062,1,1,0,0,0,0,0,0,0,0,0,0
510063,1,1,8,8,8,8,8,8,8,8,8,8
510063,2,1,0,0,0,0,0,0,10,0,0,0
510064,1,1,3,3,3,3,3,3,3,3,3,3
510065,1,1,26,26,26,26,26,26,26,26,26,26
510065,2,1,7,7,0,0,0,10,0,0,0,0
510066,1,1,0,0,0,0,0,0,0,0,0,0
510067,1,1,11,11,11,11,11,11,11,11,11,11
510068,1,1,0,0,0,0,0,0,0,0,0,0
510068,2,1,3,3,3,3,3,3,3,3,3,3
510069,1,1,30,30,30,30,30,30,30,30,30,30
510070,1,1,18,18,18,18,18,18,18,18,18,18
510071,1,1,0,0,0,0,0,0,0,0,0,0
510072,1,1,0,0,0,0,22,0,7,26,33,0
510073,1,1,3,3,3,3,3,3,3,3,3,3
510074,1,1,0,0,0,0,0,0,0,0,0,14
510075,1,1,0,0,0,0,0,0,0,0,0,0
510075,2,1,0,0,15,0,0,0,0,0,0,0
510076,0,1,16,16,16,16,16,16,16,16,16,16
510076,1,1,0,0,0,0,0,0,0,0,0,12
510076,2,1,0,0,0,0,9,0,0,0,0,0
510077,0,1,0,6,0,0,0,36,0,0,0,0
510077,1,1,0,0,0,0,0,0,0,0,0,0
510078,1,1,10,9,12,13,21,19,8,13,11,15
510078,2,1,0,5,0,13,0,0,0,0,0,0
510078,3,1,0,0,0,21,0,0,0,0,0,0
510078,4,1,0,0,0,0,0,0,0,0,9,0
510079,1,1,0,0,0,0,0,0,0,0,0,0
510079,2,1,0,0,0,0,0,0,0,0,0,0
510080,1,1,0,0,0,0,0,0,0,0,0,0
510081,1,1,0,0,0,0,0,0,0,0,0,0
510082,0,1,17,17,17,17,17,17,17,17,17,17
510082,1,1,0,0,0,0,0,0,0,0,0,0
510083,1,1,0,0,0,0,0,0,0,0,0,0
510084,1,1,0,0,0,0,0,0,0,0,0,0
510084,2,1,11,21,6,14,24,13,10,12,0,0
510084,3,1,0,0,25,11,0,0,0,0,0,0
510085,1,1,15,15,15,15,15,15,15,15,15,15
510086,1,1,0,0,0,0,0,0,0,0,0,0
510086,2,1,0,0,0,0,0,0,0,0,0,0
510087,1,1,0,0,0,0,15,0,0,0,0,0
510088,1,1,0,0,0,0,0,0,0,0,0,0
510089,1,1,0,0,0,0,0,0,0,0,0,0
510090,1,1,15,15,15,15,15,15,15,15,15,15
510091,1,1,14,14,14,14,14,14,14,14,14,14
510092,1,1,22,22,22,22,22,22,22,22,22,22
510092,2,1,0,0,0,6,0,0,0,0,0,0
510093,1,1,0,0,0,0,0,0,0,0,0,0
510093,2,1,0,0,0,0,0,0,0,0,0,0
510094,1,1,0,0,0,0,0,0,0,0,0,0
510095,1,1,40,40,40,40,40,40,40,40,40,40
510095,2,1,0,0,0,0,0,0,0,0,0,0
510095,3,1,0,0,0,0,0,0,0,0,0,0
510096,0,1,21,0,10,9,20,37,15,18,5,26
510096,1,1,0,0,0,0,0,0,0,0,0,0
510097,0,1,2,2,2,2,2,2,2,2,2,2
510097,1,1,0,0,0,0,0,0,0,0,0,0
510098,1,1,0,0,0,0,0,0,0,0,0,0
510098,2,1,0,0,0,0,0,0,0,0,0,0
510099,0,1,0,0,0,0,0,0,0,0,0,0
510099,1,1,0,0,0,0,0,0,0,0,0,0
510100,1,1,18,18,18,18,18,18,18,18,18,18
510101,1,1,5,5,5,5,5,5,5,5,5,5
510102,1,1,0,0,0,6,0,0,0,0,0,0
510102,2,1,0,0,0,0,0,0,0,0,0,0
510103,1,1,16,16,16,16,16,16,16,16,16,16
510104,1,1,14,14,14,14,14,14,14,14,14,14
510104,2,1,0,0,0,0,0,0,0,0,0,0
510105,1,1,0,0,0,0,0,0,0,0,0,0
510106,1,1,0,0,0,0,0,0,0,0,0,0
510107,1,1,0,0,0,0,0,0,0,0,0,0
510107,2,1,15,15,15,15,15,15,15,15,15,15
510107,3,1,0,0,0,0,0,0,0,0,0,0
510108,0,1,27,27,27,27,27,27,27,27,27,27
510108,1,1,14,9,15,18,9,20,13,19,23,14
510109,0,1,0,0,0,0,0,0,0,0,0,0
510109,0,2,21,0,0,0,0,0,0,0,0,0
510109,1,1,0,0,0,0,0,0,0,0,0,0
510110,1,1,0,0,0,0,0,0,0,0,0,0
510111,0,1,32,32,32,32,32,32,32,32,32,32
510111,1,1,0,0,0,0,0,11,10,6,0,0
510112,1,1,0,0,0,0,0,0,0,0,0,0
510113,1,1,0,0,0,0,0,0,0,0,0,0
510114,1,1,15,9,21,4,26,6,19,10,7,4
510115,0,1,32,32,32,32,32,32,32,32,32,32
510115,1,1,0,0,0,0,0,0,0,0,0,0
510116,1,1,6,6,6,6,6,6,6,6,6,6
510116,2,1,14,7,11,4,7,12,15,7,8,6
510117,1,1,0,0,0,0,0,0,0,0,0,0
510117,2,1,0,0,0,0,0,0,0,0,0,0
510118,1,1,0,0,0,0,0,0,0,0,0,0
510119,1,1,0,0,0,0,0,0,0,0,0,0
510120,1,1,0,0,0,0,0,0,0,0,0,0
510121,1,1,0,0,0,0,0,0,0,0,0,0
510122,1,1,16,22,19,6,12,11,12,12,12,17
510123,1,1,22,22,22,22,22,22,22,22,22,22
510124,1,1,0,0,0,0,0,0,0,0,0,0
510124,2,1,15,15,15,15,15,15,15,15,15,15
510125,1,1,2,2,2,2,2,2,2,2,2,2
510126,0,1,0,0,0,0,0,0,0,0,0,0
510126,1,1,0,0,0,0,0,0,0,0,0,0
510127,1,1,0,0,0,0,0,0,0,0,0,0
510128,1,1,10,10,10,10,10,10,10,10,10,10
510129,0,1,0,0,0,0,0,0,0,0,0,0
510129,1,1,0,0,0,0,0,0,0,0,0,0
510130,1,1,29,29,29,29,29,29,29,29,29,29
510130,2,1,0,0,27,0,0,0,0,26,0,0
510130,3,1,0,0,0,0,0,0,0,0,0,0
510131,1,1,2,2,2,2,2,2,2,2,2,2
510131,2,1,0,0,0,0,0,0,0,0,0,0
510131,3,1,16,0,0,0,12,0,16,22,19,0
510132,1,1,0,0,0,0,0,0,0,0,0,0
510132,2,1,0,0,0,0,0,0,0,0,0,0
510133,1,1,0,0,0,0,0,0,0,0,0,0
510134,1,1,15,15,15,15,15,15,15,15,15,15
510134,2,1,1,1,1,1,1,1,1,1,1,1
510135,1,1,0,0,0,0,0,0,0,0,0,0
510136,1,1,0,0,0,0,0,0,0,0,0,0
510136,2,1,1,1,1,1,1,1,1,1,1,1
510136,3,1,0,0,0,0,0,0,0,0,0,0
510136,4,1,0,0,0,0,0,0,0,0,0,0
510137,1,1,25,25,25,25,25,25,25,25,25,25
510138,0,1,0,0,0,0,0,0,0,0,0,0
510138,1,1,0,0,0,0,0,0,0,0,11,0
510139,1,1,12,12,12,12,12,12,12,12,12,12
510139,2,1,9,0,0,0,0,0,0,0,0,0
510140,1,1,0,0,0,0,0,0,0,0,0,0
510140,2,1,0,12,6,12,13,0,20,0,21,13
510141,1,1,0,0,0,0,0,0,0,0,0,0
510142,1,1,16,16,16,16,16,16,16,16,16,16
510143,1,1,29,29,29,29,29,29,29,29,29,29
510143,2,1,0,0,0,0,0,0,0,0,0,0
510143,3,1,0,0,0,0,23,0,0,9,0,0
510144,1,1,0,0,0,0,0,0,0,0,0,0
510144,2,1,2,2,2,2,2,2,2,2,2,2
510145,1,1,12,14,11,10,2,17,0,10,16,6
510146,1,1,0,0,0,10,0,0,0,0,0,0
510146,2,1,25,25,25,25,25,25,25,25,25,25
510147,1,1,0,0,0,0,0,0,0,0,0,0
510147,2,1,0,0,0,0,0,0,0,0,0,0
510148,1,1,0,0,0,0,0,0,0,0,0,0
510148,2,1,0,0,0,0,0,0,0,0,0,0
510149,1,1,7,21,10,35,16,27,2,12,19,20
510150,1,1,0,0,0,0,0,0,0,0,0,0
510151,1,1,0,0,0,0,0,0,0,0,0,0
510152,1,1,0,0,27,0,0,0,0,0,0,0
510153,1,1,0,0,0,0,0,0,0,0,0,0
510153,2,1,0,0,20,0,0,0,0,0,0,0
510153,3,1,0,0,0,0,0,0,0,0,0,0
510154,1,1,0,0,0,0,0,0,0,0,0,0
510155,1,1,0,0,0,0,0,0,0,0,0,0
510155,2,1,0,0,0,0,0,0,0,0,0,0
510156,1,1,0,0,0,0,0,0,0,0,0,0
510156,2,1,0,0,0,0,0,0,0,0,0,0
510157,1,1,0,0,0,0,0,0,0,0,0,0
510157,2,1,0,0,0,0,0,0,0,0,0,0
510158,1,1,31,31,31,31,31,31,31,31,31,31
510159,1,1,11,0,0,0,0,0,0,0,0,0
510160,1,1,4,4,4,4,4,4,4,4,4,4
510160,2,1,20,17,22,0,20,18,16,30,4,28
510161,1,1,0,0,0,0,0,25,0,0,0,0
510162,1,1,12,12,12,12,12,12,12,12,12,12
510163,1,1,0,0,0,0,0,0,0,0,0,0
510164,1,1,0,0,0,0,0,0,0,0,0,0
510165,1,1,0,0,0,0,0,0,0,0,0,0
510165,2,1,0,0,0,0,0,0,0,0,0,0
510166,1,1,5,5,5,5,5,5,5,5,5,5
510166,2,1,23,8,5,18,24,0,10,7,5,15
510167,1,1,19,19,19,19,19,19,19,19,19,19
510168,1,1,0,0,0,0,0,0,0,0,0,0
510168,2,1,0,0,0,0,0,0,0,0,0,0
510169,1,1,0,0,0,0,0,0,0,0,0,0
510170,1,1,19,5,14,7,13,19,6,20,10,9
510171,1,1,0,0,0,0,0,0,0,2,0,0
510171,2,1,0,0,0,0,0,0,0,0,0,0
510171,3,1,26,0,0,0,0,0,0,0,0,0
510171,4,1,0,0,0,0,0,0,0,0,0,0
510171,5,1,0,0,0,0,0,0,0,0,0,0
510171,6,1,0,0,0,0,0,0,0,0,0,0
510171,7,1,0,0,0,0,0,0,0,0,0,0
510172,1,1,5,0,0,9,0,5,0,0,0,0
510173,1,1,0,0,0,0,0,0,0,0,0,0
510173,2,1,0,0,0,0,0,0,0,0,0,0
510174,1,1,0,0,0,0,0,0,0,0,0,0
510174,2,1,0,6,0,0,0,5,20,0,0,0
510175,0,1,0,0,0,0,0,0,0,0,0,0
510175,1,1,14,0,15,0,0,0,0,0,23,0
510176,1,1,0,0,0,0,0,0,0,0,0,0
510177,1,1,37,10,15,28,17,6,18,26,9,13
510177,2,1,5,8,15,6,15,19,18,16,27,20
510178,1,1,0,0,0,0,0,0,0,0,0,0
510178,2,1,0,0,0,6,0,0,0,0,0,0
510179,1,1,0,0,13,0,0,16,19,0,0,28
510180,1,1,0,0,0,0,0,0,0,0,0,0
510180,2,1,0,0,0,0,0,0,0,0,0,0
510181,1,1,20,20,20,20,20,20,20,20,20,20
510182,1,1,0,0,0,0,0,0,0,0,0,0
510182,2,1,0,0,0,0,0,0,0,0,0,0
510183,1,1,1,1,1,1,1,1,1,1,1,1
510184,1,1,0,0,0,0,0,0,0,0,0,0
510184,2,1,0,0,0,0,0,0,11,0,0,0
510185,1,1,24,24,24,24,24,24,24,24,24,24
510186,0,1,0,0,0,0,0,0,0,0,0,0
510186,1,1,0,0,0,0,0,0,0,0,0,0
510187,1,1,0,0,0,0,0,0,0,0,0,0
510187,2,1,0,0,0,0,0,0,0,0,0,0
510188,1,1,0,0,0,0,0,0,0,0,0,0
510189,1,1,0,0,11,0,0,0,0,0,0,0
510189,2,1,8,8,8,8,8,8,8,8,8,8
510190,1,1,0,13,0,13,13,0,0,0,0,0
510191,1,1,0,0,0,0,0,0,0,0,0,0
510192,1,1,0,0,0,0,0,0,0,0,0,0
510192,2,1,7,22,13,20,20,22,11,14,20,23
510193,1,1,0,0,0,0,0,0,0,0,0,0
510193,2,1,0,0,0,25,0,0,0,0,0,32
510193,3,1,0,0,0,0,0,0,0,0,0,0
510194,0,1,25,25,25,25,25,25,25,25,25,25
510194,1,1,0,0,0,0,0,0,0,0,0,0
510195,0,1,0,0,0,0,0,0,0,0,0,0
510195,1,1,0,0,0,0,0,0,0,0,0,0
510196,1,1,11,0,0,0,0,16,12,0,0,0
510197,1,1,0,0,0,0,0,0,0,0,0,0
510197,2,1,0,0,0,0,0,0,0,0,17,0
510198,1,1,29,29,29,29,29,29,29,29,29,29
510199,1,1,0,0,0,0,0,0,0,0,0,0
510200,1,1,41,41,41,41,41,41,41,41,41,41
510201,1,1,0,0,0,0,0,0,0,0,0,0
510201,2,1,0,0,22,0,0,0,0,0,0,0
510201,3,1,0,0,0,0,0,0,0,0,0,0
510202,1,1,10,10,10,10,10,10,10,10,10,10
510203,0,1,23,23,23,23,23,23,23,23,23,23
510203,1,1,0,0,0,0,0,0,0,0,0,0
510204,0,1,0,0,0,0,0,0,0,0,0,0
510204,1,1,0,0,0,0,0,0,7,0,0,0
510205,1,1,0,0,0,0,0,0,0,0,0,0
510206,1,1,0,0,0,0,0,0,0,0,0,0
510207,1,1,0,0,24,0,0,15,0,0,0,0
510208,0,1,20,20,20,20,20,20,20,20,20,20
510208,1,1,0,0,0,0,0,0,0,0,0,0
510209,1,1,0,0,0,0,0,0,0,0,0,4
510209,2,1,0,0,0,0,0,0,0,0,0,0
510210,1,1,0,0,0,0,0,0,0,0,0,0
510210,2,1,0,0,0,0,0,0,0,0,0,0
510211,1,1,36,20,10,14,38,21,9,26,4,10
510212,1,1,0,0,0,0,0,0,0,0,0,0
510212,2,1,1,1,1,1,1,1,1,1,1,1
510212,3,1,0,14,0,0,0,0,0,0,0,0
510212,4,1,0,0,0,0,0,0,0,0,0,0
510213,1,1,0,0,0,0,0,0,0,0,0,0
510214,1,1,0,0,0,0,21,0,0,0,0,0
510215,1,1,1,1,1,1,1,1,1,1,1,1
510215,2,1,8,8,8,8,8,8,8,8,8,8
510215,3,1,0,0,0,0,15,0,0,0,0,0
510216,1,1,0,0,0,0,0,0,0,0,0,0
510216,2,1,0,0,0,0,0,0,0,0,0,0
510216,3,1,0,0,0,0,0,0,0,0,0,0
510217,1,1,0,0,0,0,0,0,0,0,0,0
510217,2,1,0,0,0,0,0,0,0,0,0,0
510218,1,1,0,0,0,0,0,0,0,0,0,0
510219,1,1,5,5,5,5,5,5,5,5,5,5
510220,1,1,0,0,0,0,0,0,0,0,0,0
510220,2,1,0,0,14,0,0,0,0,20,0,16
510221,1,1,29,29,29,29,29,29,29,29,29,29
510222,1,1,0,0,0,0,0,0,0,0,3,0
510222,2,1,0,0,0,0,0,0,0,0,0,0
510223,1,1,8,8,8,8,8,8,8,8,8,8
510224,1,1,13,13,13,13,13,13,13,13,13,13
510225,1,1,0,0,0,0,0,0,0,0,0,0
510226,1,1,0,0,0,0,0,0,0,0,0,0
510226,2,1,0,0,0,0,0,0,0,0,0,0
510227,1,1,0,0,0,0,0,0,0,0,0,0
510228,1,1,0,0,0,0,0,0,0,0,0,0
510228,2,1,0,0,0,0,0,0,0,0,0,0
510229,1,1,21,21,21,21,21,21,21,21,21,21
510230,1,1,0,0,0,0,0,0,0,0,0,0
510230,2,1,8,0,0,10,0,18,15,0,0,0
510231,1,1,0,0,0,0,0,0,0,0,0,0
510231,2,1,0,0,0,0,0,0,0,0,0,0
510232,1,1,9,9,9,9,9,9,9,9,9,9
510233,1,1,0,0,0,0,0,0,0,0,0,0
510233,2,1,0,0,0,0,10,31,0,11,0,0
510234,1,1,0,0,0,0,0,0,0,0,0,0
510234,2,1,14,14,14,14,14,14,14,14,14,14
510234,3,1,0,0,0,0,0,0,0,0,0,0
510234,4,1,0,0,0,0,0,0,0,0,0,0
510235,1,1,0,0,0,0,0,0,0,0,0,0
510235,2,1,0,0,0,0,0,0,0,0,0,0
510236,1,1,17,17,17,17,17,17,17,17,17,17
510237,1,1,2,2,2,2,2,2,2,2,2,2
510238,1,1,16,16,16,16,16,16,16,16,16,16
510239,1,1,4,4,4,4,4,4,4,4,4,4
510240,0,1,17,17,17,17,17,17,17,17,17,17
510240,1,1,0,0,0,0,0,0,0,0,0,0