ST_CASE,VEH_NO,PER_NO,P1,P2,P3,P4,P5,P6,P7,P8,P9,P10
510241,1,1,0,0,0,0,0,0,0,0,0,0
510242,1,1,0,0,0,0,0,0,0,0,0,0
510243,1,1,0,0,0,0,0,0,0,0,0,0
510243,2,1,0,0,0,0,0,0,0,0,0,0
510244,0,1,27,27,27,27,27,27,27,27,27,27
510244,1,1,0,0,0,0,0,0,0,0,0,19
510245,1,1,7,21,0,13,18,13,8,21,8,20
510246,1,1,0,0,0,0,0,18,0,15,0,0
510246,2,1,0,0,0,0,0,0,0,0,0,0
510247,1,1,0,0,0,0,0,0,0,0,0,0
510248,1,1,18,18,18,18,18,18,18,18,18,18
510249,1,1,15,15,15,15,15,15,15,15,15,15
510250,1,1,19,4,11,29,18,12,21,17,18,16
510251,1,1,0,0,0,0,0,16,0,0,0,0
510252,0,1,21,21,21,21,21,21,21,21,21,21
510252,1,1,0,8,0,0,0,0,0,0,0,0
510253,1,1,12,12,12,12,12,12,12,12,12,12
510254,1,1,0,0,0,0,0,0,0,0,0,0
510255,1,1,16,16,16,16,16,16,16,16,16,16
510256,1,1,0,0,0,0,0,0,0,0,0,0
510257,0,1,17,17,17,17,17,17,17,17,17,17
510257,1,1,0,0,0,0,0,0,0,0,0,0
510258,1,1,0,0,0,0,0,0,0,0,0,0
510259,1,1,16,16,16,16,16,16,16,16,16,16
510260,1,1,0,0,0,0,0,0,0,0,0,0
510260,2,1,0,0,0,0,0,0,0,0,0,0
510261,1,1,0,0,0,0,0,0,0,0,0,0
510261,2,1,0,0,0,0,0,0,0,0,0,0
510261,3,1,0,0,0,0,0,0,0,0,0,0
510261,4,1,0,0,0,0,0,0,0,0,0,0
510261,5,1,0,0,0,0,0,0,0,0,0,0
510261,6,1,0,0,0,0,0,0,0,0,0,0
510262,1,1,0,0,0,0,0,0,0,0,0,0
510263,1,1,20,20,20,20,20,20,20,20,20,20
510264,1,1,15,15,15,15,15,15,15,15,15,15
510265,0,1,0,0,0,0,0,0,0,0,0,0
510265,1,1,0,0,0,0,0,0,0,0,0,0
510266,1,1,0,0,0,0,0,0,0,0,0,0
510266,2,1,0,0,0,0,0,0,0,0,0,0
510267,1,1,1,1,1,1,1,1,1,1,1,1
510268,1,1,0,0,0,0,0,0,16,0,0,0
510268,2,1,5,0,0,0,0,0,0,0,0,0
510269,1,1,0,0,0,0,0,0,0,0,0,0
510269,2,1,0,0,0,0,0,0,0,0,0,0
510270,1,1,0,0,0,0,10,0,0,0,0,0
510270,2,1,0,0,0,0,0,0,0,0,0,0
510271,1,1,18,21,11,14,11,11,5,6,10,15
510272,1,1,28,28,28,28,28,28,28,28,28,28
510272,2,1,0,0,0,0,0,0,0,0,0,0
510273,1,1,0,0,0,0,0,0,0,0,0,0
510273,2,1,0,0,0,0,0,0,0,0,0,0
510274,1,1,0,0,0,0,0,0,0,0,0,0
510274,2,1,0,0,0,0,0,0,0,0,0,0
510274,3,1,0,0,11,0,0,0,0,0,0,0
510275,1,1,9,9,9,9,9,9,9,9,9,9
510276,0,1,0,0,0,0,0,0,0,0,0,0
510276,1,1,0,0,0,0,0,0,0,0,0,0
510277,1,1,0,0,0,0,0,0,0,0,0,0
510278,0,1,23,23,23,23,23,23,23,23,23,23
510278,1,1,0,0,0,0,0,0,0,0,18,0
510279,1,1,6,6,6,6,6,6,6,6,6,6
510280,1,1,0,0,0,0,0,0,0,0,0,0
510280,2,1,0,0,0,0,0,0,0,0,0,0
510281,1,1,0,0,0,0,0,0,0,0,0,0
510282,1,1,0,0,0,0,0,0,0,0,0,0
510283,1,1,27,17,19,0,11,5,15,14,10,12
510284,0,1,29,29,29,29,29,29,29,29,29,29
510284,1,1,0,0,0,0,0,0,0,0,15,0
510285,1,1,0,0,0,0,0,0,0,0,0,0
510285,2,1,0,0,0,16,0,0,0,0,0,0
510286,1,1,9,9,9,9,9,9,9,9,9,9
510286,2,1,0,0,0,0,0,0,0,0,0,0
510287,1,1,0,0,0,0,0,2,0,0,0,11
510287,2,1,0,0,0,0,0,0,0,0,0,0
510287,3,1,0,0,0,0,0,0,0,0,0,0
510288,1,1,11,4,1,9,30,13,13,24,13,10
510288,2,1,0,0,0,0,6,0,0,0,0,0
510289,1,1,0,0,0,0,0,0,0,0,0,0
510289,2,1,0,0,0,0,0,0,0,0,0,0
510290,1,1,23,23,23,23,23,23,23,23,23,23
510291,0,1,25,25,25,25,25,25,25,25,25,25
510291,1,1,0,0,0,0,0,0,16,0,0,0
510291,2,1,0,0,0,0,0,0,16,0,4,0
510292,1,1,0,0,0,0,0,0,0,0,0,0
510293,0,1,16,16,16,16,16,16,16,16,16,16
510293,1,1,0,15,0,0,0,0,6,0,0,0
510294,1,1,31,31,31,31,31,31,31,31,31,31
510294,3,1,0,0,0,0,0,0,0,0,0,0
510295,1,1,17,6,15,28,17,14,3,14,7,7
510296,1,1,0,0,0,0,0,0,0,0,0,0
510297,1,1,0,0,0,0,0,0,0,0,0,0
510298,1,1,0,0,0,0,0,0,0,0,25,34
510299,1,1,0,0,0,0,0,0,0,0,0,0
510299,2,1,0,0,0,0,0,0,0,0,0,0
510300,1,1,17,17,17,17,17,17,17,17,17,17
510301,1,1,11,11,11,11,11,11,11,11,11,11
510301,2,1,0,0,0,0,0,0,0,0,0,0
510302,1,1,0,0,0,0,0,0,0,0,0,0
510302,2,1,0,0,0,0,0,0,0,0,13,0
510303,1,1,2,2,2,2,2,2,2,2,2,2
510303,2,1,0,0,0,0,0,0,0,0,13,0
510304,1,1,0,0,0,0,0,0,0,0,24,0
510305,1,1,6,6,16,11,0,2,13,11,3,10
510306,1,1,20,20,20,20,20,20,20,20,20,20
510306,2,1,0,0,0,0,0,0,0,0,0,0
510307,1,1,10,10,10,10,10,10,10,10,10,10
510308,1,1,0,0,0,0,0,0,0,0,0,0
510308,2,1,0,0,0,0,0,0,27,0,0,0
510309,1,1,12,12,12,12,12,12,12,12,12,12
510310,1,1,0,0,0,0,0,0,0,0,0,0
510310,2,1,0,13,0,0,0,0,0,19,0,0
510311,1,1,0,0,0,0,0,0,0,0,0,19
510312,1,1,0,0,0,0,26,0,0,0,0,0
510312,2,1,0,0,0,0,0,0,0,14,22,25
510313,1,1,0,0,0,0,0,0,0,0,0,0
510314,1,1,0,0,0,0,0,0,0,0,0,0
510314,2,1,0,0,0,0,0,0,0,0,0,29
510315,1,1,0,0,0,0,0,0,0,0,0,0
510315,2,1,0,0,0,0,0,0,0,0,0,0
510316,1,1,0,0,0,0,0,0,0,0,0,0
510316,2,1,29,29,29,29,29,29,29,29,29,29
510317,1,1,7,7,7,7,7,7,7,7,7,7
510318,0,1,0,0,0,0,0,0,0,0,0,0
510318,1,1,0,0,0,0,0,0,0,0,0,0
510318,2,1,0,0,0,0,4,0,0,0,0,13
510319,1,1,2,2,2,2,2,2,2,2,2,2
510320,1,1,16,4,21,7,12,22,20,15,9,12
510321,1,1,0,0,0,0,0,0,0,0,0,0
510321,2,1,0,0,0,0,0,0,0,0,0,0
510322,0,1,0,0,0,0,0,0,0,0,0,0
510322,1,1,28,17,7,18,14,13,12,18,19,9
510323,1,1,0,0,0,0,0,0,0,0,0,0
510324,1,1,15,15,15,15,15,15,15,15,15,15
510325,1,1,0,0,0,0,0,0,0,0,0,0
510325,2,1,0,0,0,0,0,0,0,0,0,0
510326,1,1,0,0,0,0,0,0,0,0,0,0
510326,2,1,0,0,0,0,0,0,0,0,0,0
510327,1,1,12,12,12,12,12,12,12,12,12,12
510327,2,1,0,0,0,0,0,0,0,0,0,0
510328,1,1,0,0,14,0,0,0,0,0,0,0
510328,2,1,0,0,0,11,0,0,0,0,0,0
510329,0,1,18,0,0,0,0,0,0,0,0,0
510329,1,1,0,0,0,0,0,0,0,0,0,0
510330,1,1,0,0,0,0,0,0,0,0,0,0
510331,1,1,1,1,1,1,1,1,1,1,1,1
510332,1,1,15,15,15,15,15,15,15,15,15,15
510333,1,1,28,28,28,28,28,28,28,28,28,28
510333,2,1,0,0,12,0,0,0,0,0,8,0
510334,1,1,5,8,36,9,25,17,21,17,17,7
510335,1,1,0,0,0,0,0,0,0,0,0,0
510335,2,1,0,0,0,0,0,0,0,0,0,0
510336,1,1,0,0,0,0,0,0,0,0,0,0
510336,2,1,0,0,0,30,0,0,0,0,0,0
510337,1,1,0,0,0,0,0,0,0,0,0,0
510337,2,1,0,0,0,0,0,0,0,0,0,0
510338,1,1,23,23,23,23,23,23,23,23,23,23
510339,1,1,0,0,0,0,0,0,0,0,0,0
510339,2,1,0,0,0,0,0,0,0,0,0,0
510340,1,1,0,0,0,0,0,0,0,0,0,0
510341,1,1,0,0,0,0,0,0,0,0,0,0
510342,0,1,16,23,23,11,6,0,23,32,28,34
510342,1,1,0,0,0,0,0,0,0,0,0,0
510343,1,1,9,0,13,8,3,21,10,21,12,3
510343,2,1,0,0,0,21,19,0,8,0,26,0
510344,1,1,0,0,0,0,0,0,0,0,0,0
510344,2,1,0,0,0,0,0,0,0,0,0,0
510345,1,1,0,0,0,0,0,0,0,0,0,0
510346,1,1,0,0,0,0,0,0,0,0,0,0
510347,1,1,0,0,0,0,0,0,0,0,0,0
510348,1,1,6,6,6,6,6,6,6,6,6,6
510349,1,1,0,0,0,0,0,0,0,0,0,0
510350,1,1,0,0,0,0,0,0,0,0,0,0
510350,2,1,0,0,0,0,0,0,0,0,0,0
510351,1,1,0,0,0,0,0,0,0,0,0,0
510351,2,1,0,0,0,0,0,0,0,0,0,0
510352,1,1,10,23,7,15,9,0,10,14,8,3
510352,2,1,25,20,0,0,5,0,0,0,0,0
510352,3,1,0,0,0,0,0,16,0,0,0,0
510353,1,1,16,0,26,26,0,0,24,0,18,0
510354,1,1,0,0,0,0,0,0,0,0,0,0
510355,1,1,13,13,13,13,13,13,13,13,13,13
510355,2,1,0,0,0,0,0,0,0,23,0,0
510355,3,1,0,4,0,0,0,18,0,0,0,0
510356,1,1,12,29,22,0,0,0,0,16,0,18
510357,1,1,0,0,0,0,0,0,0,0,0,0
510358,1,1,0,0,0,17,0,0,0,0,0,0
510358,2,1,0,0,0,0,0,0,0,0,0,0
510359,1,1,2,2,2,2,2,2,2,2,2,2
510360,1,1,0,0,0,0,0,0,0,0,0,0
510361,1,1,0,0,0,0,0,0,0,0,0,0
510362,1,1,12,0,0,0,0,0,0,0,0,0
510363,1,1,14,14,14,14,14,14,14,14,14,14
510364,1,1,5,5,5,5,5,5,5,5,5,5
510365,1,1,0,0,0,0,0,0,0,0,0,0
510365,2,1,0,0,0,0,0,0,0,0,0,0
510366,0,1,0,0,0,0,0,0,0,0,0,0
510366,1,1,0,0,0,0,0,0,0,0,0,0
510367,1,1,10,24,19,17,23,16,14,12,0,16
510368,1,1,0,0,0,0,0,0,0,0,0,0
510369,1,1,12,12,12,12,12,12,12,12,12,12
510370,1,1,0,0,0,0,0,0,0,0,0,0
510371,1,1,0,0,0,0,0,0,0,0,0,0
510372,1,1,7,7,7,7,7,7,7,7,7,7
510373,1,1,32,32,32,32,32,32,32,32,32,32
510373,2,1,0,0,0,0,0,0,19,0,19,0
510374,1,1,0,0,0,0,0,0,19,13,0,11
510375,1,1,0,0,0,0,0,0,0,0,0,0
510375,2,1,0,0,0,0,0,0,0,4,19,0
510376,1,1,13,18,18,15,10,14,3,12,7,12
510377,1,1,24,24,24,24,24,24,24,24,24,24
510378,1,1,0,0,0,0,0,0,0,0,0,0
510378,2,1,0,0,0,0,8,0,0,0,0,0
510379,1,1,0,0,7,0,0,0,0,0,20,0
510379,2,1,0,0,0,0,0,0,0,0,0,0
510380,1,1,10,10,10,10,10,10,10,10,10,10
510380,2,1,0,0,0,0,0,0,0,0,0,0
510381,1,1,0,0,0,0,0,0,0,0,0,0
510381,2,1,0,0,0,0,0,0,0,0,0,0
510382,1,1,32,32,32,32,32,32,32,32,32,32
510383,1,1,0,0,0,0,0,0,0,0,0,0
510383,2,1,0,0,0,0,0,0,0,0,0,0
510384,1,1,0,0,0,0,0,0,0,0,0,0
510385,1,1,0,0,0,0,0,0,0,0,0,0
510386,1,1,0,0,0,0,0,0,0,0,0,0
510387,0,1,29,0,0,16,0,0,0,0,0,0
510387,1,1,0,16,8,0,0,12,18,0,0,0
510388,1,1,0,0,0,0,0,0,0,0,0,0
510389,1,1,0,16,16,0,8,0,8,6,0,0
510390,1,1,0,0,0,0,0,0,0,0,0,0
510391,1,1,0,0,0,0,0,0,0,0,0,0
510391,2,1,0,0,15,0,0,0,0,0,0,0
510392,1,1,6,6,6,6,6,6,6,6,6,6
510393,1,1,13,13,13,13,13,13,13,13,13,13
510394,1,1,0,0,0,0,0,0,0,0,0,0
510394,2,1,0,0,0,0,0,0,0,0,0,0
510395,1,1,0,0,0,0,0,0,0,0,0,0
510395,2,1,0,0,0,0,0,0,0,0,0,0
510396,1,1,0,0,0,0,0,0,0,0,0,0
510397,1,1,15,15,15,15,15,15,15,15,15,15
510398,1,1,18,18,18,18,18,18,18,18,18,18
510399,0,1,15,15,15,15,15,15,15,15,15,15
510399,1,1,0,0,22,5,6,0,8,8,8,13
510400,1,1,0,0,0,0,0,0,0,0,0,0
510400,2,1,0,0,0,9,0,0,0,0,0,0
510401,1,1,0,0,4,0,0,0,0,0,0,21
510402,1,1,0,0,0,0,0,0,0,0,0,0
510403,1,1,4,4,4,4,4,4,4,4,4,4
510403,2,1,0,0,0,0,0,0,0,0,0,0
510404,1,1,0,0,0,0,0,0,0,0,0,0
510404,2,1,20,20,20,20,20,20,20,20,20,20
510405,1,1,0,0,0,0,0,0,0,0,0,0
510405,2,1,0,0,0,0,0,0,17,0,0,0
510406,1,1,0,0,0,0,0,0,0,0,0,0
510406,2,1,0,0,0,0,0,0,0,0,0,0
510407,0,1,0,0,0,0,0,0,0,0,0,0
510407,1,1,0,0,0,0,0,0,0,0,0,0
510408,1,1,20,20,20,20,20,20,20,20,20,20
510409,1,1,6,6,6,6,6,6,6,6,6,6
510410,1,1,0,0,0,0,0,0,0,0,0,0
510411,1,1,0,0,0,0,0,0,0,0,0,0
510412,1,1,0,0,0,0,0,0,0,0,0,0
510412,2,1,0,0,0,0,0,0,0,0,0,0
510413,0,1,0,0,0,0,0,0,0,0,0,0
510413,1,1,0,0,0,0,0,0,0,0,0,0
510414,1,1,0,0,0,0,0,0,0,0,0,0
510415,1,1,8,0,11,11,0,5,8,11,3,21
510415,2,1,0,0,0,0,0,0,0,0,0,0
510416,1,1,0,0,10,20,0,0,0,0,0,25
510416,2,1,0,0,0,0,0,0,0,0,0,0
510417,1,1,0,0,0,0,0,0,0,0,0,14
510417,2,1,0,0,0,0,0,0,0,0,0,0
510418,1,1,17,17,17,17,17,17,17,17,17,17
510418,2,1,12,0,11,0,0,1,0,10,0,4
510419,0,1,16,16,16,16,16,16,16,16,16,16
510419,1,1,0,0,0,17,0,0,0,0,0,0
510420,1,1,0,0,0,0,0,0,0,0,0,0
510420,2,1,0,0,0,0,0,0,0,0,0,0
510421,1,1,2,14,0,0,0,0,18,0,0,0
510421,2,1,13,13,13,13,13,13,13,13,13,13
510422,1,1,0,0,0,0,0,0,0,0,0,0
510422,2,1,0,0,0,0,0,0,0,0,0,0
510423,1,1,0,0,0,0,0,0,0,7,0,0
510424,1,1,0,0,0,0,0,0,0,0,0,0
510425,1,1,0,0,0,0,0,0,0,0,0,0
510426,1,1,0,0,0,0,0,0,0,0,0,0
510427,1,1,15,18,0,9,10,27,11,5,14,12
510428,1,1,0,11,16,0,5,7,0,15,24,18
510428,2,1,0,0,0,0,0,0,0,0,0,0
510429,1,1,0,0,0,0,0,0,0,0,0,0
510430,1,1,0,0,0,0,0,0,0,0,0,0
510431,1,1,0,0,0,0,0,0,0,12,39,0
510432,1,1,0,0,0,0,0,0,0,0,0,0
510432,2,1,18,0,0,0,7,14,21,4,21,9
510433,1,1,0,0,0,0,7,0,0,0,0,0
510434,1,1,0,0,0,0,0,21,0,0,0,0
510434,2,1,0,0,0,0,0,0,0,0,0,0
510435,1,1,0,0,0,0,0,0,0,0,0,0
510436,1,1,0,0,0,0,0,1,0,0,0,0
510437,1,1,0,0,0,0,0,0,0,0,0,0
510438,0,1,0,0,0,0,0,0,27,0,0,0
510438,1,1,0,0,0,0,0,0,0,0,0,0
510439,1,1,19,19,19,19,19,19,19,19,19,19
510440,1,1,0,0,0,0,0,0,0,0,0,0
510441,1,1,0,0,0,0,0,0,0,0,0,0
510441,2,1,0,0,0,0,0,0,0,0,0,0
510442,1,1,18,18,18,18,18,18,18,18,18,18
510442,2,1,0,0,0,0,0,0,0,0,0,0
510443,1,1,6,0,0,0,0,19,0,0,0,19
510444,1,1,0,0,0,0,0,0,0,0,0,0
510445,1,1,0,0,0,0,0,0,0,0,0,0
510446,1,1,0,0,0,0,0,0,0,0,0,0
510446,2,1,0,0,0,0,0,0,0,0,0,0
510447,1,1,0,0,0,0,0,0,0,0,0,0
510448,1,1,0,0,0,0,0,0,0,0,0,0
510449,1,1,13,13,13,13,13,13,13,13,13,13
510450,1,1,23,23,23,23,23,23,23,23,23,23
510451,0,1,20,20,20,20,20,20,20,20,20,20
510451,1,1,0,0,21,0,0,7,0,0,0,0
510452,1,1,0,0,0,0,0,0,0,0,0,0
510452,2,1,0,0,0,0,0,0,0,0,0,0
510453,1,1,0,0,0,0,0,0,0,0,0,0
510454,1,1,0,0,0,0,0,0,0,17,29,0
510455,0,1,0,0,0,0,0,0,0,0,0,0
510455,1,1,0,0,0,0,0,0,0,0,0,0
510456,1,1,0,0,0,0,0,0,0,0,0,0
510457,1,1,0,0,0,0,0,0,0,0,0,0
510458,1,1,0,0,0,0,0,0,0,0,0,0
510459,1,1,0,0,0,0,0,0,0,0,0,0
510459,2,1,0,0,0,0,0,0,0,0,0,0
510460,1,1,0,0,0,0,0,39,0,0,0,0
510460,2,1,0,0,0,0,0,0,0,0,0,0
510461,1,1,0,0,0,0,0,0,0,0,0,0
510462,1,1,22,12,9,34,3,7,6,27,3,10
510462,2,1,0,0,0,0,0,0,0,0,0,0
510462,3,1,0,0,0,0,0,0,0,0,0,0
510463,1,1,0,0,0,16,0,0,0,0,0,0
510463,2,1,0,0,0,0,0,0,0,0,0,0
510464,1,1,0,25,0,0,0,0,0,0,0,0
510464,2,1,0,0,0,0,0,0,0,0,0,0
510465,1,1,0,0,0,0,0,0,0,0,0,0
510465,2,1,0,0,0,0,0,0,0,0,0,0
510466,1,1,34,34,34,34,34,34,34,34,34,34
510467,1,1,0,0,0,0,0,0,0,0,0,0
510468,1,1,0,0,0,0,0,0,0,0,0,0
510469,1,1,0,0,0,0,0,0,0,0,0,15
510470,1,1,0,0,0,0,0,0,0,0,0,0
510471,1,1,0,15,19,29,42,16,17,4,5,10
510471,2,1,0,0,0,0,0,0,0,0,0,0
510472,1,1,0,0,0,0,0,0,0,0,0,0
510473,1,1,17,3,16,0,9,12,0,10,0,14
510474,1,1,0,0,13,0,0,0,0,0,0,0
510474,2,1,0,0,0,0,0,0,0,0,0,0
510475,1,1,0,0,0,0,0,0,0,0,0,0
510475,2,1,0,0,0,0,0,0,0,0,0,0
510476,1,1,0,0,0,0,0,0,0,0,0,0
510477,1,1,0,0,5,0,0,5,25,26,0,0
510477,2,1,4,9,22,0,28,0,0,20,10,0
510478,1,1,14,22,12,9,16,23,16,16,11,7
510479,1,1,28,28,28,28,28,28,28,28,28,28
510479,2,1,0,0,0,0,0,0,0,0,0,0
510480,0,1,0,0,0,0,0,0,0,0,0,0
510480,1,1,0,0,0,0,0,0,0,0,0,0
510481,1,1,0,0,0,0,0,0,0,0,0,0
510482,1,1,20,22,6,13,10,20,22,10,6,25
510483,0,1,0,0,0,0,0,0,0,0,0,0
510483,1,1,0,0,0,0,0,0,0,0,0,0
510484,1,1,0,0,0,0,0,0,0,0,0,0
510484,2,1,0,0,0,0,0,0,0,0,0,0
510485,1,1,0,0,0,0,0,0,0,0,0,0
510486,1,1,0,0,0,0,0,0,0,0,0,0
510487,1,1,0,0,0,0,0,0,0,0,0,0
510487,2,1,0,0,0,0,0,0,0,0,0,0
510487,3,1,0,0,0,0,0,0,0,0,0,0
510488,1,1,0,0,0,0,0,0,0,0,0,0
510488,2,1,0,11,0,0,0,0,0,0,0,0
510489,1,1,0,0,0,0,0,0,0,0,0,0
510489,2,1,0,0,0,0,0,0,0,0,0,0
510490,1,1,25,25,25,25,25,25,25,25,25,25
510491,1,1,0,0,0,0,0,0,0,0,0,0
510492,0,1,0,0,0,0,0,0,0,0,0,0
510492,0,2,5,20,16,25,7,22,24,0,25,23
510492,1,1,5,15,18,11,6,13,14,11,4,21
510492,2,1,0,0,0,0,0,0,0,0,0,0
510493,1,1,0,0,14,0,0,0,0,0,0,0
510493,2,1,0,0,0,0,0,0,7,0,0,0
510494,1,1,0,16,0,18,0,0,0,5,15,11
510495,1,1,0,0,0,0,0,0,0,0,0,0
510496,1,1,0,0,0,0,0,0,0,0,0,0
510497,1,1,20,20,20,20,20,20,20,20,20,20
510498,1,1,0,0,0,0,0,0,0,0,0,0
510498,2,1,0,4,0,20,0,0,0,0,0,0
510499,1,1,0,0,0,0,0,0,0,0,0,0
510499,2,1,0,0,0,0,0,0,0,0,0,0
510500,1,1,0,0,0,0,0,0,0,0,0,0
510500,2,1,0,0,0,0,0,0,0,0,0,0
510501,1,1,20,7,17,28,9,0,0,0,24,0
510502,1,1,21,0,0,0,19,0,0,0,0,0
510502,2,1,11,16,0,0,17,0,0,0,0,0
510503,1,1,0,23,0,28,28,0,4,10,0,23
510504,1,1,0,0,0,0,0,0,0,0,0,0
510505,1,1,0,0,0,0,0,0,0,0,0,0
510506,1,1,0,0,0,0,0,0,0,0,0,27
510507,1,1,0,0,0,27,0,0,0,0,0,0
510508,0,1,0,0,0,0,0,0,0,0,0,0
510508,1,1,0,0,0,0,0,0,0,0,0,0
510509,1,1,14,0,0,0,23,14,14,12,16,0
510510,1,1,21,0,0,0,19,0,0,0,0,0
510511,1,1,0,0,0,11,0,15,0,0,4,8
510512,1,1,0,12,0,0,0,0,0,0,0,0
510513,1,1,0,0,0,0,0,0,0,0,0,0
510513,2,1,0,0,0,0,0,0,0,0,0,0
510514,1,1,33,33,33,33,33,33,33,33,33,33
510515,0,1,0,0,0,0,0,0,0,0,0,0
510515,1,1,0,0,0,0,0,11,0,0,0,0
510516,1,1,0,0,0,0,0,0,0,0,0,0
510516,2,1,0,0,0,0,0,0,0,0,0,0
510517,1,1,0,0,0,0,0,0,0,0,0,0
510517,2,1,0,0,0,0,0,16,0,0,0,0
510518,1,1,0,0,0,0,0,0,0,0,0,16
510519,1,1,0,0,0,0,0,0,0,0,0,0
510520,1,1,0,0,0,0,0,0,0,0,0,0
510520,2,1,0,0,0,0,0,13,0,0,0,0
510520,3,1,0,0,0,0,0,0,0,0,0,0
510521,0,1,0,0,0,0,0,0,0,0,0,0
510521,1,1,0,0,0,0,0,0,0,0,0,0
510522,1,1,0,0,0,0,0,0,0,0,0,0
510523,1,1,0,0,0,0,0,0,0,0,0,0
510523,2,1,0,0,0,0,0,0,0,0,0,0
510524,1,1,0,0,0,0,0,0,0,0,0,12
510525,1,1,0,0,0,0,0,0,0,0,0,0
510526,0,1,0,0,0,0,0,0,0,0,0,0
510526,1,1,0,0,0,0,0,0,0,0,0,0
510527,0,1,34,34,34,34,34,34,34,34,34,34
510527,1,1,0,0,9,0,0,0,0,0,0,0
510528,1,1,0,0,0,0,0,0,0,0,0,0
510530,0,1,0,0,0,0,0,0,0,0,0,0
510530,1,1,0,0,0,0,0,0,0,0,0,0
510531,1,1,0,0,0,0,0,0,0,0,0,0
510532,1,1,0,0,0,0,0,0,0,0,0,0
510533,1,1,0,0,0,0,0,0,0,0,0,0
510534,1,1,0,0,0,0,0,0,0,0,0,0
510535,1,1,0,0,0,0,0,0,0,0,0,0
510536,1,1,27,18,12,38,0,0,0,0,26,0
510537,1,1,0,0,0,0,0,0,0,0,0,0
510538,0,1,3,21,19,7,18,0,34,5,25,10
510538,1,1,0,0,0,0,0,0,29,0,21,0
510539,1,1,19,19,19,19,19,19,19,19,19,19
510540,0,1,0,0,0,0,0,0,0,0,0,0
510540,1,1,0,0,30,0,0,0,0,3,0,0
510540,2,1,0,0,0,0,0,0,0,0,0,0
510541,0,1,0,0,0,0,0,0,0,0,0,0
510541,1,1,0,0,0,0,0,0,0,0,0,0
510542,1,1,0,5,0,0,5,0,9,0,0,6
510542,2,1,0,0,0,0,0,0,0,0,0,0
510542,3,1,0,0,0,0,0,0,0,0,0,0
510543,1,1,6,6,6,6,6,6,6,6,6,6
510544,1,1,0,21,10,0,0,18,14,0,0,0
510544,2,1,0,0,0,0,0,0,12,0,0,0
510545,1,1,6,12,16,7,9,7,11,7,10,9
510546,1,1,0,0,0,0,0,0,0,0,0,0
510547,1,1,0,0,0,0,0,0,0,0,0,0
510548,1,1,12,14,0,10,0,16,0,0,0,7
510549,0,1,22,19,13,29,21,11,22,15,12,30
510549,1,1,0,0,0,0,0,0,33,11,0,0
510550,1,1,0,0,0,0,0,0,0,0,0,0
510551,1,1,0,0,0,32,0,0,0,0,32,4
510552,1,1,0,0,0,0,0,0,0,0,19,0
510552,2,1,0,0,0,0,3,0,0,0,0,0
510553,1,1,10,0,0,0,0,0,0,0,0,0
510553,2,1,0,0,0,0,0,0,0,0,0,0
510554,1,1,0,0,0,0,0,0,0,0,0,0
510554,2,1,0,0,0,28,0,0,0,0,0,0
510554,3,1,0,0,0,0,0,0,0,0,0,0
510555,1,1,0,0,0,0,0,0,0,0,0,0
510556,1,1,7,7,7,7,7,7,7,7,7,7
510556,2,1,0,0,0,0,0,0,0,0,0,0
510557,1,1,0,0,0,0,0,0,0,0,0,0
510558,1,1,0,0,0,0,0,0,0,0,0,0
510559,1,1,0,19,0,17,0,0,0,0,30,0
510559,2,1,0,0,0,0,0,0,0,0,0,0
510560,1,1,0,0,0,0,0,0,0,0,0,0
510560,2,1,0,11,0,0,0,0,0,0,0,0
510561,1,1,0,0,0,0,0,0,0,0,0,0
510561,2,1,0,0,0,0,0,0,0,0,0,0
510562,1,1,0,0,16,0,0,0,0,0,0,0
510563,1,1,0,0,0,0,0,0,0,0,0,0
510564,1,1,0,0,0,0,0,0,0,0,0,0
510564,2,1,0,0,0,0,0,0,0,0,0,0
510565,1,1,0,0,0,0,8,0,0,0,8,0
510565,2,1,0,0,0,0,0,0,0,0,0,0
510566,1,1,0,0,0,0,0,0,0,0,0,0
510566,2,1,0,0,0,0,0,0,0,0,0,0
510567,1,1,0,0,0,0,0,0,0,0,0,0
510568,1,1,0,0,0,0,0,0,0,0,0,0
510568,2,1,0,0,0,0,0,0,0,0,0,0
510569,0,1,0,0,0,0,0,0,0,0,0,0
510569,1,1,0,0,0,0,0,0,0,0,0,14
510570,1,1,0,0,0,0,0,0,0,0,0,0
510571,0,1,9,0,30,0,0,0,0,0,0,0
510572,1,1,0,0,0,0,0,0,0,0,0,0
510572,2,1,0,0,0,0,0,0,0,0,0,0
510572,3,1,0,0,0,0,0,0,0,0,0,0
510573,1,1,15,22,17,4,22,25,12,8,4,7
510573,2,1,0,0,0,0,0,0,0,0,0,0
510574,1,1,2,2,2,2,2,2,2,2,2,2
510575,1,1,0,0,0,0,0,0,0,18,0,0
510576,1,1,20,20,20,20,20,20,20,20,20,20
510577,1,1,33,17,12,20,18,22,18,11,7,11
510578,1,1,0,6,4,16,12,10,7,23,15,17