ST_CASE,VEH_NO,PER_NO,P1,P2,P3,P4,P5,P6,P7,P8,P9,P10
530487,1,1,3,3,3,3,3,3,3,3,3,3
530487,2,1,11,17,8,10,8,11,16,15,18,14
530487,3,1,0,0,0,0,0,0,0,0,0,0
530487,4,1,0,0,0,0,0,0,0,0,0,0
530487,5,1,0,0,0,0,0,0,0,0,0,0
530489,1,1,0,0,0,0,0,0,0,0,0,0
530489,2,1,0,0,0,35,0,21,14,35,0,0
530490,1,1,0,0,0,0,0,0,0,0,0,0
530491,0,1,0,0,0,0,0,0,0,0,0,0
530491,1,1,0,0,0,0,0,0,0,15,0,0
530492,1,1,10,10,10,10,10,10,10,10,10,10
530493,1,1,0,0,0,0,0,24,0,0,0,0
530493,2,1,0,0,0,0,0,0,0,0,0,0
530493,3,1,31,31,31,31,31,31,31,31,31,31
530494,1,1,0,0,0,0,0,0,0,0,0,0
530496,0,1,0,0,0,0,0,0,0,0,0,0
530496,1,1,0,0,0,6,0,0,0,0,0,0
530497,1,1,0,0,0,0,0,0,0,0,0,0
530497,2,1,6,6,6,6,6,6,6,6,6,6
530498,1,1,16,16,16,16,16,16,16,16,16,16
530499,1,1,20,20,20,20,20,20,20,20,20,20
530500,1,1,0,0,0,0,0,0,0,0,0,0
530501,1,1,0,0,0,0,0,0,0,0,0,0
530501,2,1,0,0,0,0,0,0,0,0,0,0
530503,1,1,16,16,16,16,16,16,16,16,16,16
530503,2,1,0,0,0,0,0,0,0,0,0,4
530504,1,1,5,5,5,5,5,5,5,5,5,5
530504,2,1,0,0,0,0,0,0,0,0,0,9
530505,1,1,0,0,0,0,0,0,0,0,0,0
530505,2,1,0,0,0,0,0,0,0,0,0,0
530505,3,1,0,0,0,0,0,0,0,0,0,0
530505,4,1,0,0,0,0,0,0,0,0,0,0
530505,5,1,0,0,0,0,0,0,0,0,0,0
530506,1,1,0,0,0,0,0,0,0,0,0,0
530506,2,1,0,0,0,0,0,0,0,0,0,0
530507,1,1,0,0,0,0,0,0,0,0,0,0
530507,2,1,0,0,0,0,0,0,0,0,0,0
530508,1,1,0,0,10,0,0,0,0,0,0,0
530508,2,1,0,0,0,0,0,0,0,0,0,0
530509,0,1,20,20,20,20,20,20,20,20,20,20
530509,1,1,0,0,0,0,0,0,0,0,0,0
530510,1,1,0,0,0,0,0,0,0,0,0,0
530510,2,1,0,0,0,0,0,0,0,0,0,0
530511,1,1,0,0,0,0,0,0,0,0,0,0
530511,2,1,0,0,0,0,0,0,0,0,0,0
530512,1,1,0,0,0,0,0,0,0,0,0,0
530512,2,1,0,0,0,0,0,0,0,0,0,0
530513,0,1,0,0,15,0,23,0,0,0,0,28
530513,1,1,0,0,0,0,0,0,0,0,3,0
530514,0,1,0,0,0,0,0,0,0,0,0,0
530514,0,2,22,35,0,0,13,0,21,0,0,0
530514,1,1,1,1,1,1,1,1,1,1,1,1
530515,1,1,18,18,18,18,18,18,18,18,18,18
530516,1,1,0,0,0,0,0,24,0,0,0,0
530517,1,1,0,0,0,0,0,0,0,0,0,0
530517,2,1,0,0,0,0,0,0,0,0,0,0
530518,0,1,0,0,0,0,0,0,0,0,0,0
530518,1,1,0,0,0,0,0,0,0,0,0,0
530519,1,1,0,0,0,0,0,14,0,0,0,0
530519,2,1,0,0,0,0,0,0,0,0,0,0
530521,1,1,23,0,0,0,0,0,0,0,0,0
530521,2,1,0,0,0,0,0,0,0,0,0,0
530524,1,1,0,0,0,0,0,0,0,0,0,0
530524,2,1,0,0,0,0,0,0,0,0,0,0
530525,1,1,23,23,23,23,23,23,23,23,23,23
530526,1,1,0,0,0,0,0,0,0,0,0,0
530526,2,1,0,0,0,0,0,0,0,0,0,0
530527,0,1,14,14,14,14,14,14,14,14,14,14
530527,1,1,0,0,0,17,0,14,0,14,0,0
530528,1,1,0,0,0,0,0,0,0,0,0,0
530529,1,1,0,0,0,0,0,0,0,0,0,0
540001,1,1,0,0,0,0,0,0,0,0,0,0
540002,1,1,0,0,0,0,0,0,0,0,0,0
540002,2,1,0,0,0,0,0,0,0,0,0,0
540003,1,1,0,0,0,0,0,0,0,0,0,0
540004,1,1,0,0,0,0,0,0,0,0,0,0
540004,2,1,0,0,0,0,0,0,0,0,0,0
540005,1,1,0,0,0,0,0,0,0,0,0,0
540005,2,1,0,0,0,0,0,13,0,0,0,0
540006,1,1,0,0,0,0,0,0,0,0,0,0
540006,2,1,0,0,0,0,0,0,0,0,0,0
540007,1,1,0,0,0,0,0,0,0,0,0,0
540007,2,1,0,0,0,0,0,0,0,0,0,0
540008,0,1,24,24,24,24,24,24,24,24,24,24
540008,1,1,15,26,29,0,7,0,24,9,0,22
540009,1,1,0,0,0,0,0,0,0,0,0,0
540010,1,1,0,0,0,0,0,0,4,0,0,0
540011,1,1,0,0,0,0,0,0,0,0,0,0
540011,2,1,0,0,0,0,0,0,0,0,0,0
540012,1,1,0,0,0,0,0,0,0,0,0,0
540013,1,1,0,0,0,0,0,0,0,0,0,0
540013,2,1,0,0,0,0,0,0,0,0,0,0
540014,1,1,0,0,0,0,0,0,0,0,0,0
540015,1,1,0,0,0,0,0,0,0,0,0,0
540015,2,1,0,0,0,0,0,0,0,0,0,0
540016,1,1,12,0,0,0,0,0,0,11,0,0
540017,1,1,0,0,0,0,0,0,0,0,0,0
540017,2,1,0,0,0,0,0,0,0,0,0,0
540018,1,1,23,0,0,0,0,0,0,0,0,0
540019,1,1,23,23,23,23,23,23,23,23,23,23
540020,1,1,0,0,0,0,0,0,0,0,0,0
540020,2,1,0,0,0,0,0,0,0,0,0,0
540021,1,1,0,0,0,0,0,0,0,0,0,0
540021,2,1,0,0,0,10,0,0,0,0,0,0
540022,1,1,19,19,19,19,19,19,19,19,19,19
540023,1,1,25,6,17,0,14,7,14,13,8,14
540024,1,1,0,0,0,0,0,0,0,0,0,0
540025,1,1,0,0,0,0,0,0,0,0,0,0
540026,1,1,0,0,0,0,0,0,0,0,0,0
540027,1,1,0,0,0,0,0,0,0,0,0,0
540027,2,1,0,0,0,0,0,0,0,0,0,0
540028,1,1,0,0,0,0,0,0,0,0,0,0
540028,2,1,0,0,0,0,0,0,0,0,0,0
540028,3,1,0,0,0,0,0,0,0,0,0,0
540029,1,1,20,20,20,20,20,20,20,20,20,20
540030,1,1,19,19,19,19,19,19,19,19,19,19
540031,1,1,28,19,2,8,22,9,23,28,26,10
540032,1,1,13,13,13,13,13,13,13,13,13,13
540033,0,1,0,0,0,0,0,0,0,0,0,0
540033,1,1,0,0,0,0,14,15,0,0,30,0
540034,1,1,0,0,0,0,0,0,0,0,0,0
540034,2,1,0,0,0,0,0,0,0,0,0,0
540035,1,1,22,22,22,22,22,22,22,22,22,22
540036,0,1,26,26,26,26,26,26,26,26,26,26
540036,1,1,0,0,0,0,0,0,0,0,0,0
540037,1,1,0,0,0,0,0,0,0,0,0,0
540037,2,1,0,0,0,0,0,0,0,0,0,0
540038,1,1,0,0,0,0,0,0,0,0,0,0
540039,1,1,0,0,0,0,0,0,0,0,0,0
540039,2,1,0,0,0,0,0,0,0,0,0,0
540040,1,1,15,15,15,15,15,15,15,15,15,15
540041,1,1,20,20,20,20,20,20,20,20,20,20
540042,0,1,0,0,0,0,0,0,0,0,0,0
540042,1,1,11,0,0,0,0,0,0,0,0,0
540043,1,1,0,0,0,0,0,0,0,0,0,0
540043,2,1,0,0,0,0,0,0,0,0,0,0
540044,1,1,0,0,0,0,0,0,0,0,0,0
540044,2,1,0,0,0,0,0,0,0,0,0,0
540045,1,1,0,0,0,0,0,0,0,0,0,0
540046,0,1,0,0,0,0,0,0,0,0,0,0
540046,1,1,0,0,0,0,0,0,0,0,0,0
540047,1,1,0,0,0,0,0,0,0,0,0,0
540048,1,1,31,31,31,31,31,31,31,31,31,31
540049,1,1,0,0,0,0,0,0,0,0,0,0
540050,1,1,0,0,0,0,0,0,0,0,0,0
540051,1,1,0,0,0,0,0,0,0,0,0,0
540051,2,1,0,0,0,0,0,0,0,0,0,0
540052,1,1,0,0,0,0,0,0,0,0,0,0
540053,1,1,12,12,12,12,12,12,12,12,12,12
540054,1,1,0,0,0,0,0,0,0,0,0,0
540054,2,1,0,0,0,0,0,0,0,0,0,0
540055,1,1,0,0,0,0,0,0,0,0,0,0
540055,2,1,0,0,0,0,0,0,0,0,0,0
540056,0,1,31,31,31,31,31,31,31,31,31,31
540056,1,1,0,0,0,0,0,0,0,0,0,0
540057,1,1,17,17,14,0,0,0,0,12,0,0
540058,1,1,39,39,39,39,39,39,39,39,39,39
540059,1,1,16,16,16,16,16,16,16,16,16,16
540060,1,1,0,0,0,0,0,0,0,0,0,0
540061,1,1,0,0,0,0,0,0,0,0,0,0
540062,1,1,9,9,9,9,9,9,9,9,9,9
540063,1,1,0,0,0,0,0,0,0,0,0,0
540064,1,1,0,0,0,0,0,0,0,0,0,0
540065,1,1,12,12,12,12,12,12,12,12,12,12
540066,1,1,14,14,14,14,14,14,14,14,14,14
540067,1,1,0,0,0,0,0,0,0,0,0,0
540068,1,1,0,0,0,0,0,0,0,0,0,0
540068,2,1,0,0,0,0,0,0,0,0,0,0
540069,1,1,0,0,0,0,0,0,0,0,0,0
540069,2,1,0,0,30,0,0,9,0,0,0,17
540070,1,1,28,28,28,28,28,28,28,28,28,28
540070,2,1,0,0,0,0,0,0,0,0,0,0
540070,3,1,0,0,0,0,0,0,0,0,0,0
540071,1,1,0,0,0,0,0,0,0,0,0,0
540072,1,1,0,0,0,0,0,0,0,0,0,0
540072,2,1,0,0,0,0,0,0,0,0,0,0
540073,1,1,0,0,0,0,0,0,0,0,0,0
540073,2,1,0,0,0,0,0,0,0,0,0,0
540074,0,1,0,0,0,0,0,0,0,0,0,0
540074,1,1,0,0,0,7,8,0,0,0,0,0
540075,1,1,0,0,0,0,0,0,0,0,0,0
540076,1,1,12,12,12,12,12,12,12,12,12,12
540077,1,1,0,0,0,0,0,0,0,0,0,0
540078,1,1,0,0,0,0,0,0,0,0,0,0
540079,1,1,2,2,2,2,2,2,2,2,2,2
540080,1,1,0,0,0,0,0,0,0,0,0,0
540080,2,1,0,0,0,0,0,0,0,0,0,0
540081,1,1,14,0,0,0,0,0,0,21,0,8
540082,1,1,0,0,0,0,0,0,0,0,0,0
540082,2,1,0,0,0,0,0,0,0,0,0,0
540083,1,1,0,0,0,0,0,0,0,0,0,0
540083,2,1,0,0,0,0,0,0,0,0,0,0
540084,1,1,0,0,0,0,0,0,0,0,0,0
540085,1,1,0,0,0,0,0,0,0,0,0,0
540086,1,1,0,0,0,0,0,0,0,0,0,0
540087,1,1,0,0,0,0,0,0,0,0,0,0
540088,1,1,0,0,0,0,0,0,0,0,0,0
540089,1,1,15,16,13,10,27,11,13,31,16,23
540090,1,1,32,32,32,32,32,32,32,32,32,32
540091,1,1,0,0,0,0,0,0,0,0,0,0
540091,2,1,24,24,24,24,24,24,24,24,24,24
540092,1,1,0,20,0,15,0,0,0,0,0,0
540093,1,1,0,11,0,0,0,0,0,0,0,0
540093,2,1,0,0,0,0,0,0,0,0,0,0
540093,3,1,0,0,0,0,0,0,0,0,0,0
540094,1,1,0,0,0,0,0,0,0,0,0,0
540094,2,1,0,0,0,0,0,0,0,0,0,0
540095,1,1,0,0,0,0,0,0,0,0,0,0
540096,1,1,0,0,0,0,0,0,0,0,0,0
540096,2,1,0,0,0,0,0,0,0,0,0,0
540097,0,1,0,0,0,0,0,0,0,0,0,0
540097,1,1,0,0,0,0,0,0,0,0,0,0
540098,0,1,13,13,13,13,13,13,13,13,13,13
540098,1,1,24,16,21,0,0,23,0,0,0,0
540099,1,1,0,0,0,0,0,0,0,0,0,0
540100,1,1,18,18,18,18,18,18,18,18,18,18
540101,1,1,0,0,0,0,0,0,0,0,0,0
540102,0,1,0,0,0,0,0,0,0,0,0,0
540102,1,1,0,0,0,0,0,0,0,5,0,0
540103,1,1,0,0,0,0,0,0,0,0,0,0
540104,1,1,0,0,0,0,0,0,0,0,0,0
540105,1,1,0,0,0,0,0,0,0,0,0,0
540106,1,1,0,0,0,0,0,0,0,0,0,0
540107,1,1,0,0,0,0,0,0,0,0,0,0
540108,1,1,0,0,0,0,0,0,0,0,0,0
540109,1,1,0,0,0,0,0,0,0,0,0,20
540110,1,1,0,0,0,0,0,0,0,0,0,0
540110,2,1,0,0,0,0,0,0,0,0,0,0
540110,3,1,21,21,21,21,21,21,21,21,21,21
540111,1,1,0,0,0,0,0,0,0,0,0,0
540111,2,1,0,0,0,30,0,0,0,0,0,0
540111,3,1,0,0,0,0,0,0,0,0,0,0
540112,1,1,0,0,0,0,0,0,18,0,0,0
540112,2,1,0,0,0,0,0,0,0,0,0,0
540112,3,1,0,0,0,0,0,0,0,0,0,0
540113,1,1,0,0,0,0,0,0,0,0,0,0
540113,2,1,0,0,10,0,0,0,0,0,0,0
540114,1,1,17,17,17,17,17,17,17,17,17,17
540115,1,1,0,0,0,0,0,0,0,0,0,0
540116,1,1,0,0,0,0,0,0,0,0,0,0
540117,1,1,23,23,23,23,23,23,23,23,23,23
540118,1,1,30,30,30,30,30,30,30,30,30,30
540119,1,1,0,0,0,0,0,0,0,0,0,0
540120,1,1,0,0,0,0,0,0,0,0,0,0
540121,1,1,0,0,0,0,0,0,0,0,0,0
540121,2,1,0,0,0,0,0,0,0,0,0,0
540122,1,1,19,19,19,19,19,19,19,19,19,19
540123,1,1,2,2,2,2,2,2,2,2,2,2
540124,1,1,0,0,0,0,0,0,0,0,0,0
540125,1,1,0,0,0,0,0,0,0,0,0,0
540126,0,1,37,37,37,37,37,37,37,37,37,37
540126,1,1,0,0,0,0,0,0,0,0,0,0
540127,1,1,0,0,0,0,0,0,0,0,0,0
540127,2,1,0,0,0,0,0,0,0,12,0,0
540128,1,1,0,0,0,0,0,0,0,0,0,0
540128,2,1,5,5,5,5,5,5,5,5,5,5
540129,1,1,0,0,0,0,0,0,0,0,0,0
540129,2,1,22,22,22,22,22,22,22,22,22,22
540130,1,1,23,23,23,23,23,23,23,23,23,23
540130,2,1,9,0,0,0,0,0,0,0,0,0
540131,1,1,0,0,0,0,0,0,0,0,0,0
540131,2,1,0,0,0,0,0,0,0,0,0,0
540132,1,1,10,14,15,26,21,10,18,11,13,16
540132,2,1,0,14,0,0,0,0,0,9,0,0
540133,1,1,0,0,0,0,0,0,0,8,0,0
540135,1,1,0,0,17,0,10,0,12,0,12,0
540135,2,1,0,0,0,0,0,0,0,0,0,0
540135,3,1,0,0,0,15,0,0,6,0,0,11
540135,4,1,0,0,0,0,0,0,0,0,0,0
540135,5,1,0,0,0,0,0,0,0,0,0,0
540136,1,1,0,0,0,0,0,0,14,0,0,0
540136,2,1,0,0,0,0,0,0,0,0,0,0
540136,3,1,0,0,0,0,0,0,0,0,0,0
540137,1,1,0,0,0,0,0,0,0,0,0,0
540137,2,1,0,0,0,0,0,0,0,0,0,0
540138,1,1,5,5,5,5,5,5,5,5,5,5
540138,2,1,0,0,0,0,0,0,0,0,0,0
540140,1,1,0,0,0,0,20,0,0,0,12,0
540141,1,1,6,6,6,6,6,6,6,6,6,6
540142,0,1,0,0,0,0,0,0,0,0,0,0
540142,1,1,2,9,0,1,0,0,0,14,7,14
540143,1,1,24,24,24,24,24,24,24,24,24,24
540144,1,1,17,17,17,17,17,17,17,17,17,17
540145,1,1,12,19,15,17,9,10,13,28,25,18
540146,1,1,24,5,7,15,31,16,7,11,13,13
540147,1,1,0,0,0,0,0,0,0,0,0,0
540148,0,1,0,0,0,0,0,0,0,0,0,0
540148,1,1,0,0,0,0,0,0,0,0,0,0
540148,2,1,0,0,0,0,0,0,0,0,0,0
540148,3,1,0,0,0,0,0,0,0,0,0,0
540148,4,1,0,0,0,0,0,0,0,0,0,0
540149,1,1,0,0,0,0,0,0,0,0,0,0
540150,1,1,4,4,4,4,4,4,4,4,4,4
540151,1,1,0,0,0,0,0,0,0,0,0,0
540152,1,1,20,20,20,20,20,20,20,20,20,20
540153,1,1,0,0,0,0,0,0,0,0,0,0
540154,1,1,0,0,0,0,0,0,0,0,0,0
540155,1,1,19,28,9,21,20,21,36,24,25,21
540156,1,1,0,0,0,0,0,0,0,0,0,0
540156,2,1,11,11,11,11,11,11,11,11,11,11
540157,1,1,0,0,0,0,0,0,0,0,0,0
540157,2,1,0,0,0,0,0,0,0,0,0,0
540158,1,1,0,0,0,0,0,16,23,0,0,4
540158,2,1,0,0,0,0,0,17,16,0,12,9
540159,1,1,0,0,0,17,0,0,0,0,0,0
540159,2,1,0,0,0,0,0,0,0,0,0,0
540160,1,1,0,0,0,0,0,0,0,0,0,0
540160,2,1,0,0,0,0,0,0,0,0,0,0
540161,1,1,26,26,26,26,26,26,26,26,26,26
540162,1,1,0,0,0,0,0,0,0,0,0,0
540162,2,1,0,0,0,0,0,0,0,0,0,0
540163,1,1,0,0,0,0,0,0,0,0,0,0
540163,2,1,14,0,0,0,0,0,0,0,0,0
540164,1,1,0,0,0,0,0,0,0,0,0,0
540164,2,1,43,43,43,43,43,43,43,43,43,43
540165,1,1,9,9,9,9,9,9,9,9,9,9
540166,1,1,0,0,0,0,0,0,0,0,0,0
540166,2,1,0,0,0,0,0,0,0,0,0,0
540166,3,1,0,0,0,0,0,0,0,0,0,0
540167,1,1,12,12,12,12,12,12,12,12,12,12
540167,2,1,0,0,0,0,0,0,0,10,0,0
540168,1,1,8,0,0,0,0,0,0,0,0,0
540168,2,1,0,0,0,0,0,0,0,0,0,0
540169,1,1,3,3,3,3,3,3,3,3,3,3
540169,2,1,0,0,0,0,0,0,0,0,0,0
540170,1,1,0,0,0,0,0,0,0,0,0,0
540170,2,1,0,0,0,0,0,0,0,0,0,0
540171,1,1,0,0,0,0,0,0,0,0,0,0
540172,1,1,0,0,0,0,0,0,0,9,0,0
540173,1,1,13,13,13,13,13,13,13,13,13,13
540174,0,1,0,0,0,0,0,0,0,0,0,0
540174,1,1,2,0,0,0,0,12,2,16,0,18
540175,1,1,12,0,0,0,0,0,0,0,24,0
540176,1,1,18,18,18,18,18,18,18,18,18,18
540177,0,1,0,0,0,0,0,0,0,0,0,0
540177,1,1,0,0,0,0,0,10,0,0,0,0
540178,0,1,15,15,15,15,15,15,15,15,15,15
540178,1,1,0,0,0,0,0,0,0,0,0,0
540179,1,1,0,0,0,0,0,0,0,0,0,0
540181,1,1,0,0,0,0,0,0,0,0,0,0
540181,2,1,0,0,0,0,0,0,0,0,0,0
540182,1,1,0,0,0,0,0,0,0,0,0,0
540182,2,1,0,0,0,0,0,0,0,0,0,0
540182,3,1,0,0,0,0,0,0,0,0,0,0
540183,1,1,0,0,0,0,0,0,0,0,0,0
540183,2,1,0,0,0,0,0,0,0,0,0,0
540184,1,1,0,0,0,0,0,0,0,0,0,0
540184,2,1,0,0,0,0,0,0,0,0,0,0
540185,1,1,12,22,18,0,0,15,26,14,6,12
540185,2,1,0,0,0,0,0,0,0,0,0,0
540186,1,1,0,0,0,0,0,0,0,0,0,0
540186,2,1,0,0,0,0,0,0,0,0,0,0
540187,1,1,0,0,0,0,0,0,0,0,0,0
540188,0,1,0,0,0,0,0,0,0,0,0,0
540188,1,1,0,0,0,0,0,0,0,0,0,0
540189,1,1,2,15,10,0,0,23,0,4,14,4
540190,1,1,0,0,0,0,0,0,0,0,0,0
540191,1,1,0,0,0,0,0,0,0,0,0,0
540192,1,1,23,23,23,23,23,23,23,23,23,23
540193,1,1,0,0,0,0,0,0,0,0,0,0
540194,1,1,0,0,0,0,0,0,0,0,0,0
540195,1,1,0,0,0,0,0,0,0,0,0,0
540196,1,1,0,0,0,0,0,0,0,0,0,0
540197,1,1,0,0,0,0,0,0,0,0,0,0
540198,1,1,0,0,0,0,0,0,0,0,0,0
540199,1,1,0,0,0,0,0,0,0,0,0,0
540200,1,1,0,0,0,0,0,0,0,0,0,0
540201,1,1,16,16,16,16,16,16,16,16,16,16
540202,1,1,0,0,0,0,11,0,0,0,0,0
540202,2,1,0,0,0,0,0,0,17,0,0,0
540203,1,1,17,17,17,17,17,17,17,17,17,17
540204,1,1,0,0,0,0,0,0,0,0,0,0
540204,2,1,0,0,11,0,0,0,9,0,0,0
540205,1,1,0,0,0,0,0,0,0,0,0,0
540205,2,1,0,4,0,0,0,0,2,0,0,0
540206,1,1,20,20,20,20,20,20,20,20,20,20
540207,1,1,15,15,15,15,15,15,15,15,15,15
540208,1,1,0,0,0,0,0,0,0,0,0,0
540208,2,1,26,14,0,11,0,0,16,0,0,5
540209,1,1,0,0,0,0,0,0,0,0,0,0
540209,2,1,0,0,0,0,0,0,0,0,0,0
540210,1,1,19,19,19,19,19,19,19,19,19,19
540210,2,1,0,0,0,0,0,0,0,0,0,0
540211,1,1,0,0,0,0,0,0,0,0,0,0
540211,2,1,0,0,0,0,0,0,0,0,0,17
540212,1,1,0,0,0,0,0,0,0,0,0,0
540212,2,1,0,0,0,0,0,0,0,0,0,0
540213,1,1,0,0,0,0,0,0,0,0,0,0
540213,2,1,0,0,0,0,0,0,0,0,0,0
540214,1,1,0,0,0,0,0,0,0,0,0,0
540214,2,1,0,0,0,0,0,0,0,0,0,0
540215,1,1,0,0,0,0,0,0,0,0,0,0
540215,2,1,0,0,0,0,0,0,0,0,0,0
540216,1,1,0,0,0,0,0,0,0,0,0,0
540216,2,1,0,0,0,0,0,0,0,0,0,0
540217,1,1,22,22,22,22,22,22,22,22,22,22
540218,1,1,4,4,4,4,4,4,4,4,4,4
540219,1,1,0,0,0,0,0,0,0,0,0,0
540220,1,1,0,0,0,0,0,0,0,0,0,0
540221,1,1,0,10,0,0,0,0,0,0,0,21
540222,0,1,0,0,0,0,0,0,0,0,0,0
540222,1,1,0,0,0,0,0,0,0,0,0,0
540223,1,1,0,0,0,0,0,0,0,0,0,0
540224,1,1,0,0,0,0,0,0,0,0,0,0
540224,2,1,0,0,15,0,0,0,0,0,0,0
540224,3,1,0,0,0,0,0,0,0,0,0,0
540225,1,1,0,0,0,0,0,0,0,0,0,0
540225,2,1,0,0,0,0,0,0,0,0,0,0
540226,1,1,0,0,0,0,0,0,0,0,0,0
540226,2,1,0,0,0,0,0,0,0,0,0,0
540227,1,1,0,0,0,0,0,0,0,0,0,0
540227,2,1,0,0,0,0,0,0,0,0,0,0
540228,1,1,0,0,0,0,0,0,0,0,0,0
540228,2,1,0,0,0,0,0,0,0,0,0,0
540229,1,1,0,0,0,0,0,0,0,0,0,0
540229,2,1,12,12,12,12,12,12,12,12,12,12
540230,1,1,0,16,0,0,0,0,12,0,0,1
540230,2,1,0,0,0,8,0,0,0,0,0,0
540231,1,1,0,23,0,2,12,0,0,25,2,7
540232,1,1,23,23,23,23,23,23,23,23,23,23
540233,1,1,0,0,0,0,0,0,0,0,0,0
540234,0,1,0,0,0,0,0,0,0,0,0,0
540234,1,1,0,0,0,0,0,0,0,0,0,0
540235,0,1,0,0,0,0,0,0,0,0,0,0
540235,0,2,0,15,0,0,0,0,0,0,0,0
540235,1,1,0,13,0,0,0,22,0,0,0,0
540236,1,1,12,12,12,12,12,12,12,12,12,12
540237,1,1,0,0,0,0,0,0,0,0,0,0
540238,1,1,13,13,13,13,13,13,13,13,13,13
540239,1,1,0,0,0,0,0,0,0,0,0,0
540240,1,1,0,0,0,0,0,0,0,0,0,0
540241,1,1,18,18,18,18,18,18,18,18,18,18
540242,1,1,0,0,0,0,0,0,0,0,0,0
540243,1,1,0,0,0,0,0,0,0,0,0,0
540243,2,1,14,0,0,0,0,0,0,0,0,0
540244,1,1,0,0,0,0,0,0,0,0,0,0
540244,2,1,0,0,0,0,0,0,0,0,0,0
540245,1,1,0,0,0,0,0,0,0,0,8,0
540245,2,1,0,0,0,0,0,0,0,0,0,0
540246,1,1,0,0,0,0,0,0,0,0,0,0
540246,2,1,0,0,0,0,0,0,0,0,0,0
540247,1,1,0,0,0,0,0,0,0,0,0,0
540247,2,1,0,0,0,0,0,0,0,0,0,0
540248,1,1,0,0,0,0,0,0,0,0,0,0
540248,2,1,0,0,0,0,0,0,0,0,0,0
540249,1,1,0,0,0,0,0,0,0,0,0,0
540249,2,1,12,0,0,0,0,0,0,0,0,0
550001,1,1,26,26,26,26,26,26,26,26,26,26
550002,1,1,0,0,0,0,0,0,0,0,0,0
550002,2,1,0,0,0,0,0,0,0,0,0,0
550003,1,1,0,0,0,0,0,0,0,0,0,0
550003,2,1,0,0,0,0,0,0,0,0,0,0
550003,3,1,0,0,0,0,0,0,0,0,0,0
550004,1,1,0,0,0,0,0,0,0,0,0,0
550004,2,1,0,0,0,0,0,0,0,0,0,0
550005,1,1,0,0,0,0,0,0,0,0,0,0
550005,2,1,0,0,0,0,0,0,0,0,0,0
550005,3,1,0,0,0,0,0,0,0,0,0,0
550006,1,1,27,27,27,27,27,27,27,27,27,27
550007,1,1,0,0,0,0,0,0,0,0,0,0
550008,1,1,0,0,0,0,0,0,0,0,0,0
550009,1,1,0,0,0,0,0,0,0,0,0,0
550009,2,1,0,0,0,0,0,0,0,0,0,0
550010,1,1,0,0,0,0,0,0,0,0,0,0
550010,2,1,0,0,0,0,0,11,0,0,0,0
550010,3,1,0,0,0,0,0,0,0,0,0,0
550011,1,1,0,0,0,0,0,0,0,0,0,0
550011,2,1,0,15,0,0,0,0,21,0,0,0
550012,1,1,0,0,0,0,0,0,0,0,0,0
550012,2,1,0,0,0,0,0,0,0,0,0,0
550013,1,1,0,0,0,0,0,0,0,0,0,0
550014,1,1,0,0,25,16,0,0,0,0,0,0
550015,1,1,0,0,0,0,0,0,0,0,0,0
550016,0,1,9,9,9,9,9,9,9,9,9,9
550016,1,1,5,0,0,0,0,0,0,6,0,0
550017,1,1,2,2,2,2,2,2,2,2,2,2
550017,2,1,0,0,0,0,0,0,0,0,0,0
550018,1,1,0,0,0,0,0,0,0,0,0,0
550018,2,1,0,0,0,0,0,0,0,0,0,0
550019,1,1,0,0,0,0,0,0,0,0,0,0
550019,2,1,0,0,0,0,0,0,0,0,0,0
550019,3,1,0,0,0,0,0,0,0,0,0,0
550020,1,1,21,21,21,21,21,21,21,21,21,21
550021,1,1,0,0,0,0,0,0,0,0,0,0
550021,2,1,0,0,0,0,0,0,0,0,0,0
550022,1,1,21,21,21,21,21,21,21,21,21,21
550023,0,1,0,0,0,0,0,0,0,0,0,0
550023,0,2,0,0,0,0,0,0,0,0,0,0
550023,1,1,0,0,0,0,0,0,0,0,0,0
550024,0,1,0,0,24,0,0,9,0,17,24,0
550024,1,1,0,0,0,0,0,0,13,11,0,0
550025,1,1,0,0,0,0,0,0,0,0,0,0
550025,2,1,0,0,0,0,0,0,0,0,0,0
550026,1,1,0,0,0,0,0,0,0,0,0,0
550026,2,1,0,0,0,0,0,0,0,0,0,0
550027,1,1,0,0,0,0,0,0,0,0,0,0
550027,2,1,0,0,0,10,0,0,0,16,0,0
550027,3,1,14,0,0,0,0,0,11,0,0,0
550028,0,1,25,25,25,25,25,25,25,25,25,25
550028,1,1,0,0,0,0,0,18,0,0,13,0
550029,1,1,13,13,13,13,13,13,13,13,13,13
550030,1,1,0,0,0,0,0,0,0,0,0,0
550031,1,1,0,0,0,0,0,0,0,0,0,0
550031,2,1,0,0,0,0,0,0,0,0,0,0
550032,0,1,27,27,27,27,27,27,27,27,27,27
550032,1,1,0,0,0,0,0,0,0,0,0,0
550033,1,1,0,0,0,0,0,0,0,0,0,0
550033,2,1,0,0,0,0,0,0,0,0,0,0
550034,1,1,14,0,0,0,0,0,0,0,0,0
550034,2,1,0,0,0,0,0,0,0,0,0,0
550035,1,1,21,21,21,21,21,21,21,21,21,21
550035,2,1,0,0,0,0,0,0,0,0,0,0