ST_CASE,VEH_NO,PER_NO,P1,P2,P3,P4,P5,P6,P7,P8,P9,P10
550350,1,1,0,0,0,0,0,0,0,0,0,0
550351,1,1,0,0,0,0,0,0,0,0,0,0
550351,2,1,0,0,0,0,0,0,0,0,0,0
550352,1,1,0,0,0,0,0,0,0,0,0,0
550353,1,1,2,2,2,2,2,2,2,2,2,2
550353,2,1,0,0,0,0,0,0,0,0,0,0
550354,1,1,11,11,11,11,11,11,11,11,11,11
550355,1,1,0,0,23,0,0,0,13,0,0,0
550355,2,1,0,0,0,0,0,0,0,0,0,0
550356,1,1,0,0,0,0,0,0,0,0,0,0
550356,2,1,0,0,0,0,2,0,0,0,0,0
550357,1,1,0,0,0,0,0,0,0,0,0,0
550357,2,1,0,0,0,0,0,0,0,0,0,0
550358,1,1,16,16,16,16,16,16,16,16,16,16
550359,1,1,10,10,10,10,10,10,10,10,10,10
550359,2,1,0,0,0,0,0,0,0,0,0,0
550360,1,1,0,0,0,0,0,0,0,0,0,12
550360,2,1,0,0,0,0,0,0,0,0,0,0
550361,1,1,0,0,0,0,0,0,0,0,0,0
550362,1,1,30,30,30,30,30,30,30,30,30,30
550362,2,1,12,12,12,12,12,12,12,12,12,12
550363,0,1,0,0,0,0,0,0,0,0,0,0
550363,1,1,0,0,0,0,0,0,0,0,0,0
550364,1,1,0,0,0,0,0,0,0,0,0,0
550365,1,1,0,0,0,0,0,0,0,0,0,0
550365,2,1,0,0,0,0,0,0,0,0,0,0
550366,1,1,0,0,0,0,0,0,0,0,0,0
550367,1,1,0,0,0,0,0,0,0,0,0,0
550367,2,1,0,0,0,0,0,0,0,0,0,0
550368,1,1,0,0,0,0,0,0,0,0,0,0
550368,2,1,0,0,0,0,0,0,0,0,0,0
550369,1,1,0,0,0,0,0,0,0,0,0,0
550369,2,1,0,0,0,0,0,0,0,0,0,0
550369,3,1,0,0,0,0,0,0,0,0,0,0
550370,1,1,0,0,0,0,0,0,0,0,0,0
550370,2,1,0,0,0,0,5,0,0,0,0,0
550371,1,1,22,22,22,22,22,22,22,22,22,22
550372,1,1,0,0,0,0,0,0,0,0,0,0
550373,1,1,26,26,26,26,26,26,26,26,26,26
550374,1,1,0,0,0,0,0,0,0,0,0,0
550375,0,1,0,0,0,0,0,0,0,0,0,0
550375,1,1,7,7,7,7,7,7,7,7,7,7
550376,1,1,14,14,14,14,14,14,14,14,14,14
550377,1,1,32,32,32,32,32,32,32,32,32,32
550377,2,1,0,7,0,0,7,0,0,0,10,0
550378,1,1,12,12,12,12,12,12,12,12,12,12
550378,2,1,0,0,0,0,0,0,0,0,0,0
550378,3,1,0,14,34,0,0,0,0,0,0,0
550379,1,1,23,23,23,23,23,23,23,23,23,23
550379,2,1,0,0,0,14,0,15,0,12,0,0
550379,3,1,0,0,0,0,0,0,0,0,0,0
550380,1,1,13,0,0,0,0,0,0,0,0,0
550381,1,1,0,0,0,0,0,0,0,0,0,0
550381,2,1,0,0,0,0,0,0,0,0,0,0
550382,1,1,0,0,0,0,0,0,0,0,0,0
550382,2,1,0,0,0,0,0,0,0,0,0,0
550383,1,1,0,0,0,0,0,0,0,0,0,0
550384,1,1,0,0,0,0,0,0,0,0,0,0
550384,2,1,0,0,0,0,0,0,0,0,0,0
550385,1,1,0,0,0,0,0,0,0,0,0,0
550385,2,1,0,0,0,0,0,0,0,0,0,0
550386,1,1,0,0,40,0,0,36,14,0,0,0
550386,2,1,0,0,0,0,0,0,0,0,0,0
550387,1,1,0,0,0,0,0,0,0,0,0,0
550387,2,1,0,0,0,0,0,0,0,0,0,0
550388,0,1,0,0,0,0,0,0,0,0,0,0
550388,1,1,0,0,0,0,0,0,0,0,0,0
550389,1,1,0,0,0,0,0,0,0,0,0,0
550389,2,1,0,0,0,0,0,0,0,0,0,0
550389,3,1,0,0,0,0,0,0,0,0,0,0
550390,1,1,24,24,24,24,24,24,24,24,24,24
550390,2,1,0,0,0,0,0,0,0,0,0,0
550391,1,1,0,0,0,0,0,0,0,0,0,0
550391,2,1,0,0,0,0,0,0,0,0,0,0
550392,1,1,24,24,24,24,24,24,24,24,24,24
550392,2,1,0,36,0,0,0,0,0,0,0,0
550393,1,1,0,0,0,0,0,0,0,0,0,0
550393,2,1,0,0,0,0,0,0,0,0,0,0
550394,2,1,0,0,0,0,0,0,0,0,0,0
550395,1,1,0,0,0,0,0,0,0,0,0,0
550395,2,1,7,0,0,0,0,0,0,0,0,0
550396,1,1,0,0,0,0,0,0,0,0,0,0
550396,2,1,0,0,0,0,0,0,0,0,0,0
550397,1,1,0,0,0,0,0,0,0,0,0,0
550397,2,1,6,6,6,6,6,6,6,6,6,6
550397,3,1,0,4,0,0,0,0,0,20,0,0
550398,1,1,12,12,12,12,12,12,12,12,12,12
550399,1,1,0,7,25,26,15,12,0,0,0,0
550400,1,1,0,0,0,0,0,0,0,0,0,0
550401,1,1,25,25,25,25,25,25,25,25,25,25
550402,1,1,18,18,18,18,18,18,18,18,18,18
550403,1,1,10,10,10,10,10,10,10,10,10,10
550404,1,1,0,0,0,0,0,0,0,0,0,0
550404,2,1,0,0,0,0,0,0,0,0,0,0
550405,1,1,0,0,0,0,0,0,0,0,0,0
550405,2,1,4,4,4,4,4,4,4,4,4,4
550406,0,1,0,0,0,0,0,0,0,0,0,0
550406,1,1,0,0,0,0,0,0,0,0,0,0
550407,0,1,30,30,30,30,30,30,30,30,30,30
550407,1,1,0,0,0,0,0,0,0,0,0,0
550408,1,1,8,8,8,8,8,8,8,8,8,8
550408,2,1,28,11,0,0,0,0,0,6,0,13
550408,3,1,16,16,16,16,16,16,16,16,16,16
550409,1,1,13,13,13,13,13,13,13,13,13,13
550410,0,1,0,0,0,0,0,0,0,0,0,0
550410,1,1,0,0,0,0,0,0,0,0,0,0
550411,1,1,0,0,0,0,0,0,0,0,0,0
550411,2,1,0,0,0,0,0,0,0,0,0,0
550411,3,1,0,0,0,21,0,0,0,0,0,0
550412,1,1,0,0,0,0,0,0,0,0,0,0
550413,1,1,25,25,25,25,25,25,25,25,25,25
550414,1,1,0,0,0,0,0,0,0,0,0,0
550414,2,1,0,0,0,0,7,0,0,0,0,0
550415,1,1,2,2,2,2,2,2,2,2,2,2
550415,2,1,0,0,0,0,0,0,0,0,0,0
550416,1,1,0,0,0,0,0,0,0,0,0,0
550416,2,1,0,0,0,0,0,0,0,0,0,0
550417,1,1,2,2,2,2,2,2,2,2,2,2
550418,1,1,0,0,0,0,0,0,0,0,0,0
550419,1,1,11,11,11,11,11,11,11,11,11,11
550420,1,1,0,0,0,0,0,0,0,0,0,0
550420,2,1,0,0,0,0,0,0,0,0,0,0
550421,1,1,0,0,0,0,0,0,0,0,0,0
550422,1,1,0,0,24,0,0,0,0,0,0,0
550423,1,1,0,0,0,0,0,0,0,0,0,0
550424,1,1,0,0,0,0,0,0,0,0,0,0
550424,2,1,14,0,0,0,13,0,0,0,0,0
550425,1,1,14,14,14,14,14,14,14,14,14,14
550426,1,1,23,23,23,23,23,23,23,23,23,23
550427,1,1,0,0,0,0,0,0,0,0,0,0
550427,2,1,0,0,0,0,0,0,0,0,0,0
550428,1,1,8,8,8,8,8,8,8,8,8,8
550429,1,1,0,0,0,0,0,0,0,0,0,0
550429,2,1,0,0,0,0,0,0,0,0,0,0
550430,1,1,20,20,20,20,20,20,20,20,20,20
550431,0,1,34,34,34,34,34,34,34,34,34,34
550431,1,1,0,0,0,0,0,0,0,0,0,0
550432,1,1,0,0,0,0,0,0,0,0,0,0
550433,1,1,0,0,0,0,0,0,0,0,0,0
550434,1,1,0,0,0,16,0,0,0,7,10,0
550434,2,1,0,0,0,0,0,0,0,0,0,0
550435,1,1,0,0,0,0,0,0,0,0,0,0
550436,0,1,0,0,0,0,0,0,0,0,0,0
550436,1,1,13,0,0,0,0,0,0,0,0,0
550437,1,1,0,0,0,0,0,0,0,0,0,9
550438,1,1,17,17,17,17,17,17,17,17,17,17
550439,0,1,10,10,10,10,10,10,10,10,10,10
550439,1,1,21,29,0,9,0,8,13,0,0,0
550440,1,1,0,0,0,0,0,0,0,0,0,0
550440,2,1,0,0,0,0,0,0,0,0,0,0
550441,1,1,22,22,22,22,22,22,22,22,22,22
550442,1,1,0,0,0,0,0,0,0,0,0,0
550442,2,1,20,14,11,17,0,0,20,0,0,0
550443,1,1,0,0,0,0,0,0,0,0,0,0
550444,1,1,0,0,0,0,0,0,0,0,0,0
550444,2,1,0,0,0,0,0,19,0,0,0,0
550444,3,1,0,0,0,0,0,0,0,0,0,0
550445,1,1,0,0,0,0,0,0,13,0,0,0
550445,2,1,0,0,0,0,0,0,0,0,0,0
550446,0,1,32,32,32,32,32,32,32,32,32,32
550446,1,1,0,18,0,0,0,21,5,29,8,24
550447,1,1,9,9,9,9,9,9,9,9,9,9
550447,2,1,19,0,0,0,0,20,0,0,0,0
550448,1,1,0,0,0,0,7,0,5,0,0,0
550448,2,1,0,0,0,0,23,0,0,0,0,10
550448,3,1,0,0,17,6,0,0,0,0,0,0
550449,0,1,17,17,17,17,17,17,17,17,17,17
550449,1,1,0,2,0,0,0,9,14,32,14,6
550450,1,1,0,0,0,0,0,0,0,0,0,0
550450,2,1,0,5,0,0,12,0,0,0,0,0
550451,1,1,0,0,0,0,0,0,0,0,0,0
550451,2,1,0,0,0,0,0,0,0,0,0,0
550451,3,1,0,0,0,0,0,0,0,0,0,0
550451,4,1,0,0,0,0,0,0,11,0,0,0
550452,1,1,25,25,25,25,25,25,25,25,25,25
550453,1,1,0,0,0,0,0,0,0,0,0,0
550453,2,1,0,0,21,0,0,0,0,0,0,0
550454,1,1,29,29,29,29,29,29,29,29,29,29
550455,0,1,0,0,0,0,0,0,0,0,0,0
550455,1,1,0,0,0,0,0,0,0,0,0,0
550456,1,1,0,0,0,0,0,0,0,0,0,0
550456,2,1,0,0,6,0,0,0,0,0,0,8
550457,1,1,0,0,0,0,17,8,25,0,27,0
550457,2,1,0,0,0,0,0,0,0,0,0,0
550458,0,1,0,0,0,0,0,0,0,0,0,0
550458,1,1,0,0,0,0,0,0,0,0,0,0
550459,1,1,26,26,26,26,26,26,26,26,26,26
550459,2,1,0,0,0,0,0,0,0,0,0,0
550460,1,1,0,0,0,0,0,0,0,0,0,0
550460,2,1,0,0,0,0,0,0,0,0,0,0
550461,1,1,31,31,31,31,31,31,31,31,31,31
550461,2,1,0,0,0,0,0,0,0,0,0,0
550462,1,1,0,0,0,0,0,0,0,0,0,0
550463,1,1,0,9,17,0,0,12,9,16,0,0
550463,2,1,0,0,0,0,0,0,0,0,0,0
550464,2,1,0,12,11,7,7,19,19,0,23,0
550465,1,1,0,0,0,0,0,0,0,0,0,0
550465,2,1,0,0,0,0,0,0,0,0,0,0
550466,1,1,0,0,0,0,0,0,0,0,0,0
550466,2,1,20,0,20,0,0,0,0,0,0,0
550467,1,1,18,18,18,18,18,18,18,18,18,18
550468,0,1,18,18,18,18,18,18,18,18,18,18
550468,1,1,16,0,0,12,19,0,21,0,0,0
550468,2,1,12,0,0,0,0,9,0,0,0,0
550469,1,1,0,0,0,0,0,0,0,0,0,0
550469,2,1,0,0,0,0,0,0,0,0,0,0
550470,1,1,0,0,0,0,0,0,0,0,0,0
550470,2,1,0,0,0,0,0,0,0,0,0,0
550471,1,1,16,16,16,16,16,16,16,16,16,16
550472,1,1,0,0,0,0,0,0,0,0,0,0
550472,2,1,0,0,0,0,0,0,0,0,0,0
550473,1,1,5,5,5,5,5,5,5,5,5,5
550474,1,1,18,18,18,18,18,18,18,18,18,18
550475,1,1,25,16,18,11,12,21,27,44,6,18
550476,1,1,0,0,0,0,0,0,0,0,0,0
550477,1,1,0,0,0,0,0,0,0,0,0,0
550478,1,1,14,14,14,14,14,14,14,14,14,14
550479,0,1,0,0,0,0,0,0,0,0,0,0
550479,1,1,0,0,0,0,0,0,14,0,0,0
550480,1,1,15,0,20,0,9,0,26,0,11,0
550480,2,1,0,0,0,0,0,0,0,0,0,25
550481,1,1,21,21,21,21,21,21,21,21,21,21
550482,1,1,0,0,0,0,0,0,0,0,0,0
550482,2,1,28,28,28,28,28,28,28,28,28,28
550483,1,1,0,0,0,0,0,0,0,0,0,0
550484,1,1,0,0,0,0,0,0,0,0,0,0
550484,2,1,0,0,0,0,0,0,0,0,0,0
550485,0,1,0,0,0,0,0,0,0,0,0,0
550485,1,1,0,0,0,0,0,0,0,0,0,0
550486,0,1,18,18,18,18,18,18,18,18,18,18
550486,1,1,0,0,0,0,0,0,0,0,0,0
550487,1,1,0,0,0,0,0,0,0,0,0,0
550487,2,1,0,0,10,0,0,0,0,0,0,32
550488,1,1,14,14,14,14,14,14,14,14,14,14
550489,1,1,18,18,18,18,18,18,18,18,18,18
550490,1,1,0,9,0,0,0,0,24,0,0,0
550491,1,1,0,0,0,0,0,0,0,0,0,0
550492,0,1,0,0,0,0,0,0,0,0,0,0
550492,1,1,0,0,0,0,0,0,0,0,0,0
550493,1,1,0,0,0,0,0,0,0,0,0,0
550493,2,1,0,3,0,0,0,0,0,0,0,0
550493,3,1,0,20,0,0,0,0,0,0,0,0
550494,1,1,12,12,12,12,12,12,12,12,12,12
550495,0,1,0,0,0,0,0,0,0,0,0,0
550495,1,1,0,0,0,0,0,0,0,0,0,0
550496,1,1,5,5,5,5,5,5,5,5,5,5
550497,1,1,15,15,15,15,15,15,15,15,15,15
550497,2,1,0,0,0,0,0,0,0,0,0,0
550498,0,1,0,0,0,0,0,0,0,0,0,0
550498,1,1,0,0,0,0,10,0,0,0,0,0
550499,1,1,0,0,0,0,0,0,0,0,0,0
550499,2,1,0,0,0,0,0,0,0,0,0,0
550500,1,1,0,0,0,0,0,0,0,0,0,0
550501,0,1,2,2,2,2,2,2,2,2,2,2
550501,1,1,0,0,0,0,0,0,0,0,0,0
550502,1,1,0,0,0,0,0,0,0,0,0,0
550502,2,1,0,0,0,0,0,0,0,0,0,0
550502,3,1,0,0,0,0,0,0,16,7,0,23
550503,0,1,0,0,38,21,14,0,29,0,0,20
550503,1,1,0,0,0,16,9,0,7,0,0,0
550504,1,1,0,14,0,0,19,4,0,0,0,0
550504,2,1,0,0,0,0,0,0,0,0,0,0
550505,1,1,0,0,0,0,0,0,0,0,0,0
550505,2,1,0,0,0,0,0,0,0,0,0,0
550505,3,1,0,0,0,0,0,0,0,0,0,0
550506,1,1,11,11,11,11,11,11,11,11,11,11
550507,1,1,0,0,0,0,30,0,0,0,18,25
550508,1,1,0,0,0,0,0,0,0,0,0,0
550509,1,1,0,0,29,0,0,0,0,0,0,0
550509,2,1,0,0,0,0,0,0,0,0,0,0
550510,1,1,16,16,16,16,16,16,16,16,16,16
550511,1,1,0,0,0,0,0,11,4,0,0,5
550512,1,1,0,0,0,15,0,0,0,0,0,0
550513,1,1,14,14,14,14,14,14,14,14,14,14
550514,1,1,0,0,0,0,0,0,0,0,0,0
550514,2,1,0,0,0,0,0,0,0,0,0,0
550515,1,1,0,0,0,0,0,0,0,0,0,0
550515,2,1,0,0,0,0,0,0,0,0,0,0
550516,1,1,5,5,5,5,5,5,5,5,5,5
550516,2,1,0,0,0,0,0,0,0,0,0,0
550517,1,1,0,0,0,0,0,0,0,0,0,0
550518,1,1,25,25,25,25,25,25,25,25,25,25
550519,1,1,0,0,0,0,0,0,0,0,0,0
550520,1,1,0,0,0,0,0,0,0,0,0,0
550521,1,1,26,26,26,26,26,26,26,26,26,26
550522,1,1,17,17,17,17,17,17,17,17,17,17
550522,2,1,0,0,0,0,0,0,0,0,0,0
550522,3,1,0,0,0,0,0,0,0,0,0,0
550523,0,1,28,28,28,28,28,28,28,28,28,28
550523,1,1,0,0,5,0,0,0,0,0,20,14
550524,1,1,12,12,12,12,12,12,12,12,12,12
550525,1,1,0,0,0,0,0,0,7,13,0,0
550525,2,1,0,0,0,0,0,0,0,0,0,0
550526,1,1,0,0,0,0,0,0,0,0,0,0
550526,2,1,0,0,0,0,0,0,0,0,0,0
550527,1,1,0,0,0,0,0,0,0,0,0,0
550527,2,1,0,0,0,14,0,0,0,16,0,0
550528,1,1,0,0,22,0,0,0,24,0,11,0
550528,2,1,0,0,0,0,7,0,0,0,0,0
550528,3,1,0,0,0,0,0,18,0,0,0,0
550528,4,1,0,0,0,0,0,0,0,0,0,0
550528,5,1,0,0,0,0,0,0,0,0,0,0
550528,6,1,0,0,0,0,0,0,0,0,0,0
550529,1,1,16,16,16,16,16,16,16,16,16,16
550529,4,1,0,0,0,0,0,0,0,0,0,0
560001,1,1,14,14,14,14,14,14,14,14,14,14
560002,1,1,0,0,0,0,0,0,0,0,0,0
560002,2,1,0,0,0,0,0,0,0,0,0,0
560003,1,1,0,0,0,0,0,0,0,0,0,0
560004,1,1,7,0,0,21,0,0,0,0,0,0
560005,1,1,0,0,0,0,0,0,0,0,0,0
560006,1,1,0,0,0,0,0,0,0,0,0,0
560007,1,1,0,0,0,0,0,0,0,0,0,0
560008,1,1,26,26,26,26,26,26,26,26,26,26
560009,1,1,8,8,8,8,8,8,8,8,8,8
560010,1,1,0,0,0,0,0,0,0,0,0,0
560010,2,1,0,0,0,0,0,0,0,0,0,0
560011,1,1,20,20,20,20,20,20,20,20,20,20
560012,1,1,11,11,11,11,11,11,11,11,11,11
560013,1,1,20,20,20,20,20,20,20,20,20,20
560014,1,1,0,0,0,0,0,34,0,0,0,0
560014,2,1,0,0,0,34,0,0,0,22,0,0
560014,3,1,0,0,0,0,0,0,0,0,17,0
560015,1,1,18,18,18,18,18,18,18,18,18,18
560016,1,1,23,23,23,23,23,23,23,23,23,23
560017,1,1,0,0,0,0,0,0,0,0,0,0
560017,2,1,0,0,0,0,0,0,0,0,0,0
560018,1,1,27,27,27,27,27,27,27,27,27,27
560019,1,1,0,0,0,0,0,0,0,0,0,0
560019,2,1,0,0,0,0,0,0,0,0,0,0
560020,1,1,23,23,23,23,23,23,23,23,23,23
560020,2,1,0,0,0,0,0,0,25,22,0,0
560021,1,1,0,0,0,0,0,0,0,0,0,0
560022,1,1,0,0,0,0,0,0,0,0,0,0
560023,1,1,19,19,19,19,19,19,19,19,19,19
560024,1,1,17,17,17,17,17,17,17,17,17,17
560025,1,1,0,0,0,0,0,0,0,0,0,0
560026,1,1,10,10,10,10,10,10,10,10,10,10
560027,1,1,0,0,0,0,0,0,0,0,0,10
560028,0,1,0,0,0,0,0,0,0,0,0,0
560028,1,1,0,0,0,0,0,0,0,0,0,0
560029,1,1,0,0,0,0,0,0,0,0,0,0
560030,1,1,27,27,27,27,27,27,27,27,27,27
560031,0,1,0,0,0,0,0,0,0,0,0,0
560031,1,1,0,0,0,0,0,0,0,0,6,0
560031,2,1,0,0,0,0,0,0,0,0,0,0
560031,3,1,0,0,0,0,0,0,0,0,0,0
560031,4,1,0,0,0,0,0,0,0,0,0,0
560031,5,1,0,0,0,0,0,0,0,0,0,0
560031,6,1,0,0,0,0,0,0,0,0,0,0
560031,7,1,0,0,0,0,0,0,0,0,0,0
560031,10,1,0,0,0,0,0,0,0,0,0,0
560031,11,1,0,0,0,0,0,0,0,0,0,0
560031,12,1,14,0,0,0,0,0,0,0,0,0
560031,13,1,0,0,0,0,0,0,0,0,0,0
560031,14,1,0,0,0,0,0,0,0,0,0,0
560031,15,1,0,0,0,0,0,0,0,0,0,0
560031,16,1,0,0,0,0,0,0,0,0,0,0
560031,17,1,0,0,0,0,0,0,0,0,0,0
560031,18,1,0,0,0,0,0,0,0,0,0,0
560031,19,1,0,0,0,0,0,0,0,0,0,0
560032,1,1,25,25,25,25,25,25,25,25,25,25
560033,1,1,0,0,0,0,0,0,0,0,0,0
560034,1,1,27,14,11,9,10,13,17,8,21,15
560035,1,1,19,19,19,19,19,19,19,19,19,19
560036,1,1,0,0,0,0,0,0,0,0,0,0
560036,2,1,0,0,0,0,0,0,0,0,0,0
560036,3,1,0,0,0,0,0,0,0,0,0,25
560037,1,1,0,0,0,0,0,0,0,0,0,0
560037,2,1,0,0,0,0,0,0,0,2,0,0
560038,1,1,0,0,0,0,0,0,0,0,0,0
560039,1,1,0,0,0,0,0,0,0,0,0,0
560039,2,1,0,0,0,0,0,0,0,0,0,0
560040,1,1,0,0,0,0,0,0,0,0,0,0
560040,2,1,0,12,0,0,0,0,0,0,0,0
560041,1,1,0,0,0,0,0,0,0,0,0,0
560041,2,1,0,0,0,0,0,0,0,0,0,0
560042,0,1,0,0,0,0,0,0,0,0,0,0
560042,1,1,0,0,0,0,0,0,0,0,0,0
560043,1,1,0,11,0,0,0,0,0,0,0,0
560044,1,1,0,16,0,0,0,0,7,0,0,0
560045,1,1,0,23,0,0,0,0,0,12,0,0
560047,1,1,31,31,31,31,31,31,31,31,31,31
560048,0,1,0,0,0,0,0,0,0,0,0,0
560048,1,1,2,2,2,2,2,2,2,2,2,2
560049,1,1,0,0,0,0,0,0,0,0,0,3
560049,2,1,0,0,0,0,0,0,0,0,0,0
560050,1,1,0,0,0,0,0,0,0,0,0,0
560050,2,1,0,0,0,0,0,0,0,0,0,0
560051,1,1,0,18,0,0,0,0,0,16,0,0
560051,2,1,0,0,0,0,0,0,25,0,0,0
560052,0,1,0,0,0,23,0,0,0,0,0,0
560052,1,1,0,0,0,0,0,0,0,0,0,0
560053,1,1,0,9,0,0,0,0,0,0,0,0
560054,1,1,9,9,9,9,9,9,9,9,9,9
560055,1,1,0,0,0,0,0,0,0,0,0,0
560055,2,1,0,0,0,0,0,0,0,0,0,0
560056,1,1,0,0,0,0,0,0,0,0,0,0
560057,1,1,0,0,0,0,0,0,0,0,0,0
560058,1,1,20,20,20,20,20,20,20,20,20,20
560059,1,1,8,11,16,15,11,27,0,15,34,24
560060,1,1,0,0,0,0,0,0,0,0,0,0
560060,2,1,0,0,0,0,0,0,0,0,0,0
560061,1,1,12,0,0,0,0,0,0,0,0,17
560062,1,1,0,0,37,0,0,0,0,0,0,0
560063,1,1,12,12,12,12,12,12,12,12,12,12
560064,1,1,0,0,0,0,12,0,0,28,0,0
560064,2,1,3,0,0,33,0,0,0,0,16,12
560065,1,1,20,3,8,7,7,10,27,24,0,0
560066,1,1,0,0,0,0,0,0,0,0,0,0
560066,2,1,19,0,0,0,0,0,0,0,0,0
560067,1,1,0,14,0,0,0,0,0,0,0,0
560068,1,1,9,25,0,0,0,0,0,0,0,0
560068,2,1,0,0,0,0,0,0,0,0,0,0
560069,1,1,0,0,0,0,0,0,0,0,0,16
560070,1,1,0,0,0,0,0,0,0,0,0,0
560070,2,1,0,0,0,0,0,0,0,0,0,0
560071,1,1,17,17,17,17,17,17,17,17,17,17
560072,1,1,0,0,0,0,0,0,0,0,0,0
560072,2,1,0,0,0,0,10,0,0,0,0,40
560072,3,1,0,0,8,0,0,0,0,17,0,0
560073,1,1,0,0,0,0,0,0,0,0,0,0
560073,2,1,0,0,0,0,0,0,0,0,0,0
560074,1,1,18,18,18,18,18,18,18,18,18,18
560074,2,1,0,0,0,0,0,0,0,0,0,0
560075,1,1,0,0,0,0,0,0,0,0,0,0
560076,1,1,0,0,0,0,0,0,0,0,0,0
560077,1,1,0,0,0,0,0,0,0,0,0,0
560078,1,1,13,13,13,13,13,13,13,13,13,13
560079,1,1,19,19,19,19,19,19,19,19,19,19
560080,1,1,0,0,0,0,0,0,0,0,0,0
560080,2,1,0,0,0,0,0,0,0,0,0,0
560080,3,1,0,0,0,0,0,0,0,0,0,0
560081,1,1,0,0,0,0,0,0,0,0,0,0
560081,2,1,0,0,4,0,0,7,0,0,0,0
560081,3,1,0,0,0,0,0,3,0,0,0,0
560082,1,1,0,0,0,0,0,0,0,0,0,0
560082,2,1,0,0,0,0,0,0,0,0,0,0
560083,1,1,0,0,0,0,0,0,0,0,0,0
560084,1,1,29,29,29,29,29,29,29,29,29,29
560085,1,1,0,0,0,0,0,0,0,0,0,0
560086,1,1,0,0,0,0,0,0,0,0,0,0
560087,1,1,18,18,18,18,18,18,18,18,18,18
560088,1,1,0,0,0,0,0,0,0,0,0,0
560089,1,1,0,0,0,0,0,0,0,0,0,0
560089,2,1,0,0,0,0,0,0,0,0,0,0
560090,1,1,0,0,0,0,0,0,0,0,0,0
560090,2,1,0,0,0,0,0,0,0,0,0,0
560091,1,1,28,28,28,28,28,28,28,28,28,28
560092,1,1,0,0,0,0,0,0,0,0,0,0
560092,2,1,0,0,0,0,0,0,0,0,0,0
560093,1,1,0,0,0,0,0,0,0,0,0,0
560093,2,1,0,0,0,0,18,0,0,0,0,0
560094,1,1,15,15,15,15,15,15,15,15,15,15
560095,1,1,9,12,29,16,17,23,6,19,17,6
560096,1,1,14,14,14,14,14,14,14,14,14,14
560096,2,1,0,0,0,0,0,0,0,0,0,0
560096,3,1,0,0,0,0,0,0,8,0,0,0
560097,1,1,0,0,0,0,0,0,0,7,0,0
560098,1,1,21,21,21,21,21,21,21,21,21,21
560099,1,1,0,0,0,0,0,0,0,0,0,0
560100,1,1,0,0,0,0,0,0,0,0,0,0
560101,1,1,32,32,32,32,32,32,32,32,32,32
560101,2,1,11,11,11,11,11,11,11,11,11,11
560102,1,1,0,0,0,0,0,0,0,0,0,0
560103,1,1,11,11,11,11,11,11,11,11,11,11
560104,1,1,3,3,3,3,3,3,3,3,3,3
560105,1,1,0,0,0,0,0,0,0,0,0,0
560106,1,1,12,12,12,12,12,12,12,12,12,12
560107,1,1,26,26,26,26,26,26,26,26,26,26
560108,1,1,20,20,20,20,20,20,20,20,20,20
560109,1,1,0,0,0,0,0,0,0,29,0,0
560109,2,1,0,0,0,0,0,0,0,0,0,0
560110,1,1,0,0,0,0,0,0,0,0,0,0
560111,1,1,13,13,13,13,13,13,13,13,13,13
560112,1,1,16,16,16,16,16,16,16,16,16,16
560113,1,1,0,0,0,0,0,0,0,0,0,0
560114,1,1,0,0,0,0,0,0,0,0,0,0
560115,1,1,38,38,38,38,38,38,38,38,38,38
560116,1,1,0,14,10,0,18,8,10,22,0,19
560117,1,1,17,17,17,17,17,17,17,17,17,17
560118,1,1,0,0,0,0,0,0,0,0,0,0
560119,1,1,7,7,7,7,7,7,7,7,7,7
560119,2,1,0,0,0,0,0,0,0,0,0,0
560120,1,1,24,24,24,24,24,24,24,24,24,24
560121,1,1,0,0,0,3,0,0,0,0,2,0
560121,2,1,0,27,0,0,0,0,0,0,0,0
560122,1,1,30,30,30,30,30,30,30,30,30,30
560122,2,1,0,0,0,0,23,0,0,0,0,0
560123,0,1,21,21,21,21,21,21,21,21,21,21
560123,1,1,15,0,0,0,0,0,0,0,0,0
560124,1,1,0,0,0,0,0,0,0,0,0,0
560125,1,1,0,0,0,0,0,0,0,0,0,0
560125,2,1,0,0,0,0,0,5,0,0,0,0
560126,1,1,0,0,0,0,0,0,0,0,0,0
560126,2,1,0,13,0,0,0,0,0,0,0,0
560127,1,1,4,28,44,9,26,30,27,27,30,13
560128,1,1,0,0,0,0,0,0,0,0,0,0
560128,2,1,0,0,0,0,0,0,0,0,0,0
560129,1,1,0,0,0,0,0,0,0,0,0,0
560129,2,1,0,0,0,0,0,0,0,0,0,0
560130,1,1,0,0,0,0,0,0,0,0,0,0