ST_CASE,VEH_NO,PER_NO,P1,P2,P3,P4,P5,P6,P7,P8,P9,P10
60001,1,1,27,27,27,27,27,27,27,27,27,27
60002,1,1,19,19,19,19,19,19,19,19,19,19
60002,2,1,16,25,15,5,16,29,15,16,0,10
60003,0,1,24,24,24,24,24,24,24,24,24,24
60003,1,1,0,0,9,0,0,0,0,0,0,0
60004,1,1,21,21,21,21,21,21,21,21,21,21
60004,2,1,0,0,0,0,0,0,0,0,0,0
60004,3,1,0,0,0,0,0,0,0,0,0,0
60005,0,1,29,29,29,29,29,29,29,29,29,29
60005,1,1,0,0,0,0,0,0,0,0,0,0
60006,1,1,0,0,0,0,0,0,0,0,0,0
60007,1,1,0,0,0,0,0,0,0,0,0,0
60007,2,1,0,0,0,0,0,0,0,0,0,0
60008,1,1,19,19,19,19,19,19,19,19,19,19
60009,1,1,23,23,23,23,23,23,23,23,23,23
60010,0,1,0,0,0,0,0,0,0,0,0,0
60010,1,1,0,0,0,7,0,0,0,0,0,0
60011,1,1,0,13,0,0,0,0,0,0,0,0
60011,2,1,0,0,0,0,0,0,0,0,0,0
60012,0,1,2,2,2,2,2,2,2,2,2,2
60012,1,1,0,0,0,0,0,0,0,0,0,0
60012,2,1,0,0,0,0,0,0,0,0,8,0
60013,0,1,0,0,0,0,0,0,0,0,0,0
60013,1,1,0,0,0,0,0,0,0,0,0,0
60014,0,1,30,30,30,30,30,30,30,30,30,30
60014,1,1,0,0,0,0,0,0,0,16,0,4
60015,1,1,0,0,0,0,0,0,0,0,0,0
60015,2,1,0,0,0,0,0,0,0,0,0,0
60015,3,1,0,0,0,0,0,0,0,0,0,0
60016,0,1,18,18,18,18,18,18,18,18,18,18
60016,1,1,0,0,0,0,0,0,0,0,0,0
60017,0,1,0,0,0,0,0,0,0,0,0,0
60017,1,1,0,0,0,0,4,0,0,0,0,0
60018,0,1,0,0,0,0,0,0,0,0,0,0
60018,1,1,0,16,0,0,0,0,0,0,0,0
60019,0,1,0,0,0,0,0,0,0,0,0,0
60019,1,1,0,0,0,0,0,0,0,0,0,0
60020,1,1,0,0,0,0,0,0,0,0,0,0
60020,2,1,0,0,0,0,0,0,5,0,0,0
60020,3,1,0,0,0,0,0,0,20,0,0,0
60020,4,1,0,0,0,0,0,0,0,0,0,0
60020,5,1,0,0,0,0,0,0,8,0,0,0
60021,1,1,4,4,4,4,4,4,4,4,4,4
60022,1,1,17,17,17,17,17,17,17,17,17,17
60023,0,1,0,0,0,0,0,0,0,0,0,0
60023,1,1,0,0,0,0,0,22,0,2,0,0
60023,2,1,0,0,0,0,0,0,0,17,0,0
60024,1,1,0,0,0,0,0,0,0,0,0,0
60024,2,1,0,0,0,0,0,0,0,0,0,0
60024,3,1,0,0,0,0,0,0,0,0,0,0
60025,1,1,17,17,17,17,17,17,17,17,17,17
60026,1,1,31,31,31,31,31,31,31,31,31,31
60026,2,1,0,0,0,0,0,0,0,0,0,0
60026,3,1,0,0,0,0,0,0,0,0,0,0
60026,4,1,0,0,0,0,0,0,0,14,0,0
60027,1,1,0,0,0,0,0,0,0,0,0,0
60028,1,1,0,0,0,0,0,0,0,0,0,0
60028,2,1,0,0,0,0,0,0,0,0,0,0
60029,1,1,8,8,8,8,8,8,8,8,8,8
60030,0,1,0,0,0,0,0,0,0,0,0,0
60030,1,1,12,12,12,12,12,12,12,12,12,12
60030,2,1,0,0,0,0,0,0,0,0,0,0
60031,0,1,0,0,0,0,0,0,0,0,0,0
60031,1,1,0,0,0,0,21,0,0,0,0,0
60032,0,1,20,20,20,20,20,20,20,20,20,20
60032,1,1,0,0,0,0,0,0,0,0,0,0
60032,2,1,17,0,0,0,0,0,0,0,2,7
60033,1,1,5,8,0,0,0,25,3,9,0,0
60034,0,1,0,0,0,0,0,0,0,0,0,0
60034,1,1,0,0,0,0,0,0,0,0,0,0
60035,1,1,10,10,10,10,10,10,10,10,10,10
60035,2,1,0,0,0,0,0,0,0,0,0,0
60035,3,1,0,0,0,6,0,0,0,0,0,0
60036,1,1,0,0,0,0,0,0,0,0,0,0
60036,2,1,0,0,0,0,0,0,0,0,0,0
60037,1,1,20,20,20,20,20,20,20,20,20,20
60037,2,1,0,0,0,0,0,0,0,0,0,0
60038,0,1,18,18,18,18,18,18,18,18,18,18
60038,1,1,0,0,0,0,0,0,0,0,0,0
60039,0,1,0,0,0,0,0,0,0,0,0,0
60039,1,1,0,0,0,0,0,0,0,0,0,0
60040,1,1,17,17,17,17,17,17,17,17,17,17
60040,2,1,0,0,0,0,0,0,0,0,0,0
60041,1,1,0,0,0,0,0,0,0,0,0,0
60041,2,1,0,0,0,0,0,0,0,0,0,0
60042,0,1,30,30,30,30,30,30,30,30,30,30
60042,1,1,0,0,0,0,0,0,0,0,0,0
60043,1,1,28,28,28,28,28,28,28,28,28,28
60043,2,1,0,0,0,0,0,16,0,0,0,0
60043,3,1,0,0,0,0,0,0,0,0,0,0
60044,1,1,7,7,7,7,7,7,7,7,7,7
60045,0,1,0,0,0,0,0,0,0,0,0,0
60045,1,1,0,0,0,0,0,0,0,0,0,0
60046,1,1,0,0,0,0,0,0,0,0,0,0
60046,2,1,0,0,0,0,0,0,0,0,0,0
60047,0,1,0,0,15,0,0,0,0,0,0,15
60047,1,1,0,0,11,0,0,0,0,0,0,0
60048,1,1,0,0,0,0,0,0,0,0,0,0
60049,1,1,21,21,21,21,21,21,21,21,21,21
60049,2,1,0,0,0,0,0,0,0,0,0,0
60050,1,1,0,0,0,0,0,0,0,0,0,0
60051,1,1,0,0,0,0,0,0,0,0,0,0
60051,2,1,0,0,0,0,0,0,0,0,0,0
60052,1,1,0,0,0,0,0,0,0,0,0,0
60053,1,1,0,0,0,0,0,0,0,0,0,0
60053,2,1,0,0,0,0,0,0,0,0,0,0
60054,1,1,0,19,0,0,0,0,0,0,0,10
60055,1,1,21,21,21,21,21,21,21,21,21,21
60056,0,1,14,0,0,11,0,0,0,0,26,0
60056,1,1,0,0,0,27,0,0,0,0,0,0
60057,1,1,44,0,3,0,0,0,0,0,4,11
60058,0,1,40,40,40,40,40,40,40,40,40,40
60058,1,1,0,0,0,0,0,0,0,0,0,0
60059,0,1,44,44,44,44,44,44,44,44,44,44
60059,1,1,0,0,0,0,6,0,0,0,0,0
60059,2,1,0,0,0,0,0,0,0,10,0,0
60060,1,1,0,15,0,0,0,0,0,0,0,0
60060,2,1,0,0,0,0,4,19,0,17,0,0
60060,3,1,14,0,0,0,27,0,0,0,0,0
60060,4,1,0,0,0,0,0,0,0,0,0,0
60060,5,1,0,0,0,26,0,0,0,0,0,5
60060,6,1,0,0,0,0,0,0,0,0,0,0
60061,1,1,22,22,22,22,22,22,22,22,22,22
60062,0,1,23,23,23,23,23,23,23,23,23,23
60062,1,1,0,0,0,0,0,0,0,0,0,0
60063,0,1,0,0,0,0,0,0,0,0,0,0
60063,1,1,0,0,0,0,0,0,0,0,0,0
60064,0,1,0,0,0,0,0,0,0,0,0,0
60064,1,1,0,0,0,0,0,0,0,0,0,0
60065,0,1,0,0,0,0,0,0,0,0,0,0
60065,1,1,0,0,0,0,0,0,0,0,0,0
60066,1,1,0,0,0,0,0,0,0,0,0,0
60067,1,1,0,0,0,0,0,13,0,0,0,0
60068,0,1,38,38,38,38,38,38,38,38,38,38
60068,1,1,0,0,0,0,0,0,0,0,0,0
60069,1,1,0,0,0,0,0,0,0,0,0,0
60069,2,1,0,0,0,0,0,0,0,0,0,12
60070,1,1,0,0,0,0,0,0,0,0,0,9
60070,2,1,0,22,19,0,0,0,0,0,13,0
60071,1,1,0,0,0,0,0,0,0,0,0,0
60072,1,1,0,0,0,0,0,0,0,0,0,0
60072,2,1,0,0,0,16,0,0,0,0,0,0
60073,1,1,27,27,27,27,27,27,27,27,27,27
60073,2,1,0,0,0,0,0,0,0,0,0,0
60074,0,1,0,0,0,0,0,0,0,0,0,0
60074,1,1,0,0,0,0,0,0,0,0,0,0
60075,1,1,0,0,27,0,0,0,0,0,0,0
60075,2,1,0,0,0,0,0,0,0,0,0,0
60076,0,1,0,0,0,30,0,0,0,0,0,0
60076,1,1,0,4,0,0,0,0,0,0,2,16
60077,0,1,0,0,0,0,0,0,0,0,0,0
60077,1,1,0,0,0,0,0,0,0,0,0,0
60078,1,1,0,0,0,0,23,0,0,32,0,0
60079,1,1,0,0,0,0,0,0,0,0,0,0
60079,2,1,0,0,0,0,0,0,0,0,0,0
60080,1,1,0,0,0,0,0,0,0,0,0,0
60081,1,1,0,0,0,0,0,0,0,0,0,0
60081,2,1,0,0,0,0,0,0,0,0,0,0
60082,1,1,0,0,0,0,0,0,0,0,0,0
60083,1,1,0,0,0,0,0,0,0,0,0,0
60084,1,1,0,0,0,0,0,0,0,0,0,0
60084,2,1,0,0,0,0,0,0,0,0,0,0
60085,0,1,10,10,10,10,10,10,10,10,10,10
60085,1,1,0,0,0,0,0,0,0,0,0,0
60086,1,1,0,0,0,0,0,0,0,0,0,0
60086,2,1,0,0,0,0,0,0,0,0,0,0
60087,1,1,0,0,0,0,0,0,0,0,0,0
60087,2,1,0,0,0,0,0,0,0,0,0,0
60088,0,1,0,0,0,0,0,0,0,0,0,0
60088,1,1,0,0,0,0,0,0,0,0,0,0
60089,0,1,0,0,0,0,0,0,0,0,0,0
60089,1,1,0,0,0,0,0,0,0,0,0,0
60089,2,1,0,0,0,0,0,0,0,0,0,0
60090,1,1,0,0,0,0,0,0,0,0,0,0
60091,1,1,21,21,21,21,21,21,21,21,21,21
60091,2,1,0,0,4,0,0,0,0,0,0,0
60092,1,1,0,0,0,0,0,0,0,0,0,0
60092,2,1,0,0,0,0,0,0,0,0,0,0
60093,1,1,0,0,0,0,0,0,0,0,0,0
60093,2,1,0,0,0,0,0,0,0,0,0,0
60094,1,1,0,0,0,0,0,0,0,0,0,0
60094,2,1,0,0,0,0,0,0,0,0,0,0
60095,1,1,20,20,20,20,20,20,20,20,20,20
60096,0,1,0,0,0,11,0,0,0,0,0,0
60096,1,1,0,0,0,0,0,0,0,0,0,0
60097,1,1,20,20,20,20,20,20,20,20,20,20
60098,0,1,0,0,0,0,0,0,0,0,0,0
60098,1,1,10,0,5,3,0,0,0,0,15,5
60099,1,1,18,18,18,18,18,18,18,18,18,18
60100,0,1,0,0,0,0,0,0,0,0,0,0
60100,0,2,0,0,0,0,0,0,0,0,0,0
60100,1,1,0,0,0,0,0,0,0,0,0,0
60101,1,1,0,0,0,0,0,0,0,0,0,0
60101,2,1,0,0,0,0,0,0,0,0,0,0
60102,0,1,0,0,0,0,0,0,0,0,0,0
60102,1,1,0,0,0,0,0,0,0,0,0,0
60103,1,1,14,14,14,14,14,14,14,14,14,14
60104,1,1,0,0,0,0,0,0,0,0,0,0
60105,1,1,18,18,18,18,18,18,18,18,18,18
60106,1,1,0,0,0,0,0,0,0,0,0,0
60106,2,1,0,0,0,0,0,0,0,0,0,0
60106,3,1,0,0,0,0,0,0,0,0,0,0
60107,0,1,28,28,28,28,28,28,28,28,28,28
60107,1,1,0,0,0,0,0,0,0,0,0,0
60108,1,1,6,6,6,6,6,6,6,6,6,6
60109,0,1,0,0,0,0,0,0,0,0,0,0
60109,0,2,0,0,0,0,0,0,0,0,0,0
60109,0,3,0,0,0,0,21,8,33,25,0,0
60109,1,1,0,0,0,0,12,0,0,0,0,0
60110,1,1,0,0,0,0,0,0,0,0,0,0
60110,2,1,0,0,0,0,0,0,0,0,0,0
60110,3,1,0,0,0,0,0,0,0,0,0,0
60111,0,1,0,0,0,0,0,0,0,0,0,0
60111,1,1,0,0,0,0,0,0,0,0,0,0
60112,1,1,0,0,0,0,0,0,0,0,0,0
60112,2,1,0,14,0,0,0,0,0,0,0,0
60113,0,1,0,0,0,0,0,0,0,0,0,0
60113,1,1,0,0,0,0,0,0,0,0,0,0
60113,2,1,0,0,0,7,0,0,7,0,0,12
60114,0,1,21,21,21,21,21,21,21,21,21,21
60114,1,1,0,3,0,0,5,11,6,0,6,0
60115,1,1,12,12,12,12,12,12,12,12,12,12
60116,1,1,0,0,0,0,0,0,0,0,0,0
60116,2,1,0,0,0,0,0,0,0,0,0,0
60117,1,1,19,19,19,19,19,19,19,19,19,19
60118,1,1,0,0,0,0,0,0,0,0,0,0
60118,2,1,0,0,0,0,0,0,0,0,0,0
60118,3,1,0,0,0,0,0,0,0,0,0,0
60119,1,1,0,0,0,0,0,0,0,0,0,0
60119,2,1,0,0,0,0,0,0,0,0,0,0
60119,3,1,0,0,0,0,0,0,0,0,0,0
60120,1,1,0,0,0,0,0,0,0,0,0,0
60121,0,1,14,14,14,14,14,14,14,14,14,14
60121,1,1,0,0,0,0,0,0,0,0,0,0
60122,0,1,0,0,0,0,0,0,0,0,0,0
60122,1,1,0,0,0,0,9,10,0,0,11,0
60123,0,1,11,11,11,11,11,11,11,11,11,11
60123,1,1,0,0,0,0,0,0,0,0,0,0
60124,0,1,0,0,0,0,0,0,0,0,0,0
60124,1,1,0,0,0,0,0,0,0,0,0,0
60125,1,1,0,0,0,0,0,0,0,0,0,0
60126,1,1,0,0,0,0,0,0,0,0,0,0
60126,2,1,0,0,0,0,0,0,0,0,0,0
60126,3,1,0,0,0,0,0,0,0,0,0,0
60127,1,1,11,11,11,11,11,11,11,11,11,11
60128,1,1,0,0,0,0,0,0,0,0,0,0
60129,1,1,0,0,0,30,0,0,0,0,0,22
60130,1,1,0,0,0,0,0,0,0,0,0,0
60131,1,1,0,0,0,0,0,0,0,0,0,0
60132,1,1,23,23,23,23,23,23,23,23,23,23
60133,0,1,8,14,35,0,0,0,0,0,3,0
60133,1,1,0,37,0,0,4,0,0,10,0,0
60134,0,1,0,0,0,0,0,0,0,0,0,0
60134,1,1,0,0,0,0,0,0,0,0,0,0
60134,2,1,0,15,0,16,0,10,0,5,0,15
60135,1,1,0,0,0,0,0,0,0,0,13,0
60135,2,1,0,0,0,0,0,0,0,0,0,0
60135,3,1,0,0,0,0,0,0,0,0,0,0
60135,4,1,0,0,0,0,0,0,0,0,0,0
60136,1,1,0,0,0,0,0,0,0,0,0,0
60136,2,1,0,0,0,0,0,0,0,0,0,0
60137,1,1,10,10,10,10,10,10,10,10,10,10
60138,1,1,0,0,0,0,0,0,0,0,0,0
60139,1,1,10,10,10,10,10,10,10,10,10,10
60140,1,1,0,0,0,0,0,13,0,0,0,0
60140,2,1,0,0,0,0,0,0,0,0,0,0
60141,1,1,0,0,0,0,0,0,0,0,0,0
60142,1,1,0,0,0,0,0,0,0,0,0,0
60142,2,1,0,0,0,0,0,0,0,0,0,0
60142,3,1,0,0,0,0,0,0,0,0,0,0
60143,0,1,0,0,0,0,0,0,0,0,0,0
60143,1,1,0,0,0,0,0,0,0,0,0,0
60143,2,1,0,0,0,0,0,0,0,0,0,0
60144,1,1,0,0,0,0,0,0,0,0,0,0
60145,1,1,12,12,12,12,12,12,12,12,12,12
60146,1,1,4,4,4,4,4,4,4,4,4,4
60147,1,1,0,0,0,0,0,0,0,0,0,0
60147,2,1,0,0,0,0,0,0,0,0,0,0
60148,0,1,0,0,0,0,0,0,0,0,0,0
60148,1,1,0,0,0,0,0,0,0,0,0,0
60149,1,1,10,10,10,10,10,10,10,10,10,10
60149,2,1,11,11,11,11,11,11,11,11,11,11
60150,0,1,0,0,0,0,0,0,0,0,0,0
60150,1,1,0,0,0,0,0,0,0,0,0,0
60150,2,1,0,0,0,0,0,0,0,0,0,0
60151,1,1,0,0,0,0,0,0,0,0,0,0
60152,0,1,0,0,0,0,0,0,0,0,0,0
60152,0,2,0,0,0,9,0,0,0,0,0,0
60152,0,3,0,0,0,0,0,0,0,0,0,0
60152,1,1,0,0,0,0,0,0,0,0,0,0
60153,0,1,0,0,0,0,0,0,0,0,0,0
60153,1,1,33,34,3,15,16,10,37,9,20,3
60154,0,1,20,20,20,20,20,20,20,20,20,20
60154,1,1,0,0,0,0,0,0,0,0,0,0
60155,0,1,0,0,0,0,0,0,0,0,0,0
60155,1,1,0,0,0,0,0,0,0,0,0,0
60156,1,1,17,17,17,17,17,17,17,17,17,17
60157,0,1,0,0,0,0,0,0,0,0,0,0
60157,1,1,0,5,5,10,11,0,8,20,0,9
60158,1,1,0,0,0,0,0,0,0,0,0,0
60158,2,1,0,0,0,0,0,0,0,0,0,0
60159,1,1,39,39,39,39,39,39,39,39,39,39
60160,0,1,0,0,0,21,56,23,0,13,0,0
60160,1,1,14,14,14,14,14,14,14,14,14,14
60161,1,1,17,0,0,0,0,17,0,0,0,0
60162,1,1,9,9,9,9,9,9,9,9,9,9
60162,2,1,0,0,0,0,0,0,0,0,0,0
60163,1,1,10,10,10,10,10,10,10,10,10,10
60164,1,1,18,18,18,18,18,18,18,18,18,18
60165,1,1,0,0,0,0,0,0,0,0,0,0
60166,1,1,0,0,0,0,0,0,0,0,0,0
60166,2,1,0,0,0,0,0,0,0,15,0,0
60167,0,1,0,0,0,0,0,0,0,0,0,0
60167,1,1,7,0,0,8,0,0,0,11,0,0
60167,2,1,0,0,0,0,5,0,0,0,8,9
60168,1,1,0,0,0,0,0,0,0,0,0,0
60168,2,1,0,0,0,0,0,0,0,0,0,0
60168,3,1,0,0,0,0,0,0,0,0,0,0
60169,1,1,0,0,0,0,0,0,0,0,0,0
60170,0,1,0,0,0,0,0,0,0,0,0,0
60170,1,1,0,0,0,0,0,0,0,0,0,0
60171,1,1,0,0,0,0,0,0,0,0,0,0
60172,0,1,0,0,0,0,0,0,0,0,0,0
60172,1,1,0,0,0,0,0,0,0,0,0,0
60173,1,1,0,0,0,0,0,0,0,0,0,11
60173,2,1,0,0,0,0,0,0,0,0,0,0
60174,1,1,2,2,2,2,2,2,2,2,2,2
60175,1,1,0,0,0,0,0,0,0,0,0,0
60175,2,1,0,0,0,0,0,0,0,0,0,0
60176,0,1,0,0,0,0,0,0,0,0,0,0
60176,1,1,0,0,0,0,0,0,0,0,0,0
60177,0,1,22,22,22,22,22,22,22,22,22,22
60177,1,1,0,0,0,0,0,0,0,0,0,0
60178,0,1,0,0,0,0,0,0,0,0,0,0
60178,1,1,0,0,0,0,0,0,15,12,0,0
60179,1,1,20,20,20,20,20,20,20,20,20,20
60180,1,1,16,0,0,5,0,16,0,13,0,0
60180,2,1,0,0,0,0,0,0,0,0,23,0
60181,1,1,0,0,0,0,0,0,0,0,0,0
60182,0,1,7,0,0,23,28,18,0,11,0,0
60182,1,1,0,0,0,0,8,7,8,20,16,3
60183,0,1,0,0,18,17,0,0,0,0,0,0
60183,1,1,0,0,0,0,0,0,0,30,0,10
60183,2,1,0,0,0,0,0,0,0,0,0,0
60184,0,1,0,0,0,0,0,0,0,0,0,0
60184,1,1,0,0,0,17,0,0,0,0,0,5
60185,0,1,0,0,0,0,0,0,0,0,0,0
60185,1,1,0,0,0,0,0,0,0,0,0,13
60186,1,1,0,0,0,0,0,0,0,0,0,0
60186,2,1,0,0,0,0,0,0,0,0,0,0
60186,3,1,0,0,0,0,0,0,0,0,0,0
60187,1,1,32,32,32,32,32,32,32,32,32,32
60188,1,1,0,0,0,0,0,0,0,0,0,0
60189,1,1,19,19,19,19,19,19,19,19,19,19
60190,0,1,0,0,0,0,0,0,0,0,0,0
60190,1,1,0,0,0,0,0,0,0,0,0,0
60191,1,1,0,0,0,0,0,0,0,0,0,0
60191,2,1,0,0,6,0,0,0,0,0,0,0
60192,0,1,0,0,0,0,0,0,0,0,0,0
60192,2,1,0,0,0,0,0,0,0,0,0,0
60193,1,1,0,0,0,0,0,0,0,0,0,0
60193,2,1,0,0,0,0,0,0,0,0,0,0
60194,1,1,0,0,0,0,0,0,0,0,0,0
60195,1,1,10,10,10,10,10,10,10,10,10,10
60195,2,1,0,0,0,0,0,0,0,0,0,0
60196,1,1,0,0,0,0,0,0,0,0,0,0
60196,2,1,0,0,0,0,0,0,4,0,6,0
60197,1,1,0,0,0,0,0,0,0,0,0,0
60198,0,1,0,0,0,0,0,0,0,0,0,0
60198,1,1,0,0,0,0,0,0,0,0,0,0
60199,0,1,0,0,0,0,0,0,0,0,0,0
60199,1,1,0,0,0,0,0,0,0,0,0,0
60200,1,1,0,0,0,0,0,0,0,0,0,0
60201,1,1,26,26,26,26,26,26,26,26,26,26
60202,0,1,0,0,0,0,0,0,0,0,0,0
60202,1,1,0,0,0,0,0,0,0,0,0,0
60203,1,1,2,2,2,2,2,2,2,2,2,2
60204,1,1,0,0,0,0,0,0,0,0,0,0
60204,2,1,18,18,18,18,18,18,18,18,18,18
60205,1,1,18,18,18,18,18,18,18,18,18,18
60206,1,1,0,0,0,0,0,0,0,0,0,0
60206,2,1,0,0,0,0,0,0,0,0,0,0
60207,1,1,0,0,0,0,0,0,0,0,0,0
60207,2,1,0,0,0,0,0,0,0,0,0,0
60208,1,1,20,20,20,20,20,20,20,20,20,20
60209,0,1,21,0,0,0,14,29,0,0,0,0
60209,1,1,0,0,0,11,5,0,0,0,6,0
60210,1,1,0,0,0,0,0,0,0,0,0,0
60211,1,1,0,0,5,0,0,0,0,0,0,9
60211,2,1,0,0,0,0,0,0,0,0,0,0
60212,1,1,20,20,20,20,20,20,20,20,20,20
60213,0,1,0,0,0,0,0,0,0,0,0,0
60213,1,1,0,0,0,0,0,0,0,0,0,0
60214,1,1,0,0,0,0,0,0,0,0,0,0
60215,1,1,0,0,0,0,0,0,0,0,0,0
60215,2,1,0,0,0,0,0,0,0,0,0,0
60216,1,1,0,0,0,0,0,0,0,0,0,0
60216,2,1,0,0,0,0,0,0,0,0,0,0
60217,1,1,0,0,0,0,0,0,0,0,0,0
60217,2,1,0,0,0,0,0,0,0,0,0,0
60218,0,1,0,0,0,0,0,0,0,0,0,0
60218,1,1,0,0,0,0,0,0,0,0,0,0
60219,0,1,0,0,0,0,0,0,0,0,0,0
60219,0,2,22,0,15,0,0,0,0,0,0,0
60219,1,1,0,0,0,0,0,0,0,0,0,0
60220,1,1,0,0,0,0,0,0,0,0,0,0
60220,2,1,0,0,0,0,0,0,0,0,0,0
60221,1,1,0,0,0,0,20,0,6,21,5,0
60222,1,1,11,17,11,0,18,2,15,11,0,6
60222,2,1,11,11,11,11,11,11,11,11,11,11
60223,1,1,0,0,0,0,0,0,0,0,0,0
60223,2,1,0,0,0,0,0,0,0,0,0,0
60224,1,1,8,8,8,8,8,8,8,8,8,8
60224,2,1,0,0,0,0,0,0,0,0,0,0
60225,1,1,0,0,0,0,0,0,0,15,0,0
60226,0,1,0,0,0,0,0,0,0,0,0,0
60226,1,1,0,0,0,0,0,0,0,0,0,0
60227,1,1,0,0,0,0,0,0,0,0,0,0
60228,0,1,0,0,0,0,0,0,0,0,0,0
60228,1,1,17,0,0,5,0,13,0,22,0,5
60229,0,1,0,0,0,0,0,0,0,0,0,0
60229,1,1,0,0,0,0,0,0,0,0,0,0
60230,0,1,0,0,0,0,0,0,0,0,0,0
60230,1,1,0,0,0,0,0,0,0,0,0,0
60231,1,1,30,30,30,30,30,30,30,30,30,30
60231,2,1,0,0,0,0,0,0,0,0,0,0
60232,1,1,0,0,0,0,0,0,0,0,0,0
60232,2,1,0,0,0,0,0,0,0,0,0,0
60233,0,1,16,33,16,0,0,24,0,23,43,7
60233,1,1,0,0,0,0,0,0,0,0,0,0
60234,0,1,30,30,30,30,30,30,30,30,30,30
60234,1,1,0,0,0,0,5,0,0,0,0,0
60235,0,1,0,0,0,0,0,0,0,0,0,0
60235,1,1,0,0,0,8,0,0,0,0,0,0
60236,0,1,0,0,0,0,0,0,0,0,0,0
60236,1,1,10,0,0,0,0,0,13,0,0,0
60237,1,1,0,0,0,0,0,0,0,0,0,0
60237,2,1,0,0,0,0,0,0,0,0,0,0
60238,0,1,0,0,0,25,0,0,0,5,6,0
60238,1,1,16,7,6,7,0,0,11,8,13,0
60239,1,1,10,10,10,10,10,10,10,10,10,10
60240,1,1,11,28,0,0,0,0,15,0,41,0
60241,1,1,0,0,0,0,0,0,0,0,0,0
60241,2,1,0,0,0,0,0,0,0,0,0,0
60241,3,1,0,0,0,4,4,0,15,0,0,13
60241,4,1,0,0,0,0,0,0,0,0,0,0
60242,1,1,18,18,18,18,18,18,18,18,18,18
60243,1,1,12,0,0,0,0,0,0,0,0,0
60243,2,1,0,0,0,0,0,0,0,0,0,0
60244,0,1,22,22,22,22,22,22,22,22,22,22
60244,1,1,19,19,19,19,19,19,19,19,19,19
60245,0,1,22,22,22,22,22,22,22,22,22,22
60245,1,1,0,0,0,0,0,0,0,0,0,0
60246,1,1,0,0,0,0,0,0,0,0,0,0
60247,0,1,0,0,0,0,0,0,0,0,0,0
60247,1,1,27,27,27,27,27,27,27,27,27,27
60248,1,1,0,0,0,0,0,0,0,0,0,0
60248,2,1,0,0,5,0,0,0,0,0,17,0
60248,3,1,0,0,0,0,0,0,0,0,0,0
60249,0,1,17,17,17,17,17,17,17,17,17,17
60249,1,1,0,0,0,0,0,0,0,0,0,0
60250,1,1,10,10,10,10,10,10,10,10,10,10
60251,1,1,9,9,9,9,9,9,9,9,9,9
60251,2,1,0,0,0,0,0,0,0,0,0,0
60251,3,1,0,0,0,0,0,0,0,0,0,0
60251,4,1,0,0,0,0,24,0,0,0,0,0
60252,0,1,12,12,12,12,12,12,12,12,12,12
60252,1,1,4,0,0,0,0,0,0,0,0,0
60253,1,1,30,30,30,30,30,30,30,30,30,30
60253,2,1,0,0,0,0,0,0,0,18,10,0
60253,3,1,0,0,0,0,0,0,0,0,15,0
60254,0,1,0,0,0,0,30,0,0,44,0,0
60254,0,2,0,0,0,28,0,0,16,0,0,23
60254,1,1,0,0,0,0,0,0,0,0,0,0
60256,1,1,0,0,0,0,0,0,0,0,0,0
60257,1,1,19,19,19,19,19,19,19,19,19,19
60257,2,1,0,0,0,0,0,0,0,0,0,0
60258,1,1,0,0,0,0,0,0,0,0,0,0
60258,2,1,0,22,0,0,0,0,0,0,0,0
60259,1,1,0,0,0,0,0,0,0,0,31,0
60259,2,1,0,0,0,0,0,0,0,0,0,0
60260,1,1,0,0,0,0,0,19,0,0,0,0
60260,2,1,0,0,0,0,0,0,0,0,0,0
60261,0,1,8,8,8,8,8,8,8,8,8,8
60261,1,1,0,0,0,0,0,0,0,0,0,0
60262,1,1,0,0,0,0,0,0,0,0,0,0
60262,2,1,0,0,0,0,0,0,0,0,0,0
60262,3,1,0,0,0,0,0,0,0,0,0,0
60263,1,1,0,0,0,0,0,0,0,0,0,0
60263,2,1,0,0,0,0,0,0,0,0,0,0
60263,3,1,0,0,0,0,0,0,0,0,0,0
60263,4,1,0,0,0,0,0,0,0,0,0,0
60263,5,1,20,0,0,0,0,15,0,0,0,0
60263,6,1,0,0,0,0,0,0,0,0,0,0
60264,1,1,20,20,20,20,20,20,20,20,20,20
60264,2,1,0,0,0,0,0,0,0,0,0,0
60265,0,1,0,0,0,0,0,0,0,0,0,0
60265,1,1,0,0,9,0,0,16,0,14,0,0
60266,1,1,24,24,24,24,24,24,24,24,24,24
60267,0,1,13,0,8,0,18,0,6,0,7,16
60267,1,1,0,0,0,0,0,0,0,0,0,0
60268,1,1,19,11,15,0,15,19,0,28,11,0
60269,1,1,0,0,0,0,0,0,0,0,0,0
60270,1,1,0,0,0,0,0,0,0,0,0,0
60271,0,1,0,0,0,0,0,0,0,0,0,0
60271,1,1,0,0,0,0,0,0,0,0,0,0
60272,0,1,40,40,40,40,40,40,40,40,40,40
60272,1,1,21,0,0,18,0,13,0,0,0,0
60273,0,1,20,20,20,20,20,20,20,20,20,20
60273,1,1,0,0,0,0,0,0,0,0,0,0
60274,1,1,0,0,0,0,0,0,0,0,0,0
60275,0,1,0,0,0,0,0,0,0,0,0,0
60275,1,1,0,0,0,0,0,0,0,0,0,0
60276,1,1,1,1,1,1,1,1,1,1,1,1
60277,1,1,19,19,19,19,19,19,19,19,19,19
60277,2,1,0,0,0,0,0,0,0,0,0,0
60278,1,1,0,0,0,0,0,0,0,0,0,0
60278,2,1,0,0,0,0,0,0,0,0,0,0
60279,1,1,0,0,0,0,0,0,0,0,0,0