ST_CASE,VEH_NO,PER_NO,P1,P2,P3,P4,P5,P6,P7,P8,P9,P10
60280,0,1,16,16,16,16,16,16,16,16,16,16
60280,1,1,0,0,0,0,0,0,0,0,0,0
60281,1,1,20,20,20,20,20,20,20,20,20,20
60281,2,1,0,0,0,0,0,0,0,0,0,0
60282,0,1,0,0,0,0,0,0,0,0,0,0
60282,1,1,0,0,0,0,15,0,0,0,0,0
60283,1,1,9,11,8,10,36,2,21,24,11,11
60284,1,1,18,18,18,18,18,18,18,18,18,18
60285,1,1,5,5,5,5,5,5,5,5,5,5
60285,2,1,2,2,2,2,2,2,2,2,2,2
60286,0,1,0,0,0,0,0,0,0,0,0,0
60286,1,1,0,0,0,0,0,0,0,0,0,0
60287,1,1,0,0,0,0,0,0,0,0,0,0
60288,0,1,0,0,0,0,0,0,0,0,0,0
60288,1,1,0,0,0,0,0,0,0,2,0,0
60289,1,1,30,30,30,30,30,30,30,30,30,30
60289,2,1,0,0,0,0,0,0,0,0,0,0
60290,1,1,9,9,9,9,9,9,9,9,9,9
60290,2,1,0,0,0,0,0,0,0,0,0,0
60290,3,1,0,0,0,0,0,0,0,0,0,0
60290,4,1,7,0,0,0,0,0,0,0,0,0
60291,0,1,40,40,40,40,40,40,40,40,40,40
60291,1,1,0,0,0,0,0,0,0,0,0,0
60292,1,1,16,16,16,16,16,16,16,16,16,16
60293,0,1,0,0,0,0,0,0,0,0,0,0
60293,1,1,6,0,0,0,0,12,9,14,5,12
60294,1,1,0,0,0,0,0,0,0,0,0,0
60295,1,1,19,19,19,19,19,19,19,19,19,19
60296,1,1,20,20,20,20,20,20,20,20,20,20
60296,2,1,0,0,0,0,0,0,0,0,0,0
60297,0,1,0,0,0,0,0,0,0,0,0,0
60297,1,1,0,1,0,0,7,0,0,10,0,0
60298,0,1,0,0,0,0,0,0,0,0,0,0
60298,1,1,12,6,7,19,35,7,17,10,14,11
60299,1,1,0,0,0,0,0,0,0,0,0,0
60299,2,1,0,0,0,0,0,0,0,0,0,0
60300,1,1,20,11,0,11,18,19,23,6,22,9
60301,1,1,0,0,0,0,0,0,0,0,0,0
60301,2,1,0,0,0,0,0,0,0,0,0,0
60302,1,1,19,19,19,19,19,19,19,19,19,19
60303,1,1,0,18,10,23,27,17,20,29,0,6
60303,2,1,0,0,0,0,0,0,0,28,0,0
60304,1,1,20,20,20,20,20,20,20,20,20,20
60304,2,1,0,0,0,0,0,0,0,0,0,0
60305,0,1,0,0,0,0,0,0,0,0,0,0
60305,1,1,10,5,0,0,0,9,0,6,8,0
60306,1,1,0,0,0,0,0,0,0,0,0,0
60306,2,1,0,0,0,0,0,0,0,0,0,0
60307,1,1,0,0,0,0,0,0,0,0,0,0
60308,0,1,0,0,0,0,0,0,0,0,0,0
60308,1,1,0,0,0,0,0,0,0,0,0,0
60309,1,1,0,0,9,26,6,0,0,0,0,0
60309,2,1,5,5,5,5,5,5,5,5,5,5
60310,1,1,0,0,0,0,0,0,0,0,0,0
60310,2,1,0,0,0,0,0,0,0,0,0,0
60310,3,1,0,0,0,0,0,20,0,0,0,0
60311,1,1,0,0,0,0,0,0,0,0,0,0
60311,2,1,0,0,0,0,0,0,0,0,0,0
60311,3,1,0,0,0,0,0,0,23,0,0,0
60312,1,1,0,0,0,0,0,0,0,0,0,0
60312,2,1,0,0,0,0,0,0,0,0,0,0
60313,1,1,26,0,0,0,0,0,0,0,0,0
60313,2,1,0,0,0,0,0,0,0,0,0,0
60314,0,1,0,0,0,0,0,0,0,0,0,0
60314,1,1,3,3,3,3,3,3,3,3,3,3
60315,0,1,0,0,0,0,0,0,0,0,0,0
60315,1,1,0,0,0,0,0,0,0,0,0,0
60316,1,1,0,0,0,0,0,0,0,0,0,0
60316,2,1,0,0,0,0,0,0,0,0,0,0
60316,3,1,0,0,25,0,0,0,0,0,0,0
60317,1,1,0,0,0,0,0,0,0,0,0,0
60318,0,1,0,0,0,0,0,0,0,0,0,0
60318,1,1,0,0,0,0,0,0,0,0,0,0
60319,0,1,24,24,24,24,24,24,24,24,24,24
60319,1,1,0,0,0,0,0,0,0,0,0,0
60320,1,1,10,10,10,10,10,10,10,10,10,10
60321,1,1,0,0,0,0,0,0,0,0,0,0
60322,1,1,30,30,30,30,30,30,30,30,30,30
60322,2,1,0,0,0,0,0,9,0,0,0,0
60323,1,1,8,8,8,8,8,8,8,8,8,8
60324,0,1,10,11,24,18,6,12,22,18,16,21
60324,1,1,0,0,0,0,0,0,0,0,0,0
60325,1,1,0,0,0,5,0,0,0,0,0,0
60326,1,1,0,0,0,0,0,0,0,0,0,0
60326,2,1,0,18,14,0,25,8,0,0,0,18
60326,3,1,0,0,12,0,0,0,0,0,0,0
60327,1,1,0,0,0,0,0,0,0,0,0,0
60328,1,1,14,14,14,14,14,14,14,14,14,14
60329,1,1,0,0,0,0,0,0,0,0,0,0
60330,1,1,25,25,25,25,25,25,25,25,25,25
60331,0,1,0,0,0,0,0,0,0,0,0,0
60331,1,1,5,0,0,0,9,8,0,0,0,0
60332,1,1,0,0,0,0,0,0,0,0,0,0
60332,2,1,0,0,0,0,0,0,0,0,0,0
60333,1,1,23,0,0,0,7,30,0,0,0,29
60334,1,1,0,0,0,0,0,0,0,0,0,0
60334,2,1,0,0,0,0,0,0,0,0,0,0
60334,3,1,0,0,0,0,0,0,0,0,0,0
60335,1,1,17,17,17,17,17,17,17,17,17,17
60335,2,1,0,0,4,0,0,13,0,11,0,0
60336,1,1,0,0,0,0,0,0,0,0,0,0
60336,2,1,0,0,0,0,0,0,0,0,0,0
60337,1,1,0,11,0,0,0,13,0,0,11,0
60338,1,1,0,0,0,0,0,0,0,0,0,0
60338,2,1,0,0,0,0,0,0,0,0,0,0
60339,1,1,0,0,0,0,0,0,0,0,0,0
60339,2,1,0,0,0,0,3,0,0,0,0,0
60340,1,1,0,0,0,0,0,0,0,0,0,0
60340,2,1,0,0,0,0,0,0,0,0,0,0
60341,0,1,40,40,40,40,40,40,40,40,40,40
60341,1,1,0,0,0,0,0,0,0,0,0,0
60342,1,1,0,0,0,0,0,0,0,15,0,0
60342,2,1,0,0,0,0,0,0,0,0,0,14
60343,1,1,0,0,13,0,0,0,0,0,0,0
60343,2,1,10,10,10,10,10,10,10,10,10,10
60344,1,1,0,0,0,0,0,0,0,0,0,0
60345,1,1,0,0,0,0,0,0,0,0,0,0
60346,1,1,10,10,10,10,10,10,10,10,10,10
60347,0,1,0,0,0,0,0,0,0,0,0,0
60347,1,1,0,0,0,0,0,0,0,0,0,0
60348,1,1,0,0,0,0,0,0,0,0,0,0
60349,1,1,25,25,25,25,25,25,25,25,25,25
60350,1,1,17,17,17,17,17,17,17,17,17,17
60351,1,1,26,26,26,26,26,26,26,26,26,26
60352,1,1,10,10,10,10,10,10,10,10,10,10
60353,1,1,33,33,33,33,33,33,33,33,33,33
60353,2,1,9,11,0,0,0,0,0,12,0,0
60354,1,1,20,20,20,20,20,20,20,20,20,20
60355,1,1,0,0,0,0,0,0,0,0,0,0
60355,2,1,0,0,0,0,0,0,0,0,0,0
60356,1,1,13,13,13,13,13,13,13,13,13,13
60356,2,1,0,0,0,0,0,0,0,0,0,0
60357,1,1,0,0,0,0,0,0,0,0,0,0
60358,0,1,0,0,0,0,0,0,0,0,0,0
60358,1,1,0,0,0,0,0,0,0,0,0,0
60359,1,1,0,0,0,0,0,0,0,0,0,0
60359,2,1,0,0,0,0,0,0,0,0,0,0
60359,3,1,0,0,0,0,0,0,0,0,0,0
60360,1,1,15,15,15,15,15,15,15,15,15,15
60361,0,1,0,0,0,0,0,0,0,0,0,0
60361,0,2,0,0,0,0,0,0,0,0,0,0
60361,0,3,0,0,0,19,8,21,21,0,0,0
60361,1,1,9,6,0,0,17,17,0,0,0,0
60362,0,1,0,0,0,0,0,0,0,0,0,0
60362,1,1,0,0,0,0,0,0,0,0,0,0
60363,1,1,0,0,0,0,0,0,0,0,0,0
60364,0,1,0,0,0,0,0,0,0,0,0,0
60364,1,1,0,13,0,0,0,0,11,11,0,0
60365,1,1,0,0,0,0,0,0,0,0,0,0
60366,1,1,0,0,0,0,0,0,0,0,0,0
60367,1,1,7,7,7,7,7,7,7,7,7,7
60368,0,1,0,0,0,0,0,0,0,0,0,0
60368,1,1,0,15,0,0,0,0,0,0,0,17
60369,1,1,0,0,0,0,0,0,0,0,0,0
60370,1,1,0,0,0,0,0,0,0,0,0,0
60371,1,1,0,0,0,0,0,0,0,0,0,0
60371,2,1,0,0,0,0,0,0,0,0,0,0
60372,1,1,0,0,0,0,0,0,0,0,0,0
60373,1,1,8,8,8,8,8,8,8,8,8,8
60374,0,1,0,0,0,0,0,0,0,0,0,0
60374,1,1,0,0,0,0,7,3,0,9,0,0
60375,1,1,24,24,24,24,24,24,24,24,24,24
60375,2,1,0,0,0,0,0,0,0,0,0,0
60376,0,1,0,0,0,0,0,0,0,0,0,0
60376,1,1,0,0,0,0,0,0,0,0,0,0
60377,0,1,0,0,0,0,0,0,0,0,0,0
60377,1,1,0,0,0,0,0,0,0,0,0,0
60377,2,1,0,0,0,0,0,0,0,0,14,0
60378,0,1,13,13,13,13,13,13,13,13,13,13
60378,1,1,0,0,0,0,0,0,0,0,0,0
60379,1,1,8,8,8,8,8,8,8,8,8,8
60380,1,1,14,14,14,14,14,14,14,14,14,14
60380,2,1,3,3,3,3,3,3,3,3,3,3
60381,0,1,30,0,12,0,0,11,0,9,0,0
60381,1,1,0,0,14,0,0,6,0,0,0,0
60382,1,1,14,14,14,14,14,14,14,14,14,14
60382,2,1,0,0,0,0,0,0,0,0,0,0
60383,1,1,0,0,0,0,0,0,0,0,0,0
60383,2,1,0,0,0,0,0,0,0,0,0,0
60384,1,1,0,0,0,0,0,0,0,0,0,0
60385,1,1,16,16,16,16,16,16,16,16,16,16
60385,2,1,0,0,0,0,0,0,0,0,0,0
60386,0,1,14,14,14,14,14,14,14,14,14,14
60386,1,1,0,0,0,0,0,0,0,0,0,0
60387,1,1,0,0,0,0,0,0,0,0,0,0
60388,1,1,10,10,10,10,10,10,10,10,10,10
60389,0,1,0,0,0,0,0,0,0,0,0,0
60389,0,2,0,0,0,0,0,0,0,0,0,0
60389,1,1,0,0,0,14,0,0,0,16,22,0
60390,1,1,22,22,22,22,22,22,22,22,22,22
60391,1,1,0,0,0,0,0,0,0,0,0,0
60391,2,1,0,0,0,0,0,0,0,0,0,0
60392,0,1,40,40,40,40,40,40,40,40,40,40
60392,1,1,0,0,0,0,0,0,0,0,0,0
60393,1,1,0,0,0,0,0,0,0,0,0,0
60393,2,1,0,0,0,0,0,0,0,0,0,0
60394,1,1,0,0,0,0,0,0,0,0,0,0
60395,1,1,20,20,20,20,20,20,20,20,20,20
60396,0,1,0,0,0,0,0,0,0,0,0,0
60396,1,1,0,0,24,0,0,0,12,0,0,0
60397,0,1,0,0,0,0,0,0,0,0,0,0
60397,1,1,0,0,0,0,0,0,0,0,0,0
60398,0,1,24,24,24,24,24,24,24,24,24,24
60398,1,1,0,0,0,0,0,0,0,0,0,0
60399,1,1,0,0,0,0,0,0,0,0,0,0
60400,1,1,20,20,20,20,20,20,20,20,20,20
60400,2,1,0,0,0,0,0,0,0,0,0,0
60401,0,1,0,0,0,0,0,0,0,0,0,0
60401,1,1,0,0,0,0,0,0,0,0,0,0
60402,1,1,0,0,0,0,0,0,0,0,0,0
60403,0,1,25,0,0,21,0,0,0,0,0,0
60403,1,1,0,0,0,7,8,0,6,8,13,3
60404,0,1,20,20,20,20,20,20,20,20,20,20
60404,1,1,0,0,5,0,0,0,0,0,0,0
60405,1,1,0,0,0,0,0,0,0,0,0,0
60406,0,1,18,18,18,18,18,18,18,18,18,18
60406,1,1,0,9,0,0,0,0,0,0,0,0
60407,0,1,0,0,0,0,0,0,0,0,0,0
60407,1,1,0,12,0,0,0,0,0,0,18,12
60408,0,1,0,0,0,0,0,0,0,0,0,0
60408,1,1,0,0,0,0,0,0,0,7,0,0
60408,2,1,0,0,0,0,0,0,0,0,0,0
60409,0,1,0,0,0,0,0,0,0,0,0,0
60409,1,1,0,0,0,0,0,0,0,0,0,0
60410,0,1,17,0,0,0,0,0,0,0,0,0
60410,1,1,0,0,0,0,0,0,0,0,0,0
60411,1,1,16,16,16,16,16,16,16,16,16,16
60412,0,1,10,10,10,10,10,10,10,10,10,10
60412,1,1,0,0,0,0,0,0,0,0,0,0
60413,0,1,10,10,10,10,10,10,10,10,10,10
60413,1,1,0,0,0,0,0,0,0,0,0,17
60414,1,1,20,20,20,20,20,20,20,20,20,20
60414,2,1,0,0,0,0,0,0,0,0,0,0
60415,1,1,0,0,0,0,0,0,0,0,0,0
60416,1,1,0,0,0,0,0,0,0,0,0,0
60417,1,1,0,0,0,0,0,0,0,0,0,0
60417,2,1,0,0,0,0,0,0,0,0,0,0
60418,0,1,0,0,0,0,0,0,0,0,0,0
60418,1,1,0,5,11,0,0,0,0,0,0,0
60419,1,1,0,0,0,0,0,0,0,0,0,0
60420,1,1,0,0,0,0,0,0,0,0,0,0
60420,2,1,0,0,0,0,0,0,0,0,0,0
60420,3,1,0,0,0,0,0,0,0,0,0,0
60421,0,1,37,37,37,37,37,37,37,37,37,37
60421,1,1,23,0,13,20,0,13,0,0,11,19
60422,0,1,0,0,0,0,0,0,0,0,0,0
60422,1,1,0,0,0,0,0,0,0,0,0,0
60423,1,1,0,0,0,0,0,0,0,0,0,0
60423,2,1,0,0,0,0,0,0,0,0,0,0
60423,3,1,0,0,0,0,0,0,0,0,0,0
60424,1,1,0,0,0,0,0,0,0,0,0,0
60425,0,1,0,0,0,0,0,0,0,0,0,0
60425,1,1,0,0,0,0,0,0,16,0,0,0
60426,1,1,19,19,19,19,19,19,19,19,19,19
60427,1,1,0,0,0,0,0,0,0,0,0,0
60427,2,1,0,0,0,0,0,0,0,0,0,0
60428,1,1,0,0,0,0,0,0,0,0,0,0
60428,2,1,10,0,0,0,0,0,0,0,0,0
60429,1,1,0,0,0,0,0,0,0,0,0,0
60429,2,1,0,0,0,10,0,0,0,0,0,0
60430,0,1,0,0,0,0,0,0,0,0,0,0
60430,1,1,0,0,22,0,0,0,0,0,0,4
60431,0,1,5,24,0,0,0,0,31,16,0,0
60431,1,1,0,0,0,0,0,0,0,0,0,0
60432,1,1,0,0,0,0,0,0,0,0,0,0
60432,2,1,0,0,0,0,0,0,0,0,0,0
60433,1,1,16,16,16,16,16,16,16,16,16,16
60435,0,1,34,34,34,34,34,34,34,34,34,34
60435,1,1,0,10,0,0,0,0,0,0,0,0
60436,0,1,4,4,4,4,4,4,4,4,4,4
60436,1,1,0,0,0,0,0,0,0,0,0,0
60437,1,1,14,14,14,14,14,14,14,14,14,14
60437,2,1,0,0,0,0,0,0,0,0,0,0
60438,0,1,0,0,0,0,0,0,0,0,0,0
60438,1,1,0,0,17,0,0,0,20,4,0,0
60439,0,1,0,0,0,0,0,0,0,0,0,0
60439,1,1,0,0,0,0,0,0,2,7,0,0
60440,1,1,2,2,2,2,2,2,2,2,2,2
60441,0,1,0,0,0,0,0,0,0,0,0,0
60441,1,1,0,0,0,0,0,0,0,0,0,0
60442,1,1,0,0,0,0,0,0,0,0,0,0
60442,2,1,0,0,0,0,0,0,0,0,0,0
60443,0,1,0,0,0,0,0,0,0,0,0,0
60443,1,1,0,0,0,0,0,12,0,0,0,11
60444,1,1,0,8,0,0,0,0,0,0,0,0
60444,2,1,0,0,0,0,0,0,0,0,0,0
60445,1,1,8,8,8,8,8,8,8,8,8,8
60446,1,1,0,0,0,0,0,0,0,0,0,0
60446,2,1,0,0,0,0,10,0,0,0,0,0
60446,3,1,0,0,0,0,0,0,0,0,0,0
60447,1,1,0,0,0,0,0,0,0,0,0,0
60447,2,1,10,10,10,10,10,10,10,10,10,10
60448,1,1,20,20,20,20,20,20,20,20,20,20
60448,2,1,0,0,0,0,0,0,0,0,0,0
60449,0,1,7,7,7,7,7,7,7,7,7,7
60449,1,1,0,0,17,0,9,10,15,0,0,17
60450,0,1,0,0,0,0,0,0,0,0,0,0
60450,1,1,0,0,0,0,0,0,0,0,0,0
60451,1,1,0,0,0,0,0,0,0,0,0,0
60452,1,1,20,20,20,20,20,20,20,20,20,20
60452,2,1,0,0,21,0,12,0,0,0,0,0
60453,0,1,0,0,0,0,0,0,0,0,0,0
60453,1,1,0,0,0,0,0,0,0,0,0,0
60454,1,1,7,7,7,7,7,7,7,7,7,7
60455,1,1,0,0,0,0,0,0,0,0,0,0
60455,2,1,0,0,0,0,0,0,0,0,0,0
60456,1,1,17,17,17,17,17,17,17,17,17,17
60456,2,1,0,0,0,0,0,0,0,0,0,0
60457,1,1,0,0,0,0,0,0,0,0,0,0
60458,0,1,12,12,12,12,12,12,12,12,12,12
60458,0,2,4,4,4,4,4,4,4,4,4,4
60458,1,1,0,0,0,0,0,0,0,0,0,0
60459,1,1,15,15,15,15,15,15,15,15,15,15
60459,2,1,0,0,0,0,0,0,0,0,0,0
60460,1,1,0,0,0,0,0,0,0,0,0,0
60460,2,1,0,0,0,0,0,0,0,0,0,0
60460,3,1,0,0,0,0,0,0,0,0,0,0
60460,4,1,0,0,0,0,0,0,0,0,0,0
60461,1,1,0,0,0,0,0,0,0,0,13,8
60462,1,1,0,0,0,0,0,0,0,0,0,0
60462,2,1,0,0,0,0,0,0,0,0,0,0
60463,0,1,0,0,0,0,0,0,0,0,0,0
60463,1,1,0,0,0,0,0,0,0,0,0,0
60464,1,1,0,0,0,0,0,0,0,0,0,0
60465,1,1,0,0,0,0,0,0,0,0,0,0
60465,2,1,0,0,0,0,0,0,0,0,0,0
60466,1,1,14,14,14,14,14,14,14,14,14,14
60466,2,1,17,7,0,0,18,11,9,4,8,0
60467,0,1,0,0,0,0,0,0,0,0,0,0
60467,1,1,0,0,0,0,0,3,12,0,0,0
60468,0,1,0,0,0,0,0,0,0,0,0,0
60468,1,1,0,0,0,0,0,0,0,19,0,0
60469,1,1,0,0,0,0,0,0,0,0,0,0
60469,2,1,25,0,0,0,0,0,0,0,0,0
60469,3,1,0,0,0,0,0,0,0,0,0,0
60470,1,1,10,10,10,10,10,10,10,10,10,10
60470,2,1,0,0,0,0,0,0,0,0,0,0
60471,1,1,0,0,0,0,9,0,0,0,0,0
60472,0,1,0,0,0,0,34,0,22,0,0,0
60472,1,1,0,0,0,0,0,0,0,0,0,0
60473,0,1,0,0,0,0,0,0,0,0,0,0
60473,1,1,0,0,0,0,0,0,0,0,0,11
60474,1,1,0,0,0,0,0,0,0,0,0,0
60474,2,1,0,0,0,0,0,0,0,0,0,0
60475,1,1,0,0,0,0,0,0,0,0,0,0
60476,1,1,0,0,0,0,0,0,0,0,0,0
60476,2,1,0,0,0,0,0,0,0,0,0,0
60477,1,1,19,19,19,19,19,19,19,19,19,19
60478,1,1,0,0,0,0,0,0,0,0,0,0
60478,2,1,0,0,0,5,0,0,0,0,0,0
60478,3,1,0,0,0,0,0,0,0,0,0,0
60479,1,1,0,0,0,0,0,0,0,0,0,0
60479,2,1,0,0,0,0,0,0,0,0,0,0
60480,1,1,0,0,0,0,0,0,0,0,0,0
60481,1,1,0,0,0,0,0,0,0,0,0,0
60481,2,1,0,0,0,0,0,0,0,0,0,0
60481,3,1,0,0,0,0,0,0,0,0,0,0
60481,4,1,0,0,0,0,0,0,0,0,0,0
60481,5,1,0,0,0,0,0,0,0,0,0,0
60481,6,1,0,0,0,0,0,0,0,0,0,0
60481,7,1,0,0,0,0,0,0,0,0,0,0
60482,1,1,20,20,20,20,20,20,20,20,20,20
60482,2,1,0,0,0,0,0,0,0,0,0,0
60483,1,1,0,0,0,0,0,0,0,0,0,0
60483,2,1,0,0,0,0,0,0,0,0,0,14
60484,1,1,0,0,0,0,0,0,0,0,0,0
60484,2,1,0,0,0,0,0,0,0,0,0,0
60485,1,1,0,0,17,0,5,0,0,15,0,0
60485,2,1,0,0,0,0,0,0,0,0,0,0
60486,1,1,0,0,0,0,30,20,25,0,0,0
60486,2,1,0,0,0,0,0,0,0,0,0,0
60487,1,1,0,0,0,0,0,0,0,0,0,0
60487,4,1,0,0,0,0,0,0,0,0,0,0
60488,1,1,0,0,10,0,0,0,3,0,0,0
60488,2,1,0,0,0,0,0,0,0,0,0,0
60489,1,1,0,0,0,0,0,0,0,0,0,0
60489,2,1,0,0,0,0,0,0,0,0,0,0
60490,1,1,8,8,8,8,8,8,8,8,8,8
60491,1,1,10,10,10,10,10,10,10,10,10,10
60491,2,1,0,0,0,0,0,0,0,26,4,0
60491,3,1,0,0,14,0,0,0,0,14,0,7
60492,0,1,0,0,0,0,0,0,0,0,0,0
60492,1,1,0,0,0,0,0,0,8,0,0,0
60493,0,1,0,0,0,0,0,0,0,0,0,0
60493,1,1,0,6,17,0,0,0,0,0,0,0
60493,2,1,0,0,0,17,0,0,0,0,0,7
60493,3,1,0,0,0,0,19,24,0,0,0,0
60494,0,1,23,23,23,23,23,23,23,23,23,23
60494,1,1,10,33,0,8,0,0,0,0,0,0
60495,1,1,0,0,0,0,0,0,0,0,0,0
60495,2,1,10,10,10,10,10,10,10,10,10,10
60496,1,1,23,23,23,23,23,23,23,23,23,23
60497,1,1,0,0,0,0,0,0,0,0,0,0
60497,2,1,0,0,0,0,0,0,0,0,0,0
60498,0,1,0,0,0,0,0,0,0,0,0,0
60498,1,1,0,0,0,0,0,0,0,0,0,0
60499,1,1,0,0,0,0,0,0,0,0,0,0
60500,0,1,24,24,24,24,24,24,24,24,24,24
60500,1,1,0,0,0,0,0,0,0,0,0,0
60501,1,1,9,9,9,9,9,9,9,9,9,9
60502,1,1,14,14,14,14,14,14,14,14,14,14
60503,1,1,0,0,0,0,0,0,23,0,0,0
60503,2,1,10,10,10,10,10,10,10,10,10,10
60504,1,1,0,0,0,0,0,0,0,0,0,0
60504,2,1,5,5,5,5,5,5,5,5,5,5
60505,0,1,0,0,0,0,0,0,0,0,0,0
60505,1,1,0,0,0,0,0,0,0,0,0,0
60506,1,1,0,0,0,0,0,0,0,0,0,0
60506,2,1,0,0,0,0,0,0,0,0,0,0
60507,0,1,0,0,0,0,0,0,0,0,0,0
60507,1,1,0,0,0,21,0,0,0,0,0,0
60507,2,1,0,0,0,0,0,0,0,0,0,0
60508,0,1,46,46,46,46,46,46,46,46,46,46
60508,1,1,0,0,0,0,0,0,0,0,0,0
60509,1,1,0,0,0,0,0,0,0,0,0,0
60509,2,1,0,0,0,0,23,0,0,0,0,0
60510,1,1,0,0,0,0,0,0,0,0,0,0
60511,0,1,0,0,0,0,0,0,0,0,0,0
60511,1,1,0,0,0,0,0,0,0,0,0,0
60512,1,1,0,0,0,0,0,0,0,0,0,0
60512,2,1,0,0,0,0,0,0,0,0,0,0
60512,3,1,0,0,0,0,0,0,0,0,0,0
60512,4,1,0,0,0,0,0,0,0,0,0,0
60512,5,1,0,0,0,0,0,0,0,0,0,0
60512,6,1,0,0,0,0,0,0,0,0,0,0
60512,7,1,0,0,0,0,0,0,11,0,0,0
60512,8,1,0,0,0,0,0,0,0,0,0,0
60513,1,1,0,0,0,0,0,0,0,0,0,0
60514,1,1,0,0,0,26,0,0,0,2,0,0
60515,1,1,0,0,0,0,0,0,0,0,0,0
60515,2,1,0,0,0,0,0,0,0,0,0,0
60516,0,1,0,0,0,0,0,0,0,0,0,0
60516,1,1,0,0,0,0,0,0,0,0,0,0
60517,0,1,0,0,0,0,0,0,0,0,0,0
60517,1,1,0,0,0,0,0,0,0,0,0,0
60518,1,1,12,13,10,0,0,0,0,0,0,0
60518,2,1,0,0,0,0,0,0,0,0,0,0
60519,1,1,0,0,0,0,0,0,0,0,0,0
60519,2,1,0,0,12,0,0,0,0,0,0,14
60520,1,1,12,12,12,12,12,12,12,12,12,12
60521,0,1,30,30,30,30,30,30,30,30,30,30
60521,1,1,0,0,0,0,0,0,0,0,0,0
60522,1,1,0,0,0,0,0,0,0,0,0,0
60523,1,1,0,11,0,0,0,0,0,0,12,0
60523,2,1,0,0,0,0,0,0,0,0,0,0
60524,1,1,20,20,20,20,20,20,20,20,20,20
60524,2,1,0,0,0,0,0,0,0,0,0,0
60525,1,1,0,0,0,0,0,0,0,0,0,0
60526,1,1,4,4,4,4,4,4,4,4,4,4
60527,1,1,0,0,0,0,0,0,0,0,0,0
60527,2,1,0,0,0,0,0,0,0,0,0,0
60528,1,1,0,0,0,0,0,0,0,0,0,0
60529,1,1,0,0,0,0,0,0,0,0,0,0
60529,2,1,0,0,0,0,0,0,27,0,0,0
60530,0,1,0,0,0,0,0,0,0,0,0,0
60530,1,1,0,11,16,0,0,0,28,0,0,16
60531,1,1,0,0,0,0,0,0,0,0,0,0
60531,2,1,0,0,0,0,0,0,0,0,13,0
60532,1,1,16,16,16,16,16,16,16,16,16,16
60533,1,1,30,30,30,30,30,30,30,30,30,30
60534,1,1,0,0,0,0,0,0,0,0,0,0
60534,2,1,0,0,0,0,0,0,0,0,0,0
60535,1,1,3,3,3,3,3,3,3,3,3,3
60536,1,1,0,0,0,0,0,0,0,0,0,0
60537,0,1,10,10,10,10,10,10,10,10,10,10
60537,1,1,0,0,0,0,0,0,0,0,0,0
60538,1,1,0,0,0,0,0,0,0,0,0,0
60539,1,1,20,20,20,20,20,20,20,20,20,20
60539,2,1,0,0,0,0,0,0,0,0,17,0
60540,1,1,22,22,22,22,22,22,22,22,22,22
60541,0,1,0,0,0,0,0,0,0,0,0,0
60541,1,1,0,0,13,0,0,7,0,0,0,0
60542,0,1,20,20,20,20,20,20,20,20,20,20
60542,1,1,33,11,17,9,6,12,31,3,22,24
60542,2,1,0,0,0,0,0,0,0,0,0,0
60543,1,1,0,0,0,0,0,0,0,0,0,0
60544,0,1,0,0,0,0,0,0,0,0,0,0
60544,1,1,0,0,9,0,0,4,0,0,0,0
60545,1,1,12,0,0,15,0,0,0,0,0,19
60546,1,1,20,20,20,20,20,20,20,20,20,20
60546,2,1,0,0,0,0,0,0,0,0,0,0
60547,1,1,0,0,0,0,0,0,0,0,0,0
60548,0,1,0,0,0,0,0,0,0,0,0,0
60548,1,1,0,0,0,0,0,0,0,0,0,0
60549,1,1,0,0,0,0,0,0,0,0,0,0
60550,1,1,0,0,0,0,0,0,0,0,0,0
60551,1,1,0,0,0,0,0,0,0,0,0,0
60551,2,1,0,0,16,0,0,0,0,0,0,0
60551,3,1,0,0,0,0,0,0,0,0,0,0
60552,1,1,0,0,0,0,0,0,0,0,0,0
60552,2,1,0,0,0,0,0,0,0,0,0,0
60553,1,1,18,18,18,18,18,18,18,18,18,18
60554,1,1,0,0,0,0,0,0,0,0,0,0
60554,2,1,0,0,0,0,0,0,0,0,0,0
60555,1,1,0,0,0,0,0,0,0,0,0,0
60556,1,1,0,0,0,0,0,0,0,0,0,0
60556,2,1,0,0,0,0,12,0,12,0,0,0
60557,1,1,22,22,22,22,22,22,22,22,22,22
60558,1,1,0,0,0,0,0,0,0,0,0,0
60558,2,1,0,0,0,0,0,0,0,0,0,0
60559,1,1,0,0,0,0,0,0,0,0,0,0
60560,1,1,19,19,19,19,19,19,19,19,19,19
60561,1,1,0,0,0,0,0,0,0,0,0,0
60561,2,1,0,0,0,0,0,0,0,0,0,0
60562,0,1,10,10,10,10,10,10,10,10,10,10
60562,1,1,0,0,0,0,0,0,0,0,0,0
60563,0,1,21,21,21,21,21,21,21,21,21,21
60563,1,1,14,0,0,0,25,0,0,0,0,0
60564,0,1,0,0,0,0,0,0,0,0,0,0
60564,1,1,0,0,0,0,0,0,0,0,0,0
60565,0,1,0,0,0,0,0,0,0,0,0,0
60565,1,1,0,0,0,0,0,0,0,0,0,0
60566,1,1,0,0,0,0,0,0,24,14,0,0
60566,2,1,0,0,0,0,0,0,0,0,0,0
60567,0,1,0,0,0,0,0,0,0,0,0,0
60567,1,1,0,19,0,0,0,4,0,12,17,5
60568,1,1,0,0,0,0,0,0,0,0,0,0
60568,2,1,0,0,0,0,0,0,0,0,0,0
60569,1,1,0,0,0,0,0,0,0,0,0,0