ST_CASE,VEH_NO,PER_NO,P1,P2,P3,P4,P5,P6,P7,P8,P9,P10
60903,0,1,23,23,23,23,23,23,23,23,23,23
60903,1,1,20,0,11,14,0,30,2,9,10,20
60904,1,1,3,3,3,3,3,3,3,3,3,3
60904,2,1,0,0,0,0,0,0,0,0,0,0
60905,1,1,0,0,0,0,0,0,0,0,0,0
60906,0,1,23,27,20,30,25,21,15,13,20,14
60906,1,1,0,0,0,14,0,0,0,0,0,0
60907,0,1,0,0,0,0,0,0,0,0,0,0
60907,1,1,0,0,0,0,0,0,0,0,0,0
60908,0,1,0,0,0,0,0,0,0,0,0,0
60908,1,1,0,0,0,0,0,0,0,0,0,0
60909,1,1,0,0,0,0,0,0,0,0,0,0
60909,2,1,0,0,0,0,0,0,0,0,0,0
60910,1,1,0,0,0,0,0,0,0,0,0,0
60910,2,1,0,0,0,0,0,0,0,0,0,0
60911,1,1,5,5,5,5,5,5,5,5,5,5
60912,0,1,0,0,0,0,0,0,0,0,0,0
60912,1,1,0,0,0,0,0,0,0,0,0,0
60913,1,1,0,0,0,0,0,0,0,0,0,0
60913,2,1,0,0,0,0,0,0,0,0,0,0
60914,1,1,28,28,28,28,28,28,28,28,28,28
60915,1,1,0,0,0,0,0,0,0,0,0,0
60915,2,1,0,0,15,0,0,0,0,0,0,0
60916,0,1,0,0,0,0,0,0,0,0,0,0
60916,1,1,0,0,0,0,0,0,0,0,0,0
60917,1,1,9,9,9,9,9,9,9,9,9,9
60917,2,1,0,0,0,0,0,0,0,0,0,0
60918,1,1,0,0,0,0,0,0,0,0,0,0
60918,2,1,0,0,0,0,0,0,0,0,0,0
60919,1,1,20,20,20,20,20,20,20,20,20,20
60919,2,1,0,0,0,0,0,0,0,0,0,0
60920,1,1,0,0,0,0,0,0,0,0,0,0
60921,0,1,0,0,0,0,0,0,0,0,0,0
60921,1,1,1,1,1,1,1,1,1,1,1,1
60922,0,1,0,0,0,0,0,0,0,0,0,0
60922,1,1,0,0,0,0,0,0,0,0,0,0
60923,0,1,4,4,4,4,4,4,4,4,4,4
60923,1,1,0,0,0,0,0,0,11,11,0,0
60924,0,1,18,18,18,18,18,18,18,18,18,18
60924,1,1,0,0,0,0,0,0,0,0,0,0
60925,0,1,0,0,0,0,0,0,0,0,0,0
60925,1,1,0,0,0,0,0,0,0,0,0,0
60926,0,1,27,27,27,27,27,27,27,27,27,27
60926,1,1,0,0,0,0,0,0,0,0,0,0
60927,1,1,10,10,10,10,10,10,10,10,10,10
60927,2,1,0,0,3,0,0,0,0,31,0,6
60928,1,1,0,0,0,0,0,0,0,0,0,0
60929,1,1,0,0,0,0,0,0,0,0,0,0
60929,2,1,0,0,0,0,0,0,0,0,0,0
60930,0,1,0,17,0,14,12,4,16,11,20,0
60930,1,1,0,0,0,0,0,0,0,0,0,0
60931,1,1,0,0,0,0,0,0,0,0,0,0
60932,1,1,0,0,0,0,0,0,0,0,0,0
60932,2,1,0,0,0,0,0,0,0,0,0,0
60932,3,1,0,0,0,10,0,0,0,0,0,0
60933,1,1,12,12,12,12,12,12,12,12,12,12
60933,2,1,0,0,0,0,0,0,0,0,0,0
60934,0,1,0,0,0,0,0,0,0,0,0,0
60934,1,1,0,0,0,0,0,0,0,0,0,12
60935,0,1,0,0,0,0,0,0,0,0,0,0
60935,1,1,0,0,0,0,0,0,0,0,20,0
60936,1,1,0,0,0,0,0,0,0,0,0,0
60936,2,1,0,22,0,0,0,0,0,0,0,0
60937,1,1,2,2,2,2,2,2,2,2,2,2
60937,2,1,17,17,17,17,17,17,17,17,17,17
60938,1,1,14,14,14,14,14,14,14,14,14,14
60938,2,1,0,0,0,0,0,0,0,0,0,0
60939,1,1,0,0,12,0,0,0,39,0,0,0
60939,2,1,17,17,17,17,17,17,17,17,17,17
60939,3,1,0,0,0,0,0,0,0,0,0,0
60940,1,1,9,9,9,9,9,9,9,9,9,9
60941,1,1,0,0,0,0,0,0,0,0,0,0
60941,2,1,0,0,0,0,0,0,0,0,0,0
60942,1,1,0,0,0,0,0,0,0,0,0,0
60942,2,1,0,0,0,0,0,0,0,0,0,0
60943,1,1,0,0,0,0,0,0,0,0,0,16
60943,2,1,0,0,0,0,0,0,0,0,0,0
60944,0,1,0,0,0,0,0,0,0,0,0,0
60944,1,1,0,0,0,0,0,0,0,0,0,0
60945,1,1,0,0,0,0,0,0,0,0,0,0
60945,2,1,0,0,0,0,0,0,0,0,0,0
60946,1,1,3,3,3,3,3,3,3,3,3,3
60946,2,1,0,0,0,0,0,0,0,0,0,0
60947,1,1,0,0,0,10,0,0,0,0,0,0
60947,2,1,0,0,0,0,0,0,0,0,0,0
60948,0,1,0,0,0,0,0,0,0,0,0,0
60948,1,1,0,0,0,0,0,0,0,0,0,0
60949,1,1,19,0,0,0,0,0,0,0,0,0
60949,2,1,0,0,0,0,0,0,64,0,0,0
60950,0,1,21,21,21,21,21,21,21,21,21,21
60950,1,1,0,0,0,0,0,0,0,0,0,0
60951,1,1,0,0,0,0,0,0,0,0,0,0
60951,2,1,0,0,0,0,0,0,0,0,0,0
60952,0,1,0,0,0,0,0,0,0,0,0,0
60952,1,1,0,8,14,0,0,0,0,0,0,0
60953,1,1,0,0,0,0,0,0,0,0,0,0
60954,0,1,0,0,0,0,0,0,0,0,0,0
60954,1,1,22,0,0,0,0,4,0,0,0,0
60955,1,1,25,25,25,25,25,25,25,25,25,25
60956,0,1,0,0,0,0,0,0,0,0,0,0
60956,0,2,0,14,0,27,0,0,0,0,27,0
60956,1,1,7,0,0,12,20,0,3,11,7,0
60957,1,1,11,11,11,11,11,11,11,11,11,11
60957,2,1,0,0,0,0,0,0,0,0,0,0
60958,0,1,0,0,0,0,0,0,0,0,0,0
60958,0,2,4,4,4,4,4,4,4,4,4,4
60958,0,3,0,0,0,0,0,0,0,0,0,0
60958,0,4,0,0,0,0,0,0,0,0,0,0
60958,1,1,14,14,14,14,14,14,14,14,14,14
60959,1,1,0,0,0,0,0,0,0,0,0,0
60959,2,1,0,0,0,0,0,0,0,0,0,0
60960,1,1,20,20,20,20,20,20,20,20,20,20
60961,0,1,0,0,0,0,0,0,0,0,0,0
60961,1,1,0,0,0,0,0,0,0,0,0,0
60962,0,1,0,0,0,0,0,0,0,0,0,0
60962,1,1,0,0,0,0,0,18,0,0,0,0
60963,1,1,0,0,0,0,0,0,0,0,0,0
60963,2,1,0,0,0,0,0,0,0,0,0,0
60963,3,1,0,0,0,0,0,0,0,0,0,0
60964,1,1,28,28,28,28,28,28,28,28,28,28
60964,2,1,2,2,2,2,2,2,2,2,2,2
60964,3,1,0,0,0,0,0,0,0,0,0,0
60965,0,1,0,0,0,0,0,0,0,0,0,0
60965,1,1,6,0,14,0,9,0,0,0,0,0
60966,1,1,0,0,0,0,0,0,0,0,0,0
60967,0,1,0,0,0,0,0,0,0,0,40,0
60967,1,1,0,0,0,0,0,0,0,0,26,0
60967,2,1,0,0,0,0,0,0,0,0,10,0
60968,1,1,0,0,0,0,0,0,0,0,0,0
60969,1,1,11,11,11,11,11,11,11,11,11,11
60969,2,1,0,0,0,0,0,0,0,0,0,0
60970,0,1,10,10,10,10,10,10,10,10,10,10
60970,0,2,0,0,0,9,34,0,0,20,0,0
60970,0,3,0,7,0,0,0,38,0,0,25,16
60970,0,4,12,12,12,12,12,12,12,12,12,12
60971,0,1,31,31,31,31,31,31,31,31,31,31
60971,1,1,0,0,0,0,0,0,0,0,0,0
60972,0,1,0,0,0,0,0,0,0,0,0,0
60972,0,2,0,0,0,0,0,0,0,0,0,0
60972,1,1,0,0,0,13,11,0,0,0,0,20
60972,2,1,0,0,0,14,0,0,0,0,0,0
60972,3,1,0,0,0,0,0,4,0,0,0,0
60973,0,1,0,0,0,0,0,0,0,15,0,0
60973,1,1,0,0,0,0,0,0,0,0,0,0
60974,1,1,0,0,0,0,0,0,0,0,0,0
60974,2,1,0,0,0,0,0,0,0,0,0,0
60974,3,1,0,27,0,0,0,0,14,0,0,0
60975,0,1,0,0,0,0,0,0,0,0,0,0
60975,1,1,0,0,29,0,0,0,0,0,0,0
60976,1,1,0,0,0,0,0,0,0,0,0,0
60976,2,1,0,0,0,0,0,0,0,0,0,0
60977,0,1,17,17,17,17,17,17,17,17,17,17
60977,1,1,0,0,11,0,0,0,5,0,14,0
60978,1,1,0,0,0,0,0,0,0,0,0,0
60978,2,1,0,0,0,0,0,0,0,0,0,0
60979,0,1,0,0,0,0,0,0,0,0,0,0
60979,1,1,0,6,12,10,0,0,0,0,0,14
60980,0,1,34,34,34,34,34,34,34,34,34,34
60980,1,1,0,12,0,0,8,5,5,0,2,0
60981,1,1,12,12,12,12,12,12,12,12,12,12
60982,1,1,0,0,0,0,0,0,0,0,0,0
60982,2,1,0,0,0,0,0,0,0,0,0,0
60983,1,1,0,0,0,0,0,0,0,0,0,0
60983,2,1,0,0,0,0,0,0,0,0,0,0
60984,1,1,0,0,0,0,0,0,0,0,0,0
60984,2,1,0,0,0,0,0,0,0,0,0,0
60984,4,1,0,0,0,0,0,0,0,0,0,0
60985,0,1,0,0,0,0,0,0,0,0,0,0
60985,1,1,0,0,0,0,0,0,0,0,0,0
60986,1,1,0,0,0,0,0,3,0,0,0,0
60986,2,1,0,0,0,0,0,0,0,0,0,0
60987,0,1,0,0,0,0,0,0,0,0,0,0
60987,1,1,0,0,0,0,0,0,0,0,0,0
60988,0,1,0,0,0,0,0,0,0,0,0,0
60988,1,1,0,0,0,0,0,0,0,0,0,0
60989,1,1,0,19,0,18,0,3,0,0,0,0
60989,2,1,0,0,0,0,0,0,0,0,0,0
60990,1,1,0,0,0,0,0,0,0,0,0,0
60990,2,1,0,0,14,20,0,11,0,0,0,36
60990,3,1,0,0,0,0,26,0,0,0,0,18
60991,0,1,0,0,0,0,0,0,0,0,0,0
60991,1,1,0,0,0,0,15,0,0,0,0,0
60991,2,1,0,0,0,0,0,0,0,0,0,0
60992,1,1,0,0,0,0,0,0,0,0,0,0
60992,2,1,0,0,0,0,0,0,0,0,0,0
60993,1,1,0,0,0,0,0,0,0,0,0,0
60993,2,1,0,0,0,0,0,0,0,0,0,0
60993,3,1,0,0,0,0,0,0,0,0,0,0
60994,0,1,0,0,0,0,0,0,0,0,0,0
60994,1,1,0,0,0,0,0,0,0,0,0,0
60995,1,1,0,0,0,0,0,0,0,0,0,0
60996,1,1,1,1,1,1,1,1,1,1,1,1
60996,2,1,0,0,0,0,0,0,0,0,0,0
60997,0,1,0,0,0,0,0,0,0,0,0,0
60997,1,1,0,0,0,0,0,0,0,6,0,0
60998,0,1,0,0,0,0,0,0,0,0,0,0
60998,1,1,12,0,0,0,0,0,0,0,18,0
60999,1,1,32,32,32,32,32,32,32,32,32,32
60999,2,1,0,0,0,0,0,0,0,0,0,0
60999,3,1,0,0,0,0,0,0,0,0,0,0
61000,0,1,0,0,0,0,0,0,0,0,0,0
61000,1,1,0,0,0,0,0,0,0,12,0,0
61001,1,1,0,0,0,0,0,0,0,0,0,0
61001,2,1,0,0,0,0,0,0,0,0,0,0
61001,3,1,0,0,0,0,0,0,0,0,0,0
61002,1,1,0,0,0,0,0,0,0,0,0,0
61002,2,1,0,0,0,0,26,0,19,0,0,0
61003,0,1,0,0,0,0,0,0,0,0,0,0
61003,1,1,0,0,0,0,0,0,0,0,0,0
61004,1,1,0,0,0,0,0,0,0,0,0,0
61004,2,1,0,0,0,0,0,0,0,0,0,0
61005,1,1,27,27,27,27,27,27,27,27,27,27
61005,2,1,0,0,0,0,0,0,0,0,0,0
61006,0,1,0,0,0,0,0,0,0,0,0,0
61006,1,1,0,0,0,0,0,0,0,0,0,0
61007,1,1,0,0,0,0,0,0,0,0,0,0
61007,2,1,0,0,0,0,0,0,0,0,0,0
61008,1,1,19,9,22,10,29,17,28,15,15,5
61008,2,1,5,5,5,5,5,5,5,5,5,5
61009,1,1,25,25,25,25,25,25,25,25,25,25
61009,2,1,0,0,0,0,0,0,0,0,0,0
61010,0,1,0,0,0,0,0,0,0,0,0,0
61010,1,1,0,33,9,11,0,0,0,0,22,0
61011,1,1,0,0,0,0,0,0,0,0,0,0
61011,2,1,0,0,0,0,0,0,0,0,0,0
61012,1,1,14,14,14,14,14,14,14,14,14,14
61012,2,1,17,10,13,12,12,7,19,16,8,18
61013,1,1,0,0,0,0,0,0,0,0,0,0
61013,2,1,0,0,0,0,0,0,0,0,0,0
61014,1,1,0,0,0,0,0,0,0,0,0,0
61015,0,1,0,0,0,0,0,0,0,24,10,31
61015,1,1,0,0,0,0,0,0,0,0,0,0
61016,1,1,0,6,0,0,0,0,0,0,0,0
61016,2,1,0,0,0,0,0,0,0,0,0,0
61017,0,1,0,0,0,0,0,0,0,0,0,0
61017,1,1,0,0,0,0,0,0,0,0,0,0
61018,1,1,4,4,4,4,4,4,4,4,4,4
61018,2,1,0,0,0,0,0,0,0,0,0,0
61019,0,1,1,1,1,1,1,1,1,1,1,1
61019,1,1,0,0,0,0,0,0,0,0,0,0
61020,1,1,0,0,0,0,0,0,21,0,0,0
61020,2,1,0,0,0,0,0,0,0,0,0,0
61020,3,1,0,0,16,0,0,0,0,0,0,0
61020,4,1,0,0,0,0,0,0,0,0,0,0
61020,5,1,0,0,0,0,0,0,0,0,0,13
61020,6,1,0,0,0,0,0,0,0,0,0,0
61021,1,1,16,16,16,16,16,16,16,16,16,16
61021,2,1,0,0,0,0,0,0,0,0,0,0
61022,0,1,0,0,0,0,0,0,0,0,0,0
61022,1,1,0,0,0,0,0,0,0,0,0,0
61023,1,1,0,0,0,0,0,0,0,0,0,0
61023,2,1,0,0,0,0,0,0,0,0,0,0
61024,1,1,0,0,0,0,0,0,0,0,0,0
61024,2,1,0,0,0,0,0,0,0,0,0,0
61025,1,1,8,8,8,8,8,8,8,8,8,8
61025,2,1,0,0,0,0,0,0,0,0,0,0
61026,1,1,0,0,0,0,0,0,0,0,0,0
61026,2,1,0,0,7,0,0,0,0,15,0,0
61027,1,1,0,0,0,0,0,0,0,0,0,0
61027,2,1,0,0,0,0,0,0,0,0,0,0
61028,0,1,0,0,0,0,0,0,0,0,0,0
61028,1,1,0,0,0,0,0,0,0,0,0,0
61029,1,1,0,0,0,0,0,0,0,0,0,0
61029,2,1,0,0,0,0,0,0,0,0,0,0
61030,1,1,0,0,0,0,0,0,0,0,0,0
61030,2,1,0,0,0,0,0,6,0,23,0,0
61031,1,1,0,0,0,0,0,0,0,0,0,0
61031,2,1,0,0,0,0,0,0,0,0,0,0
61032,0,1,0,0,0,0,0,0,0,0,0,0
61032,1,1,0,0,0,0,0,0,20,0,0,0
61033,1,1,0,0,0,0,0,0,5,0,0,0
61034,1,1,0,0,0,0,0,0,0,0,0,0
61035,1,1,3,3,3,3,3,3,3,3,3,3
61036,1,1,0,0,0,0,0,0,0,0,0,0
61036,2,1,17,0,0,0,0,0,0,0,0,0
61037,1,1,0,0,0,0,0,0,0,0,0,0
61037,2,1,0,0,0,0,0,0,0,0,0,0
61038,1,1,0,0,0,0,0,0,0,0,0,0
61038,2,1,0,0,0,0,0,0,0,0,0,0
61039,0,1,0,0,0,0,0,0,0,0,0,0
61039,1,1,11,0,0,19,0,0,11,0,0,0
61040,1,1,0,0,0,0,0,0,0,0,0,0
61040,2,1,0,0,0,0,0,0,0,0,0,0
61041,1,1,0,0,0,0,0,0,0,0,0,0
61041,2,1,0,0,0,0,0,0,0,0,0,0
61041,3,1,0,0,0,0,0,0,0,0,0,0
61042,1,1,13,0,0,24,0,0,0,0,0,0
61042,2,1,0,0,0,0,0,0,0,0,0,0
61043,1,1,0,0,33,0,0,0,0,0,0,0
61043,2,1,0,0,0,0,0,0,0,0,0,0
61044,1,1,17,17,17,17,17,17,17,17,17,17
61044,2,1,0,0,0,0,12,15,0,0,0,0
61045,0,1,0,0,23,0,0,0,0,0,0,0
61045,1,1,0,0,0,0,0,0,0,22,0,0
61046,1,1,0,0,0,0,0,0,0,0,0,0
61046,2,1,0,0,0,0,0,0,0,0,0,0
61047,1,1,18,0,0,22,0,17,0,0,0,0
61048,1,1,0,0,0,0,0,0,0,0,0,0
61048,2,1,0,0,0,0,0,0,0,0,0,0
61048,3,1,0,0,0,0,0,0,0,0,0,0
61048,4,1,0,0,0,0,0,20,0,0,0,0
61049,0,1,0,0,0,0,0,0,0,0,0,0
61049,1,1,2,2,2,2,2,2,2,2,2,2
61050,0,1,10,10,10,10,10,10,10,10,10,10
61050,1,1,0,0,0,0,8,0,0,0,0,0
61051,0,1,0,0,0,0,0,0,0,0,0,0
61051,1,1,0,0,0,11,5,0,0,0,0,0
61052,1,1,0,0,0,0,0,0,0,0,0,0
61052,2,1,0,0,0,0,0,0,0,0,0,0
61053,1,1,0,0,0,0,0,0,0,0,0,0
61053,2,1,0,0,0,0,0,0,0,0,0,0
61053,3,1,0,0,0,0,0,0,0,0,0,0
61053,4,1,0,0,0,0,0,0,0,0,0,0
61054,1,1,0,0,0,0,0,0,0,0,0,0
61054,2,1,0,0,0,0,0,0,0,0,0,0
61055,0,1,0,0,0,0,0,0,0,0,0,0
61055,1,1,0,0,28,0,0,0,0,16,0,0
61056,0,1,0,0,0,0,0,0,0,0,0,0
61056,1,1,2,2,2,2,2,2,2,2,2,2
61057,1,1,0,0,0,0,0,0,0,0,0,0
61057,2,1,0,0,0,0,0,0,0,0,0,0
61058,1,1,0,0,0,0,0,0,0,0,0,0
61058,2,1,0,0,0,0,0,0,0,0,0,0
61059,1,1,0,0,0,0,0,0,0,0,0,0
61059,2,1,0,0,0,0,0,0,0,0,0,0
61060,1,1,27,27,27,27,27,27,27,27,27,27
61060,2,1,0,0,0,0,0,0,0,0,0,0
61060,3,1,0,0,0,0,0,0,0,0,0,0
61061,0,1,0,0,0,0,0,0,0,0,0,0
61061,0,2,19,27,0,0,0,0,0,0,0,0
61061,1,1,17,17,17,17,17,17,17,17,17,17
61061,4,1,0,0,0,0,0,0,0,0,0,0
61061,5,1,0,0,0,0,0,0,0,0,0,0
61062,1,1,23,0,0,13,0,0,0,0,6,0
61062,2,1,0,0,0,0,0,0,0,0,0,0
61063,1,1,24,24,24,24,24,24,24,24,24,24
61063,2,1,0,0,0,0,0,0,0,0,8,0
61064,0,1,18,18,18,18,18,18,18,18,18,18
61064,1,1,0,0,0,0,0,0,0,0,0,0
61065,0,1,0,0,0,0,0,0,0,0,0,0
61065,1,1,0,0,0,2,0,0,0,0,0,0
61065,2,1,0,0,0,0,0,0,0,0,23,0
61066,1,1,0,0,0,0,0,0,0,0,0,0
61066,2,1,0,0,0,0,0,0,0,0,0,0
61067,1,1,0,0,0,0,0,0,0,0,0,0
61067,2,1,0,0,0,0,0,0,0,0,0,0
61067,3,1,0,0,0,0,0,0,0,0,0,0
61067,4,1,0,0,0,0,0,0,0,0,0,0
61068,1,1,0,0,0,0,0,0,0,0,0,0
61068,2,1,0,0,0,0,0,0,0,0,0,0
61068,3,1,0,0,0,0,0,0,0,0,0,0
61069,0,1,0,0,0,0,0,0,0,0,0,0
61069,1,1,0,0,0,0,0,0,0,0,0,0
61070,1,1,0,0,0,0,0,0,0,0,0,0
61070,2,1,0,0,0,0,0,0,0,0,0,0
61070,3,1,0,0,0,0,0,0,0,0,0,0
61070,4,1,0,0,0,0,0,9,0,0,0,0
61070,5,1,0,0,0,0,0,0,0,0,0,0
61071,0,1,0,0,0,0,0,0,0,0,0,0
61071,1,1,0,0,0,0,0,0,0,0,0,0
61072,0,1,0,0,0,0,0,0,0,0,0,0
61072,1,1,0,0,0,0,0,0,0,0,0,0
61073,1,1,51,12,13,16,14,10,5,25,18,12
61073,2,1,17,17,17,17,17,17,17,17,17,17
61074,1,1,13,13,13,13,13,13,13,13,13,13
61075,1,1,0,0,0,0,0,0,0,0,0,0
61075,2,1,0,0,0,0,0,0,0,0,0,0
61076,1,1,0,0,0,0,0,0,0,0,0,0
61076,2,1,0,0,0,0,0,0,0,0,0,0
61077,0,1,14,14,14,14,14,14,14,14,14,14
61077,1,1,0,0,0,0,22,0,0,0,0,0
61078,1,1,1,1,1,1,1,1,1,1,1,1
61078,2,1,0,0,0,0,0,0,0,0,0,0
61078,3,1,0,0,0,0,10,19,0,0,0,0
61079,1,1,0,0,0,0,0,0,0,0,0,0
61079,2,1,0,0,0,0,0,0,0,0,0,0
61079,3,1,0,0,0,0,0,0,0,0,0,0
61080,1,1,0,0,0,0,0,0,0,0,0,0
61081,1,1,23,9,0,0,25,13,0,0,0,0
61082,0,1,0,0,0,0,0,0,0,0,0,0
61082,1,1,0,0,0,0,0,0,0,0,0,19
61083,0,1,0,0,0,0,0,0,0,0,0,0
61083,1,1,0,0,0,0,0,0,0,0,0,0
61084,0,1,0,0,0,0,0,0,0,0,0,0
61084,1,1,0,0,0,10,0,0,19,19,0,0
61085,1,1,5,7,10,22,19,19,12,16,17,8
61086,1,1,10,14,0,20,17,19,16,4,27,26
61086,2,1,0,0,0,0,0,0,0,0,0,0
61087,0,1,35,7,0,31,0,0,0,0,0,22
61087,1,1,0,0,0,0,0,0,0,0,0,0
61088,1,1,0,0,0,0,0,0,0,0,0,0
61089,1,1,0,0,0,0,0,0,0,0,14,0
61089,2,1,0,0,0,0,0,0,0,21,0,0
61089,3,1,0,0,0,0,0,0,0,0,0,0
61090,1,1,0,0,0,0,0,0,0,0,0,0
61090,2,1,0,0,0,0,0,0,0,0,0,0
61091,1,1,14,14,14,14,14,14,14,14,14,14
61092,0,1,0,0,0,0,0,0,0,0,0,0
61092,1,1,0,7,0,0,2,0,9,0,0,0
61093,1,1,0,0,0,0,0,0,0,0,0,0
61093,2,1,13,15,0,12,0,0,0,0,0,0
61094,0,1,12,0,0,15,0,0,0,0,13,22
61094,1,1,0,0,0,0,0,0,0,0,0,0
61095,1,1,7,12,0,0,0,0,0,0,0,0
61095,2,1,0,0,0,0,0,17,0,0,0,0
61096,1,1,0,0,0,0,0,0,0,0,0,0
61097,0,1,0,0,0,0,0,0,0,0,0,0
61097,1,1,0,0,37,0,0,0,0,0,0,0
61098,1,1,33,33,33,33,33,33,33,33,33,33
61099,1,1,0,0,0,0,0,0,0,0,0,0
61099,2,1,15,0,0,0,0,0,0,0,0,0
61100,0,1,0,0,0,0,0,0,0,0,0,0
61100,1,1,0,0,0,0,0,0,0,0,0,0
61101,1,1,0,0,0,0,0,0,0,0,0,0
61101,2,1,0,0,0,0,0,0,0,0,0,0
61102,0,1,0,0,0,0,0,0,0,0,0,0
61102,1,1,18,0,0,0,0,5,0,0,0,0
61103,0,1,0,0,0,0,0,0,0,0,0,0
61103,0,2,0,17,0,16,0,32,0,0,0,0
61103,1,1,23,0,0,0,0,0,0,0,22,0
61104,0,1,0,0,0,0,0,0,0,0,0,0
61104,1,1,0,0,0,0,0,0,0,0,0,0
61105,1,1,0,0,0,0,0,0,0,0,0,0
61106,1,1,7,0,0,0,0,0,0,0,0,0
61106,2,1,14,0,10,0,34,0,8,0,0,11
61107,0,1,0,0,0,0,0,0,0,0,0,0
61107,1,1,0,0,0,0,0,0,0,0,0,0
61108,0,1,0,0,0,0,0,0,0,0,0,0
61108,1,1,0,0,0,0,0,0,5,10,0,0
61109,0,1,0,0,0,0,0,0,0,0,0,0
61109,1,1,0,0,0,0,0,0,0,0,0,0
61110,1,1,32,32,32,32,32,32,32,32,32,32
61111,1,1,0,0,0,0,0,0,0,0,0,0
61111,2,1,0,0,0,0,0,0,0,0,0,0
61112,1,1,0,0,0,0,0,0,0,0,0,0
61113,0,1,0,0,0,0,19,0,14,13,16,0
61113,1,1,0,0,0,0,0,0,0,0,0,0
61114,0,1,0,0,0,0,0,0,0,0,0,0
61114,1,1,0,0,0,0,0,0,0,0,0,0
61115,1,1,0,0,0,0,0,0,0,0,0,0
61115,2,1,0,0,0,0,0,0,0,0,0,0
61116,1,1,0,0,0,0,0,0,0,0,0,0
61117,1,1,0,0,0,0,0,0,0,0,0,0
61117,2,1,0,0,0,0,0,0,0,0,0,0
61117,3,1,0,0,0,0,0,0,0,0,0,0
61118,1,1,0,0,0,0,0,0,0,0,0,0
61119,1,1,1,1,1,1,1,1,1,1,1,1
61120,1,1,0,0,0,0,0,0,0,0,0,0
61120,2,1,0,0,0,0,0,0,0,0,0,0
61121,1,1,0,0,0,0,0,0,0,0,0,0
61122,0,1,20,41,0,0,0,0,0,0,0,0
61122,1,1,7,7,7,7,7,7,7,7,7,7
61123,1,1,22,0,0,0,0,0,0,0,0,0
61124,0,1,0,0,0,0,0,0,0,0,0,0
61124,1,1,0,0,0,0,0,0,0,22,0,0
61125,1,1,0,0,0,0,0,0,0,0,0,0
61126,1,1,0,0,0,0,0,0,0,0,0,0
61127,1,1,0,0,0,0,0,0,0,0,6,0
61128,0,1,0,0,0,0,0,0,0,0,0,0
61128,1,1,0,0,0,0,0,0,0,0,0,0
61128,2,1,0,0,0,11,0,4,12,0,0,0
61129,1,1,0,0,0,0,0,0,0,0,0,0
61130,1,1,0,0,0,0,0,0,0,0,0,0
61130,2,1,0,0,0,0,0,0,0,0,0,0
61131,1,1,0,0,0,0,0,0,0,0,0,0
61131,2,1,0,0,0,0,0,0,0,0,0,0
61132,1,1,0,0,0,0,0,0,0,0,0,0
61133,0,1,0,0,0,0,0,0,0,0,0,0
61133,1,1,0,0,17,0,0,9,13,0,6,11
61134,1,1,10,10,10,10,10,10,10,10,10,10
61134,2,1,0,0,0,0,0,0,0,0,0,0
61134,3,1,0,0,0,0,0,0,0,0,0,0
61135,0,1,0,0,0,0,0,0,0,0,0,0
61135,1,1,0,0,0,0,0,0,0,0,0,0
61136,0,1,22,22,22,22,22,22,22,22,22,22
61136,1,1,0,0,0,0,0,0,0,0,0,0
61137,1,1,0,0,0,0,0,0,0,0,0,0
61138,0,1,17,17,17,17,17,17,17,17,17,17
61138,1,1,5,10,35,0,0,0,23,0,15,0
61139,1,1,0,0,0,0,0,0,0,0,0,0
61139,2,1,0,0,0,0,14,0,0,0,0,0
61140,1,1,4,4,4,4,4,4,4,4,4,4
61141,0,1,0,0,0,0,0,0,0,0,0,0
61141,1,1,0,0,0,0,0,0,0,0,0,0
61142,1,1,0,0,0,0,0,0,0,11,0,0
61143,1,1,0,0,0,0,0,0,0,0,0,0
61143,2,1,0,0,0,0,0,0,0,0,0,0
61144,1,1,0,0,0,0,0,0,0,0,0,0
61144,2,1,0,0,0,0,0,0,0,0,0,0
61144,3,1,0,0,0,0,0,0,0,0,0,0
61145,0,1,25,25,25,25,25,25,25,25,25,25
61145,1,1,0,0,0,0,0,13,0,10,14,12
61146,1,1,23,19,0,14,0,10,6,13,0,0
61147,0,1,0,0,0,0,0,0,0,0,0,0
61147,1,1,9,26,0,0,0,0,0,12,0,6
61148,1,1,10,10,10,10,10,10,10,10,10,10
61148,2,1,0,0,0,19,0,0,0,0,0,0
61149,1,1,15,15,15,15,15,15,15,15,15,15
61150,1,1,0,19,0,0,0,0,31,0,0,0
61150,2,1,16,29,19,34,19,21,22,7,20,20
61151,1,1,0,0,0,0,0,0,0,0,0,0
61152,1,1,0,0,0,0,0,0,0,0,0,0
61152,2,1,0,0,0,0,0,0,0,38,0,0
61153,1,1,0,0,0,0,0,0,0,0,0,0
61154,1,1,15,0,6,0,18,0,0,0,11,3
61155,1,1,14,14,14,14,14,14,14,14,14,14
61155,2,1,0,0,0,0,0,0,0,8,0,0
61156,0,1,0,0,0,0,0,0,0,33,0,0
61156,1,1,0,0,0,0,0,0,0,0,0,0
61157,1,1,0,0,0,0,0,0,0,0,0,0
61157,2,1,0,0,0,0,0,0,0,0,0,0
61158,1,1,0,0,0,0,0,0,0,0,0,0
61159,0,1,0,0,0,0,0,0,0,0,0,0
61159,1,1,0,0,0,0,0,0,0,0,0,0
61160,1,1,0,0,0,0,0,37,0,0,0,0
61160,2,1,0,6,0,0,0,0,0,0,0,0
61161,1,1,16,16,16,16,16,16,16,16,16,16
61162,1,1,11,11,11,11,11,11,11,11,11,11
61163,1,1,20,20,20,20,20,20,20,20,20,20
61163,2,1,0,0,0,0,0,0,0,0,0,5
61164,0,1,0,0,0,0,0,0,0,0,0,0
61164,1,1,0,0,0,11,0,0,0,0,0,0
61165,1,1,14,14,14,14,14,14,14,14,14,14
61166,1,1,17,17,17,17,17,17,17,17,17,17
61166,2,1,0,0,0,0,0,0,0,0,0,0
61166,3,1,0,0,0,0,0,0,0,0,0,0
61166,4,1,0,0,0,0,0,0,0,0,0,0
61166,5,1,0,0,0,14,0,0,0,0,0,0