ST_CASE,VEH_NO,PER_NO,P1,P2,P3,P4,P5,P6,P7,P8,P9,P10
61166,6,1,0,0,0,0,0,0,0,0,0,15
61167,1,1,0,0,0,0,0,0,0,0,0,0
61167,2,1,0,0,0,0,0,0,0,0,0,0
61168,1,1,0,0,0,0,7,0,0,0,0,0
61168,2,1,0,0,0,0,0,0,0,0,0,0
61169,1,1,0,0,0,0,0,0,0,0,0,0
61170,1,1,0,0,0,0,0,0,0,0,0,0
61170,2,1,0,0,0,0,0,0,0,0,0,0
61171,1,1,0,0,0,0,0,0,0,0,0,0
61172,0,1,0,0,0,0,0,0,0,0,0,0
61172,1,1,0,0,0,0,0,0,0,4,0,0
61173,1,1,6,12,0,11,0,6,0,0,8,11
61174,1,1,0,0,0,0,0,0,0,0,0,0
61174,2,1,0,0,15,2,0,0,6,0,0,0
61175,0,1,15,15,15,15,15,15,15,15,15,15
61175,1,1,0,0,0,0,0,0,0,0,0,0
61176,0,1,0,0,0,0,0,0,0,0,0,0
61176,1,1,0,0,0,0,0,0,0,0,0,0
61177,1,1,0,0,0,16,0,0,0,0,0,0
61177,2,1,0,0,0,0,0,0,0,0,0,20
61178,0,1,0,0,0,0,0,0,0,0,0,0
61178,1,1,10,3,23,0,0,0,0,0,0,25
61179,0,1,4,4,4,4,4,4,4,4,4,4
61179,1,1,0,0,0,0,0,0,0,0,0,0
61180,1,1,0,0,0,0,0,0,0,0,0,0
61181,1,1,0,0,0,0,0,0,0,0,0,0
61182,1,1,0,0,0,0,0,0,0,0,0,0
61182,2,1,0,0,0,0,0,0,0,0,0,0
61182,3,1,0,0,0,0,0,0,0,0,0,0
61183,0,1,0,0,0,0,0,0,0,0,0,0
61183,1,1,0,0,0,0,15,12,0,0,0,0
61184,0,1,0,0,0,0,0,0,0,0,0,0
61184,1,1,0,0,0,0,0,0,0,0,0,0
61185,0,1,0,0,0,0,0,0,0,0,0,0
61185,1,1,0,4,0,12,0,0,0,0,17,0
61186,1,1,0,0,0,0,0,0,0,0,0,0
61187,1,1,0,0,0,0,0,0,0,0,0,0
61187,2,1,0,0,0,0,0,0,0,0,0,0
61188,1,1,0,0,0,0,0,0,0,0,0,0
61188,2,1,0,0,8,0,0,0,0,0,0,0
61189,0,1,0,0,0,0,0,0,0,0,0,0
61189,1,1,0,11,0,12,0,0,0,0,0,0
61190,1,1,4,4,4,4,4,4,4,4,4,4
61190,2,1,0,0,0,0,0,0,0,0,0,0
61190,3,1,0,0,0,0,0,0,0,0,0,0
61190,4,1,0,0,0,0,0,0,0,0,0,0
61191,1,1,21,21,21,21,21,21,21,21,21,21
61191,2,1,24,24,24,24,24,24,24,24,24,24
61192,0,1,0,0,0,0,0,0,0,0,0,23
61192,1,1,0,0,0,0,0,0,0,0,0,0
61193,1,1,0,0,0,0,0,0,0,0,0,0
61193,2,1,0,0,0,0,0,0,0,0,0,0
61194,1,1,0,0,0,0,0,0,0,0,0,0
61194,2,1,0,0,0,0,0,0,0,0,0,0
61195,1,1,0,0,0,0,0,0,6,0,0,0
61195,2,1,0,0,20,0,0,0,0,0,0,0
61196,1,1,14,0,0,0,0,0,20,0,37,0
61197,1,1,0,0,9,0,0,0,0,0,0,0
61198,0,1,0,0,0,0,0,0,0,0,0,0
61198,1,1,0,0,0,0,0,0,0,0,0,0
61199,1,1,0,0,0,0,0,0,0,0,0,0
61199,2,1,0,0,0,0,0,0,0,0,0,0
61200,1,1,8,0,0,0,0,0,0,0,0,0
61201,1,1,0,0,0,0,0,0,0,0,0,0
61201,2,1,0,0,9,0,0,0,0,0,0,0
61202,1,1,0,0,0,0,0,0,0,0,0,0
61203,1,1,4,4,4,4,4,4,4,4,4,4
61203,2,1,0,0,0,0,0,0,0,0,0,0
61204,1,1,16,16,16,16,16,16,16,16,16,16
61204,2,1,0,0,0,0,0,0,0,0,0,0
61205,1,1,0,0,0,0,0,0,0,0,0,0
61206,1,1,0,0,0,0,0,0,0,0,0,0
61206,2,1,0,0,0,0,0,0,0,0,0,0
61207,1,1,2,2,2,2,2,2,2,2,2,2
61207,2,1,0,0,0,0,0,0,0,0,0,0
61208,0,1,14,14,14,14,14,14,14,14,14,14
61208,1,1,20,5,4,13,24,8,16,0,11,21
61209,1,1,0,0,0,0,0,0,0,0,0,0
61209,2,1,0,0,0,0,0,0,0,0,0,0
61210,0,1,0,0,0,0,0,0,0,0,0,0
61210,1,1,0,0,15,0,0,0,0,0,0,0
61211,1,1,23,23,23,23,23,23,23,23,23,23
61212,1,1,16,16,16,16,16,16,16,16,16,16
61212,2,1,0,0,0,0,0,0,0,0,0,0
61213,1,1,8,8,8,8,8,8,8,8,8,8
61214,1,1,11,17,23,15,23,5,15,5,15,7
61215,1,1,14,14,14,14,14,14,14,14,14,14
61216,0,1,1,1,1,1,1,1,1,1,1,1
61216,1,1,0,0,0,0,0,0,0,0,0,0
61217,1,1,0,0,0,0,0,0,0,0,0,0
61217,2,1,0,0,12,0,0,5,0,0,0,0
61218,1,1,26,18,8,24,8,6,19,17,10,22
61219,0,1,0,0,0,0,0,0,0,0,0,0
61219,1,1,0,0,0,0,0,0,0,0,0,0
61220,1,1,0,0,0,0,0,0,0,0,0,0
61220,2,1,31,0,19,20,22,16,14,20,20,24
61221,0,1,6,0,0,22,32,15,0,0,0,0
61221,1,1,0,0,0,0,0,0,0,0,2,0
61222,1,1,0,0,0,0,0,0,0,0,0,0
61223,1,1,0,0,0,0,0,0,0,0,0,0
61223,2,1,0,0,0,0,0,0,0,0,0,0
61224,0,1,0,0,0,0,0,0,0,0,0,0
61224,1,1,0,0,2,0,0,0,19,0,0,0
61225,0,1,44,0,0,0,0,0,0,0,14,0
61225,1,1,0,0,0,0,0,0,0,0,14,0
61226,1,1,0,0,0,0,0,0,0,0,0,0
61226,2,1,0,0,0,0,0,0,0,0,0,0
61227,0,1,5,27,0,0,0,0,0,0,19,8
61227,1,1,0,0,0,0,0,0,0,0,0,0
61228,1,1,0,0,0,0,0,0,0,0,0,0
61228,2,1,0,0,0,0,0,0,0,0,0,0
61229,1,1,0,0,0,0,0,0,0,0,0,0
61230,1,1,0,0,0,0,0,0,0,0,0,0
61230,2,1,0,0,0,0,0,0,0,0,0,0
61231,1,1,6,6,6,6,6,6,6,6,6,6
61231,2,1,1,1,1,1,1,1,1,1,1,1
61232,1,1,0,0,0,0,0,0,0,0,0,0
61232,2,1,25,25,25,25,25,25,25,25,25,25
61233,1,1,24,24,24,24,24,24,24,24,24,24
61234,0,1,16,16,16,16,16,16,16,16,16,16
61234,1,1,0,0,0,0,0,0,0,0,0,0
61235,0,1,5,0,0,0,0,0,0,0,10,29
61235,0,2,0,0,0,0,0,0,0,0,0,0
61235,1,1,0,0,0,0,0,0,0,0,0,0
61236,0,1,28,29,40,29,29,28,2,26,0,0
61236,1,1,17,17,17,17,17,17,17,17,17,17
61237,0,1,0,0,0,0,0,0,0,0,0,0
61237,1,1,0,0,0,0,0,0,0,0,0,0
61238,1,1,0,0,0,0,0,0,0,0,0,0
61238,2,1,0,0,0,0,0,0,0,0,0,0
61238,3,1,0,0,0,0,0,0,0,0,0,0
61239,1,1,0,0,0,0,0,0,0,0,0,0
61239,2,1,0,0,0,0,0,0,0,0,0,0
61240,1,1,0,0,0,0,0,0,0,0,0,0
61241,1,1,0,0,0,0,0,0,0,0,0,0
61241,2,1,8,0,0,0,0,0,0,0,0,0
61242,1,1,0,0,0,0,0,0,0,0,0,0
61242,2,1,0,0,0,0,0,0,0,0,0,0
61243,0,1,0,0,0,26,0,39,0,0,0,0
61243,1,1,0,0,0,0,0,0,0,0,0,0
61244,1,1,0,0,18,0,0,0,0,0,0,0
61244,2,1,0,0,0,0,0,0,0,0,0,0
61245,1,1,0,0,0,0,0,0,0,0,0,0
61246,1,1,29,29,29,29,29,29,29,29,29,29
61246,2,1,26,26,26,26,26,26,26,26,26,26
61247,1,1,16,16,16,16,16,16,16,16,16,16
61248,1,1,23,23,23,23,23,23,23,23,23,23
61248,2,1,0,0,0,0,0,0,0,0,0,0
61249,0,1,0,0,0,0,0,0,0,0,0,0
61249,1,1,0,14,0,0,0,0,0,0,0,0
61250,1,1,0,0,0,0,0,0,0,0,0,0
61250,2,1,0,0,0,0,0,0,0,0,0,0
61251,0,1,0,0,0,0,0,0,0,0,0,0
61251,1,1,0,0,0,0,0,0,0,0,0,0
61252,1,1,0,0,0,0,0,0,0,0,0,0
61252,2,1,31,0,0,0,0,18,0,0,8,0
61253,1,1,12,12,12,12,12,12,12,12,12,12
61254,0,1,0,0,0,0,0,0,0,0,0,0
61254,1,1,11,0,10,0,0,0,0,0,3,0
61255,1,1,0,0,0,0,0,0,0,0,0,0
61255,2,1,0,0,0,0,0,0,0,0,0,0
61256,1,1,0,0,0,0,0,0,0,0,0,0
61256,2,1,0,0,0,0,0,0,0,0,0,0
61257,1,1,0,0,0,11,31,0,9,0,0,0
61258,1,1,0,0,0,0,0,0,0,0,0,0
61258,2,1,0,0,0,0,0,0,0,0,0,0
61259,0,1,0,0,0,0,0,0,0,0,0,0
61259,1,1,0,0,0,0,0,0,0,0,0,0
61260,1,1,0,0,0,0,0,0,0,0,12,0
61261,0,1,12,12,12,12,12,12,12,12,12,12
61261,1,1,0,0,0,0,0,0,0,0,0,0
61262,1,1,0,0,0,0,0,0,0,0,19,0
61262,2,1,0,0,0,0,0,0,0,0,0,0
61263,0,1,0,0,0,0,0,0,0,0,0,0
61263,1,1,17,9,12,8,10,11,0,6,6,16
61264,1,1,21,0,0,0,0,17,0,0,7,21
61264,2,1,0,0,0,0,0,0,0,0,0,0
61264,3,1,0,0,0,0,0,0,0,0,0,0
61265,1,1,13,13,13,13,13,13,13,13,13,13
61265,2,1,2,2,2,2,2,2,2,2,2,2
61266,1,1,0,0,0,0,0,0,0,0,0,0
61266,2,1,0,0,0,0,0,0,0,0,0,0
61267,1,1,0,0,19,0,0,0,0,0,0,0
61268,1,1,0,0,0,0,0,0,0,0,0,0
61268,2,1,0,0,0,0,0,0,0,0,20,0
61268,3,1,0,0,0,0,0,0,0,0,0,0
61269,1,1,32,32,32,32,32,32,32,32,32,32
61269,2,1,0,0,0,0,0,0,0,0,0,0
61270,1,1,0,0,20,0,0,8,0,16,11,0
61271,1,1,0,0,0,0,0,0,0,11,0,0
61271,2,1,0,0,0,0,0,0,0,0,0,0
61272,1,1,21,21,21,21,21,21,21,21,21,21
61272,2,1,0,0,0,0,0,0,0,0,0,0
61273,0,1,0,0,0,0,0,0,0,0,29,0
61273,1,1,0,0,0,17,0,0,0,5,15,3
61274,1,1,0,0,0,0,0,0,0,0,0,0
61275,1,1,0,0,0,0,0,0,0,0,0,0
61276,1,1,13,13,13,13,13,13,13,13,13,13
61277,1,1,14,14,14,14,14,14,14,14,14,14
61277,2,1,0,0,0,0,0,0,0,0,0,0
61278,1,2,23,8,21,23,16,2,4,6,14,19
61278,2,1,15,28,9,10,15,17,20,13,6,22
61279,1,1,0,0,0,0,0,0,0,0,0,0
61280,1,1,0,9,15,13,0,9,17,9,3,24
61281,1,1,18,15,11,13,10,13,8,3,0,18
61281,2,1,0,0,0,0,0,21,0,0,0,0
61282,0,1,0,0,0,0,0,0,0,0,0,0
61282,1,1,0,0,0,0,0,0,0,0,0,0
61283,1,1,16,17,20,12,20,27,9,8,16,19
61284,1,1,0,0,0,0,0,0,0,0,0,0
61285,1,1,16,16,16,16,16,16,16,16,16,16
61286,1,1,0,0,0,0,0,0,0,0,0,0
61286,2,1,0,0,0,0,0,0,0,0,0,0
61286,3,1,0,0,0,0,0,0,15,0,0,0
61287,1,1,0,0,0,0,0,0,0,0,0,0
61287,2,1,0,0,0,0,0,0,0,0,0,0
61288,1,1,22,22,22,22,22,22,22,22,22,22
61289,0,1,0,0,0,0,0,0,0,0,0,0
61289,1,1,0,0,0,0,0,0,0,0,0,0
61290,1,1,0,0,0,0,0,0,0,0,0,0
61290,2,1,0,0,0,0,0,0,0,0,0,0
61291,1,1,0,0,0,0,0,0,0,0,0,0
61292,1,1,0,0,0,0,0,0,0,0,0,0
61293,1,1,0,0,0,0,0,0,0,0,0,0
61294,0,1,3,3,3,3,3,3,3,3,3,3
61294,1,1,0,0,3,0,0,7,3,0,9,0
61295,1,1,0,0,0,0,0,0,0,0,0,0
61295,2,1,0,0,0,0,0,0,0,0,0,0
61296,1,1,28,28,28,28,28,28,28,28,28,28
61297,1,1,13,13,13,13,13,13,13,13,13,13
61298,1,1,5,0,0,0,0,0,0,16,4,0
61298,2,1,0,0,0,0,0,0,0,0,0,0
61298,3,1,0,0,0,0,0,0,0,0,0,0
61299,1,1,0,0,0,0,0,0,0,0,0,0
61299,2,1,0,0,0,0,0,0,0,0,0,0
61300,1,1,10,10,10,10,10,10,10,10,10,10
61301,1,1,16,16,16,16,16,16,16,16,16,16
61301,2,1,0,0,0,0,0,0,0,0,0,0
61302,1,1,0,0,0,0,0,0,0,0,0,0
61303,0,1,21,21,21,21,21,21,21,21,21,21
61303,1,1,0,0,0,0,0,0,0,0,0,0
61304,1,1,0,0,0,0,0,0,0,0,0,0
61304,2,1,0,0,0,0,0,0,0,0,0,0
61305,0,1,0,0,0,0,0,0,0,0,0,0
61305,1,1,0,0,0,0,0,0,0,0,0,0
61306,0,1,0,0,0,0,0,0,0,0,0,0
61306,1,1,0,0,0,0,0,0,0,0,0,0
61306,2,1,0,0,0,0,0,0,0,0,0,0
61307,0,1,0,0,0,0,0,0,0,0,0,0
61307,1,1,0,0,0,0,0,0,0,0,0,0
61308,1,1,0,0,0,0,0,0,0,0,0,0
61308,2,1,0,0,0,0,0,0,0,0,0,0
61309,1,1,21,21,21,21,21,21,21,21,21,21
61310,1,1,4,4,4,4,4,4,4,4,4,4
61310,2,1,0,0,0,0,0,0,0,0,0,0
61311,1,1,2,2,2,2,2,2,2,2,2,2
61312,0,1,29,21,13,2,26,24,5,15,7,12
61312,1,1,0,0,11,0,0,0,0,0,0,0
61313,1,1,0,0,0,0,0,0,0,0,0,0
61313,2,1,0,0,0,0,0,24,0,0,0,0
61314,0,1,0,0,0,0,0,0,0,0,0,0
61314,1,1,0,0,0,0,0,0,0,0,0,0
61315,1,1,21,21,21,21,21,21,21,21,21,21
61316,1,1,0,0,0,0,0,0,0,11,0,0
61317,1,1,5,5,5,5,5,5,5,5,5,5
61318,1,1,0,0,0,0,0,0,0,0,0,0
61318,2,1,0,0,0,0,0,0,0,0,0,0
61319,1,1,6,6,6,6,6,6,6,6,6,6
61319,2,1,5,0,0,0,0,0,0,0,0,7
61320,1,1,0,0,0,0,0,0,0,0,0,0
61321,1,1,21,21,21,21,21,21,21,21,21,21
61322,1,1,0,0,0,0,0,0,0,0,0,0
61322,2,1,0,0,0,0,0,0,0,0,0,0
61323,1,1,0,0,0,0,0,0,0,0,0,0
61323,2,1,0,0,0,0,0,0,0,0,0,0
61324,0,1,1,1,1,1,1,1,1,1,1,1
61324,1,1,0,0,0,0,0,0,0,0,0,0
61325,0,1,0,0,0,0,0,0,0,0,0,0
61325,1,1,0,0,0,0,0,0,0,0,0,0
61325,2,1,0,23,0,0,0,18,0,0,0,0
61326,1,1,26,26,26,26,26,26,26,26,26,26
61327,1,1,0,0,0,0,24,0,0,0,0,0
61327,2,1,33,33,33,33,33,33,33,33,33,33
61328,1,1,0,13,0,0,0,0,0,0,0,6
61329,0,1,0,0,0,0,0,0,0,0,0,0
61329,1,1,0,0,0,0,0,0,0,0,0,0
61330,0,1,0,0,0,0,0,0,0,0,0,0
61330,1,1,0,0,0,0,0,0,0,0,0,0
61331,1,1,13,13,13,13,13,13,13,13,13,13
61332,1,1,0,0,0,0,0,0,0,0,0,0
61333,0,1,0,0,0,0,0,0,0,0,0,0
61333,1,1,0,0,0,7,0,0,0,0,0,0
61334,1,1,15,15,15,15,15,15,15,15,15,15
61335,0,1,0,0,0,0,0,0,0,0,0,0
61335,1,1,0,11,0,0,0,0,0,13,0,0
61336,1,1,0,0,0,0,0,22,0,0,0,0
61336,2,1,0,0,0,0,0,0,0,0,0,0
61337,1,1,24,24,24,24,24,24,24,24,24,24
61338,1,1,0,0,0,0,0,0,0,0,0,0
61339,1,1,0,0,0,0,0,0,0,0,0,0
61340,1,1,0,0,0,0,0,0,0,0,0,0
61340,2,1,0,0,0,0,0,0,0,0,0,0
61340,3,1,0,0,0,0,0,0,0,0,0,0
61341,1,1,0,0,0,0,0,0,0,0,0,0
61342,0,1,0,0,0,0,0,0,0,0,0,0
61342,1,1,15,0,0,0,0,0,0,0,0,27
61343,1,1,0,0,0,0,0,0,0,0,0,0
61343,2,1,0,0,0,0,0,0,0,0,0,0
61344,0,1,0,0,0,0,0,0,0,0,0,0
61344,1,1,0,0,0,0,0,0,0,0,0,0
61345,1,1,0,0,0,0,0,0,0,0,0,0
61345,2,1,0,0,0,0,0,0,0,0,0,0
61345,3,1,0,0,0,0,0,0,0,0,0,0
61345,4,1,0,0,0,0,0,0,0,0,0,0
61346,1,1,0,0,0,0,0,0,0,0,0,0
61346,2,1,0,0,0,0,0,0,0,0,0,0
61346,3,1,0,0,0,11,0,0,0,0,0,0
61346,4,1,0,0,0,0,0,0,0,9,0,0
61346,5,1,0,0,0,0,0,0,0,0,0,0
61347,0,1,0,0,0,0,0,0,0,0,0,0
61348,1,1,0,0,0,0,0,0,0,0,0,0
61348,2,1,0,0,24,0,0,0,0,5,0,0
61348,3,1,21,0,0,0,0,0,0,0,0,0
61349,0,1,7,0,0,0,0,0,0,0,0,20
61349,0,2,0,0,0,0,0,0,0,0,0,0
61349,0,3,0,0,0,0,0,0,0,0,0,0
61349,0,4,0,0,0,0,0,0,0,0,0,24
61349,0,5,0,0,0,0,0,0,0,0,0,0
61349,0,6,0,0,0,0,0,0,0,0,20,0
61349,1,1,0,0,0,0,0,0,0,0,0,0
61350,1,1,16,16,16,16,16,16,16,16,16,16
61350,2,1,0,0,0,0,0,0,0,0,0,0
61350,3,1,0,0,0,0,0,0,0,20,8,0
61351,0,1,0,0,0,0,0,0,0,0,0,0
61351,1,1,0,0,0,0,0,0,0,0,0,0
61352,0,1,2,2,2,2,2,2,2,2,2,2
61352,1,1,0,0,17,0,22,0,0,0,0,0
61353,1,1,0,0,0,0,0,0,0,0,0,0
61353,2,1,0,0,0,0,0,0,0,0,0,0
61353,3,1,0,0,0,0,0,0,0,0,0,0
61353,4,1,0,0,0,12,0,0,0,0,0,0
61354,1,1,0,0,0,0,0,0,0,0,0,0
61354,2,1,0,0,0,0,0,0,0,0,0,25
61355,1,1,0,0,0,0,0,0,0,0,0,0
61356,0,1,0,10,34,0,0,43,10,0,15,0
61356,1,1,0,0,0,0,0,0,0,0,0,0
61357,1,1,16,16,16,16,16,16,16,16,16,16
61358,1,1,0,0,0,0,0,0,0,0,0,0
61359,0,1,0,0,0,0,0,0,0,0,0,0
61359,1,1,0,0,0,0,0,0,0,0,0,0
61360,1,1,6,0,2,0,0,0,16,2,0,12
61360,2,1,23,23,23,23,23,23,23,23,23,23
61361,0,1,0,0,0,0,0,0,0,0,0,0
61361,1,1,0,0,0,0,0,0,0,0,0,0
61362,1,1,0,0,0,0,0,0,0,0,0,0
61362,2,1,0,0,0,0,0,0,0,0,0,0
61363,1,1,0,0,0,0,0,0,0,0,0,0
61364,1,1,0,0,0,0,0,0,0,0,0,0
61364,2,1,0,0,0,0,0,0,0,0,0,0
61365,0,1,0,0,0,0,0,0,0,0,0,0
61365,1,1,0,0,0,0,0,0,5,0,0,0
61366,1,1,20,20,20,20,20,20,20,20,20,20
61366,2,1,0,0,0,0,0,0,0,0,0,0
61367,1,1,0,0,0,0,0,0,0,0,0,0
61367,2,1,0,0,0,0,0,0,0,0,0,0
61368,1,1,26,26,26,26,26,26,26,26,26,26
61368,2,1,0,0,0,0,0,0,0,0,0,0
61369,1,1,9,16,27,18,13,13,20,7,18,16
61370,1,1,24,13,28,15,12,0,7,36,28,34
61370,2,1,0,0,0,0,0,0,0,0,0,0
61371,1,1,0,0,0,0,0,0,0,0,0,0
61371,2,1,0,0,0,0,0,0,0,0,0,0
61372,1,1,0,0,0,0,0,0,0,0,0,0
61372,2,1,0,0,0,0,0,0,0,0,0,0
61373,1,1,0,0,0,0,0,0,0,0,0,0
61374,1,1,0,0,0,0,0,0,0,0,0,0
61375,0,1,0,0,0,0,0,0,0,0,0,0
61375,1,1,0,0,0,0,0,0,0,0,0,0
61376,1,1,0,16,0,3,0,0,0,0,0,0
61377,0,1,30,30,30,30,30,30,30,30,30,30
61377,1,1,0,0,0,0,0,0,0,0,0,0
61378,1,1,0,0,0,0,0,0,1,0,0,0
61378,2,1,0,0,0,0,0,0,0,0,0,0
61379,1,1,0,0,0,0,0,0,0,0,0,0
61379,2,1,0,0,0,0,0,0,0,0,0,0
61380,1,1,0,0,0,0,24,10,0,0,32,0
61381,0,1,0,0,0,0,0,0,0,0,0,0
61381,1,1,0,0,0,0,0,0,0,0,0,0
61382,1,1,15,9,0,20,8,5,24,16,5,0
61383,1,1,0,0,0,0,0,0,0,0,0,0
61384,0,1,43,43,43,43,43,43,43,43,43,43
61384,1,1,7,7,7,7,7,7,7,7,7,7
61385,1,1,0,0,0,0,0,0,0,0,0,0
61385,2,1,0,0,0,0,0,0,0,0,0,0
61385,3,1,0,0,0,0,0,0,0,0,0,0
61386,1,1,0,0,0,0,0,0,0,0,0,0
61386,2,1,0,0,0,7,0,0,0,0,0,0
61387,0,1,0,0,0,0,0,0,0,0,0,0
61387,1,1,0,0,0,6,0,0,0,0,0,34
61388,1,1,19,19,19,19,19,19,19,19,19,19
61388,2,1,8,0,0,0,0,0,7,0,0,0
61389,1,1,10,10,10,10,10,10,10,10,10,10
61389,2,1,0,19,27,20,0,0,18,0,0,0
61390,1,1,0,0,0,0,0,0,0,0,0,0
61390,2,1,0,0,0,0,0,0,0,0,0,0
61390,3,1,0,0,0,16,0,0,0,0,0,0
61391,1,1,18,18,18,18,18,18,18,18,18,18
61392,1,1,16,0,0,15,0,0,0,0,0,0
61392,2,1,0,0,0,0,0,0,0,0,0,0
61392,3,1,0,10,0,0,0,0,0,0,0,0
61393,1,1,0,0,0,0,0,0,0,6,0,0
61393,2,1,21,15,0,0,0,0,19,0,0,0
61394,1,1,4,4,4,4,4,4,4,4,4,4
61395,1,1,0,0,0,0,0,0,0,0,0,0
61396,0,1,20,20,20,20,20,20,20,20,20,20
61396,1,1,0,0,0,28,0,0,0,0,0,0
61397,1,1,0,0,0,0,0,0,0,0,0,0
61397,2,1,0,0,0,0,0,0,0,0,0,0
61398,1,1,0,0,0,0,0,0,0,0,0,0
61399,1,1,8,8,8,8,8,8,8,8,8,8
61400,1,1,0,0,0,0,0,0,0,0,0,0
61401,1,1,0,0,0,0,0,0,0,0,0,0
61402,1,1,1,1,1,1,1,1,1,1,1,1
61403,1,1,22,22,22,22,22,22,22,22,22,22
61404,1,1,22,22,22,22,22,22,22,22,22,22
61405,1,1,18,18,18,18,18,18,18,18,18,18
61406,1,1,0,0,0,0,0,0,0,0,0,0
61407,1,1,0,0,0,0,0,0,0,0,0,0
61408,1,1,0,0,0,0,0,0,0,0,0,0
61409,1,1,10,10,10,10,10,10,10,10,10,10
61410,1,1,2,2,2,2,2,2,2,2,2,2
61411,1,1,0,0,0,0,0,0,0,0,0,0
61412,1,1,4,4,4,4,4,4,4,4,4,4
61413,1,1,0,0,0,0,0,0,0,0,0,0
61414,1,1,48,48,48,48,48,48,48,48,48,48
61415,1,1,18,18,18,18,18,18,18,18,18,18
61416,0,1,0,0,0,0,0,0,0,0,0,0
61416,1,1,0,14,4,0,0,0,0,13,11,0
61417,1,1,0,0,0,0,0,0,0,0,0,0
61418,1,1,19,19,19,19,19,19,19,19,19,19
61418,2,1,24,0,0,0,18,17,0,0,0,0
61419,0,1,3,3,3,3,3,3,3,3,3,3
61419,1,1,7,0,0,0,0,0,0,0,0,0
61419,2,1,0,0,0,0,0,0,0,0,0,0
61420,1,1,0,0,0,0,0,0,0,0,0,0
61420,2,1,0,0,0,0,0,0,0,0,0,0
61421,2,1,0,0,0,0,0,0,0,0,0,0
61422,0,1,0,0,0,0,0,0,0,0,0,0
61422,1,1,13,13,13,13,13,13,13,13,13,13
61423,1,1,0,0,0,0,0,0,0,0,0,0
61423,2,1,12,12,12,12,12,12,12,12,12,12
61423,3,1,0,0,0,0,0,0,0,0,0,8
61424,1,1,39,39,39,39,39,39,39,39,39,39
61424,2,1,0,0,0,0,0,0,0,0,16,0
61425,0,1,26,26,26,26,26,26,26,26,26,26
61425,1,1,24,20,0,0,0,0,0,0,2,0
61426,0,1,0,0,0,0,0,0,0,0,0,0
61426,1,1,0,0,0,0,0,0,0,0,0,0
61426,2,1,18,0,38,0,0,14,11,0,0,0
61426,3,1,8,0,23,9,0,23,0,0,0,0
61427,0,1,0,0,0,0,0,0,0,0,0,0
61427,1,1,0,0,0,0,0,0,0,0,0,0
61428,1,1,0,0,0,0,0,0,0,0,0,0
61429,1,1,0,0,0,0,0,0,0,0,0,0
61429,2,1,0,0,0,0,0,0,0,0,0,0
61429,3,1,0,0,0,0,0,0,0,0,0,0
61430,1,1,0,0,0,0,0,0,0,0,0,0
61431,1,1,13,13,13,13,13,13,13,13,13,13
61432,1,1,0,0,0,0,0,0,0,0,0,0
61432,2,1,0,0,0,0,0,0,0,0,0,0
61433,1,1,0,0,0,0,0,0,0,0,0,0
61433,2,1,0,0,0,0,0,0,0,0,0,0
61434,0,1,0,0,0,0,0,0,0,0,0,0
61434,1,1,0,0,0,0,0,0,0,0,0,0
61435,1,1,0,0,0,0,0,0,0,0,0,0
61435,2,1,0,0,0,0,0,0,0,0,0,0
61436,1,1,0,0,0,0,0,0,0,0,0,0
61436,2,1,0,20,0,16,0,0,13,0,0,0
61436,3,1,0,0,0,0,0,0,0,0,0,0
61437,0,1,0,0,0,0,0,0,0,0,0,0
61437,1,1,0,0,0,0,0,0,0,0,0,0
61438,1,1,10,10,10,10,10,10,10,10,10,10
61439,0,1,0,0,0,0,0,0,0,0,0,0
61439,1,1,0,0,0,0,0,0,0,0,0,0
61439,2,1,0,6,0,0,0,0,11,0,0,0
61440,1,1,0,0,0,0,0,0,0,14,0,0
61440,2,1,0,0,0,0,0,0,0,0,0,0
61441,1,1,0,0,0,0,0,0,0,0,0,0
61441,2,1,0,0,0,0,0,0,0,0,0,0
61442,1,1,0,0,0,0,0,0,0,0,0,0
61442,2,1,0,0,0,0,0,0,0,0,0,0
61443,1,1,0,0,17,6,0,0,13,0,0,0
61444,0,1,0,0,0,0,0,0,0,0,0,0
61444,1,1,11,0,0,0,0,0,0,0,0,0
61445,0,1,0,0,0,0,0,0,0,0,0,0
61445,1,1,0,0,0,0,0,0,0,5,0,0
61446,1,1,16,16,16,16,16,16,16,16,16,16
61446,2,1,0,0,0,0,0,0,0,0,0,0
61446,3,1,0,0,0,0,0,0,0,0,0,0
61447,0,1,0,0,0,0,0,0,0,0,0,0
61447,1,1,0,0,0,0,0,0,0,0,0,0
61448,1,1,0,0,0,0,0,0,0,0,0,0
61449,0,1,0,0,0,0,0,0,0,0,0,0
61449,1,1,0,14,0,0,0,0,0,0,0,0
61450,1,1,0,0,0,0,0,0,0,0,0,0
61450,2,1,0,0,0,0,0,0,0,0,0,0
61450,3,1,0,0,0,0,0,0,0,0,0,0
61451,1,1,0,0,0,0,0,0,0,0,0,0
61451,2,1,0,0,0,0,0,0,0,0,0,0
61451,3,1,0,0,0,0,0,0,0,0,0,0
61452,1,1,0,0,0,0,0,0,0,0,0,0
61453,1,1,6,6,6,6,6,6,6,6,6,6
61453,2,1,0,0,0,0,0,0,0,0,0,0
61454,0,1,0,0,0,0,0,0,0,0,0,0
61454,1,1,0,0,0,0,0,0,0,0,0,0
61455,1,1,0,0,0,0,0,0,0,0,0,0
61455,2,1,0,0,0,0,0,0,0,0,0,0
61456,1,1,0,0,0,0,0,0,0,0,0,0
61456,2,1,0,0,0,0,0,0,0,0,0,0
61457,1,1,0,0,0,0,0,0,0,0,0,0
61457,2,1,0,0,0,0,0,0,0,0,0,0
61458,0,1,14,14,14,14,14,14,14,14,14,14
61458,1,1,0,0,0,0,0,0,0,0,0,0