ST_CASE,VEH_NO,PER_NO,P1,P2,P3,P4,P5,P6,P7,P8,P9,P10
61458,2,1,0,0,0,0,0,0,0,0,0,0
61459,1,1,8,8,8,8,8,8,8,8,8,8
61459,2,1,0,0,0,0,0,0,0,0,0,0
61460,1,1,0,0,0,0,0,0,0,0,0,0
61460,2,1,0,0,0,11,0,0,6,0,0,0
61461,0,1,0,0,0,0,0,0,0,0,0,0
61461,1,1,0,0,0,0,0,0,0,0,0,0
61462,1,1,0,0,0,0,0,0,0,0,0,0
61462,2,1,21,21,21,21,21,21,21,21,21,21
61462,3,1,0,0,0,0,0,0,0,0,0,0
61463,1,1,0,0,0,0,0,0,0,0,0,0
61463,2,1,0,0,0,0,0,0,0,0,0,13
61464,1,1,0,33,20,19,21,0,23,28,0,19
61464,2,1,0,0,0,0,0,4,0,0,0,0
61465,1,1,0,0,0,0,0,0,0,0,0,0
61465,2,1,0,31,0,0,0,0,0,0,0,0
61466,1,1,0,0,0,0,0,0,0,18,0,0
61467,1,1,0,0,0,0,0,0,0,0,0,0
61467,2,1,12,12,12,12,12,12,12,12,12,12
61468,1,1,0,0,0,0,0,0,0,0,0,0
61468,2,1,0,0,0,0,0,0,0,0,0,0
61468,3,1,0,0,0,0,0,0,0,0,0,0
61469,1,1,0,0,0,0,0,0,0,0,0,0
61469,2,1,0,0,0,0,0,0,0,0,0,0
61469,3,1,0,0,0,0,0,0,0,0,0,0
61470,1,1,16,12,9,20,14,7,0,21,10,8
61471,0,1,17,17,17,17,17,17,17,17,17,17
61471,1,1,0,0,0,0,0,0,0,0,0,0
61472,0,1,0,0,0,0,0,0,0,0,0,0
61472,1,1,18,18,18,18,18,18,18,18,18,18
61473,1,1,9,5,8,0,14,29,13,12,9,17
61473,2,1,0,0,0,0,0,0,0,0,0,0
61474,1,1,0,0,0,0,0,0,0,0,0,0
61474,2,1,0,0,0,0,0,0,0,0,0,0
61475,1,1,0,0,0,0,0,0,0,0,0,0
61475,2,1,0,0,0,0,0,0,0,0,0,0
61476,1,1,17,17,17,17,17,17,17,17,17,17
61477,0,1,22,19,0,0,36,8,0,13,0,0
61477,1,1,13,0,0,0,0,0,0,19,0,0
61478,1,1,13,13,13,13,13,13,13,13,13,13
61478,2,1,0,0,0,0,0,0,0,0,0,0
61479,1,1,0,17,0,0,0,0,0,0,0,0
61479,2,1,0,0,0,0,0,0,0,0,0,0
61480,0,1,25,25,25,25,25,25,25,25,25,25
61480,1,1,6,6,6,6,6,6,6,6,6,6
61481,0,1,3,3,3,3,3,3,3,3,3,3
61481,1,1,12,0,0,0,0,7,0,0,4,0
61482,0,1,0,0,0,0,0,0,0,0,0,14
61482,1,1,0,0,0,0,0,0,0,0,0,0
61483,1,1,0,0,0,0,0,0,0,0,0,0
61484,1,1,0,0,0,0,0,0,0,0,0,0
61484,2,1,0,0,0,0,0,0,0,0,0,0
61484,3,1,0,0,0,0,0,0,0,0,0,0
61484,4,1,0,0,0,0,0,0,0,0,0,0
61485,0,1,20,20,20,20,20,20,20,20,20,20
61485,1,1,0,0,0,0,0,0,0,22,0,0
61486,0,1,0,0,0,0,0,0,0,0,0,0
61486,1,1,0,0,0,0,17,0,0,0,0,0
61487,1,1,0,0,0,0,0,0,5,0,0,0
61487,2,1,0,0,0,0,0,0,0,0,0,0
61488,0,1,0,0,0,0,0,0,0,0,5,0
61488,1,1,0,0,0,0,0,0,0,0,0,0
61489,0,1,0,0,0,0,0,0,0,0,0,0
61489,1,1,0,0,13,0,0,15,0,23,0,0
61490,1,1,0,0,0,0,0,0,0,0,0,0
61490,2,1,0,0,0,0,0,0,0,0,0,0
61491,0,1,8,8,8,8,8,8,8,8,8,8
61491,1,1,0,0,7,0,0,10,0,0,0,0
61492,1,1,0,0,0,0,0,0,0,0,0,0
61492,2,1,0,0,0,0,0,0,0,0,0,0
61493,1,1,0,0,0,0,0,0,0,0,0,0
61494,0,1,0,0,0,0,0,36,0,0,0,0
61494,1,1,12,12,12,12,12,12,12,12,12,12
61495,1,1,0,0,0,0,0,0,0,0,0,0
61495,2,1,0,0,0,0,0,0,0,0,0,0
61496,0,1,0,0,0,0,0,0,0,0,0,0
61496,1,1,0,7,0,0,4,0,0,0,13,0
61496,2,1,0,0,0,0,0,0,0,0,0,0
61496,3,1,0,0,0,0,0,0,0,0,0,0
61497,1,1,0,0,0,0,0,0,0,0,0,0
61497,2,1,0,0,0,0,0,0,0,0,0,0
61498,0,1,23,23,23,23,23,23,23,23,23,23
61498,1,1,0,0,0,0,0,0,0,0,0,0
61499,0,1,0,0,0,0,0,0,0,0,0,0
61499,1,1,11,0,0,0,0,0,0,0,0,0
61500,0,1,0,0,32,28,3,0,16,0,0,0
61500,1,1,0,0,0,0,0,0,0,0,0,0
61500,2,1,0,20,0,11,0,12,0,11,11,0
61501,1,1,0,0,0,0,0,0,0,0,0,0
61502,1,1,0,0,0,0,0,0,0,0,0,0
61502,2,1,0,0,0,0,0,0,0,0,0,0
61502,3,1,0,0,0,0,0,0,0,0,0,0
61502,4,1,0,0,0,0,0,0,0,0,0,0
61502,5,1,0,0,0,0,0,0,0,0,0,0
61503,0,1,0,0,0,0,0,0,0,0,0,0
61503,0,2,0,0,0,0,0,0,0,0,0,0
61503,1,1,0,0,0,0,0,0,0,0,0,0
61504,0,1,0,0,0,0,0,0,0,0,0,0
61504,1,1,0,0,0,0,0,0,0,0,12,10
61505,0,1,0,0,0,0,0,0,0,0,0,0
61505,1,1,0,0,0,0,0,0,0,0,0,0
61506,0,1,0,0,0,0,0,0,0,0,0,0
61506,1,1,11,0,0,18,17,0,21,9,0,0
61507,1,1,0,0,0,0,0,0,0,0,0,0
61507,2,1,0,0,0,0,0,0,0,0,0,0
61507,3,1,0,0,0,0,0,0,0,0,0,0
61508,0,1,0,0,0,0,0,13,18,0,25,0
61508,1,1,13,9,12,0,0,21,0,0,0,0
61509,2,1,7,7,7,7,7,7,7,7,7,7
61510,1,1,0,0,0,0,0,0,0,0,0,0
61510,2,1,0,0,0,0,0,0,0,0,0,0
61511,1,1,0,0,0,0,0,0,0,0,0,0
61511,2,1,0,0,0,0,0,0,0,0,0,0
61512,0,1,0,0,0,0,0,0,0,0,0,0
61512,1,1,0,0,0,0,0,0,0,18,0,8
61513,1,1,0,0,0,0,0,0,0,0,0,0
61513,2,1,0,0,0,0,0,0,0,0,0,25
61514,0,1,0,0,0,0,0,0,0,0,0,0
61514,1,1,0,0,0,0,38,9,0,0,15,0
61514,2,1,0,0,0,0,0,0,0,0,0,0
61514,3,1,9,0,0,0,2,0,0,0,0,0
61514,4,1,0,0,18,21,0,16,0,0,0,11
61515,0,1,0,0,0,0,0,0,0,0,0,0
61515,1,1,0,0,0,0,0,0,0,0,0,0
61516,0,1,0,0,0,29,0,0,0,12,0,0
61516,1,1,0,18,0,0,0,0,0,0,0,0
61517,1,1,0,0,0,0,0,0,0,0,0,0
61518,1,1,0,0,0,0,0,0,0,0,0,0
61519,1,1,0,0,0,0,0,0,0,0,0,0
61519,2,1,0,0,0,0,0,0,0,0,0,0
61520,1,1,0,0,0,0,0,0,0,0,0,0
61520,2,1,0,0,0,0,0,0,0,0,0,0
61521,1,1,0,0,0,0,0,0,0,0,0,0
61522,1,1,28,0,0,0,0,15,0,19,0,0
61523,1,1,0,0,0,0,0,0,0,0,0,0
61523,2,1,0,0,0,0,0,0,0,0,0,0
61524,1,1,0,0,0,0,0,0,0,0,0,0
61524,2,1,0,0,0,0,0,0,0,0,0,0
61524,3,1,0,0,0,0,0,0,0,0,0,0
61524,4,1,0,0,0,0,0,0,0,0,0,0
61525,1,1,0,0,0,0,0,0,0,13,0,0
61525,2,1,0,0,0,0,0,0,0,0,0,0
61526,1,1,0,0,0,0,0,0,0,0,0,0
61527,0,1,0,0,0,0,0,0,0,0,0,0
61527,1,1,0,0,0,0,0,0,0,0,0,0
61528,0,1,0,0,0,0,0,0,0,0,0,0
61528,1,1,0,0,0,0,0,0,0,0,0,0
61529,1,1,0,0,0,0,0,0,0,0,0,0
61529,2,1,0,0,0,0,0,0,0,0,0,0
61530,1,1,0,0,0,0,0,0,0,0,0,0
61530,2,1,0,0,0,0,0,10,0,0,0,0
61531,0,1,0,0,0,0,0,0,0,0,0,0
61531,1,1,0,0,0,7,0,6,0,0,0,0
61532,1,1,0,9,0,0,0,0,0,9,0,0
61532,2,1,0,0,0,0,0,0,0,0,0,0
61533,1,1,0,0,0,32,0,0,0,0,0,0
61534,0,1,0,0,0,0,0,0,0,0,0,0
61534,1,1,0,0,10,0,0,0,0,0,19,11
61535,0,1,2,2,2,2,2,2,2,2,2,2
61535,1,1,0,7,15,0,33,0,0,0,0,0
61536,1,1,0,0,0,0,0,0,0,0,0,0
61537,1,1,0,0,0,8,0,0,0,0,27,0
61537,2,1,0,0,0,0,0,0,0,0,0,0
61537,3,1,0,0,0,0,0,0,0,0,0,0
61537,4,1,0,0,0,0,0,0,0,0,0,0
61537,5,1,0,0,0,0,0,0,0,0,0,0
61538,0,1,33,20,24,12,21,22,23,25,25,12
61538,1,1,20,0,0,0,0,0,0,15,0,0
61539,1,1,0,0,0,0,0,0,0,0,0,0
61539,2,1,0,0,0,0,0,0,0,0,0,0
61540,1,1,48,48,48,48,48,48,48,48,48,48
61540,2,1,0,0,0,0,0,0,0,0,0,0
61541,0,1,2,2,2,2,2,2,2,2,2,2
61541,1,1,13,0,0,0,0,0,14,0,0,0
61541,2,1,0,0,0,0,0,0,0,22,0,0
61542,1,1,3,3,3,3,3,3,3,3,3,3
61542,2,1,0,0,0,0,0,0,0,0,0,0
61543,0,1,0,0,0,0,0,0,0,0,0,0
61543,1,1,27,27,27,27,27,27,27,27,27,27
61544,1,1,29,29,29,29,29,29,29,29,29,29
61544,2,1,0,0,0,0,0,0,0,0,0,18
61545,1,1,0,0,0,0,0,0,0,0,0,0
61545,2,1,0,0,0,0,0,0,0,0,0,0
61546,1,1,0,0,0,0,0,0,0,0,0,0
61546,2,1,0,0,0,0,7,20,0,0,0,0
61547,1,1,8,8,8,8,8,8,8,8,8,8
61547,2,1,0,0,0,0,0,0,0,11,0,12
61548,1,1,0,0,0,0,0,0,0,0,0,0
61548,2,1,0,0,0,0,0,0,0,0,0,0
61549,1,1,0,0,0,0,0,0,0,0,0,0
61550,0,1,13,13,13,13,13,13,13,13,13,13
61550,1,1,0,0,0,0,23,0,0,0,17,0
61550,2,1,0,22,0,0,0,0,0,0,0,0
61551,1,1,0,0,0,0,0,0,0,0,0,0
61551,2,1,0,0,0,0,0,0,0,0,0,0
61552,1,1,0,0,0,0,0,0,0,0,0,0
61553,0,1,0,0,0,0,0,0,0,0,0,0
61553,1,1,0,0,0,0,0,0,0,0,0,0
61554,0,1,0,0,0,0,0,0,0,0,0,0
61554,1,1,0,0,0,0,0,0,0,0,0,0
61554,2,1,0,0,0,0,0,0,0,0,0,0
61555,1,1,0,0,0,0,0,0,0,0,0,0
61555,2,1,0,0,0,0,0,0,0,0,0,0
61556,1,1,0,0,0,0,0,0,0,0,0,0
61556,2,1,0,0,0,0,0,0,0,0,0,0
61557,1,1,0,0,0,0,0,0,0,0,0,0
61557,2,1,0,0,0,0,0,0,0,0,0,0
61558,0,1,0,0,0,0,0,0,0,0,0,0
61558,1,1,0,5,0,0,0,0,0,0,0,0
61559,1,1,1,1,1,1,1,1,1,1,1,1
61560,1,1,26,26,26,26,26,26,26,26,26,26
61560,2,1,0,0,0,0,0,0,0,0,0,0
61561,1,1,0,0,0,0,0,0,0,0,0,0
61561,2,1,0,0,0,0,0,0,0,0,0,0
61562,0,1,15,15,15,15,15,15,15,15,15,15
61562,1,1,0,0,0,15,0,0,0,0,0,0
61563,1,1,0,0,0,0,0,0,0,0,0,0
61564,1,1,0,0,0,0,0,0,0,0,0,0
61564,2,1,0,0,0,0,0,0,0,0,0,0
61564,3,1,0,0,0,0,0,0,0,0,0,0
61565,1,1,0,0,0,0,0,0,0,0,0,0
61565,2,1,0,0,0,0,0,0,0,0,0,0
61566,1,1,0,0,0,0,0,0,0,0,0,0
61566,2,1,0,0,0,0,0,0,19,0,0,0
61566,3,1,0,22,0,0,0,0,0,0,0,0
61567,0,1,25,25,25,25,25,25,25,25,25,25
61567,1,1,0,0,0,0,16,0,0,0,0,0
61568,1,1,0,0,0,0,0,0,0,0,0,0
61568,2,1,0,0,0,0,0,0,0,0,0,0
61568,3,1,0,0,0,0,0,0,0,0,0,0
61569,0,1,0,0,0,0,0,0,0,0,0,0
61569,1,1,26,26,26,26,26,26,26,26,26,26
61570,1,1,0,0,0,0,0,0,0,0,0,0
61570,2,1,0,0,0,0,0,0,0,0,0,0
61571,1,1,0,0,0,0,0,0,0,0,0,0
61571,2,1,0,0,0,0,0,0,0,0,0,0
61572,1,1,0,0,0,0,0,0,0,0,0,0
61572,2,1,0,0,0,19,16,0,0,0,0,0
61573,0,1,0,0,0,0,0,0,0,0,0,0
61573,1,1,0,12,0,0,0,0,0,0,23,0
61574,1,1,0,0,0,0,0,0,0,0,0,0
61574,2,1,0,0,0,0,0,0,0,0,0,0
61575,1,1,0,0,0,0,0,0,0,0,0,0
61575,2,1,0,0,0,0,0,0,0,0,9,0
61576,1,1,0,0,0,0,0,0,0,0,0,0
61576,2,1,0,19,0,0,0,0,0,0,0,0
61577,1,1,24,24,24,24,24,24,24,24,24,24
61577,2,1,0,0,0,0,0,0,0,0,0,0
61578,1,1,0,0,0,0,0,0,0,0,0,0
61578,2,1,0,0,0,0,0,0,0,0,0,0
61579,1,1,0,0,0,0,0,0,0,0,0,32
61579,2,1,0,0,0,0,0,0,0,0,0,0
61579,3,1,0,0,0,0,0,0,0,0,0,0
61579,4,1,0,9,0,0,0,0,0,0,0,0
61580,1,1,21,0,0,0,10,0,0,0,10,0
61580,2,1,0,0,0,0,0,0,0,0,0,0
61581,1,1,0,0,0,0,0,0,0,0,0,0
61581,2,1,0,0,0,0,0,0,0,0,0,0
61582,1,1,0,0,0,0,0,0,0,0,0,0
61582,2,1,0,0,0,0,0,0,10,0,0,0
61583,1,1,0,0,0,0,0,20,0,0,0,0
61584,0,1,0,0,0,0,0,0,0,0,0,0
61584,1,1,13,0,25,0,0,0,0,0,0,0
61585,1,1,0,0,0,0,0,0,0,0,0,0
61586,1,1,0,0,0,0,0,0,0,0,0,0
61587,1,1,0,0,0,0,8,0,0,0,0,0
61588,1,1,0,0,0,0,0,0,0,10,0,0
61589,1,1,0,0,0,0,0,0,0,0,0,0
61590,1,1,0,15,6,16,16,20,38,11,9,0
61591,0,1,3,3,3,3,3,3,3,3,3,3
61591,1,1,0,0,0,0,0,0,0,0,0,0
61592,1,1,14,14,14,14,14,14,14,14,14,14
61593,1,1,0,0,0,0,0,0,0,0,0,0
61594,0,1,33,33,33,33,33,33,33,33,33,33
61594,1,1,17,0,0,0,0,0,0,0,0,0
61595,0,1,0,0,0,0,0,0,0,0,0,0
61595,1,1,0,0,0,0,0,0,11,0,0,0
61596,1,1,16,16,16,16,16,16,16,16,16,16
61597,1,1,23,23,23,23,23,23,23,23,23,23
61598,1,1,0,0,0,0,0,0,0,0,0,0
61599,0,1,0,0,0,0,0,0,0,0,0,0
61599,1,1,0,0,0,0,0,0,0,0,17,0
61600,1,1,17,0,0,13,16,0,0,0,0,25
61601,1,1,0,0,0,0,0,0,0,0,0,0
61602,1,1,5,5,5,5,5,5,5,5,5,5
61603,1,1,0,0,0,0,0,0,0,0,0,0
61604,1,1,0,0,0,0,0,0,0,0,0,0
61605,1,1,0,0,0,0,0,0,0,0,0,0
61606,1,1,0,0,0,0,0,0,0,0,0,0
61607,1,1,0,0,0,0,0,0,0,0,0,0
61608,1,1,16,0,0,17,10,10,0,22,12,8
61609,1,1,13,13,13,13,13,13,13,13,13,13
61610,1,1,0,0,0,0,0,0,0,0,0,0
61610,2,1,0,0,0,0,0,0,0,0,0,0
61611,0,1,0,0,0,0,0,0,0,0,0,0
61611,0,2,0,0,0,0,0,0,0,35,0,0
61611,1,1,0,0,16,0,20,0,0,0,11,0
61612,0,1,17,17,17,17,17,17,17,17,17,17
61612,1,1,0,0,0,0,0,0,0,0,0,0
61613,1,1,0,0,0,0,0,0,0,0,0,0
61614,1,1,0,0,0,0,0,0,0,0,0,0
61614,2,1,0,0,0,0,0,0,0,0,0,0
61615,1,1,2,2,2,2,2,2,2,2,2,2
61615,2,1,0,0,0,0,0,0,0,0,0,0
61616,1,1,7,19,29,24,25,8,21,14,9,33
61617,1,1,0,0,0,0,0,0,0,0,0,0
61617,2,1,0,0,0,0,0,0,0,0,0,0
61618,1,1,0,0,0,0,0,0,0,0,0,0
61618,2,1,0,0,0,0,0,0,0,0,0,0
61619,1,1,17,17,20,26,11,35,0,0,11,21
61619,2,1,0,0,0,0,0,0,0,0,0,0
61620,1,1,0,0,0,0,0,0,0,0,0,0
61620,2,1,0,0,0,0,0,0,0,0,0,0
61620,3,1,0,0,0,0,0,0,0,0,0,0
61621,1,1,0,0,0,0,0,0,0,0,0,0
61621,2,1,18,18,18,18,18,18,18,18,18,18
61622,1,1,28,28,28,28,28,28,28,28,28,28
61622,2,1,0,0,0,0,0,0,0,0,0,0
61623,0,1,0,0,0,0,0,0,0,0,0,0
61623,1,1,0,0,0,0,0,0,0,0,0,0
61624,0,1,28,28,28,28,28,28,28,28,28,28
61624,1,1,20,20,20,20,20,20,20,20,20,20
61625,1,1,0,0,0,0,0,0,0,0,0,0
61626,1,1,0,0,0,0,0,0,0,0,0,0
61627,1,1,0,0,0,0,0,0,0,0,0,0
61627,2,1,0,0,0,10,0,0,0,0,0,0
61628,1,1,0,0,0,0,0,0,0,0,0,0
61629,1,1,26,8,18,20,16,17,11,11,9,6
61630,0,1,0,0,0,0,0,0,0,0,0,0
61630,1,1,0,0,0,0,0,0,0,0,0,0
61631,1,1,0,0,0,0,0,0,0,0,0,0
61631,2,1,0,0,0,0,0,0,0,0,8,0
61632,1,1,0,0,0,0,0,0,0,0,0,0
61632,2,1,0,0,0,0,0,0,0,0,0,0
61633,0,1,0,0,0,0,0,0,0,0,0,0
61633,1,1,0,0,0,0,0,0,0,0,0,0
61634,1,1,7,7,7,7,7,7,7,7,7,7
61634,2,1,0,0,0,0,0,0,0,0,0,0
61635,0,1,0,0,0,0,0,0,0,0,0,0
61635,1,1,0,0,0,0,0,0,0,0,0,0
61636,0,1,0,0,0,0,0,0,0,0,0,0
61636,1,1,0,0,0,30,0,0,0,0,0,0
61637,0,1,17,17,17,17,17,17,17,17,17,17
61637,1,1,0,0,0,0,0,0,0,0,0,0
61637,2,1,0,0,0,10,0,0,0,0,15,0
61638,1,1,32,32,32,32,32,32,32,32,32,32
61638,2,1,0,0,0,0,0,20,0,0,0,0
61639,1,1,15,15,15,15,15,15,15,15,15,15
61639,2,1,0,0,0,0,0,0,0,0,0,0
61639,3,1,0,0,0,0,0,0,0,0,0,0
61640,1,1,0,0,0,0,0,0,0,0,0,0
61641,1,1,8,8,8,8,8,8,8,8,8,8
61641,2,1,0,5,0,0,0,0,0,0,0,0
61641,3,1,0,0,0,0,0,0,0,0,0,0
61642,0,1,0,0,0,0,0,0,0,0,0,0
61642,1,1,0,0,0,0,0,0,0,0,0,0
61643,0,1,0,0,0,0,0,0,0,0,0,0
61643,1,1,0,0,0,19,10,0,0,0,0,0
61644,1,1,7,7,7,7,7,7,7,7,7,7
61644,2,1,0,0,0,0,0,0,0,0,0,20
61645,1,1,0,0,0,0,0,0,0,0,0,0
61645,2,1,0,0,0,0,0,13,0,0,0,0
61645,3,1,0,13,0,0,0,0,0,0,0,0
61646,0,1,9,9,9,9,9,9,9,9,9,9
61646,1,1,0,0,0,0,0,6,0,0,0,0
61647,1,1,15,22,0,25,0,0,0,0,0,20
61647,2,1,0,0,0,0,0,0,0,0,0,0
61648,1,1,22,24,7,11,13,12,6,20,10,17
61649,0,1,18,0,27,10,21,13,17,25,0,21
61649,1,1,0,0,0,0,0,0,0,0,0,0
61649,2,1,8,8,0,0,0,18,0,0,0,0
61649,3,1,0,0,0,0,0,0,0,0,0,0
61649,4,1,0,0,0,0,0,0,0,0,0,0
61650,1,1,0,0,0,0,0,0,0,0,0,0
61650,2,1,0,0,0,0,0,0,0,0,0,0
61651,1,1,19,19,19,19,19,19,19,19,19,19
61652,0,1,0,0,0,0,0,0,0,0,0,0
61652,1,1,0,0,0,0,0,0,0,0,0,0
61653,0,1,13,0,0,0,0,0,12,0,0,0
61653,1,1,0,0,0,0,0,0,0,0,0,0
61654,1,1,24,0,0,0,0,0,8,0,0,0
61655,1,1,0,0,0,0,0,0,0,0,0,0
61656,1,1,0,0,0,0,0,0,0,0,0,0
61656,2,1,0,0,0,0,0,0,0,0,0,0
61657,1,1,0,0,0,0,0,0,0,0,0,0
61658,1,1,0,0,0,0,0,0,0,0,0,0
61659,1,1,0,0,0,0,0,0,0,0,0,0
61660,1,1,0,0,0,0,0,0,0,0,0,0
61660,2,1,0,21,0,0,21,0,0,0,0,0
61661,1,1,0,0,0,0,0,0,0,0,0,0
61661,2,1,0,0,0,0,0,0,0,0,0,0
61661,3,1,0,0,0,0,0,0,0,0,0,0
61661,4,1,0,0,0,0,0,0,0,0,0,0
61662,1,1,19,19,19,19,19,19,19,19,19,19
61663,1,1,13,13,13,13,13,13,13,13,13,13
61663,2,1,13,13,13,13,13,13,13,13,13,13
61664,0,1,3,3,3,3,3,3,3,3,3,3
61664,0,2,0,9,18,0,0,0,0,0,6,0
61664,1,1,0,0,0,0,0,0,0,0,0,0
61665,0,1,0,0,0,0,0,0,0,0,0,0
61665,1,1,0,17,0,0,18,0,0,0,0,0
61666,0,1,0,0,0,0,0,0,0,0,0,0
61666,1,1,0,0,0,0,0,0,0,0,0,0
61667,0,1,22,22,22,22,22,22,22,22,22,22
61667,1,1,0,0,0,0,0,0,0,0,0,0
61668,0,1,0,0,0,0,0,0,0,0,0,0
61668,1,1,6,0,0,0,0,0,0,0,0,0
61669,1,1,0,0,0,0,0,0,0,0,0,0
61669,2,1,0,0,0,0,0,0,0,0,0,0
61670,1,1,0,0,0,0,0,0,0,0,0,0
61670,2,1,0,0,0,0,0,0,0,0,0,0
61670,3,1,0,0,0,0,0,10,0,0,0,21
61671,0,1,0,0,0,0,0,0,0,0,0,0
61671,1,1,0,0,0,0,0,0,0,0,0,0
61672,0,1,0,0,0,0,0,0,0,0,0,0
61672,1,1,0,0,0,0,0,0,0,0,0,0
61672,2,1,0,0,0,0,33,0,0,28,0,11
61673,1,1,0,0,0,0,22,14,18,0,0,0
61674,0,1,0,0,0,0,0,0,0,0,0,0
61674,1,1,8,4,13,0,12,0,13,9,0,0
61675,1,1,0,0,0,0,0,0,0,0,0,0
61675,2,1,0,0,0,0,0,0,0,0,0,0
61676,0,1,0,0,0,0,0,0,0,0,0,0
61676,1,1,0,0,20,0,0,0,0,0,0,0
61677,1,1,0,0,0,0,0,0,0,0,0,0
61677,2,1,0,0,0,0,0,0,0,0,0,0
61678,1,1,10,0,0,0,0,0,0,0,0,0
61678,2,1,0,0,0,0,0,0,0,0,0,0
61679,1,2,9,29,5,0,5,0,10,12,20,7
61680,1,1,18,18,18,18,18,18,18,18,18,18
61681,1,1,0,0,0,0,0,0,0,0,0,0
61681,2,1,0,0,0,0,0,0,0,0,0,0
61682,1,1,8,8,8,8,8,8,8,8,8,8
61683,0,1,0,0,0,0,0,0,0,0,0,0
61683,1,1,0,0,0,0,0,0,0,0,0,0
61684,1,1,9,9,9,9,9,9,9,9,9,9
61685,0,1,5,5,5,5,5,5,5,5,5,5
61685,1,1,0,0,0,40,0,0,0,0,0,0
61686,1,1,0,0,0,0,0,0,0,0,0,0
61686,2,1,0,0,23,0,0,0,0,0,0,0
61687,1,1,0,0,0,0,0,0,0,0,0,0
61688,0,1,0,0,0,0,0,0,0,0,0,0
61688,0,2,17,28,0,0,0,18,0,0,0,21
61688,1,1,8,8,8,8,8,8,8,8,8,8
61689,0,1,0,0,0,0,0,0,0,0,0,0
61689,1,1,0,0,0,0,0,0,0,0,0,0
61690,0,1,0,0,0,0,0,0,0,0,0,0
61690,1,1,23,0,0,0,0,0,0,0,0,0
61690,2,1,0,0,0,0,0,0,0,0,0,0
61691,1,1,0,0,0,0,0,0,0,0,0,0
61691,2,1,0,0,0,0,0,0,0,0,0,0
61691,3,1,0,0,0,0,0,0,0,0,0,0
61692,0,1,0,0,0,0,0,0,0,0,0,0
61692,1,1,0,0,0,0,0,0,0,0,0,0
61693,0,1,0,0,0,0,0,0,0,0,0,0
61693,1,1,0,0,0,0,10,0,0,0,0,0
61694,1,1,0,0,14,0,17,23,0,0,0,0
61694,2,1,0,0,0,0,0,0,0,0,0,0
61694,3,1,19,0,0,0,0,0,0,0,40,0
61694,4,1,0,0,0,0,7,0,8,0,0,27
61695,1,1,0,0,0,0,0,0,0,0,0,0
61695,2,1,0,0,0,0,0,0,0,0,0,0
61695,3,1,0,0,0,0,0,0,0,0,0,0
61696,1,1,0,0,0,0,0,0,0,0,0,0
61696,2,1,0,0,0,0,27,0,0,0,0,0
61697,0,1,11,11,11,11,11,11,11,11,11,11
61697,1,1,9,0,19,7,12,9,5,0,17,0
61698,0,1,0,0,0,0,0,0,0,0,0,0
61698,1,1,0,0,0,0,0,10,0,0,0,0
61699,1,1,11,11,11,11,11,11,11,11,11,11
61699,2,1,0,0,0,0,0,0,0,0,0,0
61700,1,1,0,0,0,0,0,0,0,0,0,0
61700,2,1,0,0,0,0,0,0,0,0,0,0
61701,1,1,0,0,0,0,0,0,0,0,0,0
61701,2,1,0,0,0,2,13,0,0,0,7,0
61702,1,1,0,0,0,0,0,0,0,0,0,0
61703,1,1,0,0,0,0,0,0,0,0,0,0
61703,2,1,0,0,0,0,0,0,0,0,0,0
61704,1,1,0,0,0,0,0,0,0,0,0,3
61704,2,1,0,0,0,0,0,0,0,0,0,0
61705,1,1,0,0,0,0,0,0,0,0,0,0
61706,1,1,0,0,0,0,0,0,0,0,0,0
61706,2,1,0,0,0,0,0,0,0,0,0,0
61707,0,1,0,0,0,0,0,0,30,0,40,0
61707,1,1,0,0,0,0,0,0,0,0,0,0
61708,1,1,0,0,0,0,0,0,0,0,0,10
61709,1,1,7,7,7,7,7,7,7,7,7,7
61709,2,1,0,0,0,0,0,0,0,0,0,0
61710,1,1,0,0,0,0,0,0,0,0,0,0
61710,2,1,0,0,0,0,0,0,0,0,0,0
61711,1,1,23,23,23,23,23,23,23,23,23,23
61712,1,1,8,8,8,8,8,8,8,8,8,8
61712,2,1,0,0,0,0,0,0,0,0,0,0
61713,1,1,0,0,0,0,0,0,0,0,0,0
61713,2,1,0,0,0,0,0,0,0,0,0,0
61714,1,1,11,11,11,11,11,11,11,11,11,11
61714,2,1,0,0,0,0,0,0,0,0,0,15
61715,1,1,14,14,14,14,14,14,14,14,14,14
61715,2,1,0,0,0,0,0,0,0,0,0,0
61716,1,1,4,6,0,0,0,0,0,0,0,0
61716,2,1,0,0,0,0,0,0,0,0,0,0
61716,3,1,0,0,0,0,0,0,0,0,0,0
61717,0,1,29,29,29,29,29,29,29,29,29,29
61717,1,1,0,0,0,0,0,0,0,0,0,0
61718,1,1,0,0,0,0,0,0,0,0,0,0
61718,2,1,0,0,0,0,0,0,0,0,0,0
61719,1,1,0,0,0,0,0,0,0,0,0,0
61719,2,1,0,0,0,0,0,0,10,0,0,0
61719,3,1,0,0,0,0,0,0,0,4,0,0
61719,4,1,0,0,0,0,0,0,0,0,0,0
61720,1,1,24,24,24,24,24,24,24,24,24,24
61721,0,1,13,13,13,13,13,13,13,13,13,13
61721,1,1,0,0,0,0,0,0,0,0,0,0
61722,1,1,25,25,25,25,25,25,25,25,25,25
61722,2,1,0,0,0,10,0,0,0,0,0,0
61722,3,1,0,0,0,0,0,0,0,0,0,0
61723,1,1,0,0,0,0,0,0,4,0,0,0
61723,2,1,0,0,0,0,0,0,0,0,0,0
61723,3,1,0,0,0,0,0,0,0,0,0,0
61724,1,1,0,0,0,0,0,0,0,0,0,0
61724,2,1,0,0,0,0,0,0,0,0,0,0
61725,1,1,26,26,26,26,26,26,26,26,26,26
61725,2,1,0,0,0,0,20,0,0,0,0,0
61726,1,1,8,7,15,17,0,14,27,12,18,14
61727,1,1,20,20,20,20,20,20,20,20,20,20
61727,2,1,0,0,0,0,0,0,0,0,0,0
61728,1,1,0,0,0,0,0,0,0,0,0,0
61728,2,1,0,0,0,0,0,0,0,0,0,0