ST_CASE,VEH_NO,PER_NO,P1,P2,P3,P4,P5,P6,P7,P8,P9,P10
61729,1,1,37,10,17,13,0,14,15,7,27,5
61729,2,1,0,0,0,0,0,0,0,0,0,0
61730,1,1,0,0,0,0,0,0,0,0,0,0
61730,2,1,0,0,0,0,0,0,0,0,0,0
61731,1,1,10,10,10,10,10,10,10,10,10,10
61732,1,1,23,23,23,23,23,23,23,23,23,23
61733,1,1,0,0,0,0,0,0,0,0,0,0
61734,1,1,0,0,0,0,0,0,0,0,0,0
61735,1,1,0,0,0,0,0,0,0,0,0,0
61736,1,1,0,0,0,0,9,0,0,11,0,16
61737,0,1,0,0,0,16,0,0,0,0,0,0
61737,1,1,0,0,0,0,0,0,0,0,0,0
61738,0,1,0,0,0,0,0,0,0,0,0,0
61738,1,1,0,0,0,0,0,0,0,0,0,0
61739,1,1,17,0,0,0,0,0,0,0,0,25
61740,1,1,9,9,9,9,9,9,9,9,9,9
61741,0,1,0,0,0,0,0,0,0,0,0,0
61741,1,1,0,0,0,0,0,0,0,0,0,0
61742,1,1,0,0,0,0,0,0,0,0,0,0
61742,2,1,0,0,0,0,0,0,0,0,0,0
61744,1,1,0,0,0,0,0,0,0,0,0,0
61744,2,1,0,0,0,0,0,0,0,0,0,0
61745,1,1,19,19,19,19,19,19,19,19,19,19
61745,2,1,0,0,0,0,0,0,0,0,0,0
61746,1,1,19,0,0,0,0,0,0,0,0,0
61746,2,1,0,0,0,0,0,0,0,0,0,0
61747,1,1,0,0,0,0,0,0,0,0,15,0
61747,2,1,0,9,0,0,0,37,0,0,0,8
61748,1,1,0,0,0,0,0,0,0,0,0,0
61748,2,1,0,0,0,13,0,0,0,30,0,0
61749,1,1,16,16,16,16,16,16,16,16,16,16
61750,1,1,0,0,0,0,0,0,0,0,0,0
61751,1,1,0,0,0,0,0,0,0,0,0,0
61752,1,1,21,21,21,21,21,21,21,21,21,21
61753,1,1,17,13,14,0,0,0,32,0,0,0
61754,0,1,0,0,0,0,0,0,0,0,0,0
61754,1,1,0,0,0,0,0,0,0,0,0,0
61755,1,1,14,14,14,14,14,14,14,14,14,14
61755,2,1,0,0,0,0,0,0,0,0,0,0
61756,1,1,0,0,0,0,0,0,0,0,0,0
61756,2,1,0,0,0,0,0,0,0,0,0,0
61757,1,1,0,0,0,0,0,0,0,0,0,0
61757,2,1,0,0,0,0,0,0,0,0,0,0
61757,3,1,0,0,0,0,0,0,0,0,0,0
61757,4,1,0,0,0,0,0,0,0,0,0,0
61757,5,1,0,0,0,0,0,6,0,13,0,0
61757,6,1,0,0,0,0,0,0,0,0,0,0
61757,7,1,0,0,0,0,0,0,0,0,0,0
61757,8,1,0,0,0,0,0,0,0,0,0,0
61758,1,1,0,0,0,0,0,0,0,0,0,0
61759,1,1,17,17,17,17,17,17,17,17,17,17
61759,2,1,0,0,0,0,0,0,0,0,0,0
61760,1,1,0,0,0,0,0,0,0,0,0,0
61760,2,1,0,0,0,0,0,0,0,0,0,0
61761,1,1,0,0,0,0,0,0,0,0,0,0
61762,1,1,0,0,0,0,0,0,0,0,0,0
61762,2,1,0,0,0,21,0,0,0,0,0,0
61763,1,1,24,3,0,4,17,9,4,0,18,25
61763,2,1,5,18,12,6,18,0,26,4,25,20
61763,3,1,0,0,14,0,23,0,0,0,16,0
61763,4,1,11,0,0,23,15,0,0,0,0,27
61764,0,1,23,23,23,23,23,23,23,23,23,23
61764,1,1,7,7,7,7,7,7,7,7,7,7
61765,1,1,0,0,0,0,0,0,0,0,0,0
61765,2,1,0,0,0,0,0,0,0,0,0,0
61766,1,1,0,0,0,0,0,0,0,0,12,0
61767,1,1,0,0,0,0,0,0,0,0,0,0
61767,2,1,0,0,0,0,0,0,0,0,0,0
61768,1,1,17,17,17,17,17,17,17,17,17,17
61768,2,1,0,15,0,5,4,0,0,19,0,15
61769,1,1,0,0,0,0,0,0,0,0,0,0
61770,1,1,21,0,0,25,16,0,16,0,21,0
61771,1,1,0,13,28,29,8,10,7,13,0,21
61772,1,1,12,12,12,12,12,12,12,12,12,12
61773,1,1,7,7,7,7,7,7,7,7,7,7
61774,1,1,33,33,33,33,33,33,33,33,33,33
61774,2,1,0,0,0,0,14,0,0,0,0,0
61774,3,1,0,0,0,0,0,0,0,0,0,0
61774,4,1,0,0,0,0,0,0,0,0,0,0
61775,1,1,0,0,0,0,0,0,0,0,0,0
61776,1,1,0,0,0,0,0,0,0,0,0,0
61776,2,1,0,0,0,0,0,0,0,0,0,0
61777,1,1,19,19,19,19,19,19,19,19,19,19
61777,2,1,0,0,0,0,0,0,0,0,0,0
61778,1,1,0,0,0,0,0,0,0,0,0,0
61778,2,1,0,0,0,0,0,74,0,0,0,0
61779,1,1,0,0,0,0,0,0,0,0,0,0
61779,2,1,0,0,0,0,0,0,0,0,0,0
61780,1,1,0,0,20,16,0,0,21,0,0,0
61780,2,1,0,0,0,0,0,0,0,0,0,0
61781,1,1,0,0,0,0,0,0,0,0,0,0
61781,2,1,0,0,0,0,0,0,0,0,0,0
61782,1,1,0,0,0,0,0,0,0,0,0,0
61782,2,1,0,9,0,0,0,0,0,0,0,9
61783,1,1,0,0,0,0,0,0,0,0,0,0
61783,2,1,0,0,0,0,0,0,0,0,0,0
61784,0,1,0,0,0,0,0,0,0,0,0,0
61784,1,1,0,0,0,0,0,0,0,0,0,0
61784,2,1,0,0,0,0,0,0,0,0,0,0
61785,1,1,2,2,2,2,2,2,2,2,2,2
61785,2,1,0,0,0,0,0,0,0,0,0,0
61786,1,1,0,0,0,0,0,0,0,0,0,0
61786,2,1,0,0,0,0,0,0,0,0,0,0
61786,3,1,0,0,0,0,0,0,0,0,0,0
61786,4,1,0,0,0,0,0,0,0,0,0,0
61787,1,1,0,0,0,0,0,0,0,0,0,0
61787,2,1,0,0,0,0,0,0,0,0,0,0
61788,1,1,5,5,5,5,5,5,5,5,5,5
61789,1,1,0,0,0,0,0,0,0,0,0,0
61789,2,1,21,21,21,21,21,21,21,21,21,21
61790,0,1,0,0,0,0,0,0,0,0,0,0
61790,1,1,0,0,0,0,0,0,0,0,0,0
61791,1,1,0,0,0,0,0,0,0,0,0,0
61791,2,1,0,0,0,0,0,0,0,0,0,0
61792,1,1,0,0,0,0,0,0,0,0,0,0
61793,1,1,10,10,10,10,10,10,10,10,10,10
61794,1,1,1,1,1,1,1,1,1,1,1,1
61795,0,1,0,0,0,0,0,0,0,0,0,0
61795,1,1,0,0,0,0,0,0,0,0,0,0
61795,2,1,0,0,0,0,10,0,13,0,0,0
61795,3,1,0,0,0,0,0,0,0,0,0,0
61795,4,1,0,0,0,0,7,0,7,14,0,0
61795,5,1,0,16,0,0,0,0,0,0,0,0
61796,1,1,0,0,0,0,0,0,0,18,0,27
61797,1,1,0,0,0,0,0,0,0,0,0,0
61798,0,1,0,0,0,0,0,0,0,0,0,0
61798,1,1,0,0,0,0,0,0,0,0,0,0
61799,1,1,0,0,0,0,0,0,0,0,0,0
61799,2,1,0,0,0,0,0,0,0,0,0,0
61799,3,1,0,0,0,0,0,0,0,0,0,0
61800,1,1,0,0,0,0,0,0,0,0,0,0
61800,2,1,0,0,22,0,0,0,0,0,0,0
61800,3,1,0,0,0,0,0,0,0,0,0,0
61801,1,1,0,0,0,0,0,0,0,0,0,0
61801,2,1,0,0,0,0,0,0,0,0,0,0
61801,3,1,0,0,0,0,0,0,0,0,0,0
61802,1,1,23,23,23,23,23,23,23,23,23,23
61802,2,1,0,0,0,0,0,0,0,0,0,0
61803,1,1,18,18,18,18,18,18,18,18,18,18
61803,2,1,0,0,0,0,0,0,0,0,0,0
61804,1,1,0,0,0,0,0,0,0,0,0,0
61805,1,1,13,13,13,13,13,13,13,13,13,13
61805,2,1,0,0,0,0,0,0,0,0,0,0
61806,1,1,0,0,0,0,0,0,0,0,0,0
61806,2,1,0,0,0,0,0,0,0,0,0,0
61807,0,1,0,0,0,0,0,0,0,0,0,0
61807,1,1,0,0,0,0,0,0,0,0,0,0
61808,1,1,0,0,0,0,0,0,0,0,0,0
61808,2,1,0,0,0,0,0,0,0,0,0,0
61808,3,1,0,0,0,0,0,0,0,0,0,0
61808,4,1,0,0,0,0,0,0,0,0,0,0
61808,5,1,0,0,0,0,0,0,0,0,0,0
61809,0,1,0,0,0,0,0,0,0,0,0,0
61809,1,1,0,0,0,0,0,0,0,0,0,0
61810,2,1,0,0,0,0,0,0,0,0,0,0
61811,1,1,0,0,0,0,0,0,0,0,0,0
61811,2,1,0,0,0,0,0,8,12,0,0,0
61812,1,1,0,0,0,0,0,0,0,0,0,0
61812,2,1,0,0,0,0,6,0,2,0,0,0
61812,3,1,22,22,22,22,22,22,22,22,22,22
61812,4,1,13,0,0,0,0,0,0,0,0,0
61813,0,1,11,11,11,11,11,11,11,11,11,11
61813,1,1,0,0,3,0,4,0,0,0,0,9
61814,1,1,0,0,0,0,0,0,0,0,0,0
61815,0,1,0,0,0,0,0,0,0,0,0,0
61815,1,1,0,0,0,0,0,0,0,0,0,0
61816,1,1,0,0,0,0,0,0,0,0,0,0
61816,2,1,0,0,23,0,0,0,0,0,0,0
61817,1,1,0,0,0,0,12,0,0,0,0,0
61818,1,1,0,0,0,0,0,0,0,0,0,0
61818,2,1,0,0,0,0,0,0,17,0,0,0
61819,1,1,0,0,0,0,0,0,0,0,0,0
61820,1,1,0,0,0,0,0,0,0,0,0,0
61821,1,1,12,12,12,12,12,12,12,12,12,12
61822,1,1,21,0,0,0,0,0,0,0,0,0
61822,2,1,0,0,0,0,0,0,0,0,0,0
61822,3,1,0,0,0,0,0,0,0,0,0,0
61822,4,1,0,0,0,0,0,0,0,0,0,0
61823,1,1,21,21,21,21,21,21,21,21,21,21
61824,1,1,0,0,0,0,0,0,0,0,0,0
61825,1,1,0,0,0,0,0,0,0,0,0,0
61826,1,1,0,0,0,0,0,0,0,0,0,0
61826,2,1,0,0,0,0,0,0,0,0,0,0
61827,1,1,0,0,0,0,0,0,0,0,0,0
61827,2,1,0,0,0,0,0,0,0,0,0,10
61828,1,1,0,0,0,0,0,0,0,0,0,0
61828,2,1,0,0,0,0,0,0,0,0,0,0
61829,1,1,0,0,0,0,0,0,0,0,0,0
61829,2,1,0,0,0,0,0,4,0,0,0,0
61830,1,1,0,0,0,0,0,0,0,0,0,0
61830,2,1,0,0,0,0,0,0,0,0,0,0
61831,1,1,0,0,0,0,0,0,0,0,0,0
61831,2,1,0,0,0,0,0,0,0,0,0,0
61832,0,1,24,0,0,0,0,0,0,0,0,0
61832,1,1,0,0,0,0,0,0,8,0,0,0
61833,1,1,0,0,0,0,0,0,0,0,0,0
61833,2,1,0,0,0,0,0,0,0,0,0,8
61834,1,1,0,0,0,0,0,0,0,0,0,0
61834,2,1,0,0,0,0,0,0,0,0,0,0
61835,1,1,22,22,22,22,22,22,22,22,22,22
61835,2,1,5,0,0,0,0,0,0,0,0,0
61836,0,1,0,0,0,0,0,0,0,0,0,0
61836,1,1,0,19,0,0,4,0,0,0,0,0
61837,0,1,19,19,19,19,19,19,19,19,19,19
61837,1,1,0,0,0,0,0,0,0,0,0,0
61838,1,1,0,0,0,0,0,0,0,0,0,0
61838,2,1,0,0,0,0,0,0,0,0,0,0
61839,1,1,0,0,0,0,0,0,0,0,0,0
61839,2,1,0,0,0,0,0,6,0,8,0,0
61840,0,1,0,0,0,0,0,0,0,0,0,0
61840,1,1,0,0,0,41,0,0,0,0,0,0
61840,2,1,0,0,0,0,0,0,5,0,0,0
61841,1,1,0,0,0,0,0,0,0,0,0,0
61841,2,1,0,0,0,0,0,0,0,0,0,0
61842,1,1,0,0,0,0,0,0,0,0,0,0
61842,2,1,0,0,0,0,0,0,0,0,0,0
61843,1,1,0,0,0,0,0,0,0,0,0,0
61844,0,1,0,0,0,0,0,0,0,0,0,0
61844,1,1,0,0,0,0,0,0,0,0,0,0
61844,2,1,0,0,0,0,0,0,0,0,0,0
61845,1,1,0,0,0,0,0,0,0,0,0,0
61846,1,1,0,0,0,0,0,0,0,0,0,0
61847,0,1,0,0,0,0,0,0,0,0,0,0
61847,1,1,0,0,0,0,0,0,0,0,0,0
61848,1,1,2,2,2,2,2,2,2,2,2,2
61849,1,1,0,0,0,0,0,0,0,0,0,0
61850,1,1,23,45,23,17,21,21,15,14,16,13
61851,0,1,0,0,0,0,0,0,0,0,0,0
61851,1,1,0,9,0,3,0,0,0,0,0,0
61852,1,1,10,11,7,37,29,17,22,0,18,16
61853,1,1,0,0,0,0,0,0,0,0,0,0
61854,1,1,17,17,17,17,17,17,17,17,17,17
61855,0,1,0,0,0,0,0,0,0,0,0,0
61855,1,1,4,0,0,0,15,9,7,0,12,0
61856,1,1,0,0,0,0,0,0,0,0,0,0
61857,1,1,25,25,25,25,25,25,25,25,25,25
61858,1,1,11,11,11,11,11,11,11,11,11,11
61859,1,1,24,24,24,24,24,24,24,24,24,24
61860,1,1,33,33,33,33,33,33,33,33,33,33
61861,1,1,0,0,0,0,0,0,0,0,0,0
61862,1,1,0,0,0,0,0,0,0,0,0,0
61862,2,1,0,0,0,0,0,0,0,0,0,0
61863,1,1,0,0,11,0,0,0,0,0,0,0
61864,1,1,0,0,0,0,0,0,0,0,0,0
61864,2,1,9,9,9,9,9,9,9,9,9,9
61865,1,1,13,13,13,13,13,13,13,13,13,13
61866,1,1,15,15,15,15,15,15,15,15,15,15
61867,1,1,47,47,47,47,47,47,47,47,47,47
61868,0,1,16,16,16,16,16,16,16,16,16,16
61868,1,1,0,0,0,0,0,0,0,0,0,0
61869,1,1,0,0,0,0,0,0,0,0,0,0
61869,2,1,0,0,0,0,0,0,0,0,0,0
61870,1,1,0,0,0,30,17,0,17,0,0,0
61870,2,1,0,0,0,0,0,0,0,0,0,0
61871,0,1,0,0,0,0,0,0,0,0,0,0
61871,1,1,0,0,0,0,0,0,0,0,0,0
61872,1,1,24,14,13,9,30,23,18,12,21,12
61873,1,1,0,0,0,0,0,0,0,0,0,0
61874,1,1,16,19,9,20,6,14,13,12,22,22
61875,1,1,0,0,0,0,0,0,0,0,0,0
61876,1,1,0,0,0,0,0,0,0,0,0,0
61877,0,1,0,0,0,0,0,0,0,0,0,0
61877,1,1,0,0,0,0,0,0,0,0,0,0
61878,1,1,13,23,14,0,4,0,0,17,12,0
61879,1,1,28,28,28,28,28,28,28,28,28,28
61880,1,1,22,14,14,31,17,17,23,28,18,22
61881,0,1,36,36,36,36,36,36,36,36,36,36
61881,1,1,0,0,11,0,0,0,0,13,0,0
61881,2,1,0,19,7,0,0,0,0,0,0,0
61882,1,1,0,0,0,0,0,0,0,0,0,0
61882,2,1,0,0,0,0,0,0,0,0,0,0
61883,0,1,0,0,0,0,0,0,0,0,0,0
61883,1,1,0,0,0,0,12,0,0,0,0,0
61884,1,1,0,0,0,0,0,0,0,0,0,0
61884,2,1,0,0,0,0,0,0,0,0,0,0
61885,1,1,0,0,0,0,0,0,0,0,0,0
61886,1,1,0,0,0,0,0,0,0,0,0,0
61886,2,1,0,0,0,0,0,0,0,0,0,0
61886,3,1,0,0,0,0,0,0,0,0,0,0
61887,1,1,0,0,0,0,0,0,0,0,0,0
61888,1,1,0,0,0,0,0,0,0,0,0,0
61889,1,1,0,0,0,0,0,0,0,0,0,0
61890,0,1,0,0,0,0,0,0,0,0,0,0
61890,1,1,0,0,0,0,0,0,0,0,0,0
61891,1,1,0,0,0,0,22,0,0,0,0,0
61891,2,1,0,0,0,1,0,0,0,0,0,0
61892,0,1,0,0,32,34,23,0,0,0,0,12
61892,1,1,0,9,0,0,0,0,0,0,0,0
61893,1,1,0,0,0,0,0,0,0,0,0,0
61894,1,1,10,10,10,10,10,10,10,10,10,10
61895,1,1,22,0,0,0,0,0,0,0,0,0
61895,2,1,0,0,0,0,0,0,0,0,0,0
61895,3,1,0,0,0,0,0,0,0,23,0,0
61896,1,1,0,0,0,0,0,0,0,0,0,0
61896,2,1,0,0,0,0,0,0,17,0,0,0
61897,0,1,23,23,23,23,23,23,23,23,23,23
61897,1,1,28,28,28,28,28,28,28,28,28,28
61898,1,1,20,20,20,20,20,20,20,20,20,20
61899,1,1,0,0,0,0,0,0,0,0,0,0
61899,2,1,0,0,0,0,0,0,0,0,0,0
61900,1,1,0,0,0,0,0,0,0,0,0,0
61900,2,1,0,0,0,0,0,0,0,0,0,0
61901,1,1,0,0,0,0,0,0,0,0,0,0
61901,2,1,1,0,0,0,0,0,0,0,0,0
61902,1,1,0,0,0,0,0,0,0,0,0,0
61902,2,1,0,0,0,0,0,0,0,0,0,0
61903,1,1,0,0,0,0,0,0,0,0,0,0
61904,1,1,13,13,13,13,13,13,13,13,13,13
61905,1,1,30,30,30,30,30,30,30,30,30,30
61906,1,1,0,0,14,17,0,12,12,24,0,0
61907,1,1,0,0,0,0,0,0,0,0,0,0
61908,1,1,0,0,0,0,0,0,0,0,0,0
61909,1,1,3,12,0,17,25,25,9,27,23,21
61910,1,1,0,0,0,0,0,0,0,0,0,0
61911,1,1,0,0,0,0,0,0,0,0,0,0
61912,1,1,0,14,0,0,0,20,0,22,0,0
61912,2,1,0,6,0,3,0,0,13,0,11,35
61912,3,1,0,0,0,0,0,0,0,0,0,0
61913,1,1,0,0,0,0,0,0,0,0,0,0
61914,1,1,0,0,0,0,0,0,0,0,0,0
61914,2,1,0,0,0,0,0,0,0,0,0,0
61914,3,1,0,0,0,0,0,0,0,0,0,0
61915,1,1,0,0,0,0,0,0,0,0,0,0
61915,2,1,0,0,0,0,0,0,0,14,0,0
61916,0,1,0,19,0,0,0,0,0,0,0,0
61916,1,1,0,0,0,0,0,0,0,0,0,0
61917,1,1,14,14,14,14,14,14,14,14,14,14
61917,2,1,0,0,0,0,0,0,0,0,0,0
61918,1,1,0,0,0,0,0,0,0,0,0,0
61918,2,1,0,0,0,0,0,0,0,0,0,0
61919,1,1,0,0,0,39,0,0,0,0,17,0
61919,2,1,8,0,0,0,0,0,0,0,19,0
61920,1,1,0,0,0,0,0,0,0,0,0,0
61920,2,1,0,0,0,0,0,0,0,0,0,0
61921,1,1,0,0,0,0,0,0,0,0,0,0
61921,2,1,0,0,7,0,3,0,0,0,0,0
61922,0,1,28,28,28,28,28,28,28,28,28,28
61922,1,1,0,0,0,0,0,0,0,18,0,0
61923,1,1,0,0,0,0,12,0,0,6,0,0
61923,2,1,0,0,0,0,0,0,0,0,0,0
61924,1,1,0,0,0,0,0,0,0,0,0,0
61924,2,1,0,0,0,0,0,0,15,0,0,0
61925,0,1,0,4,13,26,0,0,23,0,21,21
61925,1,1,0,0,0,0,0,0,0,0,25,0
61926,0,1,0,7,0,9,18,15,0,18,26,0
61926,1,1,5,23,25,19,21,20,11,21,19,17
61927,1,1,0,10,22,0,11,0,0,3,0,0
61927,2,1,0,0,0,0,0,0,0,0,0,0
61928,0,1,0,0,0,0,0,0,0,0,0,0
61928,1,1,0,7,0,0,9,0,0,0,0,0
61929,1,1,0,0,0,0,0,0,0,0,0,0
61929,2,1,0,0,0,0,0,0,0,0,0,0
61930,1,1,0,0,0,0,0,0,0,0,0,0
61931,1,1,20,20,20,20,20,20,20,20,20,20
61932,1,1,0,0,0,0,0,0,0,0,0,0
61933,0,1,0,0,0,0,0,0,0,0,0,0
61933,1,1,8,0,0,0,0,0,0,0,0,0
61934,1,1,0,0,0,0,0,0,0,0,7,0
61934,2,1,0,0,0,0,0,0,0,0,0,0
61935,1,1,0,0,0,0,0,0,0,0,0,0
61936,1,1,0,0,0,0,0,0,0,0,0,0
61936,2,1,0,0,0,0,0,0,0,0,0,0
61937,0,1,0,0,0,0,0,0,0,0,0,0
61937,1,1,19,19,19,19,19,19,19,19,19,19
61938,1,1,0,0,9,8,0,0,15,32,0,0
61939,0,1,0,0,0,0,0,0,0,0,0,0
61939,1,1,0,0,0,0,0,0,0,0,0,0
61940,1,1,33,33,33,33,33,33,33,33,33,33
61940,2,1,0,0,0,0,11,0,0,0,12,0
61941,1,1,13,0,0,6,24,20,4,0,19,1
61941,2,1,0,0,0,0,0,0,0,0,0,0
61942,1,1,0,0,0,0,0,0,0,0,0,0
61943,0,1,0,0,0,0,0,0,0,0,0,0
61943,1,1,10,0,0,7,0,0,15,0,0,10
61944,0,1,0,0,0,0,0,0,0,0,0,0
61944,1,1,0,0,0,0,0,0,0,0,0,0
61945,1,1,0,0,0,0,0,0,0,0,0,0
61945,2,1,0,0,0,0,0,0,0,0,0,0
61945,3,1,0,0,0,0,0,0,0,0,0,0
61945,4,1,0,0,0,0,0,0,0,0,0,0
61945,5,1,6,0,13,0,0,0,0,0,0,0
61945,6,1,0,0,0,0,0,0,0,0,0,0
61946,1,1,12,12,12,12,12,12,12,12,12,12
61947,1,1,24,24,24,24,24,24,24,24,24,24
61947,2,1,0,0,0,0,0,0,0,0,0,0
61947,3,1,0,0,0,0,0,0,0,0,0,0
61948,1,1,16,19,0,0,0,0,14,0,0,9
61949,1,1,1,1,1,1,1,1,1,1,1,1
61949,2,1,0,0,0,0,0,0,0,0,0,0
61950,1,1,0,0,0,0,0,0,0,0,0,0
61950,2,1,0,0,0,0,0,0,0,0,0,0
61951,1,1,0,0,0,0,0,0,0,0,0,0
61951,2,1,0,0,0,0,0,0,0,0,0,0
61952,1,1,0,0,0,0,0,0,0,0,0,0
61952,2,1,3,3,3,3,3,3,3,3,3,3
61952,3,1,0,0,0,0,11,0,0,0,0,0
61953,1,1,0,0,0,0,0,0,0,0,0,0
61953,2,1,2,0,0,0,0,0,0,0,0,0
61954,1,1,0,0,0,0,0,0,0,0,0,0
61954,2,1,0,0,0,0,0,0,0,0,0,0
61954,3,1,21,0,0,0,0,23,0,0,22,0
61954,4,1,0,0,0,0,0,0,0,0,0,0
61955,0,1,0,0,0,0,0,0,0,0,0,0
61955,1,1,0,0,0,0,0,9,10,0,0,0
61956,1,1,0,0,0,0,0,0,0,0,0,0
61956,2,1,0,0,0,0,0,0,0,0,0,0
61956,3,1,0,0,0,0,0,0,0,0,0,0
61957,0,1,21,23,19,25,21,28,26,13,19,36
61957,1,1,0,0,0,0,0,0,0,0,0,0
61958,1,1,0,0,0,0,0,0,0,0,0,0
61958,2,1,0,0,0,0,0,0,0,0,0,0
61959,1,1,18,24,15,7,8,36,19,25,0,0
61959,2,1,0,0,0,0,0,0,0,0,0,0
61960,0,1,38,38,38,38,38,38,38,38,38,38
61960,1,1,0,0,0,0,0,0,0,0,0,0
61961,1,1,0,0,0,0,0,0,0,0,0,0
61961,2,1,0,0,0,0,0,0,0,0,0,0
61962,0,1,0,0,0,0,0,0,0,0,0,0
61962,1,1,0,0,0,0,0,0,0,0,0,0
61963,0,1,0,0,0,0,0,0,0,0,20,0
61963,1,1,0,0,0,0,0,0,0,0,0,0
61964,1,1,0,0,0,0,0,0,0,0,0,0
61964,2,1,0,0,0,0,0,0,0,0,0,0
61965,1,1,18,18,18,18,18,18,18,18,18,18
61965,2,1,0,5,0,0,15,0,0,0,0,0
61966,0,1,4,4,4,4,4,4,4,4,4,4
61966,1,1,0,18,0,0,0,0,0,0,0,0
61966,2,1,0,0,0,0,0,0,0,0,0,0
61966,3,1,0,0,0,0,0,0,0,0,0,0
61966,4,1,0,8,4,8,0,0,0,0,0,8
61967,1,1,0,0,0,0,0,0,0,0,0,0
61968,1,1,26,26,26,26,26,26,26,26,26,26
61969,1,1,0,0,0,0,0,0,0,0,0,0
61970,0,1,15,15,15,15,15,15,15,15,15,15
61970,1,1,0,0,0,0,0,0,0,0,0,0
61971,1,1,0,0,0,7,0,0,0,0,0,0
61971,2,1,0,0,0,0,0,0,0,0,0,0
61971,3,1,0,0,0,0,0,0,0,0,0,0
61972,1,1,0,0,0,0,0,0,0,0,0,0
61972,2,1,0,0,0,0,10,0,0,0,0,0
61973,1,1,0,0,0,0,0,0,0,0,0,0
61973,2,1,0,0,0,0,0,0,0,0,0,0
61974,1,1,6,6,6,6,6,6,6,6,6,6
61974,2,1,0,0,0,0,0,0,0,0,0,0
61975,1,1,5,5,5,5,5,5,5,5,5,5
61975,2,1,0,0,0,0,0,0,0,0,0,0
61975,3,1,0,0,0,0,0,0,0,0,0,0
61975,4,1,0,0,0,0,0,0,0,0,0,0
61976,1,1,0,0,0,0,0,0,0,0,0,0
61976,2,1,0,0,0,0,0,0,0,0,0,0
61976,3,1,0,0,0,0,0,0,0,0,0,0
61977,1,1,0,0,0,0,0,0,0,0,0,0
61977,2,1,0,0,2,0,0,0,0,0,0,0
61978,1,1,20,20,20,20,20,20,20,20,20,20
61978,2,1,0,0,0,0,0,0,0,0,0,0
61979,1,1,0,0,0,17,20,0,0,0,0,0
61979,2,1,9,9,9,9,9,9,9,9,9,9
61980,1,1,0,0,0,0,0,0,0,0,0,0
61980,2,1,0,0,0,0,0,0,0,0,0,0
61980,3,1,0,0,0,0,0,0,0,0,0,0
61981,0,1,0,0,0,0,0,0,0,0,0,0
61981,1,1,0,5,0,16,0,4,14,0,15,0
61982,1,1,8,8,8,8,8,8,8,8,8,8
61982,2,1,0,0,22,0,0,0,8,0,0,0
61983,0,1,39,39,39,39,39,39,39,39,39,39
61983,1,1,0,0,0,0,0,0,0,0,0,0
61984,1,1,19,19,19,19,19,19,19,19,19,19
61984,2,1,0,0,0,0,0,0,0,0,0,0
61984,3,1,0,0,0,0,0,0,0,0,0,0
61985,1,1,0,0,0,0,0,0,0,0,0,0
61985,2,1,0,0,0,0,0,0,0,0,0,0
61985,3,1,0,0,0,0,0,0,0,0,0,0
61986,1,1,0,0,0,0,0,0,0,0,0,0
61986,2,1,0,0,0,0,0,0,0,0,0,0
61987,1,1,0,0,0,0,0,0,0,0,0,0
61987,2,1,0,0,0,0,0,0,0,0,0,0
61988,0,1,0,0,0,0,0,0,0,0,0,0
61988,1,1,0,0,0,0,0,0,0,0,0,6
61989,1,1,5,15,22,15,7,17,24,32,14,28
61989,2,1,0,0,0,0,0,0,0,0,0,0
61989,3,1,0,0,0,0,7,0,15,0,0,0
61990,1,1,0,0,0,0,0,0,0,0,0,0
61990,2,1,0,0,0,0,0,0,0,0,0,0
61991,0,1,4,4,4,4,4,4,4,4,4,4
61991,1,1,0,0,0,0,0,0,2,9,0,0
61992,1,1,0,0,0,0,0,0,0,0,0,0
61992,2,1,0,0,0,19,0,0,0,0,6,0
61993,0,1,0,0,0,41,0,0,0,19,0,0
61993,0,2,0,0,11,21,0,0,0,0,0,0
61993,0,3,0,0,0,0,0,0,0,0,0,0
61993,1,1,23,0,0,0,0,0,0,21,0,0
61994,1,1,0,0,0,16,0,0,0,0,0,0
61995,1,1,0,0,0,0,0,0,0,0,0,0
61996,1,1,23,3,24,18,16,32,22,31,11,24
61997,0,1,0,0,0,0,0,0,0,0,0,0
61997,1,1,0,0,0,0,0,0,0,0,0,0
61998,0,1,0,0,0,0,0,0,0,0,0,0
61998,1,1,23,0,0,0,0,0,0,0,5,0
61998,2,1,6,0,21,15,23,20,0,11,25,0
61999,1,1,0,0,0,0,0,0,0,0,0,0
61999,2,1,0,0,0,0,0,0,0,0,0,0
62000,0,1,0,0,0,0,0,0,0,0,0,0
62000,1,1,1,1,1,1,1,1,1,1,1,1
62001,0,1,0,0,0,0,0,0,0,0,0,0
62001,1,1,12,10,11,8,13,11,18,17,16,21
62002,1,1,0,0,0,0,0,0,0,0,0,0
62002,2,1,0,0,0,0,0,0,0,0,0,0
62003,1,1,0,0,0,0,0,0,0,0,0,0
62003,2,1,0,0,0,0,0,0,0,0,0,0
62003,3,1,0,0,0,0,0,0,14,0,0,0
62003,4,1,0,0,0,0,0,0,10,0,0,0
62004,1,1,0,0,0,0,0,0,0,0,0,0
62004,2,1,0,0,0,0,0,0,0,0,0,0
62004,3,1,0,0,0,0,0,0,0,0,0,0
62005,1,1,0,0,0,0,0,0,0,0,0,0
62005,2,1,0,0,0,0,0,0,0,0,0,0
62006,1,1,0,0,0,0,0,0,0,0,0,0
62006,2,1,0,0,0,0,0,0,0,0,0,0
62007,0,1,0,0,0,0,0,0,0,0,0,0
62007,1,1,0,0,0,0,0,0,0,0,0,0
62008,1,1,0,0,0,0,0,0,0,0,0,0
62008,2,1,0,0,0,0,0,0,0,0,0,0
62009,0,1,0,0,0,0,0,0,0,0,0,0
62009,1,1,0,0,0,0,0,0,0,0,0,0
62010,1,1,0,0,0,0,0,0,0,0,0,0