ST_CASE,VEH_NO,PER_NO,P1,P2,P3,P4,P5,P6,P7,P8,P9,P10
62582,1,1,0,0,0,0,0,0,0,0,0,0
62582,2,1,0,0,0,0,0,0,0,0,0,0
62583,1,1,27,27,27,27,27,27,27,27,27,27
62584,1,1,28,27,19,0,22,15,20,23,21,11
62585,1,1,8,8,39,34,22,19,20,17,16,24
62585,2,1,0,0,0,0,0,0,10,0,0,0
62586,1,1,0,0,0,0,0,0,0,0,0,0
62586,2,1,0,0,0,0,0,0,0,0,0,0
62587,1,1,0,0,0,0,0,0,0,0,0,0
62587,2,1,0,0,0,0,0,0,0,0,0,0
62588,1,1,0,0,0,0,0,0,0,0,0,0
62589,1,1,0,0,0,0,0,0,0,0,0,0
62589,2,1,0,0,0,9,0,21,0,0,0,0
62590,1,1,16,16,16,16,16,16,16,16,16,16
62590,2,1,17,17,17,17,17,17,17,17,17,17
62591,1,1,0,0,0,0,0,0,0,0,0,0
62591,2,1,0,0,0,0,0,0,0,0,0,0
62592,0,1,22,22,22,22,22,22,22,22,22,22
62592,1,1,0,0,0,0,0,0,0,0,0,0
62593,1,1,23,11,19,27,13,12,14,6,27,22
62594,1,2,24,0,18,0,6,14,7,0,0,0
62595,1,1,0,0,0,0,0,0,0,0,0,0
62596,1,1,0,0,0,0,0,0,0,0,0,0
62597,1,1,0,0,0,0,0,0,0,0,0,0
62598,1,1,28,28,28,28,28,28,28,28,28,28
62599,1,1,0,0,0,0,0,0,0,0,0,0
62600,1,1,23,23,23,23,23,23,23,23,23,23
62601,1,1,12,12,12,12,12,12,12,12,12,12
62602,1,1,37,37,37,37,37,37,37,37,37,37
62603,1,1,15,15,15,15,15,15,15,15,15,15
62604,1,1,28,28,28,28,28,28,28,28,28,28
62605,1,1,0,0,0,0,0,0,0,0,0,0
62606,1,1,0,0,0,0,0,0,0,0,0,0
62607,1,1,7,7,7,7,7,7,7,7,7,7
62608,1,1,17,17,17,17,17,17,17,17,17,17
62608,2,1,0,0,0,0,0,0,0,0,0,0
62609,1,1,8,8,8,8,8,8,8,8,8,8
62610,0,1,18,18,18,18,18,18,18,18,18,18
62610,1,1,2,2,0,0,0,0,0,0,0,2
62611,1,1,0,0,0,0,0,0,0,0,0,0
62612,0,1,0,0,0,0,0,0,0,0,0,0
62612,1,1,0,0,0,0,0,0,0,0,0,0
62613,0,1,16,16,16,16,16,16,16,16,16,16
62613,1,1,0,0,0,0,0,0,0,0,0,0
62614,1,1,0,0,0,0,0,0,11,0,0,0
62614,2,1,0,0,0,0,0,0,0,0,0,0
62615,1,1,22,22,22,22,22,22,22,22,22,22
62616,1,1,0,0,0,0,0,0,0,0,0,0
62616,2,1,20,20,20,20,20,20,20,20,20,20
62617,0,1,0,0,0,0,0,0,0,0,0,0
62617,1,1,0,0,0,0,8,0,0,0,0,0
62618,0,1,6,6,6,6,6,6,6,6,6,6
62618,1,1,0,0,0,0,0,0,0,0,0,0
62618,2,1,0,0,0,0,0,0,0,0,0,0
62619,0,1,13,13,13,13,13,13,13,13,13,13
62619,1,1,0,0,0,0,0,0,0,0,0,0
62620,1,1,0,0,0,0,0,0,0,0,0,0
62620,2,1,0,0,0,0,0,0,0,0,0,0
62621,1,1,11,11,11,11,11,11,11,11,11,11
62622,1,1,0,0,0,0,0,0,0,0,0,0
62622,2,1,15,15,15,15,15,15,15,15,15,15
62622,3,1,0,0,0,15,0,0,19,0,0,16
62623,1,1,0,0,0,0,0,0,0,0,0,0
62623,2,1,0,0,0,0,0,0,0,0,0,0
62623,3,1,0,0,0,0,0,0,0,0,0,0
62624,1,1,0,0,0,0,0,0,0,0,0,0
62624,2,1,0,0,0,0,0,0,0,0,0,0
62625,1,1,32,32,32,32,32,32,32,32,32,32
62626,0,1,0,0,0,0,0,0,0,0,0,0
62626,1,1,0,0,0,0,0,0,0,0,0,0
62627,1,1,21,21,21,21,21,21,21,21,21,21
62628,1,1,0,0,0,0,0,0,0,0,0,0
62629,0,1,0,0,0,0,0,0,0,0,0,0
62629,1,1,0,0,0,0,0,0,0,0,0,0
62630,1,1,17,17,17,17,17,17,17,17,17,17
62630,2,1,0,0,0,0,0,0,0,0,0,0
62631,1,1,0,0,0,0,0,0,0,0,0,0
62631,2,1,0,0,0,20,29,0,8,0,0,0
62631,3,1,0,0,0,0,0,0,0,11,35,0
62632,1,1,21,11,11,33,20,18,19,24,16,16
62633,1,1,13,12,5,24,9,16,25,27,16,14
62633,2,1,0,0,0,0,0,17,0,32,0,0
62634,1,1,0,0,0,0,0,0,0,0,0,0
62634,2,1,0,0,0,0,0,0,0,0,0,0
62635,0,1,9,9,9,9,9,9,9,9,9,9
62635,1,1,0,0,0,0,0,0,0,0,0,0
62636,1,1,0,0,0,0,0,0,0,0,0,0
62636,2,1,0,0,0,0,0,0,0,0,0,0
62636,3,1,0,0,0,0,0,0,0,0,0,0
62637,1,1,12,0,23,12,11,17,13,12,18,8
62638,1,1,15,30,8,15,12,15,6,11,25,20
62639,1,1,0,0,0,0,0,0,0,0,0,0
62640,1,1,0,0,0,0,0,0,0,0,29,0
62641,1,1,18,18,18,18,18,18,18,18,18,18
62642,1,1,0,0,0,0,0,0,0,0,0,0
62642,2,1,0,0,0,0,0,0,0,0,0,0
62643,1,1,34,34,34,34,34,34,34,34,34,34
62643,2,1,0,0,0,0,0,0,0,0,0,0
62644,0,1,0,0,0,0,0,0,0,0,0,0
62644,0,2,0,0,0,0,0,0,0,0,0,0
62644,1,1,44,0,0,0,0,0,0,0,0,0
62645,1,1,0,0,0,0,0,0,0,0,0,0
62645,2,1,0,0,0,0,0,0,0,0,0,0
62646,1,1,0,0,0,13,0,0,0,0,0,0
62646,2,1,0,0,0,0,0,0,0,0,0,0
62647,0,1,0,0,0,0,0,0,0,0,0,0
62647,1,1,0,0,0,0,0,0,0,0,0,0
62648,1,1,0,0,0,0,0,0,0,0,0,0
62649,1,1,0,0,0,0,0,0,0,0,0,0
62649,2,1,0,0,0,0,0,0,0,0,0,0
62650,0,1,40,40,40,40,40,40,40,40,40,40
62650,1,1,0,4,0,0,12,7,0,0,0,0
62651,1,1,0,0,0,0,0,0,0,0,0,0
62651,2,1,0,0,0,0,0,0,0,0,0,0
62652,0,1,0,0,0,0,0,0,0,0,0,0
62652,1,1,0,0,0,0,0,0,0,0,0,0
62653,1,1,0,0,2,0,0,0,5,0,0,0
62653,2,1,0,0,0,0,0,0,0,0,0,0
62654,1,1,0,0,0,0,0,0,0,0,0,0
62654,2,1,0,0,0,0,0,0,0,0,0,0
62655,1,1,0,0,0,0,0,0,0,0,0,0
62655,2,1,0,0,0,0,0,0,0,0,0,0
62656,0,1,0,0,0,0,0,0,0,0,0,0
62656,1,1,0,0,0,0,20,0,0,0,0,0
62657,0,1,16,16,16,16,16,16,16,16,16,16
62657,1,1,0,0,0,0,0,0,0,0,0,0
62658,0,1,0,0,0,0,0,0,0,0,0,0
62658,1,1,0,0,0,0,0,0,0,0,0,0
62659,1,1,0,0,0,0,0,0,0,0,0,0
62659,2,1,0,0,0,0,0,0,0,0,0,0
62660,1,1,0,0,0,0,0,0,0,0,0,0
62660,2,1,0,0,0,0,0,0,0,0,0,0
62661,1,1,0,0,22,6,0,28,0,9,6,8
62662,0,1,0,0,0,0,0,0,0,0,0,0
62662,0,2,0,0,0,0,0,0,0,23,0,0
62662,1,1,0,0,0,0,0,0,0,0,0,0
62663,1,1,0,0,0,0,0,0,0,0,0,0
62663,2,1,0,0,0,0,0,0,0,0,0,0
62664,0,1,20,20,20,20,20,20,20,20,20,20
62664,1,1,0,0,0,0,0,0,0,0,0,0
62665,1,1,21,21,21,21,21,21,21,21,21,21
62665,2,1,0,0,0,0,0,0,0,0,0,0
62666,1,1,0,0,0,0,0,0,0,0,0,0
62667,0,1,12,0,0,0,0,35,0,5,0,15
62667,1,1,0,0,0,0,0,0,0,0,0,0
62668,0,1,0,0,0,0,0,0,0,0,0,0
62668,1,1,0,0,0,0,0,0,0,0,0,0
62669,0,1,0,0,0,0,0,0,0,0,0,0
62669,1,1,6,19,14,10,6,16,26,3,11,0
62670,0,1,27,27,27,27,27,27,27,27,27,27
62670,1,1,0,7,0,0,0,0,0,0,0,0
62671,1,1,0,0,0,0,0,0,0,0,0,0
62671,2,1,0,0,0,0,0,0,0,0,0,0
62672,1,1,23,23,23,23,23,23,23,23,23,23
62673,1,1,4,4,4,4,4,4,4,4,4,4
62673,2,1,0,0,0,0,0,0,0,0,0,0
62673,3,1,37,37,37,37,37,37,37,37,37,37
62674,1,1,0,0,0,0,0,0,0,0,0,0
62674,2,1,0,0,0,0,0,0,0,0,0,0
62675,1,1,0,0,0,0,0,0,0,0,0,0
62675,2,1,0,0,0,0,0,0,0,0,0,0
62676,0,1,0,0,0,0,0,0,0,0,0,0
62676,1,1,0,0,0,0,0,6,0,5,0,0
62677,0,1,0,0,0,0,0,0,0,0,0,0
62677,1,1,0,0,0,0,0,0,0,0,0,0
62678,0,1,0,0,0,0,0,0,0,0,0,0
62678,1,1,0,0,0,0,0,0,0,0,0,0
62679,0,1,27,27,27,27,27,27,27,27,27,27
62679,1,1,0,0,10,0,0,0,0,0,0,0
62680,1,1,0,0,0,0,0,0,0,0,0,0
62681,0,1,0,0,0,0,0,0,0,0,0,0
62681,1,1,0,0,0,13,0,0,0,0,0,0
62682,1,1,12,12,12,12,12,12,12,12,12,12
62685,1,1,0,0,0,0,0,0,10,0,0,0
62685,2,1,0,0,0,0,6,0,0,0,0,0
62685,3,1,0,0,0,0,0,0,0,0,0,0
62686,1,1,22,22,22,22,22,22,22,22,22,22
62686,2,1,0,0,0,0,0,0,0,0,0,0
62687,1,1,0,0,0,0,0,0,0,0,0,0
62688,0,1,0,0,0,0,0,0,0,0,0,0
62688,1,1,0,0,0,0,5,9,0,7,0,8
62689,1,1,2,2,2,2,2,2,2,2,2,2
62690,0,1,0,0,0,0,0,0,0,0,0,0
62690,1,1,0,28,0,0,0,0,0,0,0,0
62691,0,1,0,0,0,0,0,0,0,0,0,0
62691,1,1,0,0,0,0,0,0,0,0,0,0
62692,1,1,0,0,0,0,0,0,0,0,0,0
62693,1,1,19,19,19,19,19,19,19,19,19,19
62693,2,1,0,0,0,0,0,0,0,0,0,0
62694,1,1,25,25,25,25,25,25,25,25,25,25
62694,2,1,0,0,0,0,0,0,0,0,0,0
62695,1,1,16,16,16,16,16,16,16,16,16,16
62696,0,1,5,5,5,5,5,5,5,5,5,5
62696,1,1,0,0,0,0,0,0,0,0,0,0
62697,0,1,19,19,19,19,19,19,19,19,19,19
62697,1,1,0,0,0,0,0,0,0,0,0,0
62698,1,1,14,14,14,14,14,14,14,14,14,14
62698,2,1,0,0,0,0,0,0,0,0,0,0
62699,1,1,0,0,0,0,0,0,0,0,0,0
62699,2,1,0,0,0,0,0,0,0,0,0,0
62699,3,1,0,0,18,0,0,0,0,0,0,0
62700,0,1,0,0,0,0,0,0,0,0,0,0
62700,1,1,18,18,18,18,18,18,18,18,18,18
62701,1,1,0,0,0,0,0,0,0,0,0,0
62701,2,1,0,0,0,0,0,0,0,0,0,9
62701,3,1,24,0,0,0,0,0,0,0,0,0
62701,4,1,0,0,34,0,0,0,0,0,0,0
62702,1,1,0,0,0,0,0,0,0,0,0,0
62702,2,1,0,0,0,0,0,0,0,0,0,0
62702,3,1,0,17,0,0,0,0,0,0,0,0
62702,4,1,0,0,0,25,0,0,0,0,0,0
62703,1,1,22,22,22,22,22,22,22,22,22,22
62703,2,1,0,0,0,0,0,0,0,0,0,0
62703,3,1,0,0,0,0,0,0,0,0,0,0
62704,0,1,0,0,0,0,0,0,0,0,0,0
62704,1,1,0,0,15,5,0,0,0,20,0,23
62705,0,1,0,0,0,0,0,0,0,0,0,0
62705,1,1,28,28,28,28,28,28,28,28,28,28
62706,1,1,0,0,0,0,0,0,0,0,0,0
62707,0,1,8,8,8,8,8,8,8,8,8,8
62707,1,1,0,0,0,0,0,0,0,0,0,0
62708,0,1,8,8,8,8,8,8,8,8,8,8
62708,1,1,0,6,6,15,0,0,16,0,0,8
62708,2,1,0,0,0,0,0,0,0,0,0,0
62708,3,1,21,0,0,0,0,17,9,0,0,0
62709,1,1,9,9,9,9,9,9,9,9,9,9
62710,0,1,0,0,0,0,0,0,0,0,0,0
62710,1,1,0,0,0,0,0,0,0,0,0,0
62711,1,1,22,22,22,22,22,22,22,22,22,22
62711,2,1,0,0,0,0,0,0,0,0,0,0
62711,3,1,9,0,0,0,0,0,0,0,14,0
62712,1,1,0,0,0,0,0,0,0,0,0,0
62713,0,1,0,0,0,0,0,0,0,0,0,0
62713,1,1,0,0,0,0,0,0,0,0,0,0
62714,1,1,0,0,0,0,0,0,0,0,0,0
62714,2,1,0,0,0,0,0,0,0,0,0,0
62715,1,1,0,0,0,0,0,0,0,0,0,0
62715,2,1,0,0,0,0,0,0,0,0,0,0
62716,1,1,0,0,0,0,0,0,0,0,0,0
62716,2,1,0,0,0,0,0,0,0,0,0,0
62717,0,1,23,23,23,23,23,23,23,23,23,23
62717,1,1,8,5,5,0,14,0,0,4,0,0
62718,1,1,13,11,5,11,35,16,21,18,11,24
62718,2,1,0,0,0,0,0,0,0,0,0,0
62718,3,1,0,0,0,0,0,0,0,0,0,0
62719,1,1,0,0,0,0,0,0,0,0,0,0
62720,0,1,0,0,0,0,0,0,0,0,0,0
62720,1,1,0,0,0,0,0,0,0,0,0,0
62720,2,1,17,0,0,0,0,0,0,0,0,0
62721,1,1,0,0,0,0,0,0,0,0,0,0
62721,2,1,0,0,0,0,0,0,0,0,0,0
62722,1,1,0,0,0,0,0,0,0,0,0,0
62723,1,1,0,0,0,0,0,0,0,0,0,0
62723,2,1,0,0,0,0,0,0,0,0,0,0
62724,0,1,7,7,7,7,7,7,7,7,7,7
62724,1,1,0,0,0,0,0,0,0,0,0,0
62725,0,1,0,0,0,0,0,0,0,0,0,0
62725,1,1,0,0,0,0,0,0,0,0,0,0
62725,2,1,0,0,9,0,0,0,0,0,0,0
62726,0,1,34,34,34,34,34,34,34,34,34,34
62726,1,1,13,7,9,2,0,0,0,0,0,7
62727,1,1,1,1,1,1,1,1,1,1,1,1
62727,2,1,0,0,0,0,0,0,0,0,0,0
62728,1,1,0,14,0,0,0,0,0,0,0,0
62729,1,1,0,0,0,0,0,0,0,0,0,0
62729,2,1,0,0,0,0,0,0,0,0,0,0
62730,0,1,0,0,0,0,0,0,0,0,0,0
62730,1,1,0,0,0,0,0,0,0,0,0,0
62731,1,1,0,0,0,0,0,0,0,0,0,0
62732,0,1,13,13,13,13,13,13,13,13,13,13
62732,1,1,0,0,14,0,0,7,0,0,0,0
62733,0,1,18,18,18,18,18,18,18,18,18,18
62733,0,2,0,0,0,0,0,0,0,0,0,0
62733,1,1,0,0,0,0,0,0,0,0,0,0
62734,1,1,24,24,24,24,24,24,24,24,24,24
62735,1,1,16,16,16,16,16,16,16,16,16,16
62736,1,1,0,0,10,0,0,0,0,12,0,0
62736,2,1,0,0,0,0,0,0,0,0,0,0
62737,1,1,12,14,0,3,0,13,0,11,6,0
62737,2,1,0,0,0,0,0,0,0,0,0,0
62738,1,1,1,1,1,1,1,1,1,1,1,1
62739,1,1,0,0,0,0,0,0,0,0,0,0
62740,1,1,0,0,0,0,0,0,0,0,0,0
62741,1,1,0,0,0,0,0,0,0,0,0,0
62742,0,1,0,0,0,0,0,0,0,0,0,0
62743,1,1,0,0,0,0,0,0,0,0,0,0
62744,0,1,0,0,0,0,0,0,0,0,0,0
62744,1,1,0,0,25,0,0,23,0,0,0,30
62745,1,1,0,0,0,0,0,0,0,0,0,0
62746,1,1,0,0,0,0,0,0,0,0,0,0
62747,1,1,0,0,0,0,0,0,0,0,0,4
62747,2,1,0,0,0,0,0,14,0,0,0,0
62748,1,1,0,0,0,0,0,0,0,0,0,0
62748,2,1,0,0,0,0,0,0,0,0,0,0
62748,3,1,0,0,0,0,0,0,0,0,0,0
62748,5,1,0,0,0,0,0,0,0,0,0,0
62749,1,1,0,4,0,0,21,9,30,0,0,0
62750,1,1,24,24,24,24,24,24,24,24,24,24
62751,0,1,17,17,17,17,17,17,17,17,17,17
62751,1,1,0,0,0,0,0,0,0,0,0,0
62752,0,1,0,0,0,0,0,0,0,0,0,0
62752,1,1,0,0,0,0,0,0,0,0,0,0
62753,1,1,0,0,0,0,0,0,0,0,0,0
62754,0,1,0,0,0,0,0,0,0,0,0,0
62754,1,1,0,0,0,0,0,0,0,0,0,0
62755,0,1,0,0,0,0,0,0,0,0,0,0
62755,1,1,0,0,17,23,0,0,11,0,0,0
62756,0,1,21,21,21,21,21,21,21,21,21,21
62756,1,1,0,0,0,0,0,0,0,0,0,0
62757,0,1,0,0,0,0,0,0,0,0,0,0
62757,1,1,0,0,0,7,0,0,22,0,0,0
62758,1,1,0,0,0,0,0,0,0,0,0,0
62758,2,1,0,0,0,0,0,0,0,0,0,0
62759,1,1,0,0,0,0,0,0,0,0,0,0
62759,2,1,0,0,0,0,0,0,0,0,0,0
62760,0,1,0,0,0,0,0,0,0,0,0,0
62760,1,1,0,0,0,0,0,0,0,0,0,0
62761,1,1,0,0,0,0,0,0,0,0,0,0
62762,1,1,0,0,0,0,0,0,0,0,0,0
62763,1,1,22,22,22,22,22,22,22,22,22,22
62763,2,1,0,0,0,0,0,0,0,0,0,0
62764,0,1,0,0,0,31,0,0,0,0,0,9
62764,1,1,9,3,0,0,0,0,0,0,9,0
62765,1,1,0,0,0,0,0,0,0,0,0,0
62766,0,1,0,0,0,0,0,0,0,0,0,0
62766,1,1,22,11,0,8,0,0,0,6,25,0
62767,1,1,0,0,0,0,0,0,0,0,0,0
62767,2,1,0,0,0,0,0,0,0,0,0,0
62768,1,1,19,19,19,19,19,19,19,19,19,19
62768,2,1,2,2,2,2,2,2,2,2,2,2
62769,0,1,10,10,10,10,10,10,10,10,10,10
62769,1,1,0,0,13,12,0,0,0,19,0,0
62771,0,1,0,0,0,0,0,0,0,0,0,0
62771,1,1,12,16,15,15,19,20,22,26,19,17
62772,1,1,0,0,0,0,0,0,0,0,0,0
62772,2,1,0,0,0,0,0,0,0,0,0,0
62773,1,1,10,0,0,0,0,0,0,0,0,20
62774,1,1,0,0,0,0,0,0,0,0,0,0
62775,1,1,65,65,65,65,65,65,65,65,65,65
62776,0,1,0,0,0,0,0,0,0,0,0,0
62776,1,1,0,0,0,0,0,0,0,0,0,0
62777,1,1,0,0,0,0,0,0,0,0,0,0
62778,1,1,0,0,0,0,0,0,0,0,0,0
62779,1,1,0,0,0,0,0,0,0,0,0,0
62779,2,1,0,0,0,0,0,0,0,0,0,0
62780,1,1,0,0,26,0,0,0,17,0,0,0
62780,2,1,0,0,0,0,0,0,0,0,0,0
62781,0,1,0,0,0,0,0,0,0,0,0,0
62781,1,1,0,0,0,8,0,0,0,0,0,0
62782,0,1,0,0,0,0,0,0,0,0,0,0
62782,1,1,0,0,0,0,0,0,0,0,0,0
62783,0,1,0,0,0,0,0,0,0,0,0,0
62783,1,1,0,0,0,0,0,0,0,0,0,0
62784,1,1,0,0,0,0,0,0,0,0,0,0
62785,1,1,13,13,13,13,13,13,13,13,13,13
62786,1,1,0,0,22,17,33,0,0,5,0,0
62787,0,1,16,16,16,16,16,16,16,16,16,16
62787,1,1,14,0,6,0,12,17,0,0,0,7
62788,0,1,0,0,0,0,0,0,0,0,0,0
62788,1,1,0,0,0,0,0,0,0,0,0,0
62789,1,1,17,17,17,17,17,17,17,17,17,17
62790,1,1,0,0,0,0,0,0,0,0,0,0
62790,2,1,0,0,0,0,0,0,0,0,0,0
62791,0,1,0,0,0,0,0,0,0,0,0,0
62791,1,1,0,0,0,0,0,0,0,0,0,0
62792,1,1,5,5,5,5,5,5,5,5,5,5
62792,2,1,0,0,0,0,0,0,0,0,0,0
62793,1,1,13,13,13,13,13,13,13,13,13,13
62794,0,1,0,27,0,0,28,21,0,18,20,0
62794,1,1,0,0,0,0,0,0,0,0,0,0
62795,0,1,0,0,0,0,0,0,0,0,0,0
62795,1,1,0,0,0,0,0,0,0,0,0,0
62796,1,1,0,0,0,0,0,0,0,0,0,0
62796,2,1,0,0,0,0,0,0,19,0,0,0
62797,1,1,18,18,18,18,18,18,18,18,18,18
62797,2,1,10,10,10,10,10,10,10,10,10,10
62798,0,1,19,19,19,19,19,19,19,19,19,19
62798,1,1,0,0,0,0,0,0,0,0,0,0
62799,0,1,0,0,0,0,0,0,0,0,0,0
62799,1,1,0,0,11,0,0,0,9,0,0,0
62800,1,1,10,10,10,10,10,10,10,10,10,10
62800,2,1,0,0,0,0,0,0,0,0,0,0
62801,0,1,14,14,14,14,14,14,14,14,14,14
62801,1,1,0,0,0,18,0,0,0,0,0,7
62802,0,1,0,0,0,0,0,0,0,0,0,0
62802,1,1,0,0,17,9,22,14,0,0,0,0
62803,1,1,0,0,0,0,0,0,0,0,0,0
62803,2,1,0,0,0,0,0,0,0,0,0,0
62804,1,1,0,0,0,0,0,0,0,0,0,0
62804,2,1,0,0,0,0,0,0,0,0,0,0
62805,0,1,0,0,0,0,0,0,0,0,0,0
62805,1,1,0,0,0,0,0,0,0,0,0,0
62806,0,1,4,24,21,0,13,0,0,32,41,9
62806,1,1,0,0,0,0,0,0,0,0,0,0
62807,1,1,13,13,13,13,13,13,13,13,13,13
62808,0,1,0,0,0,0,22,0,0,0,0,0
62808,1,1,0,0,0,0,0,0,0,0,0,0
62809,1,1,0,0,0,0,0,0,0,0,0,0
62810,1,1,0,0,0,0,0,0,0,0,0,0
62811,0,1,21,21,21,21,21,21,21,21,21,21
62811,1,1,0,0,0,11,0,0,0,0,0,12
62812,1,1,0,0,0,0,0,3,0,0,0,12
62813,0,1,26,26,26,26,26,26,26,26,26,26
62813,1,1,25,25,25,25,25,25,25,25,25,25
62815,1,1,0,0,0,0,0,0,0,0,0,0
62815,2,1,29,29,29,29,29,29,29,29,29,29
62816,0,1,0,20,0,0,0,0,0,0,0,0
62816,0,2,0,0,0,0,11,22,0,0,0,22
62816,0,3,0,0,29,0,0,21,0,0,0,12
62816,0,4,0,0,26,12,17,0,0,0,5,26
62816,0,5,0,0,0,0,0,26,0,27,0,0
62816,0,6,0,0,0,10,0,0,0,20,12,25
62816,0,7,0,0,0,0,0,32,0,7,17,0
62816,0,8,0,0,0,31,0,0,0,0,0,0
62816,0,9,0,0,0,0,0,0,0,25,0,0
62816,1,1,0,0,17,0,0,14,0,0,0,12
62816,2,1,0,0,0,0,0,0,12,0,0,0
62817,1,1,0,0,0,0,0,0,0,0,0,0
62817,2,1,0,0,0,0,0,0,0,0,0,0
62817,3,1,0,0,0,0,0,0,0,17,0,0
62817,4,1,0,0,0,0,0,0,0,0,0,0
62819,0,1,0,0,0,0,0,0,0,0,0,0
62819,1,1,2,0,0,2,7,0,9,0,0,0
62819,2,1,11,7,0,0,0,0,0,0,0,33
62820,1,1,0,0,0,0,0,0,0,0,0,0
62821,1,1,6,6,6,6,6,6,6,6,6,6
62822,1,1,0,0,0,0,0,0,0,0,0,0
62822,2,1,0,0,0,0,0,0,0,0,0,0
62823,1,1,5,5,5,5,5,5,5,5,5,5
62823,2,1,0,0,0,0,0,0,0,0,0,0
62824,0,1,12,12,12,12,12,12,12,12,12,12
62824,1,1,0,0,0,0,0,0,0,0,0,12
62825,1,1,13,13,21,0,12,8,31,12,19,30
62826,1,1,0,0,0,0,0,0,0,0,0,0
62826,2,1,0,0,0,0,0,0,0,0,0,0
62827,0,1,0,0,0,0,0,0,0,0,0,0
62827,1,1,0,13,0,0,0,0,0,0,0,0
62828,1,1,0,0,0,0,0,0,0,0,0,0
62828,2,1,0,0,0,0,0,0,0,0,0,0
62828,3,1,0,0,0,0,0,0,0,0,0,0
62829,1,1,0,0,0,0,0,0,0,0,0,0
62830,0,1,11,11,11,11,11,11,11,11,11,11
62830,1,1,0,0,0,29,22,0,0,0,0,0
62831,1,1,0,0,0,0,0,0,0,0,0,0
62831,2,1,0,0,0,0,0,0,0,0,0,0
62832,0,1,0,0,0,0,0,0,0,0,0,0
62832,0,2,0,0,0,15,12,0,13,4,23,21
62832,1,1,0,0,0,0,0,0,0,0,0,0
62833,1,1,0,0,0,0,0,0,0,0,0,0
62834,1,1,0,0,0,0,0,0,0,0,0,0
62835,0,1,0,0,0,0,0,0,0,0,0,0
62835,1,1,0,0,0,0,0,0,0,0,0,0
62835,2,1,0,0,0,0,0,0,4,0,0,0
62836,0,1,2,2,2,2,2,2,2,2,2,2
62836,1,1,0,17,0,0,0,2,0,0,0,10
62837,1,1,20,20,20,20,20,20,20,20,20,20
62837,2,1,0,5,0,0,9,0,0,0,0,0
62837,3,1,0,0,0,0,0,0,0,0,0,0
62838,1,1,13,0,0,0,0,0,0,6,0,0
62839,1,1,0,0,0,0,0,0,0,0,9,0
62840,1,1,0,0,0,0,0,0,0,0,0,0
62840,2,1,0,0,0,0,0,0,20,0,0,0
62840,3,1,0,0,0,0,0,0,0,0,0,0
62841,0,1,0,0,0,0,0,0,0,0,0,0
62841,1,1,0,0,0,0,0,0,0,0,0,0
62842,1,1,0,0,0,0,0,0,0,0,0,0
62842,2,1,0,0,0,0,0,0,0,0,0,0
62843,0,1,0,0,0,0,0,0,0,0,0,0
62843,1,1,0,0,0,0,0,0,0,0,0,0
62844,0,1,0,0,0,0,0,0,0,0,0,0
62844,1,1,0,0,0,0,0,0,11,5,13,0
62844,2,1,0,0,0,0,0,0,0,0,0,0
62845,0,1,20,20,20,20,20,20,20,20,20,20
62845,1,1,0,0,0,0,0,0,0,0,0,0
62846,0,1,18,18,18,18,18,18,18,18,18,18
62846,1,1,0,0,0,0,0,0,0,0,0,0
62847,0,1,0,0,0,0,0,0,0,0,0,0
62847,1,1,0,0,0,0,0,0,0,0,0,0
62847,2,1,0,0,0,0,12,0,0,0,0,13
62848,1,1,0,0,0,0,0,0,0,0,0,0
62848,2,1,0,0,0,0,0,0,14,0,0,0
62849,1,1,10,10,10,10,10,10,10,10,10,10
62850,1,1,0,0,0,0,0,0,0,0,0,0
62850,2,1,0,0,0,0,0,0,0,0,0,0
62850,3,1,0,0,0,0,0,0,0,0,0,0
62850,4,1,0,0,0,6,0,0,0,0,0,0
62851,1,1,0,0,0,0,0,0,0,0,0,0
62852,1,1,9,9,9,9,9,9,9,9,9,9
62853,1,1,21,21,21,21,21,21,21,21,21,21
62853,2,1,0,0,0,0,0,0,0,0,0,0
62854,0,1,0,0,0,0,0,0,0,0,0,0
62854,1,1,0,0,0,0,0,0,0,0,0,0
62855,0,1,15,15,15,15,15,15,15,15,15,15
62855,1,1,0,0,0,0,0,0,0,0,0,0
62856,1,1,14,14,14,14,14,14,14,14,14,14
62857,0,1,0,0,0,0,0,0,0,0,0,0
62857,0,2,0,0,0,23,0,0,0,0,0,27
62857,1,1,0,0,0,0,0,0,0,0,0,0
62858,1,1,11,11,11,11,11,11,11,11,11,11
62858,2,1,0,0,0,0,0,0,0,0,0,0
62859,1,1,6,6,6,6,6,6,6,6,6,6
62860,1,1,23,23,23,23,23,23,23,23,23,23
62860,2,1,0,0,0,0,0,0,0,0,0,0
62860,3,1,0,0,0,0,0,0,0,0,0,0
62861,1,1,0,0,0,0,0,0,0,0,0,0
62861,2,1,0,0,0,0,0,0,0,0,0,0
62862,1,1,0,0,0,0,0,0,0,0,0,0
62863,0,1,0,0,0,19,33,0,10,0,0,0
62863,1,1,0,0,0,0,0,0,0,0,0,0
62864,0,1,0,0,0,0,0,0,0,0,0,0
62864,1,1,0,0,0,0,0,0,0,0,0,0
62865,1,1,0,13,0,0,6,0,17,0,25,30
62866,0,1,0,0,0,0,0,0,0,0,0,0
62866,1,1,0,0,0,0,0,0,0,0,0,0
62867,0,1,37,37,37,37,37,37,37,37,37,37
62867,1,1,18,0,14,27,6,0,0,9,18,7
62868,1,1,14,14,14,14,14,14,14,14,14,14