ST_CASE,VEH_NO,PER_NO,P1,P2,P3,P4,P5,P6,P7,P8,P9,P10
62869,1,1,25,25,7,25,10,0,19,8,0,15
62870,1,1,0,0,0,0,0,0,0,0,0,0
62870,2,1,0,0,0,0,0,0,0,0,0,0
62871,1,1,4,4,4,4,4,4,4,4,4,4
62871,2,1,0,0,0,0,0,0,0,0,0,0
62872,1,1,21,21,21,21,21,21,21,21,21,21
62873,1,1,5,5,5,5,5,5,5,5,5,5
62874,1,1,0,0,0,0,0,0,0,0,0,0
62874,2,1,0,0,0,0,0,0,0,0,0,0
62875,1,1,0,0,0,0,0,0,0,0,0,0
62876,1,1,0,0,0,0,0,0,0,0,0,0
62876,2,1,0,0,0,0,0,0,0,0,0,0
62877,1,1,21,21,21,21,21,21,21,21,21,21
62877,2,1,0,0,0,0,0,0,0,0,0,0
62878,0,1,0,0,17,7,0,16,8,0,9,42
62878,1,1,0,0,0,0,0,0,0,0,0,0
62879,1,1,0,0,0,0,0,0,0,0,0,0
62879,2,1,0,0,0,0,0,0,0,0,0,0
62879,3,1,0,0,0,0,0,0,0,0,0,0
62880,1,1,20,20,20,20,20,20,20,20,20,20
62880,2,1,23,0,0,24,0,0,0,0,0,0
62880,3,1,0,0,0,9,0,0,0,10,0,0
62881,0,1,39,39,39,39,39,39,39,39,39,39
62881,1,1,0,0,0,0,0,0,0,0,0,0
62882,0,1,0,0,0,0,0,0,0,0,0,0
62882,1,1,0,0,0,0,0,0,0,0,0,0
62883,0,1,0,0,0,0,0,0,0,0,0,0
62883,1,1,13,0,10,0,0,0,0,14,0,0
62884,1,1,0,0,0,0,0,0,0,0,0,0
62884,2,1,0,0,0,0,0,0,0,0,0,0
62885,1,1,6,6,6,6,6,6,6,6,6,6
62886,1,1,13,6,4,15,12,13,9,23,11,24
62886,2,1,0,0,8,0,0,0,0,0,0,0
62887,1,1,0,0,0,13,0,0,0,0,0,0
62887,2,1,9,0,0,0,0,0,0,0,0,0
62888,1,1,0,0,0,0,0,0,0,0,0,0
62889,1,1,0,0,8,0,0,0,0,0,21,0
62889,2,1,0,0,0,0,7,0,0,0,0,0
62890,0,1,24,0,0,0,18,0,0,19,0,0
62890,1,1,0,0,0,0,0,0,0,0,0,0
62891,1,1,33,2,21,23,16,3,20,4,11,15
62891,2,1,0,0,0,0,0,0,0,0,0,0
62892,0,1,0,0,0,0,0,0,0,0,0,0
62892,1,1,0,0,0,10,8,0,0,0,0,0
62893,0,1,0,0,0,0,0,0,0,0,0,0
62893,1,1,14,0,0,0,0,0,0,0,0,15
62894,0,1,0,0,0,0,0,0,0,0,0,0
62894,1,1,0,0,15,0,0,0,0,0,0,0
62895,0,1,0,0,0,0,0,0,0,0,0,0
62895,1,1,0,0,0,11,0,0,0,0,0,0
62896,0,1,0,0,0,0,0,0,0,0,0,0
62896,0,2,0,0,0,0,0,0,0,0,0,0
62896,1,1,0,0,0,0,0,0,0,0,0,0
62897,0,1,16,16,16,16,16,16,16,16,16,16
62897,1,1,0,32,13,0,15,0,0,27,21,0
62898,1,1,0,0,0,0,0,0,0,0,0,0
62898,2,1,0,0,0,0,0,0,0,0,0,0
62899,1,1,11,11,11,11,11,11,11,11,11,11
62899,2,1,0,9,0,0,0,0,13,10,11,13
62900,1,1,0,0,0,0,0,0,0,0,0,0
62900,2,1,0,0,0,0,0,0,0,0,0,0
62900,3,1,0,6,5,0,0,12,0,0,0,5
62901,1,1,17,17,17,17,17,17,17,17,17,17
62901,2,1,24,24,24,24,24,24,24,24,24,24
62902,1,1,0,0,0,0,0,0,0,0,0,0
62903,1,1,0,0,0,0,0,0,0,0,0,0
62904,1,1,35,35,35,35,35,35,35,35,35,35
62904,2,1,0,0,0,0,0,0,0,0,0,0
62905,0,1,0,0,0,0,0,0,0,0,0,0
62905,1,1,0,0,0,0,0,0,0,0,0,0
62906,1,1,0,0,0,0,0,0,0,0,0,0
62906,2,1,0,0,0,0,0,0,0,0,0,0
62907,1,1,16,16,16,16,16,16,16,16,16,16
62908,0,1,35,0,0,0,0,0,0,30,0,0
62908,1,1,0,0,0,0,0,0,0,0,0,0
62909,1,1,0,0,0,0,0,0,0,0,0,0
62909,2,1,0,0,0,0,0,0,0,0,0,0
62910,1,1,0,0,0,0,0,0,0,0,0,0
62910,2,1,20,0,0,0,0,18,13,0,14,0
62910,3,1,0,0,6,0,0,0,0,0,0,0
62911,1,1,23,23,23,23,23,23,23,23,23,23
62911,2,1,0,0,0,0,0,0,0,0,0,0
62912,1,1,0,0,0,0,0,0,0,0,0,0
62912,3,1,0,0,0,0,0,0,0,0,0,0
62913,1,1,0,0,0,0,0,0,0,0,0,0
62913,2,1,0,0,0,0,0,0,0,0,0,0
62914,1,1,0,0,0,0,0,0,0,0,0,0
62915,0,1,0,0,0,0,0,0,0,0,0,0
62915,1,1,0,0,0,0,0,0,0,0,0,0
62916,0,1,19,19,19,19,19,19,19,19,19,19
62916,1,1,0,0,0,0,0,0,0,0,0,0
62917,1,1,0,0,0,0,0,0,0,0,0,4
62917,2,1,0,0,0,0,0,0,0,0,0,0
62917,3,1,0,0,0,0,0,0,0,0,0,0
62918,1,1,0,0,0,0,0,0,0,0,0,0
62918,2,1,0,0,0,0,0,0,0,0,0,0
62919,1,1,0,0,0,0,0,0,0,0,0,0
62919,2,1,0,0,0,0,0,0,0,0,0,0
62919,3,1,0,0,0,13,0,0,0,0,0,0
62920,1,1,2,2,2,2,2,2,2,2,2,2
62920,2,1,0,0,0,0,0,0,0,0,0,0
62921,1,1,25,16,13,16,23,7,15,15,21,26
62922,0,1,0,0,0,0,0,0,0,0,0,0
62922,1,1,0,0,0,0,25,0,0,0,0,0
62923,1,1,0,0,0,0,0,0,0,0,0,0
62925,1,1,0,0,0,0,0,0,0,0,0,0
62926,1,1,3,3,3,3,3,3,3,3,3,3
62927,0,1,23,23,23,23,23,23,23,23,23,23
62927,1,1,0,0,0,0,0,0,14,0,0,0
62928,1,1,0,0,0,0,0,0,0,0,0,0
62928,2,1,14,0,0,0,0,0,0,0,0,0
62929,0,1,23,23,23,23,23,23,23,23,23,23
62929,1,1,0,0,0,0,0,0,0,0,0,0
62930,1,1,0,0,0,0,0,0,0,0,0,0
62930,2,1,1,1,1,1,1,1,1,1,1,1
62931,0,1,5,0,0,38,27,36,0,0,0,0
62931,1,1,19,19,19,19,19,19,19,19,19,19
62932,1,1,0,0,0,0,0,0,0,0,0,0
62932,2,1,0,0,0,0,0,0,0,0,0,0
62932,3,1,0,0,0,0,0,0,0,0,0,0
62933,0,1,0,0,0,0,0,0,0,0,0,0
62933,1,1,15,0,0,0,0,0,0,0,12,0
62934,1,1,0,0,0,0,0,0,0,0,0,0
62934,2,1,0,0,0,0,0,0,0,0,0,0
62935,0,1,39,39,39,39,39,39,39,39,39,39
62935,1,1,0,0,14,0,0,18,0,10,0,0
62936,1,1,0,23,0,0,0,14,36,0,24,15
62937,0,1,0,0,0,0,0,0,0,0,0,0
62937,1,1,0,0,0,0,0,0,0,0,0,0
62938,1,1,0,0,0,0,0,0,0,0,0,0
62938,2,1,0,0,0,0,0,0,0,0,0,19
62939,1,1,5,0,0,25,0,0,0,17,21,0
62939,2,1,0,0,0,0,0,0,0,0,0,0
62940,1,1,0,0,0,0,0,0,0,0,0,0
62940,2,1,0,0,0,0,0,0,0,0,0,0
62941,0,1,1,1,1,1,1,1,1,1,1,1
62941,1,1,0,32,0,0,18,0,0,0,0,0
62942,0,1,0,0,0,0,0,0,0,0,0,0
62942,1,1,0,0,0,0,0,0,0,0,0,0
62943,1,1,9,25,0,7,0,19,6,26,18,5
62943,2,1,0,0,0,0,0,0,0,0,0,0
62944,0,1,0,0,0,0,0,0,0,0,0,0
62944,1,1,12,0,0,0,0,18,0,12,0,13
62944,2,1,0,0,0,0,0,0,0,0,0,0
62945,1,1,0,0,0,0,0,0,0,0,0,0
62945,2,1,0,0,0,0,0,0,0,0,0,0
62946,1,1,0,0,0,0,0,0,0,0,0,0
62947,0,1,0,0,0,0,0,0,0,0,0,0
62947,1,1,0,0,10,10,0,0,0,0,0,0
62948,1,1,0,0,0,0,0,0,0,0,0,0
62948,2,1,0,0,0,0,0,0,0,0,0,0
62949,1,1,0,0,0,0,0,0,0,0,0,0
62949,2,1,0,0,0,0,0,0,0,0,0,0
62950,0,1,0,0,12,0,0,0,0,0,0,0
62950,1,1,0,0,0,0,0,0,0,0,0,0
62951,1,1,0,0,0,0,0,0,0,0,0,0
62951,2,1,0,0,0,0,0,0,0,0,0,0
62951,3,1,0,0,0,11,0,14,3,0,0,0
62952,0,1,29,29,29,29,29,29,29,29,29,29
62952,1,1,0,0,0,0,0,0,0,0,0,0
62953,0,1,0,0,0,0,0,0,0,0,0,0
62953,1,1,8,0,0,0,0,0,0,0,0,0
62954,0,1,12,12,12,12,12,12,12,12,12,12
62954,1,1,0,0,0,0,0,0,0,0,0,0
62955,1,1,0,0,0,0,0,0,0,0,0,0
62956,1,1,0,0,0,0,0,0,0,0,0,0
62956,2,1,0,0,0,0,0,0,0,0,0,0
62957,0,1,0,0,0,0,0,0,0,0,0,0
62958,1,1,0,0,0,0,0,0,0,0,0,0
62959,1,1,0,0,0,0,0,0,0,0,0,0
62960,1,1,22,22,22,22,22,22,22,22,22,22
62960,2,1,0,0,0,0,0,0,0,0,0,0
62961,0,1,2,2,2,2,2,2,2,2,2,2
62961,1,1,0,0,0,0,0,0,0,0,0,0
62962,0,1,0,0,0,0,0,0,34,20,21,0
62962,1,1,0,0,0,0,0,0,0,0,0,0
62963,0,1,33,33,33,33,33,33,33,33,33,33
62963,1,1,4,4,4,4,4,4,4,4,4,4
62964,1,1,7,7,7,7,7,7,7,7,7,7
62964,2,1,7,16,0,0,0,16,0,0,0,0
62965,1,1,0,0,0,0,0,0,0,0,0,0
62965,2,1,0,0,0,0,0,0,0,0,0,0
62965,3,1,0,17,0,0,0,21,0,0,0,0
62966,1,1,0,0,0,0,0,0,0,0,0,0
62966,2,1,0,0,0,0,0,0,0,0,0,0
62966,3,1,13,13,15,0,0,0,0,0,0,24
62966,4,1,0,0,0,0,0,0,0,0,0,0
62966,5,1,0,0,0,0,0,0,0,0,0,0
62966,6,1,0,0,0,0,0,0,0,0,0,0
62966,7,1,0,0,0,0,0,0,0,0,0,0
62966,8,1,0,0,0,0,0,0,0,0,0,0
62966,9,1,0,0,0,0,0,0,0,0,0,0
62966,10,1,0,0,0,0,0,2,0,0,0,0
62967,1,1,0,0,0,0,0,0,0,0,0,0
62967,2,1,0,0,0,0,0,0,0,0,0,0
62968,0,1,0,0,0,0,0,0,0,0,0,0
62968,1,1,0,0,0,0,0,0,0,0,0,0
62969,1,1,0,0,0,0,0,0,0,0,0,0
62970,1,1,7,7,7,7,7,7,7,7,7,7
62971,1,1,0,0,0,0,0,0,0,0,0,0
62972,0,1,0,0,0,0,0,0,0,0,0,0
62972,0,2,0,0,0,0,9,0,0,26,0,0
62972,1,1,0,7,0,22,25,0,24,20,0,0
62973,1,1,0,0,0,0,0,0,0,0,0,0
62974,1,1,0,0,0,0,0,0,0,0,0,0
62975,1,1,7,11,0,16,14,42,18,0,0,0
62975,2,1,15,17,11,0,0,10,0,4,8,0
62976,0,1,0,0,0,0,0,0,0,0,0,0
62976,0,2,25,22,0,0,36,3,21,15,21,35
62976,1,1,0,0,0,11,16,0,0,0,10,16
62976,2,1,0,0,0,0,0,26,0,0,0,0
62976,3,1,0,9,0,21,0,0,0,0,0,0
62977,1,1,14,14,14,14,14,14,14,14,14,14
62978,1,1,0,5,0,9,0,0,0,9,0,0
62979,0,1,0,0,0,0,0,0,0,0,0,0
62979,1,1,0,0,0,0,0,0,0,19,0,0
62980,0,1,9,9,9,9,9,9,9,9,9,9
62980,1,1,0,0,0,0,0,0,0,0,0,0
62981,0,1,0,0,0,0,0,0,0,0,0,0
62981,1,1,0,0,0,0,0,0,0,0,0,0
62982,1,2,0,0,14,25,25,0,11,0,0,0
62983,1,1,0,0,0,0,0,0,0,0,0,0
62983,2,1,0,0,0,0,0,0,0,0,0,0
62984,1,1,0,0,0,0,0,0,0,0,0,0
62984,2,1,0,0,0,0,0,0,0,0,0,0
62985,1,1,0,0,0,0,0,0,0,0,0,0
62986,1,1,15,15,15,15,15,15,15,15,15,15
62987,1,1,16,14,16,6,16,5,16,20,7,0
62987,2,1,0,14,0,0,0,0,0,0,0,0
62988,0,1,19,19,19,19,19,19,19,19,19,19
62988,1,1,0,0,0,0,0,0,7,0,0,0
62988,2,1,0,0,0,13,0,24,0,0,0,0
62989,1,1,20,20,20,20,20,20,20,20,20,20
62990,1,1,0,0,0,0,0,0,0,0,0,0
62990,2,1,0,0,0,0,0,0,0,0,0,0
62991,1,1,0,0,0,0,0,0,0,0,0,0
62991,2,1,0,0,0,0,0,0,0,0,0,0
62992,0,1,0,0,0,0,0,0,0,0,0,0
62992,1,1,0,0,9,0,0,0,0,0,0,0
62993,1,1,0,0,0,0,0,0,0,0,0,0
62993,2,1,6,0,0,0,0,0,0,0,0,0
62994,0,1,0,30,0,18,32,0,0,23,0,15
62994,1,1,0,0,0,0,0,0,0,0,6,14
62995,1,1,6,6,6,6,6,6,6,6,6,6
62996,0,1,0,0,0,0,0,0,0,0,0,0
62996,1,1,0,0,0,0,0,0,0,0,0,0
62997,1,1,0,0,0,0,0,0,0,0,0,0
62997,2,1,0,0,0,0,0,0,0,0,0,0
62998,1,1,0,0,0,0,0,0,0,0,0,0
62998,2,1,0,0,0,0,0,0,0,0,0,0
62999,1,1,0,0,0,0,0,0,0,0,0,0
62999,2,1,0,0,0,0,0,15,0,0,0,0
63000,0,1,0,0,0,0,0,0,0,0,0,0
63000,1,1,0,0,0,0,0,0,0,0,0,0
63001,1,1,0,0,0,0,0,0,0,0,0,0
63002,1,1,5,5,5,5,5,5,5,5,5,5
63003,0,1,37,0,12,15,0,0,0,0,12,0
63003,1,1,0,0,0,0,0,0,0,0,0,0
63004,0,1,0,0,0,0,0,0,0,0,0,0
63004,1,1,0,0,0,0,18,14,0,15,0,0
63005,0,1,0,0,0,0,0,0,0,0,0,0
63005,1,1,0,0,0,0,0,0,0,0,0,0
63006,0,1,0,0,0,0,0,0,0,0,0,0
63006,1,1,17,17,17,17,17,17,17,17,17,17
63007,1,1,0,0,0,0,0,0,0,0,0,0
63008,1,1,0,0,0,0,0,0,0,0,0,0
63008,2,1,0,0,0,0,0,0,0,0,0,0
63009,1,1,0,0,0,0,0,0,0,0,0,0
63009,2,1,0,0,0,0,0,0,0,0,0,0
63010,0,1,21,21,21,21,21,21,21,21,21,21
63010,1,1,0,0,0,0,0,0,0,0,0,0
63011,1,1,0,0,24,20,14,0,0,9,0,0
63011,2,1,0,0,0,0,0,0,0,0,0,0
63012,1,1,0,0,0,0,0,0,0,0,0,0
63013,1,1,0,0,0,7,0,0,0,0,0,0
63013,2,1,0,0,0,0,0,0,0,0,0,0
63014,0,1,0,0,0,0,0,0,0,0,0,0
63014,1,1,0,0,0,0,0,0,0,0,0,0
63015,0,1,0,0,0,0,0,0,0,0,0,0
63015,1,1,0,0,0,0,0,0,0,0,0,0
63016,1,1,0,0,0,0,0,0,0,11,0,0
63016,2,1,0,0,0,0,0,0,0,0,0,0
63017,0,1,0,0,0,0,0,0,0,0,0,0
63017,1,1,0,0,0,0,0,0,0,16,0,0
63018,0,1,0,0,0,0,0,0,0,0,0,0
63018,1,1,0,0,14,0,0,0,0,0,0,13
63019,0,1,0,0,0,0,0,0,0,0,0,0
63019,1,1,0,0,0,0,0,0,0,0,0,0
63020,0,1,14,24,30,17,22,36,23,18,18,0
63020,1,1,0,24,0,0,0,0,0,0,0,0
63021,1,1,0,0,0,0,0,0,0,0,0,0
63021,2,1,0,0,0,0,0,0,0,0,0,0
63022,0,1,21,21,21,21,21,21,21,21,21,21
63022,2,1,0,0,0,0,0,0,0,0,8,0
63022,3,1,0,0,0,0,7,8,11,5,18,0
63023,1,1,0,0,0,0,0,0,0,0,0,0
63023,2,1,0,0,0,0,0,0,0,0,0,0
63024,1,1,28,28,28,28,28,28,28,28,28,28
63025,0,1,23,0,0,2,0,20,26,15,0,0
63025,0,2,0,0,0,0,0,0,0,0,0,19
63025,1,1,0,0,0,0,0,0,0,0,0,0
63026,0,1,5,5,5,5,5,5,5,5,5,5
63026,1,1,0,0,0,0,0,0,0,0,0,0
63026,2,1,0,0,0,0,0,0,0,0,0,0
63027,0,1,0,0,0,0,0,0,0,0,0,0
63027,1,1,0,0,0,0,0,0,0,0,0,0
63028,1,1,9,9,9,9,9,9,9,9,9,9
63029,1,1,0,0,0,0,0,0,0,0,0,0
63029,2,1,0,0,0,0,0,0,19,0,0,0
63029,3,1,0,0,0,0,0,0,0,0,0,0
63029,4,1,0,0,0,21,0,0,0,0,0,0
63030,1,1,0,0,0,0,0,0,0,0,0,0
63030,2,1,0,0,0,0,0,0,0,0,0,0
63030,3,1,0,0,0,2,0,0,0,0,0,0
63030,4,1,0,0,0,0,0,0,0,0,0,0
63030,5,1,0,0,0,0,0,0,0,21,0,0
63031,1,1,0,0,0,0,0,0,0,0,0,0
63032,0,1,0,0,0,0,0,0,0,0,0,0
63032,1,1,0,0,0,0,0,0,0,0,0,0
63033,0,1,0,0,0,0,0,0,0,0,0,0
63033,0,2,12,12,12,12,12,12,12,12,12,12
63033,1,1,0,0,0,0,0,0,0,0,0,0
63034,1,1,0,0,0,0,0,0,0,0,0,6
63034,2,1,0,0,0,0,0,0,0,0,0,0
63034,3,1,0,0,0,0,0,0,0,0,0,0
63035,1,1,0,0,0,0,0,0,0,0,0,0
63035,2,1,0,0,0,0,0,0,0,0,0,0
63036,1,1,0,0,0,0,0,0,0,0,0,0
63036,2,1,0,0,0,0,0,0,0,0,0,0
63037,1,1,16,16,16,16,16,16,16,16,16,16
63038,1,1,0,0,0,0,12,0,0,0,0,0
63038,2,1,0,0,0,0,0,0,0,0,0,0
63039,0,1,29,29,29,29,29,29,29,29,29,29
63039,1,1,0,0,0,0,13,0,0,30,0,0
63040,0,1,0,0,0,0,0,0,0,0,0,0
63040,1,1,0,15,0,0,0,19,0,0,0,0
63041,1,1,16,16,16,16,16,16,16,16,16,16
63042,1,1,0,0,0,0,0,0,0,0,0,0
63042,2,1,0,0,0,0,0,0,0,0,0,0
63043,1,1,0,0,0,0,0,0,0,0,0,0
63043,2,1,0,0,8,0,0,0,8,0,15,0
63044,1,1,4,4,4,4,4,4,4,4,4,4
63045,1,1,20,20,20,20,20,20,20,20,20,20
63046,1,1,18,18,18,18,18,18,18,18,18,18
63047,1,1,13,13,13,13,13,13,13,13,13,13
63048,0,1,10,29,11,10,0,0,10,0,0,0
63048,1,1,16,14,22,0,4,0,0,0,0,0
63049,0,1,0,0,0,0,0,0,0,0,0,0
63049,1,1,0,0,0,0,0,0,0,0,0,0
63050,1,1,15,15,15,15,15,15,15,15,15,15
63051,0,1,35,35,35,35,35,35,35,35,35,35
63051,1,1,0,0,0,0,0,0,0,0,0,0
63052,0,1,0,0,0,0,0,0,0,0,0,0
63052,1,1,0,0,0,0,0,0,0,0,0,0
63053,0,1,0,0,0,0,0,0,0,0,0,0
63053,1,1,0,0,0,0,0,0,10,0,0,0
63054,0,1,0,0,0,0,0,0,0,0,0,0
63054,1,1,0,0,0,0,0,0,0,0,0,0
63055,1,1,0,0,0,0,0,0,0,11,0,0
63055,2,1,0,5,0,8,22,18,0,15,0,0
63056,0,1,0,0,0,0,0,0,0,0,0,0
63056,1,1,7,7,7,7,7,7,7,7,7,7
63057,0,1,0,0,0,0,0,0,0,0,0,0
63057,1,1,0,0,0,0,0,0,0,0,0,0
63058,0,1,24,24,24,24,24,24,24,24,24,24
63058,1,1,14,12,0,0,0,16,0,9,23,0
63058,2,1,14,0,0,0,18,0,0,0,0,0
63059,1,1,21,21,21,21,21,21,21,21,21,21
63060,0,1,0,0,0,0,0,0,0,0,0,0
63060,1,1,0,0,10,0,0,0,0,0,1,0
63061,1,1,0,0,0,0,0,0,0,0,0,0
63062,1,1,0,0,8,0,11,9,0,7,2,17
63062,2,1,0,0,0,0,0,0,0,0,0,0
63063,1,1,0,5,15,18,0,11,6,3,13,42
63063,2,1,0,0,0,0,0,0,0,0,0,0
63064,0,1,0,26,30,0,21,48,0,30,39,16
63064,1,1,0,0,0,0,0,0,0,0,0,0
63065,1,1,0,0,0,0,0,0,0,0,0,0
63065,2,1,0,0,0,0,0,0,0,0,0,0
63066,0,1,0,0,0,0,0,0,0,0,0,0
63066,1,1,0,0,0,0,0,0,0,0,0,0
63067,1,1,0,0,0,0,0,0,0,0,0,0
63068,0,1,0,0,27,14,35,18,8,6,18,10
63068,1,1,0,0,0,0,0,0,0,0,0,0
63069,1,1,0,0,0,0,0,0,0,0,0,0
63070,1,1,14,14,14,14,14,14,14,14,14,14
63070,2,1,0,0,0,0,0,0,0,0,0,0
63071,1,1,0,7,0,26,0,2,0,0,0,16
63072,1,1,0,0,0,0,0,0,0,0,0,0
63072,2,1,0,0,0,0,0,0,0,0,0,0
63073,1,1,0,0,0,0,0,0,0,0,0,0
63073,2,1,0,0,0,0,0,0,0,0,0,0
63074,0,1,0,0,0,0,0,0,0,0,0,0
63074,1,1,0,0,0,0,0,0,0,0,0,0
63075,1,1,0,0,0,0,0,0,0,0,0,0
63075,2,1,0,0,0,0,0,0,0,0,0,0
63075,3,1,0,0,0,0,0,0,0,0,0,11
63075,4,1,0,0,0,0,0,0,0,0,0,0
63076,1,1,0,0,0,0,0,0,0,0,0,0
63076,2,1,0,0,0,0,23,0,0,0,0,0
63077,0,1,0,0,0,0,0,0,0,0,0,0
63077,1,1,0,0,0,0,0,0,0,0,0,0
63078,1,1,20,20,20,20,20,20,20,20,20,20
63079,0,1,0,0,0,0,0,0,0,0,0,0
63079,1,1,0,0,0,0,0,0,0,0,0,0
63080,0,1,0,0,0,0,0,0,0,0,0,0
63080,1,1,0,0,0,0,0,0,0,6,0,22
63081,1,1,0,6,0,6,0,0,0,0,0,0
63081,2,1,0,0,0,0,0,0,0,0,0,0
63082,1,1,0,0,0,0,0,0,10,0,0,0
63082,2,1,13,0,0,0,0,0,0,0,0,0
63083,1,1,18,18,18,18,18,18,18,18,18,18
63083,2,1,0,0,0,0,0,0,0,0,0,28
63084,0,1,26,0,10,0,4,0,0,19,0,17
63084,1,1,0,0,0,0,0,0,0,0,0,0
63085,1,1,0,0,0,0,0,18,0,0,0,0
63085,2,1,0,0,0,0,0,0,0,0,0,0
63086,1,1,0,0,0,0,0,0,0,0,0,0
63086,2,1,7,7,7,7,7,7,7,7,7,7
63087,0,1,10,10,10,10,10,10,10,10,10,10
63087,1,1,0,19,0,0,0,0,0,8,0,0
63088,0,1,0,0,0,0,0,0,0,0,0,0
63088,1,1,0,0,0,0,0,0,0,0,0,0
63089,0,1,0,0,0,0,0,0,0,0,0,0
63089,1,1,0,0,0,0,0,0,17,0,0,0
63090,0,1,0,0,0,0,0,0,0,0,0,0
63090,1,1,0,0,0,0,0,0,0,0,0,0
63091,1,1,0,0,0,0,0,0,0,0,0,0
63091,2,1,0,0,0,0,0,20,0,0,0,0
63092,1,1,0,0,0,0,0,0,0,0,0,0
63092,2,1,0,0,0,0,0,0,0,0,0,0
63093,1,1,0,0,0,8,16,14,10,0,0,0
63094,1,1,23,23,23,23,23,23,23,23,23,23
63095,0,1,22,0,0,9,0,25,21,45,23,28
63095,1,1,7,14,0,11,22,0,0,0,0,0
63096,1,1,0,0,10,22,0,0,15,0,18,0
63096,2,1,0,0,0,23,0,26,0,0,25,0
63097,0,1,0,0,24,0,16,0,26,0,8,0
63097,1,1,0,0,0,0,0,0,0,0,0,0
63098,0,1,20,31,23,0,13,15,0,0,0,0
63098,1,1,0,0,0,0,0,0,0,0,0,0
63099,0,1,0,0,16,0,0,0,0,0,0,19
63099,1,1,0,0,0,0,0,0,0,0,0,0
63100,1,1,0,0,0,0,0,0,0,0,0,0
63101,1,1,0,0,0,0,0,0,0,0,0,0
63101,2,1,0,0,0,0,0,0,0,0,0,0
63101,3,1,0,0,0,0,0,0,0,0,0,0
63102,0,1,22,22,22,22,22,22,22,22,22,22
63102,1,1,0,0,0,0,0,0,0,0,0,0
63102,2,1,0,0,0,0,0,0,0,0,0,0
63103,1,1,0,0,0,0,0,0,0,0,0,0
63103,2,1,0,0,18,0,0,0,0,0,0,0
63103,3,1,0,0,0,0,0,0,0,0,0,0
63104,1,1,19,19,19,19,19,19,19,19,19,19
63104,2,1,0,0,0,0,0,11,0,0,0,0
63105,0,1,0,0,0,0,0,0,0,0,0,0
63105,1,1,0,0,0,0,0,0,0,0,0,0
63106,1,1,0,0,0,0,0,0,0,0,0,0
63106,2,1,0,0,0,0,0,0,0,0,0,0
63107,0,1,0,0,0,0,0,0,0,0,0,0
63107,0,2,0,0,0,0,0,0,0,0,0,0
63107,0,3,0,0,0,0,0,0,0,0,0,0
63107,0,4,0,14,0,0,0,0,41,17,0,0
63107,0,5,0,0,0,0,0,0,0,0,0,0
63107,1,1,0,0,0,0,7,17,0,9,25,13
63107,2,1,15,0,21,0,19,14,20,0,9,0
63108,1,1,0,0,0,0,0,0,0,0,0,0
63109,0,1,0,0,0,0,0,22,0,0,0,0
63109,1,1,12,44,34,6,20,0,13,20,19,9
63110,0,1,0,0,0,0,0,12,28,0,0,0
63110,1,1,0,0,0,0,0,0,0,0,0,11
63111,0,1,0,0,0,0,0,0,0,0,0,0
63111,1,1,0,0,0,0,0,0,0,0,17,0
63112,0,1,0,0,0,0,0,0,0,0,0,0
63112,1,1,0,0,0,0,0,0,0,0,0,0
63113,1,1,12,12,12,12,12,12,12,12,12,12
63114,0,1,24,0,12,36,0,0,0,0,0,0
63114,1,1,19,5,17,24,10,16,14,15,13,9
63115,1,1,0,0,0,0,17,0,0,0,0,0
63115,2,1,0,0,0,0,0,0,0,0,0,0
63116,1,1,0,0,0,0,0,0,0,0,0,0
63116,2,1,0,0,9,0,0,0,0,0,0,0
63116,3,1,0,0,0,0,0,0,0,0,0,0
63116,4,1,0,0,0,0,0,0,0,0,0,0
63117,1,1,0,0,0,0,0,0,0,0,0,0
63117,2,1,0,0,0,0,0,15,0,21,0,0
63118,1,1,19,19,19,19,19,19,19,19,19,19
63119,1,1,0,0,0,0,27,0,0,0,0,0
63119,2,1,0,0,0,0,0,0,0,0,0,0
63120,0,1,0,0,0,0,0,0,0,0,0,0
63120,0,2,0,15,23,17,0,0,0,0,0,0
63120,1,1,14,14,0,23,0,0,0,0,0,0
63121,1,1,0,0,0,0,0,0,0,0,0,0
63121,2,1,0,0,0,0,0,0,0,0,0,0
63121,3,1,0,0,0,0,0,0,0,0,0,0
63122,1,1,0,0,0,0,0,0,0,0,0,0
63122,2,1,0,0,0,0,0,0,0,0,0,0
63123,0,1,0,0,0,0,0,0,21,32,0,16
63123,1,1,0,0,0,0,0,0,0,0,0,0
63124,0,1,0,0,0,0,0,0,0,0,0,0
63125,1,1,0,0,0,0,0,0,0,0,0,20
63126,0,1,24,20,15,25,24,18,7,0,0,0
63126,1,1,0,0,0,13,10,11,6,14,0,0
63127,0,1,0,24,8,17,0,0,30,29,48,0
63127,1,1,0,0,23,0,0,21,0,0,0,0
63128,0,1,0,0,0,0,25,0,15,0,0,0
63128,0,2,0,0,0,19,3,11,0,0,11,0
63128,1,1,0,0,0,0,0,0,0,0,0,0
63129,0,1,0,0,0,0,0,0,0,0,0,0
63129,1,1,0,0,0,0,0,0,0,0,0,0
63130,1,1,0,0,0,0,0,0,0,0,0,0
63130,2,1,0,0,0,0,0,0,0,0,0,0
63131,0,1,0,0,30,0,0,0,0,0,0,0
63131,1,1,0,0,0,0,0,0,11,0,0,0
63132,0,1,0,0,0,0,0,0,0,0,0,0
63132,1,1,0,0,0,0,0,0,0,0,0,0
63133,0,1,20,0,0,0,14,38,0,0,0,0
63133,1,1,14,0,0,0,0,0,0,0,0,0
63135,1,1,0,0,0,0,0,0,0,0,0,0
63135,2,1,0,0,0,0,0,0,0,0,0,0
63135,3,1,0,34,0,0,0,0,0,0,0,0
63135,4,1,12,0,0,0,0,0,0,0,0,0
63135,5,1,0,0,0,0,0,0,0,6,0,0
63136,1,1,0,0,0,0,0,0,0,0,0,0